Placa;Grupo;Data da observação;Classificação de segurança (quanto maior, mais seguro);Classificação de risco de colisão;Risco de colisão;Benchmark;Melhor da categoria;Excesso de velocidade;Aceleração;Frenagem;Curvas;‌Distância de segurança não mantida;Classificação de risco da área
TIL7F76;ROTA NO_CDD CEARA, Vehicle, Diesel, CAMBIO MANUAL, MERCEDES BENZ, COMBUSTÃO, REG_MACRO REGIÃO NO, CAMINHÃO TOCO / TRUCK, TRS_FADEL, UNI_CDD CEARA, 80 km/h;jan 29, 2026;1;Alto;20.26%;7.45%;5.19%;Melhor;Melhor;Médio;Melhor;;Alto
TUK2G94;ROTA RJ ES_CDD NITEROI, Vehicle, Diesel, CAMBIO MANUAL, MERCEDES BENZ, COMBUSTÃO, REG_MACRO REGIÃO RJ ES, CAMINHÃO TOCO / TRUCK, TRS_FADEL, UNI_CDD NITEROI, 80 km/h;jan 29, 2026;1;Alto;16.51%;5.03%;3.53%;Ótimo;Melhor;Em risco;Melhor;;Moderado
QSY8D17;ROTA SP_CDD SUZANO, Vehicle, Diesel, CAMBIO MANUAL, MERCEDES BENZ, COMBUSTÃO, REG_MACRO REGIÃO SP, CAMINHÃO TOCO / TRUCK, TRS_NEPOMUCENO, UNI_CDD SUZANO, 80 km/h;jan 29, 2026;2;Alto;16.32%;7.53%;5.36%;Médio;Melhor;Baixo desempenho;Melhor;;Alto
 UEO5E09;ROTA RJ ES_CDD CAMPO GRANDE, Vehicle, CAMBIO MANUAL, VOLKSWAGEN, COMBUSTÃO, REG_MACRO REGIÃO RJ ES, CAMINHÃO TOCO / TRUCK, TRS_CONLOG, UNI_CDD CAMPO GRANDE, 80 km/h;jan 29, 2026;2;Alto;13.53%;6.52%;4.70%;Ótimo;Médio;Baixo desempenho;Melhor;;Alto
UGJ7J29;ROTA MG_CDD POÇOS DE CALDAS, Vehicle, Diesel, CAMBIO MANUAL, MERCEDES BENZ, COMBUSTÃO, REG_MACRO REGIÃO MG, CAMINHÃO TOCO / TRUCK, TRS_IMEDIATO, UNI_CDD POÇOS DE CALDAS, 80 km/h;jan 29, 2026;3;Alto;14.34%;5.16%;3.60%;Em risco;Melhor;Em risco;Melhor;;Moderado
TTM9G81;ROTA RJ ES_CDD PAVUNA, Vehicle, Diesel, CAMBIO MANUAL, MERCEDES BENZ, COMBUSTÃO, REG_MACRO REGIÃO RJ ES, CAMINHÃO TOCO / TRUCK, TRS_FADEL, UNI_CDD PAVUNA, 80 km/h;jan 29, 2026;3;Alto;12.95%;6.63%;4.78%;Melhor;Médio;Ótimo;Melhor;;Alto
TUK2A82;ROTA RJ ES_CDD PAVUNA, Vehicle, Diesel, CAMBIO MANUAL, MERCEDES BENZ, COMBUSTÃO, REG_MACRO REGIÃO RJ ES, CAMINHÃO TOCO / TRUCK, TRS_FADEL, UNI_CDD PAVUNA, 80 km/h;jan 29, 2026;4;Alto;15.78%;7.30%;5.42%;Melhor;Melhor;Médio;Melhor;;Alto
UFM7A27;ROTA SP_CDD SUZANO, Vehicle, Diesel, CAMBIO MANUAL, MERCEDES BENZ, COMBUSTÃO, REG_MACRO REGIÃO SP, CAMINHÃO TOCO / TRUCK, TRS_NEPOMUCENO, UNI_CDD SUZANO, 80 km/h;jan 29, 2026;4;Alto;17.16%;5.37%;3.94%;Médio;Melhor;Em risco;Melhor;;Alto
UGB7G28;ROTA SP_CDD BARUERI, Vehicle, Diesel, CAMBIO MANUAL, FOTON, COMBUSTÃO, REG_MACRO REGIÃO SP, CAMINHÃO TOCO / TRUCK, TRS_FADEL, UNI_CDD BARUERI, 80 km/h;jan 29, 2026;4;Alto;12.54%;6.59%;4.70%;Médio;Médio;Baixo desempenho;Melhor;;Alto
UGT6I20;ROTA SP_CDD TAUBATE, Vehicle, Diesel, CAMBIO MANUAL, MERCEDES BENZ, COMBUSTÃO, REG_MACRO REGIÃO SP, CAMINHÃO TOCO / TRUCK, TRS_FADEL, UNI_CDD TAUBATÉ, 80 km/h;jan 29, 2026;4;Alto;12.90%;5.64%;4.09%;Médio;Melhor;Baixo desempenho;Melhor;;Moderado
UEN1A27;ROTA SP_CDD SUZANO, Vehicle, Diesel, CAMBIO MANUAL, MERCEDES BENZ, COMBUSTÃO, REG_MACRO REGIÃO SP, CAMINHÃO TOCO / TRUCK, TRS_NEPOMUCENO, UNI_CDD SUZANO, 80 km/h;jan 29, 2026;4;Alto;12.33%;6.35%;4.52%;Médio;Baixo desempenho;Baixo desempenho;Melhor;;Alto
TTP2G91;ROTA RJ ES_CDD CAMPOS, Vehicle, Diesel, CAMBIO MANUAL, MERCEDES BENZ, COMBUSTÃO, REG_MACRO REGIÃO RJ ES, CAMINHÃO TOCO / TRUCK, TRS_FADEL, UNI_CDD CAMPOS, 80 km/h;jan 29, 2026;5;Alto;15.63%;6.86%;4.59%;Melhor;Melhor;Médio;Melhor;;Moderado
TTQ9A80;ROTA RJ ES_CDD NITEROI, Vehicle, Diesel, CAMBIO MANUAL, MERCEDES BENZ, COMBUSTÃO, REG_MACRO REGIÃO RJ ES, CAMINHÃO TOCO / TRUCK, TRS_FADEL, UNI_CDD NITEROI, 80 km/h;jan 29, 2026;6;Alto;11.37%;6.06%;4.34%;Ótimo;Melhor;Médio;Melhor;;Moderado
UEF2F96;ROTA SP_CDD SUZANO, Vehicle, Diesel, CAMBIO MANUAL, MERCEDES BENZ, COMBUSTÃO, REG_MACRO REGIÃO SP, CAMINHÃO TOCO / TRUCK, TRS_NEPOMUCENO, UNI_CDD SUZANO, 80 km/h;jan 29, 2026;7;Alto;14.02%;5.42%;4.35%;Médio;Em risco;Baixo desempenho;Melhor;;Alto
5380;AMBEV, Vehicle, Diesel;jan 29, 2026;7;Alto;9.84%;4.79%;3.36%;Médio;Melhor;Médio;Melhor;;Baixo
UDH9A45;ROTA SP_CDD EMBU, Vehicle, Diesel, CAMBIO MANUAL, MERCEDES BENZ, COMBUSTÃO, REG_MACRO REGIÃO SP, CAMINHÃO TOCO / TRUCK, TRS_IMEDIATO, UNI_CDD EMBU, 80 km/h;jan 29, 2026;8;Alto;12.54%;7.00%;5.15%;Ótimo;Em risco;Em risco;Médio;;Alto
UFB3B30;ROTA SUL_CDD BALNEARIO, Vehicle, CAMBIO MANUAL, VOLKSWAGEN, COMBUSTÃO, REG_MACRO REGIÃO SUL, CAMINHÃO TOCO / TRUCK, TRS_CONLOG, UNI_CDD BALNEARIO, 80 km/h;jan 29, 2026;9;Alto;10.69%;5.57%;4.08%;Baixo desempenho;Melhor;Baixo desempenho;Melhor;;Moderado
UER9F95;ROTA SP_CDD CAMPINAS, Vehicle, Diesel, CAMBIO MANUAL, MERCEDES BENZ, COMBUSTÃO, REG_MACRO REGIÃO SP, CAMINHÃO TOCO / TRUCK, TRS_IMEDIATO, UNI_CDD CAMPINAS, 80 km/h;jan 29, 2026;9;Alto;10.36%;5.86%;4.18%;Médio;Melhor;Em risco;Ótimo;;Moderado
TXQ9J89;ROTA NE_CDD JOAO PESSOA, Vehicle, Diesel, CAMBIO MANUAL, MERCEDES BENZ, COMBUSTÃO, REG_MACRO REGIÃO NE, CAMINHÃO TOCO / TRUCK, TRS_NEPOMUCENO, UNI_CDD JOAO PESSOA, 80 km/h;jan 29, 2026;9;Alto;10.55%;6.63%;4.84%;Melhor;Melhor;Melhor;Médio;;Alto
UHK3H89;ROTA NO_CDD OLINDA, Vehicle, Diesel, CAMBIO MANUAL, MERCEDES BENZ, COMBUSTÃO, REG_MACRO REGIÃO NO, CAMINHÃO TOCO / TRUCK, TRS_HORIZONTE, UNI_CDD OLINDA, 80 km/h;jan 29, 2026;9;Alto;11.59%;6.95%;5.14%;Melhor;Médio;Médio;Ótimo;;Alto
TOM9G87;ROTA RJ ES_CDD VITORIA, Vehicle, Diesel, CAMBIO MANUAL, MERCEDES BENZ, COMBUSTÃO, REG_MACRO REGIÃO RJ ES, CAMINHÃO TOCO / TRUCK, TRS_FADEL, UNI_CDD VITORIA, 80 km/h;jan 29, 2026;10;Alto;10.24%;6.22%;4.51%;Médio;Médio;Baixo desempenho;Melhor;;Alto
UDQ6A22;ROTA SUL_CDD FLORIANOPOLIS, Vehicle, CAMBIO MANUAL, VOLKSWAGEN, COMBUSTÃO, REG_MACRO REGIÃO SUL, CAMINHÃO TOCO / TRUCK, TRS_CONLOG, UNI_CDD FLORIANOPOLIS, 80 km/h;jan 29, 2026;11;Alto;10.01%;6.06%;4.32%;Baixo desempenho;Melhor;Em risco;Ótimo;;Moderado
TTP2G89;ROTA RJ ES_CDD CAMPOS, Vehicle, Diesel, CAMBIO MANUAL, MERCEDES BENZ, COMBUSTÃO, REG_MACRO REGIÃO RJ ES, CAMINHÃO TOCO / TRUCK, TRS_FADEL, UNI_CDD CAMPOS, 80 km/h;jan 29, 2026;12;Alto;9.03%;5.16%;3.50%;Médio;Melhor;Em risco;Ótimo;;Moderado
QSQ0D87;ROTA SUL_CDD FLORIANOPOLIS, Vehicle, CAMBIO MANUAL, VOLKSWAGEN, COMBUSTÃO, REG_MACRO REGIÃO SUL, CAMINHÃO TOCO / TRUCK, TRS_CONLOG, UNI_CDD FLORIANOPOLIS, 80 km/h;jan 29, 2026;13;Alto;9.87%;6.43%;4.59%;Baixo desempenho;Melhor;Em risco;Baixo desempenho;;Alto
7702;AMBEV, Vehicle, Diesel;jan 29, 2026;14;Alto;9.45%;5.36%;3.86%;Médio;Melhor;Baixo desempenho;Melhor;;Moderado
UGU0C80;ROTA SP_CDD AGUDOS, Vehicle, Diesel, CAMBIO MANUAL, MERCEDES BENZ, COMBUSTÃO, REG_MACRO REGIÃO SP, CAMINHÃO TOCO / TRUCK, TRS_IMEDIATO, UNI_CDD AGUDOS, 80 km/h;jan 29, 2026;14;Alto;9.71%;5.47%;3.95%;Melhor;Melhor;Baixo desempenho;Médio;;Moderado
UFQ6I87;ROTA SUL_CDD PELOTAS, Vehicle, CAMBIO MANUAL, VOLKSWAGEN, COMBUSTÃO, REG_MACRO REGIÃO SUL, CAMINHÃO TOCO / TRUCK, TRS_CONLOG, UNI_CDD PELOTAS, 80 km/h;jan 29, 2026;14;Alto;9.03%;5.18%;4.66%;Baixo desempenho;Melhor;Baixo desempenho;Melhor;;Baixo
UFD7J50;ROTA SUL_CDD CURITIBA, Vehicle, Diesel, CAMBIO MANUAL, MERCEDES BENZ, COMBUSTÃO, REG_MACRO REGIÃO SUL, CAMINHÃO TOCO / TRUCK, TRS_IMEDIATO, UNI_CDD CURITIBA, 80 km/h;jan 29, 2026;14;Alto;9.90%;6.51%;4.67%;Em risco;Médio;Em risco;Médio;;Alto
TTV1J84;ROTA RJ ES_CDD CAMPOS, Vehicle, Diesel, CAMBIO MANUAL, MERCEDES BENZ, COMBUSTÃO, REG_MACRO REGIÃO RJ ES, CAMINHÃO TOCO / TRUCK, TRS_FADEL, UNI_CDD CAMPOS, 80 km/h;jan 29, 2026;15;Alto;8.60%;5.03%;3.48%;Médio;Melhor;Médio;Melhor;;Baixo
UFN5C76;ROTA SP_CDD BARUERI, Vehicle, Diesel, CAMBIO MANUAL, FOTON, COMBUSTÃO, REG_MACRO REGIÃO SP, CAMINHÃO TOCO / TRUCK, TRS_FADEL, UNI_CDD BARUERI, 80 km/h;jan 29, 2026;15;Alto;9.47%;6.64%;4.80%;Ótimo;Melhor;Médio;Melhor;;Alto
TOM9H01;ROTA RJ ES_CDD VITORIA, Vehicle, Diesel, CAMBIO MANUAL, MERCEDES BENZ, COMBUSTÃO, REG_MACRO REGIÃO RJ ES, CAMINHÃO TOCO / TRUCK, TRS_FADEL, UNI_CDD VITORIA, 80 km/h;jan 29, 2026;15;Alto;11.31%;7.07%;4.87%;Ótimo;Melhor;Médio;Melhor;;Moderado
TTQ6D26;AS RJ ES_AS CAMPO GRANDE, Vehicle, Diesel, CAMBIO AUTOMATICO OU SEMI AUTOMATICO, MERCEDES BENZ, COMBUSTÃO, REG_MACRO REGIÃO RJ ES, CAVALO MECÂNICO, TRS_FADEL, UNI_AS CAMPO GRANDE, 90 km/h;jan 29, 2026;15;Alto;10.49%;6.72%;4.84%;Melhor;Médio;Melhor;Melhor;;Alto
UEM2B26;ROTA SP_CDD CAMPINAS, Vehicle, Diesel, CAMBIO MANUAL, MERCEDES BENZ, COMBUSTÃO, REG_MACRO REGIÃO SP, CAMINHÃO TOCO / TRUCK, TRS_IMEDIATO, UNI_CDD CAMPINAS, 80 km/h;jan 29, 2026;15;Alto;9.05%;5.85%;4.15%;Ótimo;Melhor;Médio;Melhor;;Moderado
TUA2H68;ROTA RJ ES_CDD PAVUNA, Vehicle, Diesel, CAMBIO MANUAL, MERCEDES BENZ, COMBUSTÃO, REG_MACRO REGIÃO RJ ES, CAMINHÃO TOCO / TRUCK, TRS_FADEL, UNI_CDD PAVUNA, 80 km/h;jan 29, 2026;16;Alto;9.78%;6.77%;4.96%;Melhor;Melhor;Médio;Ótimo;;Alto
TTS8I75;ROTA MG_CDD UBERLANDIA, Vehicle, Diesel, CAMBIO MANUAL, MERCEDES BENZ, COMBUSTÃO, REG_MACRO REGIÃO MG, CAMINHÃO TOCO / TRUCK, TRS_FADEL, UNI_CDD UBERLANDIA, 80 km/h;jan 29, 2026;16;Alto;9.45%;5.55%;4.08%;Médio;Melhor;Médio;Melhor;;Moderado
UDX9E80;ROTA SP_CDD PRESID. PRUDENTE, Vehicle, Diesel, CAMBIO MANUAL, MERCEDES BENZ, COMBUSTÃO, REG_MACRO REGIÃO SP, CAMINHÃO TOCO / TRUCK, TRS_IMEDIATO, UNI_CDD PRESID. PRUDENTE, 80 km/h;jan 29, 2026;16;Alto;10.03%;5.33%;4.64%;Baixo desempenho;Melhor;Médio;Melhor;;Baixo
QSY0F05;ROTA SP_CDD CAMPINAS, Vehicle, Diesel, CAMBIO MANUAL, MERCEDES BENZ, COMBUSTÃO, REG_MACRO REGIÃO SP, CAMINHÃO TOCO / TRUCK, TRS_IMEDIATO, UNI_CDD CAMPINAS, 80 km/h;jan 29, 2026;16;Alto;8.97%;5.86%;4.20%;Médio;Melhor;Médio;Melhor;;Moderado
TTT8E60;ROTA MG_CDD UBERLANDIA, Vehicle, Diesel, CAMBIO MANUAL, MERCEDES BENZ, COMBUSTÃO, REG_MACRO REGIÃO MG, CAMINHÃO TOCO / TRUCK, TRS_FADEL, UNI_CDD UBERLANDIA, 80 km/h;jan 29, 2026;17;Alto;8.93%;5.25%;4.26%;Médio;Melhor;Médio;Médio;;Baixo
7031;AMBEV, Vehicle, Diesel;jan 29, 2026;17;Alto;8.05%;5.09%;3.85%;Médio;Em risco;Médio;Melhor;;Baixo
QSY4D84;SUP SE - EMP_JACAREI, Vehicle, Diesel, CAMBIO AUTOMATICO OU SEMI AUTOMATICO, MERCEDES BENZ, COMBUSTÃO, REG_SUPPLY SE, CAVALO MECÂNICO, TRS_IMEDIATO, UNI_EMP JACAREI, 90 km/h;jan 29, 2026;18;Alto;8.57%;5.25%;3.90%;Médio;Médio;Médio;Melhor;;Baixo
UDT4G49;ROTA SP_CDD PRESID. PRUDENTE, Vehicle, Diesel, CAMBIO MANUAL, FOTON, COMBUSTÃO, REG_MACRO REGIÃO SP, CAMINHÃO TOCO / TRUCK, TRS_IMEDIATO, UNI_CDD PRESID. PRUDENTE, 80 km/h;jan 29, 2026;18;Alto;9.35%;6.04%;4.34%;Ótimo;Melhor;Em risco;Médio;;Alto
UGS7F29;ROTA SUL_CDD CURITIBA, Vehicle, Diesel, CAMBIO MANUAL, MERCEDES BENZ, COMBUSTÃO, REG_MACRO REGIÃO SUL, CAMINHÃO TOCO / TRUCK, TRS_IMEDIATO, UNI_CDD CURITIBA, 80 km/h;jan 29, 2026;18;Alto;8.35%;5.21%;3.65%;Médio;Médio;Baixo desempenho;Melhor;;Moderado
TXI9B44;SUP SE - EMP_NOVA RIO, Vehicle, Diesel, CAMBIO AUTOMATICO OU SEMI AUTOMATICO, MERCEDES BENZ, COMBUSTÃO, REG_SUPPLY SE, CAVALO MECÂNICO, TRS_FADEL, UNI_EMP NOVA RIO, 90 km/h;jan 29, 2026;18;Alto;7.92%;5.09%;3.73%;Ótimo;Baixo desempenho;Médio;Melhor;;Moderado
TIE4B36;ROTA NO_CDD CEARA, Vehicle, Diesel, CAMBIO MANUAL, MERCEDES BENZ, COMBUSTÃO, REG_MACRO REGIÃO NO, CAMINHÃO TOCO / TRUCK, TRS_FADEL, UNI_CDD CEARA, 80 km/h;jan 29, 2026;18;Alto;9.05%;6.49%;4.76%;Melhor;Melhor;Médio;Médio;;Moderado
UEG2l19;ROTA SUL_CDD CURITIBA, Vehicle, Diesel, CAMBIO MANUAL, MERCEDES BENZ, COMBUSTÃO, REG_MACRO REGIÃO SUL, CAMINHÃO TOCO / TRUCK, TRS_IMEDIATO, UNI_CDD CURITIBA, 80 km/h;jan 29, 2026;18;Alto;8.26%;5.21%;3.63%;Baixo desempenho;Em risco;Baixo desempenho;Médio;;Moderado
TOM9H00;ROTA RJ ES_CDD VITORIA, Vehicle, Diesel, CAMBIO MANUAL, MERCEDES BENZ, COMBUSTÃO, REG_MACRO REGIÃO RJ ES, CAMINHÃO TOCO / TRUCK, TRS_FADEL, UNI_CDD VITORIA, 80 km/h;jan 29, 2026;18;Alto;8.74%;6.05%;4.34%;Médio;Melhor;Baixo desempenho;Médio;;Moderado
TOM2J43;ROTA RJ ES_CDD VITORIA, Vehicle, Diesel, CAMBIO MANUAL, MERCEDES BENZ, COMBUSTÃO, REG_MACRO REGIÃO RJ ES, CAMINHÃO TOCO / TRUCK, TRS_FADEL, UNI_CDD VITORIA, 80 km/h;jan 29, 2026;18;Alto;8.90%;6.44%;4.57%;Médio;Médio;Médio;Melhor;;Moderado
UDS1J29;ROTA SP_CDD SUZANO, Vehicle, Diesel, CAMBIO MANUAL, MERCEDES BENZ, COMBUSTÃO, REG_MACRO REGIÃO SP, CAMINHÃO TOCO / TRUCK, TRS_NEPOMUCENO, UNI_CDD SUZANO, 80 km/h;jan 29, 2026;19;Alto;8.88%;6.36%;4.60%;Médio;Melhor;Médio;Melhor;;Baixo
TIS5B43;SUP COMG - EMP_CUIABA, Vehicle, Diesel, CAMBIO AUTOMATICO OU SEMI AUTOMATICO, MERCEDES BENZ, COMBUSTÃO, REG_SUPPLY COMG, CAVALO MECÂNICO, TRS_CONLOG, UNI_EMP CUIABA, 90 km/h;jan 29, 2026;19;Alto;10.23%;6.26%;4.63%;Em risco;Melhor;Médio;Melhor;;Moderado
UFR4G79;ROTA SP_CDD BARUERI, Vehicle, Diesel, CAMBIO MANUAL, FOTON, COMBUSTÃO, REG_MACRO REGIÃO SP, CAMINHÃO TOCO / TRUCK, TRS_FADEL, UNI_CDD BARUERI, 80 km/h;jan 29, 2026;19;Alto;9.75%;6.95%;5.11%;Médio;Médio;Médio;Melhor;;Alto
TTM9G80;ROTA RJ ES_CDD PAVUNA, Vehicle, Diesel, CAMBIO MANUAL, MERCEDES BENZ, COMBUSTÃO, REG_MACRO REGIÃO RJ ES, CAMINHÃO TOCO / TRUCK, TRS_FADEL, UNI_CDD PAVUNA, 80 km/h;jan 29, 2026;19;Alto;9.57%;7.07%;5.27%;Melhor;Ótimo;Médio;Ótimo;;Alto
TUK2G97;ROTA RJ ES_CDD NITEROI, Vehicle, Diesel, CAMBIO MANUAL, MERCEDES BENZ, COMBUSTÃO, REG_MACRO REGIÃO RJ ES, CAMINHÃO TOCO / TRUCK, TRS_FADEL, UNI_CDD NITEROI, 80 km/h;jan 29, 2026;19;Alto;8.73%;6.28%;4.51%;Médio;Médio;Baixo desempenho;Ótimo;;Moderado
UFN4F25;ROTA SP_CDD BARUERI, Vehicle, Diesel, CAMBIO MANUAL, MERCEDES BENZ, COMBUSTÃO, REG_MACRO REGIÃO SP, CAMINHÃO TOCO / TRUCK, TRS_FADEL, UNI_CDD BARUERI, 80 km/h;jan 29, 2026;19;Alto;8.98%;6.69%;4.83%;Ótimo;Médio;Médio;Melhor;;Alto
UEH0E87;ROTA SUL_CDD BALNEARIO, Vehicle, CAMBIO MANUAL, VOLKSWAGEN, COMBUSTÃO, REG_MACRO REGIÃO SUL, CAMINHÃO TOCO / TRUCK, TRS_CONLOG, UNI_CDD BALNEARIO, 80 km/h;jan 29, 2026;19;Alto;8.28%;5.36%;3.84%;Médio;Baixo desempenho;Em risco;Médio;;Moderado
IEV 1200T PLUS | RHT 6A49 | 2021;JAC, Vehicle, Battery Electric Vehicle, Manually Classified Powertrain, Relatório_Elétrico, Relatórios_Todos, FALSO, PESADOS;jan 29, 2026;19;Alto;9.89%;7.12%;5.24%;Melhor;Baixo desempenho;Baixo desempenho;Médio;;Alto
TXR0A19;ROTA NE_CDD JOAO PESSOA, Vehicle, Diesel, CAMBIO MANUAL, MERCEDES BENZ, COMBUSTÃO, REG_MACRO REGIÃO NE, CAMINHÃO TOCO / TRUCK, TRS_NEPOMUCENO, UNI_CDD JOAO PESSOA, 80 km/h;jan 29, 2026;20;Alto;8.97%;6.54%;4.78%;Melhor;Melhor;Médio;Médio;;Alto
UGA9J20;ROTA SP_CDD SUZANO, Vehicle, Diesel, CAMBIO MANUAL, MERCEDES BENZ, COMBUSTÃO, REG_MACRO REGIÃO SP, CAMINHÃO TOCO / TRUCK, TRS_NEPOMUCENO, UNI_CDD SUZANO, 80 km/h;jan 29, 2026;20;Alto;7.75%;5.03%;3.46%;Médio;Melhor;Médio;Melhor;;Moderado
UGF8B59;ROTA SP_CDD MOGI MIRIM, Vehicle, Manually Classified Powertrain, CAMBIO MANUAL, MERCEDES BENZ, COMBUSTÃO, REG_MACRO REGIÃO SP, CAMINHÃO TOCO / TRUCK, TRS_IMEDIATO, UNI_CDD MOGI MIRIM, 80 km/h;jan 29, 2026;21;Alto;7.73%;5.05%;3.51%;Médio;Médio;Médio;Melhor;;Baixo
TUU2G97;ROTA RJ ES_CDD PAVUNA, Vehicle, Diesel, CAMBIO MANUAL, MERCEDES BENZ, COMBUSTÃO, REG_MACRO REGIÃO RJ ES, CAMINHÃO TOCO / TRUCK, TRS_FADEL, UNI_CDD PAVUNA, 80 km/h;jan 29, 2026;21;Alto;8.98%;6.76%;4.92%;Melhor;Ótimo;Médio;Ótimo;;Alto
UGR2H39;ROTA SP_CDD TAUBATE, Vehicle, Diesel, CAMBIO MANUAL, MERCEDES BENZ, COMBUSTÃO, REG_MACRO REGIÃO SP, CAMINHÃO TOCO / TRUCK, TRS_FADEL, UNI_CDD TAUBATÉ, 80 km/h;jan 29, 2026;21;Alto;7.99%;5.27%;3.85%;Baixo desempenho;Melhor;Baixo desempenho;Médio;;Moderado
UER7C36;ROTA SP_CDD NORTE, Vehicle, Diesel, CAMBIO MANUAL, MERCEDES BENZ, COMBUSTÃO, REG_MACRO REGIÃO SP, CAMINHÃO TOCO / TRUCK, TRS_IMEDIATO, UNI_CDD NORTE, 80 km/h;jan 29, 2026;21;Alto;8.78%;6.56%;4.69%;Médio;Melhor;Baixo desempenho;Médio;;Alto
TTP7F77;ROTA RJ ES_CDL ITAPERUNA, Vehicle, Diesel, CAMBIO MANUAL, MERCEDES BENZ, COMBUSTÃO, REG_MACRO REGIÃO RJ ES, CAMINHÃO TOCO / TRUCK, TRS_FADEL, UNI_CDL ITAPERUNA, 80 km/h;jan 29, 2026;21;Alto;7.57%;5.03%;3.57%;Médio;Melhor;Médio;Médio;;Baixo
UDT8A71;ROTA SUL_CDD CURITIBA, Vehicle, Diesel, CAMBIO MANUAL, MERCEDES BENZ, COMBUSTÃO, REG_MACRO REGIÃO SUL, CAMINHÃO TOCO / TRUCK, TRS_IMEDIATO, UNI_CDD CURITIBA, 80 km/h;jan 29, 2026;22;Alto;8.96%;6.68%;4.89%;Médio;Ótimo;Médio;Melhor;;Alto
UGQ8D65;ROTA SP_CDD SUZANO, Vehicle, Diesel, CAMBIO MANUAL, MERCEDES BENZ, COMBUSTÃO, REG_MACRO REGIÃO SP, CAMINHÃO TOCO / TRUCK, TRS_NEPOMUCENO, UNI_CDD SUZANO, 80 km/h;jan 29, 2026;22;Alto;7.28%;5.25%;3.79%;Médio;Melhor;Melhor;Baixo desempenho;;Moderado
UFI8H39;ROTA SP_CDD PRESID. PRUDENTE, Vehicle, Diesel, CAMBIO MANUAL, FOTON, COMBUSTÃO, REG_MACRO REGIÃO SP, CAMINHÃO TOCO / TRUCK, TRS_IMEDIATO, UNI_CDD PRESID. PRUDENTE, 80 km/h;jan 29, 2026;22;Alto;8.87%;5.37%;4.25%;Ótimo;Em risco;Em risco;Médio;;Moderado
5361;AMBEV, Vehicle, Diesel;jan 29, 2026;22;Alto;7.50%;5.25%;3.73%;Médio;Melhor;Médio;Melhor;;Moderado
QSV3B49;ROTA RJ ES_CDD SAO CRISTOVAO, Vehicle, Diesel, CAMBIO MANUAL, MERCEDES BENZ, COMBUSTÃO, REG_MACRO REGIÃO RJ ES, CAMINHÃO TOCO / TRUCK, TRS_LOG20, UNI_CDD SÃO CRISTOVAO, 80 km/h;jan 29, 2026;22;Alto;10.02%;7.39%;5.41%;Melhor;Médio;Ótimo;Médio;;Alto
QSQ1C66;ROTA RJ ES_CDD SAO CRISTOVAO, Vehicle, Diesel, CAMBIO MANUAL, MERCEDES BENZ, COMBUSTÃO, REG_MACRO REGIÃO RJ ES, CAMINHÃO TOCO / TRUCK, TRS_LOG20, UNI_CDD SÃO CRISTOVAO, 80 km/h;jan 29, 2026;23;Alto;10.74%;7.86%;5.71%;Melhor;Médio;Ótimo;Médio;;Alto
TXI9B46;SUP SE - EMP_NOVA RIO, Vehicle, Diesel, CAMBIO AUTOMATICO OU SEMI AUTOMATICO, MERCEDES BENZ, COMBUSTÃO, REG_SUPPLY SE, CAVALO MECÂNICO, TRS_FADEL, UNI_EMP NOVA RIO, 90 km/h;jan 29, 2026;23;Alto;7.38%;5.17%;3.83%;Médio;Melhor;Melhor;Melhor;;Moderado
UGM5A66;AMBEV, Vehicle, Diesel;jan 29, 2026;23;Alto;6.93%;5.03%;3.52%;Médio;Melhor;Médio;Melhor;;Baixo
UFM0C87;ROTA SP_CDD EMBU, Vehicle, Diesel, CAMBIO MANUAL, MERCEDES BENZ, COMBUSTÃO, REG_MACRO REGIÃO SP, CAMINHÃO TOCO / TRUCK, TRS_IMEDIATO, UNI_CDD EMBU, 80 km/h;jan 29, 2026;23;Alto;8.84%;6.77%;4.95%;Médio;Melhor;Baixo desempenho;Médio;;Moderado
TXO9D70;ROTA NE_CDD ILHEUS, Vehicle, Diesel, CAMBIO MANUAL, MERCEDES BENZ, COMBUSTÃO, REG_MACRO REGIÃO NE, CAMINHÃO TOCO / TRUCK, TRS_NEPOMUCENO, UNI_CDD ILHEUS, 80 km/h;jan 29, 2026;24;Alto;8.79%;5.37%;4.34%;Médio;Melhor;Médio;Melhor;;Baixo
UEZ2D79;ROTA SP_CDD PRESID. PRUDENTE, Vehicle, Diesel, CAMBIO MANUAL, MERCEDES BENZ, COMBUSTÃO, REG_MACRO REGIÃO SP, CAMINHÃO TOCO / TRUCK, TRS_IMEDIATO, UNI_CDD PRESID. PRUDENTE, 80 km/h;jan 29, 2026;24;Alto;8.52%;5.37%;3.88%;Médio;Melhor;Médio;Melhor;;Baixo
UDK6D78;ROTA SP_CDD CAMPINAS, Vehicle, Diesel, CAMBIO MANUAL, MERCEDES BENZ, COMBUSTÃO, REG_MACRO REGIÃO SP, CAMINHÃO TOCO / TRUCK, TRS_IMEDIATO, UNI_CDD CAMPINAS, 80 km/h;jan 29, 2026;24;Alto;7.52%;5.53%;4.02%;Médio;Melhor;Baixo desempenho;Ótimo;;Moderado
UHK1I37;ROTA NE_CDL CABO, Vehicle, Diesel, CAMBIO MANUAL, MERCEDES BENZ, COMBUSTÃO, REG_MACRO REGIÃO NE, CAMINHÃO TOCO / TRUCK, TRS_HORIZONTE, UNI_CDL CABO, 80 km/h;jan 29, 2026;24;Alto;8.67%;6.83%;5.01%;Médio;Melhor;Baixo desempenho;Médio;;Alto
UDD8J81;SUP SE - EMP_PIRAI, Vehicle, Diesel, Manually Classified Powertrain, CAMBIO AUTOMATICO OU SEMI AUTOMATICO, MERCEDES BENZ, COMBUSTÃO, REG_SUPPLY SE, CAVALO MECÂNICO, TRS_CONLOG, UNI_EMP PIRAI, 90 km/h;jan 29, 2026;25;Alto;6.95%;5.07%;3.75%;Ótimo;Melhor;Médio;Melhor;;Moderado
UEY2C07;ROTA SP_CDD CAMPINAS, Vehicle, Diesel, CAMBIO MANUAL, MERCEDES BENZ, COMBUSTÃO, REG_MACRO REGIÃO SP, CAMINHÃO TOCO / TRUCK, TRS_IMEDIATO, UNI_CDD CAMPINAS, 80 km/h;jan 29, 2026;25;Alto;7.59%;5.56%;4.00%;Médio;Melhor;Baixo desempenho;Ótimo;;Moderado
UDR2C20;ROTA SP_CDD SAO JOSE CAMPOS, Vehicle, Diesel, CAMBIO MANUAL, MERCEDES BENZ, COMBUSTÃO, REG_MACRO REGIÃO SP, CAMINHÃO TOCO / TRUCK, TRS_FADEL, UNI_CDD SÃO JOSÉ DOS CAMPOS, 80 km/h;jan 29, 2026;25;Alto;8.20%;6.23%;4.49%;Melhor;Médio;Médio;Médio;;Moderado
UDK6D57;ROTA SUL_CDD CURITIBA, Vehicle, Diesel, CAMBIO MANUAL, MERCEDES BENZ, COMBUSTÃO, REG_MACRO REGIÃO SUL, CAMINHÃO TOCO / TRUCK, TRS_IMEDIATO, UNI_CDD CURITIBA, 80 km/h;jan 29, 2026;25;Alto;9.36%;6.94%;5.02%;Médio;Melhor;Baixo desempenho;Médio;;Alto
TXI9B79;SUP SE - EMP_NOVA RIO, Vehicle, Diesel, CAMBIO MANUAL, MERCEDES BENZ, COMBUSTÃO, REG_SUPPLY SE, CAVALO MECÂNICO, TRS_FADEL, UNI_EMP NOVA RIO, 90 km/h;jan 29, 2026;26;Alto;6.88%;5.17%;3.78%;Médio;Melhor;Médio;Médio;;Moderado
UFL7J50;ROTA SUL_CDD PARANAGUA, Vehicle, Diesel, CAMBIO MANUAL, MERCEDES BENZ, COMBUSTÃO, REG_MACRO REGIÃO SUL, CAMINHÃO TOCO / TRUCK, TRS_IMEDIATO, UNI_CDD PARANAGUÁ, 80 km/h;jan 29, 2026;26;Alto;7.34%;5.37%;3.84%;Melhor;Melhor;Médio;Melhor;;Moderado
TUA2H69;ROTA RJ ES_CDD NITEROI, Vehicle, Diesel, CAMBIO MANUAL, MERCEDES BENZ, COMBUSTÃO, REG_MACRO REGIÃO RJ ES, CAMINHÃO TOCO / TRUCK, TRS_FADEL, UNI_CDD NITEROI, 80 km/h;jan 29, 2026;26;Alto;7.26%;5.31%;3.88%;Ótimo;Melhor;Médio;Melhor;;Moderado
UEK4G25;SUP SE - EMP_JACAREI, Vehicle, Diesel, Manually Classified Powertrain, CAMBIO AUTOMATICO OU SEMI AUTOMATICO, MERCEDES BENZ, COMBUSTÃO, REG_SUPPLY SE, CAVALO MECÂNICO, TRS_IMEDIATO, UNI_EMP JACAREI, 90 km/h;jan 29, 2026;26;Alto;6.65%;5.25%;4.44%;Médio;Melhor;Médio;Melhor;;Baixo
UDJ4C68;ROTA SP_CDD CAMPINAS, Vehicle, Diesel, CAMBIO MANUAL, MERCEDES BENZ, COMBUSTÃO, REG_MACRO REGIÃO SP, CAMINHÃO TOCO / TRUCK, TRS_IMEDIATO, UNI_CDD CAMPINAS, 80 km/h;jan 29, 2026;27;Alto;7.55%;5.83%;4.19%;Médio;Melhor;Baixo desempenho;Médio;;Moderado
UEQ8C12;ROTA SUL_CDD CURITIBA, Vehicle, Diesel, CAMBIO MANUAL, MERCEDES BENZ, COMBUSTÃO, REG_MACRO REGIÃO SUL, CAMINHÃO TOCO / TRUCK, TRS_IMEDIATO, UNI_CDD CURITIBA, 80 km/h;jan 29, 2026;27;Alto;7.82%;6.04%;4.31%;Médio;Melhor;Médio;Melhor;;Moderado
UFP6B25;ROTA SUL_CDD CURITIBA, Vehicle, Diesel, CAMBIO MANUAL, MERCEDES BENZ, COMBUSTÃO, REG_MACRO REGIÃO SUL, CAMINHÃO TOCO / TRUCK, TRS_IMEDIATO, UNI_CDD CURITIBA, 80 km/h;jan 29, 2026;27;Alto;8.31%;6.37%;4.57%;Médio;Melhor;Médio;Melhor;;Moderado
UEW4F38;ROTA SP_CDD PRESID. PRUDENTE, Vehicle, Diesel, CAMBIO MANUAL, FOTON, COMBUSTÃO, REG_MACRO REGIÃO SP, CAMINHÃO TOCO / TRUCK, TRS_IMEDIATO, UNI_CDD PRESID. PRUDENTE, 80 km/h;jan 29, 2026;27;Alto;6.06%;4.92%;3.36%;Médio;Melhor;Baixo desempenho;Médio;;Baixo
UED6D75;ROTA SP_CDD SUZANO, Vehicle, Diesel, CAMBIO MANUAL, MERCEDES BENZ, COMBUSTÃO, REG_MACRO REGIÃO SP, CAMINHÃO TOCO / TRUCK, TRS_NEPOMUCENO, UNI_CDD SUZANO, 80 km/h;jan 29, 2026;27;Alto;8.46%;5.51%;3.82%;Médio;Melhor;Médio;Melhor;;Baixo
UFJ4J07;ROTA SP_CDD BARUERI, Vehicle, Diesel, CAMBIO MANUAL, MERCEDES BENZ, COMBUSTÃO, REG_MACRO REGIÃO SP, CAMINHÃO TOCO / TRUCK, TRS_FADEL, UNI_CDD BARUERI, 80 km/h;jan 29, 2026;27;Alto;8.02%;6.39%;4.53%;Ótimo;Baixo desempenho;Baixo desempenho;Ótimo;;Alto
UDU8A29;ROTA SUL_CDD CURITIBA, Vehicle, Diesel, CAMBIO MANUAL, MERCEDES BENZ, COMBUSTÃO, REG_MACRO REGIÃO SUL, CAMINHÃO TOCO / TRUCK, TRS_IMEDIATO, UNI_CDD CURITIBA, 80 km/h;jan 29, 2026;27;Alto;8.13%;6.32%;4.66%;Médio;Melhor;Médio;Melhor;;Alto
TUU2A63;ROTA RJ ES_CDD PAVUNA, Vehicle, Manually Classified Powertrain, CAMBIO MANUAL, MERCEDES BENZ, COMBUSTÃO, REG_MACRO REGIÃO RJ ES, CAMINHÃO TOCO / TRUCK, TRS_FADEL, UNI_CDD PAVUNA, 80 km/h;jan 29, 2026;27;Alto;8.98%;7.19%;5.41%;Melhor;Médio;Médio;Ótimo;;Alto
TTR8H51;ROTA MG_CDD UBERLANDIA, Vehicle, Diesel, CAMBIO MANUAL, MERCEDES BENZ, COMBUSTÃO, REG_MACRO REGIÃO MG, CAMINHÃO TOCO / TRUCK, TRS_FADEL, UNI_CDD UBERLANDIA, 80 km/h;jan 29, 2026;27;Alto;7.12%;5.25%;3.88%;Médio;Melhor;Médio;Melhor;;Moderado
TUA2E65;ROTA RJ ES_CDD PAVUNA, Vehicle, Diesel, CAMBIO MANUAL, MERCEDES BENZ, COMBUSTÃO, REG_MACRO REGIÃO RJ ES, CAMINHÃO TOCO / TRUCK, TRS_FADEL, UNI_CDD PAVUNA, 80 km/h;jan 29, 2026;28;Alto;8.36%;6.65%;4.80%;Médio;Ótimo;Baixo desempenho;Médio;;Alto
UEN5G35;ROTA SUL_CDD FLORIANOPOLIS, Vehicle, CAMBIO MANUAL, VOLKSWAGEN, COMBUSTÃO, REG_MACRO REGIÃO SUL, CAMINHÃO TOCO / TRUCK, TRS_CONLOG, UNI_CDD FLORIANOPOLIS, 80 km/h;jan 29, 2026;28;Alto;7.58%;5.85%;4.23%;Médio;Melhor;Médio;Melhor;;Alto
TTU3G73;ROTA MG_CDD UBERABA, Vehicle, Diesel, CAMBIO MANUAL, MERCEDES BENZ, COMBUSTÃO, REG_MACRO REGIÃO MG, CAMINHÃO TOCO / TRUCK, TRS_FADEL, UNI_CDD UBERABA, 80 km/h;jan 29, 2026;28;Alto;7.33%;5.33%;3.88%;Médio;Melhor;Médio;Melhor;;Moderado
UDT3B83;ROTA RJ ES_CDD SAO CRISTOVAO, Vehicle, Diesel, CAMBIO MANUAL, MERCEDES BENZ, COMBUSTÃO, REG_MACRO REGIÃO RJ ES, CAMINHÃO TOCO / TRUCK, TRS_LOG20, UNI_CDD SÃO CRISTOVAO, 80 km/h;jan 29, 2026;28;Alto;6.62%;5.17%;3.84%;Médio;Baixo desempenho;Médio;Médio;;Moderado
TIL8D26;ROTA NO_CDD CEARA, Vehicle, Diesel, CAMBIO MANUAL, MERCEDES BENZ, COMBUSTÃO, REG_MACRO REGIÃO NO, CAMINHÃO TOCO / TRUCK, TRS_FADEL, UNI_CDD CEARA, 80 km/h;jan 29, 2026;28;Alto;9.57%;7.63%;5.39%;Melhor;Médio;Médio;Médio;;Alto
UHJ6A49;ROTA NE_CDL CABO, Vehicle, Diesel, CAMBIO MANUAL, MERCEDES BENZ, COMBUSTÃO, REG_MACRO REGIÃO NE, CAMINHÃO TOCO / TRUCK, TRS_HORIZONTE, UNI_CDL CABO, 80 km/h;jan 29, 2026;28;Alto;8.13%;5.42%;4.13%;Médio;Melhor;Melhor;Melhor;;Moderado
TTS8I74;ROTA MG_CDD UBERLANDIA, Vehicle, Diesel, CAMBIO MANUAL, MERCEDES BENZ, COMBUSTÃO, REG_MACRO REGIÃO MG, CAMINHÃO TOCO / TRUCK, TRS_FADEL, UNI_CDD UBERLANDIA, 80 km/h;jan 29, 2026;28;Alto;7.53%;5.37%;3.93%;Médio;Melhor;Médio;Melhor;;Moderado
TOM9H38;ROTA RJ ES_CDD VITORIA, Vehicle, Diesel, CAMBIO MANUAL, MERCEDES BENZ, COMBUSTÃO, REG_MACRO REGIÃO RJ ES, CAMINHÃO TOCO / TRUCK, TRS_FADEL, UNI_CDD VITORIA, 80 km/h;jan 29, 2026;28;Alto;7.34%;5.73%;4.16%;Médio;Melhor;Médio;Médio;;Moderado
UEH4D33;SUP COMG - EMP_JUATUBA, Vehicle, Diesel, CAMBIO AUTOMATICO OU SEMI AUTOMATICO, MERCEDES BENZ, COMBUSTÃO, REG_SUPPLY COMG, CAVALO MECÂNICO, TRS_NEPOMUCENO, UNI_EMP JUATUBA, 90 km/h;jan 29, 2026;29;Alto;6.52%;5.11%;3.36%;Baixo desempenho;Melhor;Médio;Médio;;Baixo
UEB0C80;ROTA SUL_CDD PELOTAS, Vehicle, CAMBIO MANUAL, VOLKSWAGEN, COMBUSTÃO, REG_MACRO REGIÃO SUL, CAMINHÃO TOCO / TRUCK, TRS_CONLOG, UNI_CDD PELOTAS, 80 km/h;jan 29, 2026;29;Alto;6.99%;5.38%;4.26%;Médio;Melhor;Baixo desempenho;Médio;;Moderado
UEC0F54;ROTA CO_CDD CUIABA, Vehicle, CAMBIO MANUAL, VOLKSWAGEN, COMBUSTÃO, REG_MACRO REGIÃO CO, CAMINHÃO TOCO / TRUCK, TRS_CONLOG, UNI_CDD CUIABA, 80 km/h;jan 29, 2026;29;Alto;8.01%;6.65%;4.86%;Ótimo;Melhor;Baixo desempenho;Médio;;Alto
UDY0C30;ROTA SP_CDD PRESID. PRUDENTE, Vehicle, Diesel, CAMBIO MANUAL, FOTON, COMBUSTÃO, REG_MACRO REGIÃO SP, CAMINHÃO TOCO / TRUCK, TRS_IMEDIATO, UNI_CDD PRESID. PRUDENTE, 80 km/h;jan 29, 2026;29;Alto;7.75%;5.37%;4.26%;Ótimo;Médio;Médio;Médio;;Baixo
QSP1D76;ROTA SP_CDD BARUERI, Vehicle, Diesel, CAMBIO MANUAL, MERCEDES BENZ, COMBUSTÃO, REG_MACRO REGIÃO SP, CAMINHÃO TOCO / TRUCK, TRS_FADEL, UNI_CDD BARUERI, 80 km/h;jan 29, 2026;29;Alto;8.87%;7.19%;5.23%;Ótimo;Médio;Médio;Ótimo;;Alto
QSS7H19;ROTA SUL_CDD PELOTAS, Vehicle, CAMBIO MANUAL, VOLKSWAGEN, COMBUSTÃO, REG_MACRO REGIÃO SUL, CAMINHÃO TOCO / TRUCK, TRS_CONLOG, UNI_CDD PELOTAS, 80 km/h;jan 29, 2026;29;Moderado;6.17%;5.24%;4.63%;Médio;Melhor;Baixo desempenho;Médio;;Baixo
UGU5D17;SUP SE - EMP_PIRAI, Vehicle, Diesel, CAMBIO AUTOMATICO OU SEMI AUTOMATICO, MERCEDES BENZ, COMBUSTÃO, REG_SUPPLY SE, CAVALO MECÂNICO, TRS_CONLOG, UNI_EMP PIRAI, 90 km/h;jan 29, 2026;30;Alto;6.46%;5.24%;3.88%;Ótimo;Melhor;Médio;Melhor;;Baixo
UFI0G19;ROTA SP_CDD SUZANO, Vehicle, Diesel, CAMBIO MANUAL, MERCEDES BENZ, COMBUSTÃO, REG_MACRO REGIÃO SP, CAMINHÃO TOCO / TRUCK, TRS_NEPOMUCENO, UNI_CDD SUZANO, 80 km/h;jan 29, 2026;30;Alto;9.12%;7.43%;5.37%;Médio;Melhor;Melhor;Melhor;;Alto
UEO8G38;ROTA CO_CDD CUIABA, Vehicle, CAMBIO MANUAL, VOLKSWAGEN, COMBUSTÃO, REG_MACRO REGIÃO CO, CAMINHÃO TOCO / TRUCK, TRS_CONLOG, UNI_CDD CUIABA, 80 km/h;jan 29, 2026;30;Alto;8.21%;6.42%;4.61%;Médio;Melhor;Médio;Melhor;;Moderado
QSV6I35;ROTA SP_CDD SUZANO, Vehicle, Diesel, CAMBIO MANUAL, MERCEDES BENZ, COMBUSTÃO, REG_MACRO REGIÃO SP, CAMINHÃO TOCO / TRUCK, TRS_NEPOMUCENO, UNI_CDD SUZANO, 80 km/h;jan 29, 2026;30;Alto;6.71%;5.29%;3.81%;Médio;Melhor;Melhor;Baixo desempenho;;Moderado
UDB7J04;SUP COMG - EMP_JUATUBA, Vehicle, Diesel, CAMBIO AUTOMATICO OU SEMI AUTOMATICO, MERCEDES BENZ, COMBUSTÃO, REG_SUPPLY COMG, CAVALO MECÂNICO, TRS_NEPOMUCENO, UNI_EMP JUATUBA, 90 km/h;jan 29, 2026;30;Alto;6.46%;5.25%;4.53%;Médio;Melhor;Médio;Melhor;;Baixo
UDG3C38;ROTA SUL_CDD CASCAVEL, Vehicle, Diesel, CAMBIO MANUAL, MERCEDES BENZ, COMBUSTÃO, REG_MACRO REGIÃO SUL, CAMINHÃO TOCO / TRUCK, TRS_LOG20, UNI_CDD CASCAVEL, 80 km/h;jan 29, 2026;30;Alto;7.73%;5.66%;4.38%;Médio;Melhor;Médio;Melhor;;Baixo
UGB0J43;ROTA CO_CDD RONDONOPOLIS, Volkswagen, Vehicle, CAMBIO MANUAL, COMBUSTÃO, REG_MACRO REGIÃO CO, CAMINHÃO TOCO / TRUCK, TRS_CONLOG, UNI_CDD RONDONOPOLIS, 80 km/h;jan 29, 2026;30;Alto;6.83%;5.30%;3.65%;Em risco;Melhor;Médio;Médio;;Baixo
UDV1C04;ROTA SUL_CDD PELOTAS, Vehicle, CAMBIO MANUAL, VOLKSWAGEN, COMBUSTÃO, REG_MACRO REGIÃO SUL, CAMINHÃO TOCO / TRUCK, TRS_CONLOG, UNI_CDD PELOTAS, 80 km/h;jan 29, 2026;30;Moderado;6.17%;5.25%;4.54%;Baixo desempenho;Melhor;Médio;Baixo desempenho;;Moderado
UEJ4B96;SUP SE - EMP_JAGUARIUNA, Vehicle, Diesel, Manually Classified Powertrain, CAMBIO AUTOMATICO OU SEMI AUTOMATICO, MERCEDES BENZ, COMBUSTÃO, REG_SUPPLY SE, CAVALO MECÂNICO, TRS_IMEDIATO, UNI_EMP JAGUARIUNA, 90 km/h;jan 29, 2026;30;Moderado;6.14%;5.25%;4.43%;Médio;Melhor;Médio;Melhor;;Baixo
UDJ2E14;SUP SE - EMP_PIRAI, Vehicle, Diesel, CAMBIO AUTOMATICO OU SEMI AUTOMATICO, MERCEDES BENZ, COMBUSTÃO, REG_SUPPLY SE, CAVALO MECÂNICO, TRS_CONLOG, UNI_EMP PIRAI, 90 km/h;jan 29, 2026;30;Moderado;6.19%;5.25%;4.35%;Ótimo;Baixo desempenho;Médio;Melhor;;Baixo
TTP7F76  ;ROTA RJ ES_CDD PAVUNA, Vehicle, Diesel, CAMBIO MANUAL, MERCEDES BENZ, COMBUSTÃO, REG_MACRO REGIÃO RJ ES, CAMINHÃO TOCO / TRUCK, TRS_FADEL, UNI_CDD PAVUNA, 80 km/h;jan 29, 2026;31;Alto;8.53%;7.02%;5.15%;Melhor;Ótimo;Baixo desempenho;Melhor;;Alto
UDN9J90;ROTA RJ ES_CDD PETROPOLIS, Vehicle, Diesel, CAMBIO MANUAL, MERCEDES BENZ, COMBUSTÃO, REG_MACRO REGIÃO RJ ES, CAMINHÃO TOCO / TRUCK, TRS_LOG20, UNI_CDD PETROPOLIS, 80 km/h;jan 29, 2026;31;Alto;6.19%;5.15%;3.66%;Melhor;Melhor;Baixo desempenho;Em risco;;Baixo
TUU2E49;ROTA MG_CDD UBERABA, Vehicle, Diesel, CAMBIO MANUAL, MERCEDES BENZ, COMBUSTÃO, REG_MACRO REGIÃO MG, CAMINHÃO TOCO / TRUCK, TRS_FADEL, UNI_CDD UBERABA, 80 km/h;jan 29, 2026;31;Alto;8.23%;5.64%;3.82%;Médio;Melhor;Médio;Melhor;;Baixo
UFX0E74;SUP SE - EMP_PIRAI, Vehicle, Diesel, CAMBIO AUTOMATICO OU SEMI AUTOMATICO, MERCEDES BENZ, COMBUSTÃO, REG_SUPPLY SE, CAVALO MECÂNICO, TRS_CONLOG, UNI_EMP PIRAI, 90 km/h;jan 29, 2026;31;Alto;6.23%;5.08%;3.59%;Ótimo;Melhor;Melhor;Melhor;;Moderado
TTP2G90;ROTA RJ ES_CDD JACAREPAGUA, Vehicle, Diesel, CAMBIO MANUAL, MERCEDES BENZ, COMBUSTÃO, REG_MACRO REGIÃO RJ ES, CAMINHÃO TOCO / TRUCK, TRS_FADEL, UNI_CDD JACAREPAGUA, 80 km/h;jan 29, 2026;31;Alto;9.28%;7.65%;5.53%;Melhor;Ótimo;Ótimo;Médio;;Alto
UDY3B20;ROTA RJ ES_CDD MACACU, Vehicle, CAMBIO MANUAL, VOLKSWAGEN, COMBUSTÃO, REG_MACRO REGIÃO RJ ES, CAMINHÃO TOCO / TRUCK, TRS_CONLOG, UNI_CDD MACACU, 80 km/h;jan 29, 2026;31;Moderado;5.97%;5.03%;3.56%;Médio;Melhor;Médio;Melhor;;Baixo
UDM7A43;SUP SE - EMP_PIRAI, Vehicle, Diesel, CAMBIO AUTOMATICO OU SEMI AUTOMATICO, MERCEDES BENZ, COMBUSTÃO, REG_SUPPLY SE, CAVALO MECÂNICO, TRS_CONLOG, UNI_EMP PIRAI, 90 km/h;jan 29, 2026;31;Moderado;6.13%;5.23%;3.89%;Médio;Melhor;Médio;Médio;;Baixo
UFS9G29;ROTA SUL_CDD CURITIBA, Vehicle, Diesel, CAMBIO MANUAL, MERCEDES BENZ, COMBUSTÃO, REG_MACRO REGIÃO SUL, CAMINHÃO TOCO / TRUCK, TRS_IMEDIATO, UNI_CDD CURITIBA, 80 km/h;jan 29, 2026;32;Alto;7.03%;5.81%;4.14%;Baixo desempenho;Melhor;Baixo desempenho;Médio;;Moderado
UFA4C49;ROTA SUL_CDD BALNEARIO, Vehicle, CAMBIO MANUAL, VOLKSWAGEN, COMBUSTÃO, REG_MACRO REGIÃO SUL, CAMINHÃO TOCO / TRUCK, TRS_CONLOG, UNI_CDD BALNEARIO, 80 km/h;jan 29, 2026;32;Alto;6.53%;5.37%;3.86%;Médio;Melhor;Médio;Melhor;;Moderado
TXS4J32;ROTA NE_CDD FEIRA DE SANTANA, Vehicle, Diesel, CAMBIO MANUAL, MERCEDES BENZ, COMBUSTÃO, REG_MACRO REGIÃO NE, CAMINHÃO TOCO / TRUCK, TRS_NEPOMUCENO, UNI_CDD FEIRA DE SANTANA, 80 km/h;jan 29, 2026;32;Alto;6.84%;5.46%;3.97%;Médio;Melhor;Médio;Melhor;;Moderado
UGT9F58;ROTA SP_CDD BARUERI, Vehicle, Diesel, CAMBIO MANUAL, FOTON, COMBUSTÃO, REG_MACRO REGIÃO SP, CAMINHÃO TOCO / TRUCK, TRS_FADEL, UNI_CDD BARUERI, 80 km/h;jan 29, 2026;32;Alto;8.40%;6.95%;5.11%;Ótimo;Baixo desempenho;Médio;Ótimo;;Alto
TUU2G94;ROTA MG_CDD UBERABA, Vehicle, Diesel, CAMBIO MANUAL, MERCEDES BENZ, COMBUSTÃO, REG_MACRO REGIÃO MG, CAMINHÃO TOCO / TRUCK, TRS_FADEL, UNI_CDD UBERABA, 80 km/h;jan 29, 2026;32;Alto;7.57%;6.27%;4.46%;Médio;Baixo desempenho;Baixo desempenho;Médio;;Moderado
UGO5C40;ROTA SP_CDD AGUDOS, Vehicle, Diesel, CAMBIO MANUAL, MERCEDES BENZ, COMBUSTÃO, REG_MACRO REGIÃO SP, CAMINHÃO TOCO / TRUCK, TRS_IMEDIATO, UNI_CDD AGUDOS, 80 km/h;jan 29, 2026;32;Alto;6.86%;5.44%;3.88%;Melhor;Melhor;Médio;Melhor;;Moderado
UGB0I67;ROTA SP_CDD SUZANO, Vehicle, Diesel, CAMBIO MANUAL, MERCEDES BENZ, COMBUSTÃO, REG_MACRO REGIÃO SP, CAMINHÃO TOCO / TRUCK, TRS_NEPOMUCENO, UNI_CDD SUZANO, 80 km/h;jan 29, 2026;32;Alto;8.94%;7.43%;5.32%;Médio;Melhor;Melhor;Melhor;;Alto
UDK4E68;ROTA SP_CDD AGUDOS, Vehicle, Diesel, CAMBIO MANUAL, MERCEDES BENZ, COMBUSTÃO, REG_MACRO REGIÃO SP, CAMINHÃO TOCO / TRUCK, TRS_IMEDIATO, UNI_CDD AGUDOS, 80 km/h;jan 29, 2026;32;Alto;6.60%;5.33%;3.79%;Médio;Melhor;Médio;Melhor;;Moderado
TXO9E07;ROTA NE_CDD BOM JESUS DA LAPA, Vehicle, Diesel, CAMBIO MANUAL, MERCEDES BENZ, COMBUSTÃO, REG_MACRO REGIÃO NE, CAMINHÃO TOCO / TRUCK, TRS_NEPOMUCENO, UNI_CDD BOM JESUS DA LAPA, 80 km/h;jan 29, 2026;32;Alto;7.85%;5.44%;4.62%;Melhor;Melhor;Médio;Melhor;;Baixo
UDH2E46;ROTA RJ ES_CDD PETROPOLIS, Vehicle, Diesel, CAMBIO MANUAL, MERCEDES BENZ, COMBUSTÃO, REG_MACRO REGIÃO RJ ES, CAMINHÃO TOCO / TRUCK, TRS_LOG20, UNI_CDD PETROPOLIS;jan 29, 2026;32;Moderado;6.02%;5.03%;3.54%;Médio;Baixo desempenho;Baixo desempenho;Médio;;Baixo
SWH4D82;SUP SE - EMP_PIRAI, Vehicle, Diesel, CAMBIO AUTOMATICO OU SEMI AUTOMATICO, MERCEDES BENZ, COMBUSTÃO, REG_SUPPLY SE, CAVALO MECÂNICO, TRS_CONLOG, UNI_EMP PIRAI, 90 km/h;jan 29, 2026;32;Moderado;5.97%;5.24%;4.14%;Médio;Melhor;Médio;Melhor;;Baixo
UDI1H30;SUP SE - EMP_MACACU, Vehicle, Diesel, CAMBIO AUTOMATICO OU SEMI AUTOMATICO, MERCEDES BENZ, COMBUSTÃO, REG_SUPPLY SE, CAVALO MECÂNICO, TRS_CONLOG, UNI_EMP MACACU, 90 km/h;jan 29, 2026;32;Moderado;5.97%;5.17%;3.80%;Médio;Melhor;Médio;Melhor;;Baixo
UGE6A30;ROTA CO_CDD RONDONOPOLIS, Volkswagen, Vehicle, CAMBIO MANUAL, COMBUSTÃO, REG_MACRO REGIÃO CO, CAMINHÃO TOCO / TRUCK, TRS_CONLOG, UNI_CDD RONDONOPOLIS, 80 km/h;jan 29, 2026;33;Alto;7.68%;6.08%;4.37%;Médio;Melhor;Baixo desempenho;Médio;;Moderado
UFT6H10;ROTA SP_CDD BARUERI, Vehicle, Diesel, CAMBIO MANUAL, FOTON, COMBUSTÃO, REG_MACRO REGIÃO SP, CAMINHÃO TOCO / TRUCK, TRS_FADEL, UNI_CDD BARUERI, 80 km/h;jan 29, 2026;33;Alto;8.29%;6.98%;5.10%;Médio;Médio;Baixo desempenho;Médio;;Alto
TOM5F20;ROTA RJ ES_CDD VITORIA, Vehicle, Diesel, CAMBIO MANUAL, MERCEDES BENZ, COMBUSTÃO, REG_MACRO REGIÃO RJ ES, CAMINHÃO TOCO / TRUCK, TRS_FADEL, UNI_CDD VITORIA, 80 km/h;jan 29, 2026;33;Alto;8.02%;6.78%;4.84%;Médio;Médio;Médio;Ótimo;;Alto
TLS1B24;ROTA SP_CDD SUZANO, Vehicle, Diesel, CAMBIO MANUAL, MERCEDES BENZ, COMBUSTÃO, REG_MACRO REGIÃO SP, CAMINHÃO TOCO / TRUCK, TRS_NEPOMUCENO, UNI_CDD SUZANO, 80 km/h;jan 29, 2026;33;Alto;8.48%;7.00%;5.07%;Ótimo;Melhor;Melhor;Melhor;;Moderado
UDZ2H49;ROTA SP_CDD PRESID. PRUDENTE, Vehicle, Diesel, CAMBIO MANUAL, MERCEDES BENZ, COMBUSTÃO, REG_MACRO REGIÃO SP, CAMINHÃO TOCO / TRUCK, TRS_IMEDIATO, UNI_CDD PRESID. PRUDENTE, 80 km/h;jan 29, 2026;33;Alto;7.06%;5.37%;4.13%;Melhor;Melhor;Médio;Melhor;;Baixo
UDF4G07;ROTA SP_CDD CAMPINAS, Vehicle, Diesel, CAMBIO MANUAL, MERCEDES BENZ, COMBUSTÃO, REG_MACRO REGIÃO SP, CAMINHÃO TOCO / TRUCK, TRS_IMEDIATO, UNI_CDD CAMPINAS, 80 km/h;jan 29, 2026;33;Alto;7.60%;6.43%;4.57%;Médio;Médio;Baixo desempenho;Melhor;;Alto
TTR8H41;ROTA RJ ES_CDD NITEROI, Vehicle, Diesel, CAMBIO MANUAL, MERCEDES BENZ, COMBUSTÃO, REG_MACRO REGIÃO RJ ES, CAMINHÃO TOCO / TRUCK, TRS_FADEL, UNI_CDD NITEROI, 80 km/h;jan 29, 2026;33;Alto;7.67%;6.53%;4.70%;Ótimo;Melhor;Ótimo;Melhor;;Alto
TTM9G77;ROTA RJ ES_CDD JACAREPAGUA, Vehicle, Diesel, CAMBIO MANUAL, MERCEDES BENZ, COMBUSTÃO, REG_MACRO REGIÃO RJ ES, CAMINHÃO TOCO / TRUCK, TRS_FADEL, UNI_CDD JACAREPAGUA, 80 km/h;jan 29, 2026;33;Alto;8.16%;6.78%;4.81%;Ótimo;Melhor;Médio;Melhor;;Alto
UES3B94;SUP SE - EMP_GUARULHOS, Vehicle, Diesel, CAMBIO AUTOMATICO OU SEMI AUTOMATICO, MERCEDES BENZ, COMBUSTÃO, REG_SUPPLY SE, CAVALO MECÂNICO, TRS_IMEDIATO, UNI_EMP GUARULHOS, 90 km/h;jan 29, 2026;33;Moderado;5.97%;5.21%;3.85%;Médio;Melhor;Médio;Melhor;;Baixo
TXO9D78;ROTA NE_CDD FEIRA DE SANTANA, Vehicle, Diesel, CAMBIO MANUAL, MERCEDES BENZ, COMBUSTÃO, REG_MACRO REGIÃO NE, CAMINHÃO TOCO / TRUCK, TRS_NEPOMUCENO, UNI_CDD FEIRA DE SANTANA, 80 km/h;jan 29, 2026;34;Alto;7.00%;5.37%;3.97%;Médio;Melhor;Médio;Melhor;;Moderado
UDW5F98;ROTA SUL_CDD CURITIBA, Vehicle, Diesel, CAMBIO MANUAL, MERCEDES BENZ, COMBUSTÃO, REG_MACRO REGIÃO SUL, CAMINHÃO TOCO / TRUCK, TRS_IMEDIATO, UNI_CDD CURITIBA, 80 km/h;jan 29, 2026;34;Alto;7.23%;6.17%;4.38%;Baixo desempenho;Médio;Baixo desempenho;Médio;;Alto
UET3J75;ROTA SUL_CDD CURITIBA, Vehicle, Diesel, CAMBIO MANUAL, MERCEDES BENZ, COMBUSTÃO, REG_MACRO REGIÃO SUL, CAMINHÃO TOCO / TRUCK, TRS_IMEDIATO, UNI_CDD CURITIBA, 80 km/h;jan 29, 2026;34;Alto;7.10%;6.04%;4.29%;Baixo desempenho;Melhor;Médio;Ótimo;;Alto
UDW7B26;ROTA SP_CDD CAMPINAS, Vehicle, Diesel, CAMBIO MANUAL, MERCEDES BENZ, COMBUSTÃO, REG_MACRO REGIÃO SP, CAMINHÃO TOCO / TRUCK, TRS_IMEDIATO, UNI_CDD CAMPINAS, 80 km/h;jan 29, 2026;34;Alto;8.52%;6.87%;4.79%;Médio;Médio;Médio;Melhor;;Moderado
UDG5C18;ROTA SP_CDD EMBU, Vehicle, Diesel, CAMBIO MANUAL, MERCEDES BENZ, COMBUSTÃO, REG_MACRO REGIÃO SP, CAMINHÃO TOCO / TRUCK, TRS_IMEDIATO, UNI_CDD EMBU, 80 km/h;jan 29, 2026;34;Alto;7.57%;6.51%;4.83%;Ótimo;Médio;Baixo desempenho;Médio;;Alto
QSZ7F78;ROTA SP_CDD SAO JOSE CAMPOS, Vehicle, Diesel, Manually Classified Powertrain, CAMBIO MANUAL, MERCEDES BENZ, COMBUSTÃO, REG_MACRO REGIÃO SP, CAMINHÃO TOCO / TRUCK, TRS_FADEL, UNI_CDD SÃO JOSÉ DOS CAMPOS, 80 km/h;jan 29, 2026;34;Alto;8.00%;6.79%;4.90%;Médio;Melhor;Ótimo;Melhor;;Moderado
TTO7H69;ROTA MG_CDD UBERABA, Vehicle, Diesel, CAMBIO MANUAL, MERCEDES BENZ, COMBUSTÃO, REG_MACRO REGIÃO MG, CAMINHÃO TOCO / TRUCK, TRS_FADEL, UNI_CDD UBERABA, 80 km/h;jan 29, 2026;34;Moderado;6.18%;5.23%;3.52%;Médio;Melhor;Baixo desempenho;Médio;;Baixo
UDE0I63;ROTA SP_CDD PRAIA GRANDE, Vehicle, Diesel, CAMBIO MANUAL, MERCEDES BENZ, COMBUSTÃO, REG_MACRO REGIÃO SP, CAMINHÃO TOCO / TRUCK, TRS_LOG20, UNI_CDD PRAIA GRANDE, 80 km/h;jan 29, 2026;34;Moderado;6.08%;5.23%;3.80%;Médio;Melhor;Ótimo;Melhor;;Moderado
TXS4I52;ROTA NE_CDD ILHEUS, Vehicle, Diesel, CAMBIO MANUAL, MERCEDES BENZ, COMBUSTÃO, REG_MACRO REGIÃO NE, CAMINHÃO TOCO / TRUCK, TRS_NEPOMUCENO, UNI_CDD ILHEUS, 80 km/h;jan 29, 2026;35;Alto;7.10%;5.37%;4.63%;Médio;Baixo desempenho;Médio;Melhor;;Baixo
UDO0C87;ROTA SP_CDD SUZANO, Vehicle, Diesel, CAMBIO MANUAL, MERCEDES BENZ, COMBUSTÃO, REG_MACRO REGIÃO SP, CAMINHÃO TOCO / TRUCK, TRS_NEPOMUCENO, UNI_CDD SUZANO, 80 km/h;jan 29, 2026;35;Alto;8.35%;7.03%;5.11%;Médio;Melhor;Melhor;Melhor;;Moderado
UFC4A97;ROTA SP_CDD BARUERI, Vehicle, Diesel, CAMBIO MANUAL, FOTON, COMBUSTÃO, REG_MACRO REGIÃO SP, CAMINHÃO TOCO / TRUCK, TRS_FADEL, UNI_CDD BARUERI, 80 km/h;jan 29, 2026;35;Alto;7.70%;6.65%;4.79%;Médio;Melhor;Médio;Médio;;Alto
UGN2B31;ROTA CO_CDD RONDONOPOLIS, Volkswagen, Vehicle, CAMBIO MANUAL, COMBUSTÃO, REG_MACRO REGIÃO CO, CAMINHÃO TOCO / TRUCK, TRS_CONLOG, UNI_CDD RONDONOPOLIS, 80 km/h;jan 29, 2026;35;Alto;8.03%;5.70%;4.79%;Ótimo;Baixo desempenho;Médio;Melhor;;Baixo
TOM9H22;ROTA RJ ES_CDD VITORIA, Vehicle, Diesel, CAMBIO MANUAL, MERCEDES BENZ, COMBUSTÃO, REG_MACRO REGIÃO RJ ES, CAMINHÃO TOCO / TRUCK, TRS_FADEL, UNI_CDD VITORIA, 80 km/h;jan 29, 2026;35;Moderado;6.08%;5.25%;3.79%;Médio;Médio;Baixo desempenho;Médio;;Moderado
UEJ7C05;ROTA RJ ES_CDD CAMPO GRANDE, Vehicle, CAMBIO MANUAL, VOLKSWAGEN, COMBUSTÃO, REG_MACRO REGIÃO RJ ES, CAMINHÃO TOCO / TRUCK, TRS_CONLOG, UNI_CDD CAMPO GRANDE, 80 km/h;jan 29, 2026;35;Moderado;7.36%;6.45%;4.62%;Ótimo;Médio;Baixo desempenho;Ótimo;;Alto
UGF3D67;ROTA SP_CDD SUZANO, Vehicle, Diesel, CAMBIO MANUAL, MERCEDES BENZ, COMBUSTÃO, REG_MACRO REGIÃO SP, CAMINHÃO TOCO / TRUCK, TRS_NEPOMUCENO, UNI_CDD SUZANO, 80 km/h;jan 29, 2026;35;Moderado;6.50%;5.59%;3.99%;Médio;Melhor;Ótimo;Ótimo;;Baixo
7461;AMBEV, Vehicle, Diesel;jan 29, 2026;35;Moderado;6.53%;5.53%;4.06%;Médio;Melhor;Melhor;Melhor;;Moderado
UDF1I46;SUP SE - EMP_GUARULHOS, Vehicle, Diesel, CAMBIO AUTOMATICO OU SEMI AUTOMATICO, MERCEDES BENZ, COMBUSTÃO, REG_SUPPLY SE, CAVALO MECÂNICO, TRS_IMEDIATO, UNI_EMP GUARULHOS, 90 km/h;jan 29, 2026;35;Moderado;5.82%;5.17%;3.65%;Médio;Melhor;Médio;Melhor;;Moderado
UGF4A90;ROTA SP_CDD BARUERI, Vehicle, Diesel, Manually Classified Powertrain, CAMBIO MANUAL, MERCEDES BENZ, COMBUSTÃO, REG_MACRO REGIÃO SP, CAMINHÃO TOCO / TRUCK, TRS_FADEL, UNI_CDD BARUERI, 80 km/h;jan 29, 2026;36;Alto;8.07%;6.94%;5.14%;Médio;Médio;Médio;Ótimo;;Alto
UDA7I74;SUP SE - EMP_GUARULHOS, Vehicle, Diesel, CAMBIO AUTOMATICO OU SEMI AUTOMATICO, MERCEDES BENZ, COMBUSTÃO, REG_SUPPLY SE, CAVALO MECÂNICO, TRS_IMEDIATO, UNI_EMP GUARULHOS, 90 km/h;jan 29, 2026;36;Moderado;6.07%;5.23%;3.62%;Médio;Melhor;Melhor;Melhor;;Moderado
QSQ0F37;SUP COMG - EMP_JUATUBA, Vehicle, Diesel, CAMBIO AUTOMATICO OU SEMI AUTOMATICO, MERCEDES BENZ, COMBUSTÃO, REG_SUPPLY COMG, CAVALO MECÂNICO, TRS_NEPOMUCENO, UNI_EMP JUATUBA, 90 km/h;jan 29, 2026;36;Moderado;6.05%;5.26%;3.42%;Em risco;Melhor;Ótimo;Médio;;Baixo
QSV3I55;SUP SE - EMP_PIRAI, Vehicle, Diesel, CAMBIO AUTOMATICO OU SEMI AUTOMATICO, MERCEDES BENZ, COMBUSTÃO, REG_SUPPLY SE, CAVALO MECÂNICO, TRS_CONLOG, UNI_EMP PIRAI, 90 km/h;jan 29, 2026;36;Moderado;5.66%;5.04%;3.41%;Ótimo;Melhor;Ótimo;Melhor;;Moderado
UFR4H65;ROTA SP_CDD NORTE, Vehicle, Diesel, CAMBIO MANUAL, MERCEDES BENZ, COMBUSTÃO, REG_MACRO REGIÃO SP, CAMINHÃO TOCO / TRUCK, TRS_IMEDIATO, UNI_CDD NORTE, 80 km/h;jan 29, 2026;36;Moderado;7.69%;6.76%;4.96%;Médio;Melhor;Médio;Médio;;Alto
UGM9H34;SUP SE - EMP_JACAREI, Vehicle, Diesel, CAMBIO AUTOMATICO OU SEMI AUTOMATICO, MERCEDES BENZ, COMBUSTÃO, REG_SUPPLY SE, CAVALO MECÂNICO, TRS_IMEDIATO, UNI_EMP JACAREI, 90 km/h;jan 29, 2026;36;Moderado;5.71%;5.12%;3.76%;Ótimo;Melhor;Médio;Melhor;;Baixo
UDQ1F33;SUP SE - EMP_JAGUARIUNA, Vehicle, Diesel, CAMBIO AUTOMATICO OU SEMI AUTOMATICO, MERCEDES BENZ, COMBUSTÃO, REG_SUPPLY SE, CAVALO MECÂNICO, TRS_IMEDIATO, UNI_EMP JAGUARIUNA, 90 km/h;jan 29, 2026;36;Moderado;5.80%;5.25%;4.33%;Médio;Melhor;Médio;Médio;;Baixo
UDX4I34;SUP SUL - EMP_PONTA GROSSA, Vehicle, Diesel, CAMBIO AUTOMATICO OU SEMI AUTOMATICO, MERCEDES BENZ, COMBUSTÃO, REG_SUPPLY SUL, CAVALO MECÂNICO, TRS_LOG20, UNI_EMP PONTA GROSSA, 90 km/h;jan 29, 2026;36;Moderado;5.89%;5.30%;4.42%;Médio;Melhor;Melhor;Melhor;;Moderado
TOM5F48;ROTA RJ ES_CDD VITORIA, Vehicle, Manually Classified Powertrain, CAMBIO MANUAL, MERCEDES BENZ, COMBUSTÃO, REG_MACRO REGIÃO RJ ES, CAMINHÃO TOCO / TRUCK, TRS_FADEL, UNI_CDD VITORIA, 80 km/h;jan 29, 2026;37;Alto;7.78%;6.75%;4.86%;Médio;Melhor;Baixo desempenho;Baixo desempenho;;Moderado
QSW0H52;ROTA SP_CDD DIADEMA, Vehicle, Diesel, CAMBIO MANUAL, MERCEDES BENZ, COMBUSTÃO, REG_MACRO REGIÃO SP, CAMINHÃO TOCO / TRUCK, TRS_LOG20, UNI_CDD DIADEMA, 80 km/h;jan 29, 2026;37;Moderado;8.21%;7.24%;5.21%;Melhor;Médio;Médio;Médio;;Alto
UDI9E91;SUP SUL - EMP_PONTA GROSSA, Vehicle, Diesel, CAMBIO AUTOMATICO OU SEMI AUTOMATICO, MERCEDES BENZ, COMBUSTÃO, REG_SUPPLY SUL, CAVALO MECÂNICO, TRS_LOG20, UNI_EMP PONTA GROSSA, 90 km/h;jan 29, 2026;37;Moderado;5.78%;5.25%;4.25%;Médio;Melhor;Médio;Melhor;;Baixo
UDQ6J85;SUP SE - EMP_JAGUARIUNA, Vehicle, Diesel, CAMBIO AUTOMATICO OU SEMI AUTOMATICO, MERCEDES BENZ, COMBUSTÃO, REG_SUPPLY SE, CAVALO MECÂNICO, TRS_IMEDIATO, UNI_EMP JAGUARIUNA, 90 km/h;jan 29, 2026;37;Moderado;5.80%;5.25%;4.52%;Médio;Melhor;Médio;Melhor;;Moderado
QSO3I45;SUP SE - EMP_PIRAI, Vehicle, Diesel, CAMBIO AUTOMATICO OU SEMI AUTOMATICO, MERCEDES BENZ, COMBUSTÃO, REG_SUPPLY SE, CAVALO MECÂNICO, TRS_CONLOG, UNI_EMP PIRAI, 90 km/h;jan 29, 2026;37;Moderado;5.93%;5.14%;3.65%;Melhor;Melhor;Melhor;Médio;;Moderado
UDG0F46;SUP SUL - EMP_PONTA GROSSA, Vehicle, Diesel, CAMBIO AUTOMATICO OU SEMI AUTOMATICO, MERCEDES BENZ, COMBUSTÃO, REG_SUPPLY SUL, CAVALO MECÂNICO, TRS_LOG20, UNI_EMP PONTA GROSSA, 90 km/h;jan 29, 2026;37;Moderado;5.73%;5.25%;4.54%;Médio;Baixo desempenho;Melhor;Melhor;;Baixo
UFT9G43;ROTA CO_CDD CUIABA, Vehicle, Diesel, Manually Classified Powertrain, CAMBIO MANUAL, VOLKSWAGEN, COMBUSTÃO, REG_MACRO REGIÃO CO, CAMINHÃO TOCO / TRUCK, TRS_CONLOG, UNI_CDD CUIABA, 80 km/h;jan 29, 2026;37;Moderado;7.42%;6.65%;4.89%;Médio;Médio;Em risco;Em risco;;Alto
UDL4I10;ROTA CO_CDD CUIABA, Vehicle, CAMBIO MANUAL, VOLKSWAGEN, COMBUSTÃO, REG_MACRO REGIÃO CO, CAMINHÃO TOCO / TRUCK, TRS_CONLOG, UNI_CDD CUIABA, 80 km/h;jan 29, 2026;38;Alto;7.92%;5.97%;4.73%;Melhor;Baixo desempenho;Médio;Melhor;;Baixo
QSW5C96;ROTA RJ ES_CDD CAMPO GRANDE, Vehicle, CAMBIO MANUAL, VOLKSWAGEN, COMBUSTÃO, REG_MACRO REGIÃO RJ ES, CAMINHÃO TOCO / TRUCK, TRS_CONLOG, UNI_CDD CAMPO GRANDE, 80 km/h;jan 29, 2026;38;Moderado;7.69%;6.79%;4.96%;Ótimo;Melhor;Médio;Melhor;;Alto
UEJ0C68;SUP COMG - EMP_JUATUBA, Vehicle, Diesel, CAMBIO AUTOMATICO OU SEMI AUTOMATICO, MERCEDES BENZ, COMBUSTÃO, REG_SUPPLY COMG, CAVALO MECÂNICO, TRS_NEPOMUCENO, UNI_EMP JUATUBA, 90 km/h;jan 29, 2026;38;Moderado;5.47%;5.01%;3.30%;Baixo desempenho;Melhor;Ótimo;Médio;;Baixo
UFO9H38;ROTA SUL_CDD CURITIBA, Vehicle, Diesel, CAMBIO MANUAL, MERCEDES BENZ, COMBUSTÃO, REG_MACRO REGIÃO SUL, CAMINHÃO TOCO / TRUCK, TRS_IMEDIATO, UNI_CDD CURITIBA, 80 km/h;jan 29, 2026;38;Moderado;5.87%;5.19%;3.68%;Médio;Melhor;Médio;Médio;;Moderado
UGA4B67;SUP SE - EMP_GUARULHOS, Vehicle, Diesel, CAMBIO AUTOMATICO OU SEMI AUTOMATICO, MERCEDES BENZ, COMBUSTÃO, REG_SUPPLY SE, CAVALO MECÂNICO, TRS_IMEDIATO, UNI_EMP GUARULHOS, 90 km/h;jan 29, 2026;38;Moderado;6.07%;5.37%;3.88%;Médio;Melhor;Melhor;Melhor;;Moderado
TXR0J92;SUP SE - EMP_NOVA RIO, Vehicle, Diesel, CAMBIO AUTOMATICO OU SEMI AUTOMATICO, MERCEDES BENZ, COMBUSTÃO, REG_SUPPLY SE, CAVALO MECÂNICO, TRS_FADEL, UNI_EMP NOVA RIO, 90 km/h;jan 29, 2026;38;Moderado;6.40%;5.65%;4.16%;Ótimo;Melhor;Melhor;Melhor;;Moderado
UFB2G87;ROTA CO_CDD RONDONOPOLIS, Volkswagen, Vehicle, CAMBIO MANUAL, COMBUSTÃO, REG_MACRO REGIÃO CO, CAMINHÃO TOCO / TRUCK, TRS_CONLOG, UNI_CDD RONDONOPOLIS, 80 km/h;jan 29, 2026;39;Alto;7.59%;6.15%;4.19%;Médio;Melhor;Baixo desempenho;Médio;;Moderado
UFM4J97;SUP SE - EMP_GUARULHOS, Vehicle, Diesel, CAMBIO AUTOMATICO OU SEMI AUTOMATICO, MERCEDES BENZ, COMBUSTÃO, REG_SUPPLY SE, CAVALO MECÂNICO, TRS_IMEDIATO, UNI_EMP GUARULHOS, 90 km/h;jan 29, 2026;39;Moderado;6.07%;5.42%;3.98%;Médio;Melhor;Melhor;Melhor;;Moderado
UGF7E36;ROTA SUL_CDD CURITIBA, Vehicle, Diesel, CAMBIO MANUAL, MERCEDES BENZ, COMBUSTÃO, REG_MACRO REGIÃO SUL, CAMINHÃO TOCO / TRUCK, TRS_IMEDIATO, UNI_CDD CURITIBA, 80 km/h;jan 29, 2026;39;Moderado;7.65%;6.82%;4.86%;Baixo desempenho;Baixo desempenho;Médio;Médio;;Alto
UGE9A28;ROTA SP_CDD CAMPINAS, Vehicle, Diesel, CAMBIO MANUAL, MERCEDES BENZ, COMBUSTÃO, REG_MACRO REGIÃO SP, CAMINHÃO TOCO / TRUCK, TRS_IMEDIATO, UNI_CDD CAMPINAS, 80 km/h;jan 29, 2026;39;Moderado;7.30%;6.59%;4.68%;Baixo desempenho;Médio;Baixo desempenho;Médio;;Moderado
UGV8G74;SUP SE - EMP_JUNDIAI, Vehicle, Diesel, CAMBIO AUTOMATICO OU SEMI AUTOMATICO, MERCEDES BENZ, COMBUSTÃO, REG_SUPPLY SE, CAVALO MECÂNICO, TRS_NEPOMUCENO, UNI_EMP JUNDIAI, 90 km/h;jan 29, 2026;39;Moderado;5.61%;5.08%;3.52%;Ótimo;Melhor;Melhor;Melhor;;Moderado
RAG7230;SUP SUL - LATA_LAGES, Vehicle, Diesel, CAMBIO AUTOMATICO OU SEMI AUTOMATICO, VOLKSWAGEN, COMBUSTÃO, REG_SUPPLY SUL, CAVALO MECÂNICO, TRS_RODALOG, UNI_INS LATA LAGES, 90 km/h;jan 29, 2026;39;Moderado;5.64%;5.25%;3.77%;Baixo desempenho;Melhor;Melhor;Médio;;Baixo
UHK3H19;ROTA NO_CDD BELEM, Vehicle, Diesel, CAMBIO MANUAL, MERCEDES BENZ, COMBUSTÃO, REG_MACRO REGIÃO NO, CAMINHÃO TOCO / TRUCK, TRS_HORIZONTE, UNI_CDD BELEM, 80 km/h;jan 29, 2026;39;Moderado;7.99%;7.06%;5.29%;Melhor;Médio;Médio;Médio;;Alto
TPZ3D18;SUP SUL - EMP_LAGES, Vehicle, Diesel, CAMBIO AUTOMATICO OU SEMI AUTOMATICO, MERCEDES BENZ, COMBUSTÃO, REG_SUPPLY SUL, CAVALO MECÂNICO, TRS_RODALOG, UNI_EMP LAGES, 90 km/h;jan 29, 2026;39;Moderado;5.64%;5.25%;4.63%;Médio;Melhor;Melhor;Melhor;;Baixo
TJT2F43;SUP SE - EMP_GUARULHOS, Vehicle, Diesel, Manually Classified Powertrain, CAMBIO AUTOMATICO OU SEMI AUTOMATICO, MERCEDES BENZ, COMBUSTÃO, REG_SUPPLY SE, CAVALO MECÂNICO, TRS_IMEDIATO, UNI_EMP GUARULHOS, 90 km/h;jan 29, 2026;39;Moderado;5.66%;5.25%;3.86%;Médio;Baixo desempenho;Melhor;Melhor;;Moderado
TTQ4C99;ROTA RJ ES_CDD JACAREPAGUA, Vehicle, Diesel, CAMBIO MANUAL, MERCEDES BENZ, COMBUSTÃO, REG_MACRO REGIÃO RJ ES, CAMINHÃO TOCO / TRUCK, TRS_FADEL, UNI_CDD JACAREPAGUA, 80 km/h;jan 29, 2026;39;Moderado;8.04%;7.21%;5.33%;Melhor;Melhor;Ótimo;Médio;;Alto
FVO9E91;SUP COMG - EMP_JUATUBA, Vehicle, Diesel, CAMBIO AUTOMATICO OU SEMI AUTOMATICO, MERCEDES BENZ, COMBUSTÃO, REG_SUPPLY COMG, CAVALO MECÂNICO, TRS_NEPOMUCENO, UNI_EMP JUATUBA, 90 km/h;jan 29, 2026;39;Moderado;5.65%;5.14%;3.43%;Baixo desempenho;Médio;Ótimo;Médio;;Baixo
TUU2G96;ROTA RJ ES_CDD NITEROI, Vehicle, Diesel, CAMBIO MANUAL, MERCEDES BENZ, COMBUSTÃO, REG_MACRO REGIÃO RJ ES, CAMINHÃO TOCO / TRUCK, TRS_FADEL, UNI_CDD NITEROI, 80 km/h;jan 29, 2026;39;Moderado;7.02%;6.38%;4.46%;Baixo desempenho;Melhor;Melhor;Ótimo;;Moderado
TUK2E71;ROTA MG_CDD UBERABA, Vehicle, Diesel, CAMBIO MANUAL, MERCEDES BENZ, COMBUSTÃO, REG_MACRO REGIÃO MG, CAMINHÃO TOCO / TRUCK, TRS_FADEL, UNI_CDD UBERABA, 80 km/h;jan 29, 2026;40;Moderado;8.21%;7.26%;5.17%;Melhor;Médio;Médio;Melhor;;Alto
UEX0E04;SUP SE - EMP_JUNDIAI, Vehicle, Diesel, CAMBIO AUTOMATICO OU SEMI AUTOMATICO, MERCEDES BENZ, COMBUSTÃO, REG_SUPPLY SE, CAVALO MECÂNICO, TRS_NEPOMUCENO, UNI_EMP JUNDIAI, 90 km/h;jan 29, 2026;40;Moderado;5.80%;5.30%;3.83%;Ótimo;Melhor;Melhor;Melhor;;Moderado
SUH8G96;SUP SE - EMP_PIRAI, Vehicle, Diesel, CAMBIO AUTOMATICO OU SEMI AUTOMATICO, MERCEDES BENZ, COMBUSTÃO, REG_SUPPLY SE, CAVALO MECÂNICO, TRS_CONLOG, UNI_EMP PIRAI, 90 km/h;jan 29, 2026;40;Moderado;6.07%;5.51%;4.04%;Ótimo;Melhor;Melhor;Melhor;;Moderado
UEB5B63;ROTA SP_CDD SUZANO, Vehicle, Diesel, CAMBIO MANUAL, MERCEDES BENZ, COMBUSTÃO, REG_MACRO REGIÃO SP, CAMINHÃO TOCO / TRUCK, TRS_NEPOMUCENO, UNI_CDD SUZANO, 80 km/h;jan 29, 2026;40;Moderado;7.88%;6.98%;4.62%;Médio;Melhor;Ótimo;Melhor;;Moderado
TOM5C66;ROTA RJ ES_CDD VITORIA, Vehicle, Diesel, CAMBIO MANUAL, MERCEDES BENZ, COMBUSTÃO, REG_MACRO REGIÃO RJ ES, CAMINHÃO TOCO / TRUCK, TRS_FADEL, UNI_CDD VITORIA, 80 km/h;jan 29, 2026;40;Moderado;7.46%;6.82%;4.71%;Ótimo;Médio;Médio;Melhor;;Alto
TTS8I80;ROTA MG_CDD UBERABA, Vehicle, Diesel, CAMBIO MANUAL, MERCEDES BENZ, COMBUSTÃO, REG_MACRO REGIÃO MG, CAMINHÃO TOCO / TRUCK, TRS_FADEL, UNI_CDD UBERABA, 80 km/h;jan 29, 2026;40;Moderado;7.07%;6.51%;4.67%;Ótimo;Médio;Médio;Médio;;Moderado
7416;AMBEV, Vehicle, Diesel;jan 29, 2026;40;Moderado;5.97%;5.37%;3.89%;Médio;Melhor;Melhor;Melhor;;Moderado
UDB8E75;SUP SUL - EMP_PONTA GROSSA, Vehicle, Diesel, CAMBIO AUTOMATICO OU SEMI AUTOMATICO, MERCEDES BENZ, COMBUSTÃO, REG_SUPPLY SUL, CAVALO MECÂNICO, TRS_LOG20, UNI_EMP PONTA GROSSA, 90 km/h;jan 29, 2026;40;Moderado;5.64%;5.25%;4.01%;Médio;Melhor;Melhor;Melhor;;Baixo
UDE6F94;SUP SE - EMP_JACAREI, Vehicle, Diesel, CAMBIO AUTOMATICO OU SEMI AUTOMATICO, MERCEDES BENZ, COMBUSTÃO, REG_SUPPLY SE, CAVALO MECÂNICO, TRS_IMEDIATO, UNI_EMP JACAREI, 90 km/h;jan 29, 2026;41;Moderado;5.51%;5.25%;3.91%;Melhor;Melhor;Melhor;Melhor;;Baixo
5359;AMBEV, Vehicle, Diesel;jan 29, 2026;41;Moderado;8.24%;7.27%;4.78%;Médio;Melhor;Médio;Melhor;;Moderado
TXS4I94;ROTA NE_CDD GUANAMBI, Vehicle, Diesel, CAMBIO MANUAL, MERCEDES BENZ, COMBUSTÃO, REG_MACRO REGIÃO NE, CAMINHÃO TOCO / TRUCK, TRS_NEPOMUCENO, UNI_CDD GUANAMBI, 80 km/h;jan 29, 2026;41;Moderado;5.69%;5.32%;3.77%;Melhor;Melhor;Médio;Melhor;;Baixo
TCY3D53;ROTA NE_CDD VIT DA CONQUISTA, Vehicle, Diesel, CAMBIO MANUAL, MERCEDES BENZ, COMBUSTÃO, REG_MACRO REGIÃO NE, CAMINHÃO TOCO / TRUCK, TRS_NEPOMUCENO, UNI_CDD VIT DA CONQUISTA, 80 km/h;jan 29, 2026;41;Moderado;7.89%;7.13%;5.25%;Ótimo;Melhor;Ótimo;Melhor;;Moderado
TIL6J16;ROTA NO_CDD CEARA, Vehicle, Diesel, CAMBIO MANUAL, MERCEDES BENZ, COMBUSTÃO, REG_MACRO REGIÃO NO, CAMINHÃO TOCO / TRUCK, TRS_FADEL, UNI_CDD CEARA, 80 km/h;jan 29, 2026;41;Moderado;7.96%;7.22%;5.20%;Melhor;Melhor;Melhor;Médio;;Alto
UDT3G95;AMBEV, Vehicle, Diesel, CAMBIO MANUAL, MERCEDES BENZ, COMBUSTÃO, REG_MACRO REGIÃO SP, CAMINHÃO TOCO / TRUCK, TRS_FADEL, UNI_CDD SÃO JOSÉ DOS CAMPOS, 80 km/h;jan 29, 2026;41;Moderado;6.51%;5.99%;4.26%;Baixo desempenho;Baixo desempenho;Baixo desempenho;Baixo desempenho;;Moderado
QST7B08;ROTA SP_CDD SAO JOSE CAMPOS, Vehicle, Diesel, CAMBIO MANUAL, MERCEDES BENZ, COMBUSTÃO, REG_MACRO REGIÃO SP, CAMINHÃO TOCO / TRUCK, TRS_FADEL, UNI_CDD SÃO JOSÉ DOS CAMPOS, 80 km/h;jan 29, 2026;41;Moderado;6.90%;6.42%;4.59%;Médio;Médio;Baixo desempenho;Médio;;Alto
TOM9G91;ROTA RJ ES_CDD VITORIA, Vehicle, Diesel, CAMBIO MANUAL, MERCEDES BENZ, COMBUSTÃO, REG_MACRO REGIÃO RJ ES, CAMINHÃO TOCO / TRUCK, TRS_FADEL, UNI_CDD VITORIA, 80 km/h;jan 29, 2026;41;Moderado;6.17%;5.64%;4.12%;Médio;Médio;Ótimo;Melhor;;Moderado
THP6F76;ROTA NO_CDD CEARA, Vehicle, Diesel, CAMBIO MANUAL, MERCEDES BENZ, COMBUSTÃO, REG_MACRO REGIÃO NO, CAMINHÃO TOCO / TRUCK, TRS_FADEL, UNI_CDD CEARA, 80 km/h;jan 29, 2026;42;Moderado;7.07%;6.65%;4.83%;Melhor;Melhor;Médio;Médio;;Moderado
UFJ0C48;ROTA SP_CDD BARUERI, Vehicle, Diesel, CAMBIO MANUAL, MERCEDES BENZ, COMBUSTÃO, REG_MACRO REGIÃO SP, CAMINHÃO TOCO / TRUCK, TRS_FADEL, UNI_CDD BARUERI, 80 km/h;jan 29, 2026;42;Moderado;7.06%;6.62%;4.76%;Médio;Médio;Médio;Ótimo;;Alto
TUJ2D31;ROTA RJ ES_CDD JACAREPAGUA, Vehicle, Diesel, CAMBIO MANUAL, MERCEDES BENZ, COMBUSTÃO, REG_MACRO REGIÃO RJ ES, CAMINHÃO TOCO / TRUCK, TRS_FADEL, UNI_CDD JACAREPAGUA, 80 km/h;jan 29, 2026;42;Moderado;8.21%;7.56%;5.52%;Ótimo;Melhor;Médio;Médio;;Alto
UEB6E37;ROTA SP_CDD SUZANO, Vehicle, Diesel, CAMBIO MANUAL, MERCEDES BENZ, COMBUSTÃO, REG_MACRO REGIÃO SP, CAMINHÃO TOCO / TRUCK, TRS_NEPOMUCENO, UNI_CDD SUZANO, 80 km/h;jan 29, 2026;42;Moderado;6.19%;5.51%;3.80%;Médio;Melhor;Médio;Melhor;;Baixo
UEW3D79;ROTA SUL_CDD CURITIBA, Vehicle, Diesel, CAMBIO MANUAL, MERCEDES BENZ, COMBUSTÃO, REG_MACRO REGIÃO SUL, CAMINHÃO TOCO / TRUCK, TRS_IMEDIATO, UNI_CDD CURITIBA, 80 km/h;jan 29, 2026;42;Moderado;6.78%;6.35%;4.53%;Médio;Melhor;Médio;Médio;;Moderado
RIZ4E82;AS RJ ES_AS CAMPO GRANDE, Vehicle, Diesel, CAMBIO AUTOMATICO OU SEMI AUTOMATICO, SCANIA, COMBUSTÃO, REG_MACRO REGIÃO RJ ES, CAVALO MECÂNICO, TRS_FADEL, UNI_AS CAMPO GRANDE, 90 km/h;jan 29, 2026;42;Moderado;8.13%;7.36%;4.98%;Ótimo;Melhor;Melhor;Melhor;;Moderado
QSQ7A93;ROTA SP_CDD DIADEMA, Vehicle, Diesel, CAMBIO MANUAL, MERCEDES BENZ, COMBUSTÃO, REG_MACRO REGIÃO SP, CAMINHÃO TOCO / TRUCK, TRS_LOG20, UNI_CDD DIADEMA, 80 km/h;jan 29, 2026;42;Moderado;6.93%;6.48%;4.62%;Médio;Melhor;Médio;Médio;;Alto
TOM1H62;ROTA RJ ES_CDD VITORIA, Vehicle, Diesel, CAMBIO MANUAL, MERCEDES BENZ, COMBUSTÃO, REG_MACRO REGIÃO RJ ES, CAMINHÃO TOCO / TRUCK, TRS_FADEL, UNI_CDD VITORIA, 80 km/h;jan 29, 2026;42;Moderado;6.51%;6.02%;4.28%;Médio;Médio;Médio;Ótimo;;Alto
UDE6A88;SUP SUL - EMP_PONTA GROSSA, Vehicle, Diesel, CAMBIO AUTOMATICO OU SEMI AUTOMATICO, MERCEDES BENZ, COMBUSTÃO, REG_SUPPLY SUL, CAVALO MECÂNICO, TRS_LOG20, UNI_EMP PONTA GROSSA, 90 km/h;jan 29, 2026;42;Moderado;5.44%;5.25%;4.50%;Baixo desempenho;Melhor;Melhor;Melhor;;Baixo
UFH6A86;SUP COMG - EMP_UBERLANDIA, Vehicle, Diesel, CAMBIO AUTOMATICO OU SEMI AUTOMATICO, MERCEDES BENZ, COMBUSTÃO, REG_SUPPLY COMG, CAVALO MECÂNICO, TRS_IMEDIATO, UNI_EMP UBERLANDIA, 90 km/h;jan 29, 2026;43;Moderado;5.60%;5.35%;4.13%;Médio;Melhor;Melhor;Melhor;;Baixo
UDQ3D57;ROTA SUL_CDD CASCAVEL, Vehicle, Diesel, CAMBIO MANUAL, MERCEDES BENZ, COMBUSTÃO, REG_MACRO REGIÃO SUL, CAMINHÃO TOCO / TRUCK, TRS_LOG20, UNI_CDD CASCAVEL, 80 km/h;jan 29, 2026;43;Moderado;6.67%;6.22%;4.54%;Médio;Melhor;Médio;Médio;;Moderado
QSZ4D41;ROTA SUL_CDD PELOTAS, Vehicle, CAMBIO MANUAL, VOLKSWAGEN, COMBUSTÃO, REG_MACRO REGIÃO SUL, CAMINHÃO TOCO / TRUCK, TRS_CONLOG, UNI_CDD PELOTAS, 80 km/h;jan 29, 2026;43;Moderado;5.73%;5.38%;4.38%;Médio;Baixo desempenho;Baixo desempenho;Médio;;Baixo
UDH4J40;ROTA SP_CDD DIADEMA, Vehicle, Diesel, CAMBIO MANUAL, MERCEDES BENZ, COMBUSTÃO, REG_MACRO REGIÃO SP, CAMINHÃO TOCO / TRUCK, TRS_LOG20, UNI_CDD DIADEMA, 80 km/h;jan 29, 2026;43;Moderado;8.68%;7.99%;5.82%;Melhor;Médio;Médio;Ótimo;;Alto
TJZ9C83;SUP SE - EMP_PIRAI, Vehicle, Diesel, CAMBIO AUTOMATICO OU SEMI AUTOMATICO, MERCEDES BENZ, COMBUSTÃO, REG_SUPPLY SE, CAVALO MECÂNICO, TRS_CONLOG, UNI_EMP PIRAI, 90 km/h;jan 29, 2026;43;Moderado;5.37%;5.14%;3.95%;Melhor;Melhor;Melhor;Melhor;;Baixo
TTL9H22;ROTA RJ ES_CDD JACAREPAGUA, Vehicle, Diesel, CAMBIO MANUAL, MERCEDES BENZ, COMBUSTÃO, REG_MACRO REGIÃO RJ ES, CAMINHÃO TOCO / TRUCK, TRS_FADEL, UNI_CDD JACAREPAGUA, 80 km/h;jan 29, 2026;43;Moderado;7.78%;7.22%;5.19%;Melhor;Melhor;Melhor;Ótimo;;Alto
TIY5J26;ROTA SP_CDD CAMPINAS, Vehicle, Diesel, CAMBIO MANUAL, MERCEDES BENZ, COMBUSTÃO, REG_MACRO REGIÃO SP, CAMINHÃO TOCO / TRUCK, TRS_IMEDIATO, UNI_CDD CAMPINAS, 80 km/h;jan 29, 2026;43;Moderado;6.48%;6.04%;4.31%;Médio;Médio;Baixo desempenho;Médio;;Moderado
TUQ2G99;ROTA MG_CDD UBERLANDIA, Vehicle, Diesel, CAMBIO MANUAL, MERCEDES BENZ, COMBUSTÃO, REG_MACRO REGIÃO MG, CAMINHÃO TOCO / TRUCK, TRS_FADEL, UNI_CDD UBERLANDIA, 80 km/h;jan 29, 2026;44;Moderado;6.55%;6.16%;4.38%;Melhor;Médio;Médio;Melhor;;Moderado
TXQ9J59;ROTA NE_CDD VIT DA CONQUISTA, Vehicle, Diesel, CAMBIO MANUAL, MERCEDES BENZ, COMBUSTÃO, REG_MACRO REGIÃO NE, CAMINHÃO TOCO / TRUCK, TRS_NEPOMUCENO, UNI_CDD VIT DA CONQUISTA, 80 km/h;jan 29, 2026;44;Moderado;5.51%;5.35%;3.78%;Melhor;Melhor;Médio;Melhor;;Baixo
QSR3F17;ROTA SP_CDD BARUERI, Vehicle, Diesel, Manually Classified Powertrain, CAMBIO MANUAL, MERCEDES BENZ, COMBUSTÃO, REG_MACRO REGIÃO SP, CAMINHÃO TOCO / TRUCK, TRS_FADEL, UNI_CDD BARUERI, 80 km/h;jan 29, 2026;44;Moderado;7.50%;7.12%;5.27%;Ótimo;Médio;Baixo desempenho;Baixo desempenho;;Alto
TOM5F25;ROTA RJ ES_CDD VITORIA, Vehicle, Manually Classified Powertrain, CAMBIO MANUAL, MERCEDES BENZ, COMBUSTÃO, REG_MACRO REGIÃO RJ ES, CAMINHÃO TOCO / TRUCK, TRS_FADEL, UNI_CDD VITORIA, 80 km/h;jan 29, 2026;44;Moderado;6.98%;6.56%;4.71%;Médio;Médio;Médio;Baixo desempenho;;Moderado
QSY0F74;SUP COMG - EMP_JUATUBA, Vehicle, Diesel, CAMBIO AUTOMATICO OU SEMI AUTOMATICO, MERCEDES BENZ, COMBUSTÃO, REG_SUPPLY COMG, CAVALO MECÂNICO, TRS_NEPOMUCENO, UNI_EMP JUATUBA, 90 km/h;jan 29, 2026;44;Moderado;5.38%;5.18%;3.37%;Baixo desempenho;Melhor;Melhor;Melhor;;Baixo
TOM9F63;ROTA RJ ES_CDD VITORIA, Vehicle, Diesel, CAMBIO MANUAL, MERCEDES BENZ, COMBUSTÃO, REG_MACRO REGIÃO RJ ES, CAMINHÃO TOCO / TRUCK, TRS_FADEL, UNI_CDD VITORIA, 80 km/h;jan 29, 2026;44;Moderado;7.78%;7.15%;4.81%;Médio;Médio;Médio;Ótimo;;Moderado
TTQ4D00;ROTA RJ ES_CDD JACAREPAGUA, Vehicle, Diesel, CAMBIO MANUAL, MERCEDES BENZ, COMBUSTÃO, REG_MACRO REGIÃO RJ ES, CAMINHÃO TOCO / TRUCK, TRS_FADEL, UNI_CDD JACAREPAGUA, 80 km/h;jan 29, 2026;44;Moderado;7.93%;7.41%;5.43%;Melhor;Ótimo;Melhor;Médio;;Alto
TUA2H70;ROTA RJ ES_CDD NITEROI, Vehicle, Diesel, CAMBIO MANUAL, MERCEDES BENZ, COMBUSTÃO, REG_MACRO REGIÃO RJ ES, CAMINHÃO TOCO / TRUCK, TRS_FADEL, UNI_CDD NITEROI, 80 km/h;jan 29, 2026;44;Moderado;6.94%;6.56%;4.70%;Baixo desempenho;Melhor;Ótimo;Melhor;;Alto
UGM7D19;ROTA SP_CDD PRESID. PRUDENTE, Vehicle, Diesel, CAMBIO MANUAL, FOTON, COMBUSTÃO, REG_MACRO REGIÃO SP, CAMINHÃO TOCO / TRUCK, TRS_IMEDIATO, UNI_CDD PRESID. PRUDENTE, 80 km/h;jan 29, 2026;44;Moderado;5.66%;5.37%;4.08%;Médio;Melhor;Médio;Melhor;;Baixo
QSZ9G87;ROTA SP_CDD CAMPINAS, Vehicle, Diesel, CAMBIO MANUAL, MERCEDES BENZ, COMBUSTÃO, REG_MACRO REGIÃO SP, CAMINHÃO TOCO / TRUCK, TRS_IMEDIATO, UNI_CDD CAMPINAS, 80 km/h;jan 29, 2026;44;Moderado;6.63%;6.28%;4.41%;Médio;Médio;Médio;Médio;;Alto
UGH9E49;AMBEV, Vehicle, Diesel, CAMBIO MANUAL, MERCEDES BENZ, COMBUSTÃO, REG_MACRO REGIÃO SP, CAMINHÃO TOCO / TRUCK, TRS_IMEDIATO, UNI_CDD RIBEIRÃO PRETO, 80 km/h;jan 29, 2026;44;Moderado;6.94%;6.63%;4.80%;Médio;Melhor;Médio;Ótimo;;Alto
UAV9J53;ROTA NE_CDD FEIRA DE SANTANA, Vehicle, Diesel, CAMBIO MANUAL, RENAULT, COMBUSTÃO, REG_MACRO REGIÃO NE, VANS, TRS_NEPOMUCENO, UNI_CDD FEIRA DE SANTANA, 80 km/h;jan 29, 2026;45;Moderado;8.72%;8.21%;4.84%;Médio;Melhor;Médio;Médio;;Moderado
UEN0H94;SUP COMG - EMP_UBERLANDIA, Vehicle, Diesel, CAMBIO AUTOMATICO OU SEMI AUTOMATICO, MERCEDES BENZ, COMBUSTÃO, REG_SUPPLY COMG, CAVALO MECÂNICO, TRS_IMEDIATO, UNI_EMP UBERLANDIA, 90 km/h;jan 29, 2026;45;Moderado;5.37%;5.25%;4.38%;Melhor;Melhor;Melhor;Melhor;;Baixo
UDS8G99;SUP SE - EMP_PIRAI, Vehicle, Diesel, CAMBIO AUTOMATICO OU SEMI AUTOMATICO, MERCEDES BENZ, COMBUSTÃO, REG_SUPPLY SE, CAVALO MECÂNICO, TRS_CONLOG, UNI_EMP PIRAI, 90 km/h;jan 29, 2026;45;Moderado;5.21%;5.03%;3.48%;Médio;Melhor;Melhor;Melhor;;Baixo
TTQ5H14;ROTA RJ ES_CDD JACAREPAGUA, Vehicle, Diesel, CAMBIO MANUAL, MERCEDES BENZ, COMBUSTÃO, REG_MACRO REGIÃO RJ ES, CAMINHÃO TOCO / TRUCK, TRS_FADEL, UNI_CDD JACAREPAGUA, 80 km/h;jan 29, 2026;45;Moderado;7.96%;7.51%;5.53%;Melhor;Melhor;Médio;Melhor;;Alto
TXQ9J75;ROTA NE_CDD VIT DA CONQUISTA, Vehicle, Diesel, CAMBIO MANUAL, MERCEDES BENZ, COMBUSTÃO, REG_MACRO REGIÃO NE, CAMINHÃO TOCO / TRUCK, TRS_NEPOMUCENO, UNI_CDD VIT DA CONQUISTA, 80 km/h;jan 29, 2026;45;Moderado;5.43%;5.37%;3.83%;Melhor;Melhor;Médio;Médio;;Baixo
QSP4J19;ROTA SP_CDD BARUERI, Vehicle, Diesel, Manually Classified Powertrain, CAMBIO MANUAL, MERCEDES BENZ, COMBUSTÃO, REG_MACRO REGIÃO SP, CAMINHÃO TOCO / TRUCK, TRS_FADEL, UNI_CDD BARUERI, 80 km/h;jan 29, 2026;45;Moderado;7.65%;7.23%;5.28%;Melhor;Médio;Melhor;Médio;;Alto
TIY1J28;SUP SE - EMP_PIRAI, Vehicle, Diesel, CAMBIO AUTOMATICO OU SEMI AUTOMATICO, MERCEDES BENZ, COMBUSTÃO, REG_SUPPLY SE, CAVALO MECÂNICO, TRS_CONLOG, UNI_EMP PIRAI, 90 km/h;jan 29, 2026;45;Moderado;5.37%;5.24%;4.18%;Ótimo;Melhor;Melhor;Melhor;;Baixo
UDX8I28;SUP SUL - EMP_PONTA GROSSA, Vehicle, Diesel, CAMBIO AUTOMATICO OU SEMI AUTOMATICO, MERCEDES BENZ, COMBUSTÃO, REG_SUPPLY SUL, CAVALO MECÂNICO, TRS_LOG20, UNI_EMP PONTA GROSSA, 90 km/h;jan 29, 2026;45;Moderado;5.47%;5.30%;3.77%;Médio;Melhor;Médio;Melhor;;Baixo
TXI9B16;SUP COMG - EMP_HUB NOVA MINAS, Vehicle, Diesel, CAMBIO AUTOMATICO OU SEMI AUTOMATICO, MERCEDES BENZ, COMBUSTÃO, REG_SUPPLY COMG, CAVALO MECÂNICO, TRS_FADEL, UNI_EMP HUB NOVA MINAS, 90 km/h;jan 29, 2026;45;Moderado;5.37%;5.25%;4.33%;Melhor;Melhor;Melhor;Melhor;;Baixo
TXI9B37;SUP SE - EMP_NOVA RIO, Vehicle, Diesel, CAMBIO AUTOMATICO OU SEMI AUTOMATICO, MERCEDES BENZ, COMBUSTÃO, REG_SUPPLY SE, CAVALO MECÂNICO, TRS_FADEL, UNI_EMP NOVA RIO, 90 km/h;jan 29, 2026;45;Moderado;5.37%;5.12%;3.74%;Melhor;Melhor;Melhor;Melhor;;Baixo
UGF2C94;ROTA SP_CDD BARUERI, Vehicle, Diesel, CAMBIO MANUAL, MERCEDES BENZ, COMBUSTÃO, REG_MACRO REGIÃO SP, CAMINHÃO TOCO / TRUCK, TRS_FADEL, UNI_CDD BARUERI, 80 km/h;jan 29, 2026;45;Moderado;7.58%;7.27%;5.35%;Ótimo;Ótimo;Médio;Ótimo;;Alto
UEY4D30;ROTA SP_CDD PRESID. PRUDENTE, Vehicle, Diesel, CAMBIO MANUAL, MERCEDES BENZ, COMBUSTÃO, REG_MACRO REGIÃO SP, CAMINHÃO TOCO / TRUCK, TRS_IMEDIATO, UNI_CDD PRESID. PRUDENTE, 80 km/h;jan 29, 2026;46;Moderado;5.53%;5.37%;4.30%;Médio;Médio;Melhor;Melhor;;Baixo
TTP7F72;ROTA RJ ES_CDD JACAREPAGUA, Vehicle, Diesel, CAMBIO MANUAL, MERCEDES BENZ, COMBUSTÃO, REG_MACRO REGIÃO RJ ES, CAMINHÃO TOCO / TRUCK, TRS_FADEL, UNI_CDD JACAREPAGUA, 80 km/h;jan 29, 2026;46;Moderado;7.61%;7.31%;5.32%;Ótimo;Melhor;Médio;Médio;;Alto
UDN9D26;ROTA SUL_CDD CASCAVEL, Vehicle, Diesel, CAMBIO MANUAL, MERCEDES BENZ, COMBUSTÃO, REG_MACRO REGIÃO SUL, CAMINHÃO TOCO / TRUCK, TRS_LOG20, UNI_CDD CASCAVEL, 80 km/h;jan 29, 2026;46;Moderado;5.59%;5.37%;4.59%;Médio;Melhor;Médio;Médio;;Moderado
UEG6F16;SUP SE - EMP_JACAREI, Vehicle, Diesel, CAMBIO AUTOMATICO OU SEMI AUTOMATICO, MERCEDES BENZ, COMBUSTÃO, REG_SUPPLY SE, CAVALO MECÂNICO, TRS_IMEDIATO, UNI_EMP JACAREI, 90 km/h;jan 29, 2026;46;Moderado;5.37%;5.25%;4.49%;Melhor;Melhor;Melhor;Melhor;;Baixo
UDT5A06;ROTA CO_CDD RONDONOPOLIS, Vehicle, CAMBIO MANUAL, MERCEDES BENZ, COMBUSTÃO, REG_MACRO REGIÃO CO, CAMINHÃO TOCO / TRUCK, TRS_CONLOG, UNI_CDD RONDONOPOLIS, 80 km/h;jan 29, 2026;46;Moderado;6.33%;6.04%;4.34%;Melhor;Médio;Ótimo;Melhor;;Baixo
UDW5I70;ROTA CO_CDD RONDONOPOLIS, Volkswagen, Vehicle, Diesel, Manually Classified Powertrain, CAMBIO MANUAL, COMBUSTÃO, REG_MACRO REGIÃO CO, CAMINHÃO TOCO / TRUCK, TRS_CONLOG, UNI_CDD RONDONOPOLIS, 80 km/h;jan 29, 2026;46;Moderado;6.33%;5.79%;4.79%;Melhor;Melhor;Médio;Melhor;;Baixo
DLR9A61;ROTA CO_CDD RONDONOPOLIS, Volkswagen, Vehicle, Diesel, Manually Classified Powertrain, CAMBIO MANUAL, COMBUSTÃO, REG_MACRO REGIÃO CO, CAMINHÃO TOCO / TRUCK, TRS_CONLOG, UNI_CDD RONDONOPOLIS, 80 km/h;jan 29, 2026;46;Moderado;6.58%;6.34%;4.46%;Ótimo;Melhor;Médio;Médio;;Moderado
UDJ0G64;ROTA SP_CDD SUZANO, Vehicle, Diesel, CAMBIO MANUAL, MERCEDES BENZ, COMBUSTÃO, REG_MACRO REGIÃO SP, CAMINHÃO TOCO / TRUCK, TRS_NEPOMUCENO, UNI_CDD SUZANO, 80 km/h;jan 29, 2026;46;Moderado;5.83%;5.51%;4.16%;Médio;Baixo desempenho;Médio;Médio;;Baixo
UEF2J10;ROTA SP_CDD AGUDOS, Vehicle, Diesel, CAMBIO MANUAL, MERCEDES BENZ, COMBUSTÃO, REG_MACRO REGIÃO SP, CAMINHÃO TOCO / TRUCK, TRS_IMEDIATO, UNI_CDD AGUDOS, 80 km/h;jan 29, 2026;46;Moderado;5.37%;5.25%;4.13%;Melhor;Melhor;Melhor;Melhor;;Baixo
TXQ9J65;ROTA NE_CDD VIT DA CONQUISTA, Vehicle, Diesel, CAMBIO MANUAL, MERCEDES BENZ, COMBUSTÃO, REG_MACRO REGIÃO NE, CAMINHÃO TOCO / TRUCK, TRS_NEPOMUCENO, UNI_CDD VIT DA CONQUISTA, 80 km/h;jan 29, 2026;46;Moderado;5.69%;5.37%;4.45%;Ótimo;Melhor;Médio;Melhor;;Baixo
TXR1A38;SUP SE - EMP_NOVA RIO, Vehicle, Diesel, CAMBIO AUTOMATICO OU SEMI AUTOMATICO, MERCEDES BENZ, COMBUSTÃO, REG_SUPPLY SE, CAVALO MECÂNICO, TRS_FADEL, UNI_EMP NOVA RIO, 90 km/h;jan 29, 2026;46;Moderado;5.37%;5.21%;3.82%;Melhor;Melhor;Melhor;Melhor;;Baixo
UFT0B03;SUP SE - EMP_PIRAI, Vehicle, Diesel, CAMBIO AUTOMATICO OU SEMI AUTOMATICO, MERCEDES BENZ, COMBUSTÃO, REG_SUPPLY SE, CAVALO MECÂNICO, TRS_CONLOG, UNI_EMP PIRAI, 90 km/h;jan 29, 2026;46;Moderado;5.37%;5.17%;3.80%;Melhor;Melhor;Melhor;Melhor;;Baixo
UDI3J74;ROTA RJ ES_CDD PETROPOLIS, Vehicle, Diesel, CAMBIO MANUAL, MERCEDES BENZ, COMBUSTÃO, REG_MACRO REGIÃO RJ ES, CAMINHÃO TOCO / TRUCK, TRS_LOG20, UNI_CDD PETROPOLIS, 80 km/h;jan 29, 2026;47;Moderado;6.30%;6.07%;4.34%;Médio;Em risco;Baixo desempenho;Baixo desempenho;;Alto
UFJ3I07;SUP COMG - EMP_UBERLANDIA, Vehicle, Diesel, CAMBIO AUTOMATICO OU SEMI AUTOMATICO, MERCEDES BENZ, COMBUSTÃO, REG_SUPPLY COMG, CAVALO MECÂNICO, TRS_IMEDIATO, UNI_EMP UBERLANDIA, 90 km/h;jan 29, 2026;47;Moderado;5.37%;5.25%;3.86%;Melhor;Melhor;Melhor;Melhor;;Baixo
UEW1G35;SUP SE - EMP_PIRAI, Vehicle, Diesel, CAMBIO AUTOMATICO OU SEMI AUTOMATICO, MERCEDES BENZ, COMBUSTÃO, REG_SUPPLY SE, CAVALO MECÂNICO, TRS_CONLOG, UNI_EMP PIRAI, 90 km/h;jan 29, 2026;47;Moderado;5.91%;5.75%;4.13%;Ótimo;Melhor;Ótimo;Melhor;;Moderado
QSX4I96;ROTA SP_CDD EMBU, Vehicle, Manually Classified Powertrain, CAMBIO MANUAL, MERCEDES BENZ, COMBUSTÃO, REG_MACRO REGIÃO SP, CAMINHÃO TOCO / TRUCK, TRS_IMEDIATO, UNI_CDD EMBU, 80 km/h;jan 29, 2026;47;Moderado;7.36%;7.12%;5.11%;Ótimo;Ótimo;Médio;Ótimo;;Alto
UDT5B56;ROTA SP_CDD DIADEMA, Vehicle, Diesel, CAMBIO MANUAL, MERCEDES BENZ, COMBUSTÃO, REG_MACRO REGIÃO SP, CAMINHÃO TOCO / TRUCK, TRS_LOG20, UNI_CDD DIADEMA, 80 km/h;jan 29, 2026;47;Moderado;7.18%;6.95%;5.15%;Médio;Médio;Médio;Melhor;;Alto
SUF7B25;SUP SUL - EMP_AGUDOS, Vehicle, Diesel, Manually Classified Powertrain, CAMBIO AUTOMATICO OU SEMI AUTOMATICO, MERCEDES BENZ, COMBUSTÃO, REG_SUPPLY SUL, CAVALO MECÂNICO, TRS_IMEDIATO, UNI_EMP AGUDOS, 90 km/h;jan 29, 2026;47;Moderado;5.37%;5.25%;4.54%;Melhor;Melhor;Melhor;Melhor;;Baixo
UDB1D80;SUP SUL - EMP_PONTA GROSSA, Vehicle, Diesel, CAMBIO AUTOMATICO OU SEMI AUTOMATICO, MERCEDES BENZ, COMBUSTÃO, REG_SUPPLY SUL, CAVALO MECÂNICO, TRS_LOG20, UNI_EMP PONTA GROSSA, 90 km/h;jan 29, 2026;47;Moderado;5.61%;5.44%;4.68%;Médio;Melhor;Médio;Melhor;;Moderado
UGJ8C65;ROTA SP_CDD NORTE, Vehicle, Diesel, CAMBIO MANUAL, MERCEDES BENZ, COMBUSTÃO, REG_MACRO REGIÃO SP, CAMINHÃO TOCO / TRUCK, TRS_IMEDIATO, UNI_CDD NORTE, 80 km/h;jan 29, 2026;47;Moderado;6.90%;6.74%;4.98%;Ótimo;Ótimo;Baixo desempenho;Baixo desempenho;;Alto
UDE4B29;ROTA SUL_CDD LONDRINA, Vehicle, Diesel, CAMBIO MANUAL, MERCEDES BENZ, COMBUSTÃO, REG_MACRO REGIÃO SUL, CAMINHÃO TOCO / TRUCK, TRS_LOG20, UNI_CDD LONDRINA, 80 km/h;jan 29, 2026;47;Moderado;6.06%;5.88%;4.20%;Ótimo;Médio;Médio;Ótimo;;Moderado
TXO2F68;SUP COMG - EMP_HUB NOVA MINAS, Vehicle, Diesel, CAMBIO AUTOMATICO OU SEMI AUTOMATICO, MERCEDES BENZ, COMBUSTÃO, REG_SUPPLY COMG, CAVALO MECÂNICO, TRS_FADEL, UNI_EMP HUB NOVA MINAS, 90 km/h;jan 29, 2026;47;Moderado;5.37%;5.25%;3.86%;Melhor;Melhor;Melhor;Melhor;;Baixo
UDP2A84;ROTA SP_CDD SUZANO, Vehicle, Diesel, CAMBIO MANUAL, MERCEDES BENZ, COMBUSTÃO, REG_MACRO REGIÃO SP, CAMINHÃO TOCO / TRUCK, TRS_NEPOMUCENO, UNI_CDD SUZANO, 80 km/h;jan 29, 2026;48;Moderado;5.21%;5.04%;3.53%;Médio;Melhor;Melhor;Melhor;;Baixo
UEA0H65;SUP SE - EMP_GUARULHOS, Vehicle, Diesel, CAMBIO AUTOMATICO OU SEMI AUTOMATICO, MERCEDES BENZ, COMBUSTÃO, REG_SUPPLY SE, CAVALO MECÂNICO, TRS_IMEDIATO, UNI_EMP GUARULHOS, 90 km/h;jan 29, 2026;48;Moderado;5.36%;5.25%;3.76%;Ótimo;Melhor;Melhor;Melhor;;Moderado
UGL8F45;SUP COMG - EMP_UBERLANDIA, Vehicle, Diesel, CAMBIO AUTOMATICO OU SEMI AUTOMATICO, MERCEDES BENZ, COMBUSTÃO, REG_SUPPLY COMG, CAVALO MECÂNICO, TRS_IMEDIATO, UNI_EMP UBERLANDIA, 90 km/h;jan 29, 2026;48;Moderado;5.66%;5.47%;4.68%;Médio;Melhor;Médio;Melhor;;Baixo
UDR8B91;SUP SE - EMP_PIRAI, Vehicle, Diesel, CAMBIO AUTOMATICO OU SEMI AUTOMATICO, MERCEDES BENZ, COMBUSTÃO, REG_SUPPLY SE, CAVALO MECÂNICO, TRS_CONLOG, UNI_EMP PIRAI, 90 km/h;jan 29, 2026;48;Moderado;5.36%;5.21%;3.76%;Ótimo;Melhor;Melhor;Melhor;;Moderado
UGI9B13 ;SUP SE - EMP_GUARULHOS, Vehicle, Diesel, CAMBIO AUTOMATICO OU SEMI AUTOMATICO, MERCEDES BENZ, COMBUSTÃO, REG_SUPPLY SE, CAVALO MECÂNICO, TRS_IMEDIATO, UNI_EMP GUARULHOS, 90 km/h;jan 29, 2026;48;Moderado;5.36%;5.25%;3.77%;Ótimo;Melhor;Melhor;Melhor;;Moderado
UGR3G18;ROTA SUL_CDD BALNEARIO, Vehicle, CAMBIO MANUAL, VOLKSWAGEN, COMBUSTÃO, REG_MACRO REGIÃO SUL, CAMINHÃO TOCO / TRUCK, TRS_CONLOG, UNI_CDD BALNEARIO, 80 km/h;jan 29, 2026;48;Moderado;6.51%;6.45%;4.64%;Ótimo;Baixo desempenho;Médio;Ótimo;;Alto
QSP6J36;SUP SE - EMP_PIRAI, Vehicle, Diesel, CAMBIO AUTOMATICO OU SEMI AUTOMATICO, MERCEDES BENZ, COMBUSTÃO, REG_SUPPLY SE, CAVALO MECÂNICO, TRS_CONLOG, UNI_EMP PIRAI, 90 km/h;jan 29, 2026;48;Moderado;5.09%;5.03%;3.61%;Ótimo;Melhor;Melhor;Melhor;;Moderado
UEV6D08;ROTA SUL_CDD PELOTAS, Vehicle, CAMBIO MANUAL, VOLKSWAGEN, COMBUSTÃO, REG_MACRO REGIÃO SUL, CAMINHÃO TOCO / TRUCK, TRS_CONLOG, UNI_CDD PELOTAS, 80 km/h;jan 29, 2026;48;Moderado;5.30%;5.25%;4.38%;Médio;Melhor;Médio;Médio;;Baixo
UDJ7E25;ROTA SP_CDD CAMPINAS, Vehicle, Diesel, CAMBIO MANUAL, MERCEDES BENZ, COMBUSTÃO, REG_MACRO REGIÃO SP, CAMINHÃO TOCO / TRUCK, TRS_IMEDIATO, UNI_CDD CAMPINAS, 80 km/h;jan 29, 2026;48;Moderado;6.05%;5.97%;4.25%;Médio;Melhor;Médio;Médio;;Moderado
UFF9C08;SUP COMG - EMP_JUATUBA, Vehicle, Diesel, CAMBIO AUTOMATICO OU SEMI AUTOMATICO, MERCEDES BENZ, COMBUSTÃO, REG_SUPPLY COMG, CAVALO MECÂNICO, TRS_NEPOMUCENO, UNI_EMP JUATUBA, 90 km/h;jan 29, 2026;48;Moderado;5.21%;5.09%;3.42%;Médio;Melhor;Melhor;Melhor;;Baixo
UAV9J52;ROTA NE_CDD FEIRA DE SANTANA, Vehicle, Diesel, CAMBIO MANUAL, RENAULT, COMBUSTÃO, REG_MACRO REGIÃO NE, VANS, TRS_NEPOMUCENO, UNI_CDD FEIRA DE SANTANA, 80 km/h;jan 29, 2026;48;Moderado;8.47%;8.21%;4.79%;Ótimo;Médio;Médio;Melhor;;Moderado
UEJ6H78;SUP SE - EMP_PIRAI, Vehicle, Diesel, CAMBIO AUTOMATICO OU SEMI AUTOMATICO, MERCEDES BENZ, COMBUSTÃO, REG_SUPPLY SE, CAVALO MECÂNICO, TRS_CONLOG, UNI_EMP PIRAI, 90 km/h;jan 29, 2026;48;Moderado;5.17%;5.03%;3.51%;Médio;Melhor;Melhor;Melhor;;Moderado
TXO9D74;ROTA NE_CDD ILHEUS, Vehicle, Diesel, CAMBIO MANUAL, MERCEDES BENZ, COMBUSTÃO, REG_MACRO REGIÃO NE, CAMINHÃO TOCO / TRUCK, TRS_NEPOMUCENO, UNI_CDD ILHEUS, 80 km/h;jan 29, 2026;49;Moderado;5.48%;5.42%;4.68%;Médio;Melhor;Médio;Médio;;Baixo
QSO5E95;SUP COMG - EMP_JUATUBA, Vehicle, Diesel, CAMBIO AUTOMATICO OU SEMI AUTOMATICO, MERCEDES BENZ, COMBUSTÃO, REG_SUPPLY COMG, CAVALO MECÂNICO, TRS_NEPOMUCENO, UNI_EMP JUATUBA, 90 km/h;jan 29, 2026;49;Moderado;5.10%;5.08%;3.42%;Baixo desempenho;Melhor;Ótimo;Ótimo;;Baixo
UEM0C05;ROTA CO_CDD RONDONOPOLIS, Vehicle, Diesel, CAMBIO MANUAL, MERCEDES BENZ, COMBUSTÃO, REG_MACRO REGIÃO CO, CAMINHÃO TOCO / TRUCK, TRS_CONLOG, UNI_CDD RONDONOPOLIS, 80 km/h;jan 29, 2026;49;Moderado;6.67%;6.65%;4.95%;Ótimo;Melhor;Médio;Ótimo;;Alto
UDX1G15;ROTA CO_CDD RONDONOPOLIS, Volkswagen, Vehicle, CAMBIO MANUAL, COMBUSTÃO, REG_MACRO REGIÃO CO, CAMINHÃO TOCO / TRUCK, TRS_CONLOG, UNI_CDD RONDONOPOLIS, 80 km/h;jan 29, 2026;49;Moderado;6.23%;6.17%;4.39%;Ótimo;Melhor;Médio;Ótimo;;Moderado
QSQ8F61;ROTA RJ ES_CDD SAO CRISTOVAO, Vehicle, Manually Classified Powertrain, CAMBIO MANUAL, MERCEDES BENZ, COMBUSTÃO, REG_MACRO REGIÃO RJ ES, CAMINHÃO TOCO / TRUCK, TRS_LOG20, UNI_CDD SÃO CRISTOVAO, 80 km/h;jan 29, 2026;49;Moderado;7.75%;7.66%;5.56%;Melhor;Médio;Médio;Médio;;Alto
UDD3D95;SUP SUL - EMP_AGUDOS, Vehicle, Diesel, CAMBIO AUTOMATICO OU SEMI AUTOMATICO, MERCEDES BENZ, COMBUSTÃO, REG_SUPPLY SUL, CAVALO MECÂNICO, TRS_IMEDIATO, UNI_EMP AGUDOS, 90 km/h;jan 29, 2026;49;Moderado;5.37%;5.33%;4.51%;Melhor;Melhor;Melhor;Melhor;;Baixo
QSY8E10;ROTA SP_CDD DIADEMA, Vehicle, Diesel, CAMBIO MANUAL, MERCEDES BENZ, COMBUSTÃO, REG_MACRO REGIÃO SP, CAMINHÃO TOCO / TRUCK, TRS_LOG20, UNI_CDD DIADEMA, 80 km/h;jan 29, 2026;49;Moderado;7.28%;7.25%;5.24%;Ótimo;Médio;Médio;Médio;;Alto
TXI9B23;SUP COMG - EMP_HUB NOVA MINAS, Vehicle, Diesel, CAMBIO AUTOMATICO OU SEMI AUTOMATICO, MERCEDES BENZ, COMBUSTÃO, REG_SUPPLY COMG, CAVALO MECÂNICO, TRS_FADEL, UNI_EMP HUB NOVA MINAS, 90 km/h;jan 29, 2026;49;Moderado;5.37%;5.33%;4.68%;Ótimo;Melhor;Melhor;Melhor;;Baixo
UEC9D19;ROTA SP_CDD SUZANO, Vehicle, Diesel, CAMBIO MANUAL, MERCEDES BENZ, COMBUSTÃO, REG_MACRO REGIÃO SP, CAMINHÃO TOCO / TRUCK, TRS_NEPOMUCENO, UNI_CDD SUZANO, 80 km/h;jan 29, 2026;49;Moderado;8.57%;8.48%;5.03%;Médio;Melhor;Ótimo;Melhor;;Baixo
UGN9B08;ROTA CO_CDD RONDONOPOLIS, Volkswagen, Vehicle, CAMBIO MANUAL, COMBUSTÃO, REG_MACRO REGIÃO CO, CAMINHÃO TOCO / TRUCK, TRS_CONLOG, UNI_CDD RONDONOPOLIS, 80 km/h;jan 29, 2026;49;Moderado;6.12%;6.07%;4.25%;Ótimo;Baixo desempenho;Baixo desempenho;Em risco;;Moderado
UFP8F26;ROTA SUL_CDD BALNEARIO, Vehicle, CAMBIO MANUAL, VOLKSWAGEN, COMBUSTÃO, REG_MACRO REGIÃO SUL, CAMINHÃO TOCO / TRUCK, TRS_CONLOG, UNI_CDD BALNEARIO, 80 km/h;jan 29, 2026;50;Moderado;6.08%;6.09%;4.35%;Médio;Melhor;Médio;Ótimo;;Moderado
QSQ3G91;ROTA SP_CDD PRESID. PRUDENTE, Vehicle, Diesel, CAMBIO MANUAL, MERCEDES BENZ, COMBUSTÃO, REG_MACRO REGIÃO SP, CAMINHÃO TOCO / TRUCK, TRS_IMEDIATO, UNI_CDD PRESID. PRUDENTE, 80 km/h;jan 29, 2026;50;Moderado;5.43%;5.42%;3.94%;Médio;Melhor;Médio;Médio;;Baixo
TTO7H65;ROTA RJ ES_CDD PAVUNA, Vehicle, Diesel, CAMBIO MANUAL, MERCEDES BENZ, COMBUSTÃO, REG_MACRO REGIÃO RJ ES, CAMINHÃO TOCO / TRUCK, TRS_FADEL, UNI_CDD PAVUNA, 80 km/h;jan 29, 2026;50;Moderado;6.74%;6.73%;4.85%;Médio;Melhor;Médio;Médio;;Alto
UEM8G04;SUP SE - EMP_JAGUARIUNA, Vehicle, Diesel, CAMBIO AUTOMATICO OU SEMI AUTOMATICO, MERCEDES BENZ, COMBUSTÃO, REG_SUPPLY SE, CAVALO MECÂNICO, TRS_IMEDIATO, UNI_EMP JAGUARIUNA, 90 km/h;jan 29, 2026;50;Moderado;5.24%;5.23%;3.90%;Médio;Melhor;Melhor;Melhor;;Baixo
QSZ7E17;ROTA SUL_CDD CURITIBA, Vehicle, Manually Classified Powertrain, CAMBIO MANUAL, MERCEDES BENZ, COMBUSTÃO, REG_MACRO REGIÃO SUL, CAMINHÃO TOCO / TRUCK, TRS_IMEDIATO, UNI_CDD CURITIBA, 80 km/h;jan 29, 2026;50;Moderado;5.20%;5.18%;3.73%;Médio;Melhor;Baixo desempenho;Baixo desempenho;;Moderado
UED3C79;AMBEV, Vehicle, Diesel, CAMBIO MANUAL, MERCEDES BENZ, COMBUSTÃO, REG_MACRO REGIÃO SP, CAMINHÃO TOCO / TRUCK, TRS_IMEDIATO, UNI_CDD RIBEIRÃO PRETO, 80 km/h;jan 29, 2026;50;Moderado;6.43%;6.43%;4.61%;Médio;Médio;Médio;Médio;;Alto
UHJ6D59;ROTA NE_CDL CABO, Combustão, Vehicle, Diesel, CAMBIO MANUAL, MERCEDES BENZ, REG_MACRO REGIÃO NE, CAMINHÃO TOCO / TRUCK, TRS_HORIZONTE, UNI_CDL CABO, 80 km/h;jan 29, 2026;50;Moderado;5.59%;5.60%;4.25%;Médio;Melhor;Médio;Médio;;Baixo
TXR1A07;SUP SE - EMP_NOVA RIO, Vehicle, Diesel, CAMBIO AUTOMATICO OU SEMI AUTOMATICO, MERCEDES BENZ, COMBUSTÃO, REG_SUPPLY SE, CAVALO MECÂNICO, TRS_FADEL, UNI_EMP NOVA RIO, 90 km/h;jan 29, 2026;50;Moderado;5.24%;5.22%;3.88%;Médio;Melhor;Melhor;Médio;;Moderado
UFF4G10;ROTA SP_CDD TAUBATE, Vehicle, Diesel, CAMBIO MANUAL, MERCEDES BENZ, COMBUSTÃO, REG_MACRO REGIÃO SP, CAMINHÃO TOCO / TRUCK, TRS_FADEL, UNI_CDD TAUBATÉ, 80 km/h;jan 29, 2026;50;Moderado;6.04%;6.04%;4.32%;Médio;Melhor;Melhor;Médio;;Moderado
TTR8H50;ROTA RJ ES_CDD NITEROI, Vehicle, Diesel, CAMBIO MANUAL, MERCEDES BENZ, COMBUSTÃO, REG_MACRO REGIÃO RJ ES, CAMINHÃO TOCO / TRUCK, TRS_FADEL, UNI_CDD NITEROI, 80 km/h;jan 29, 2026;50;Moderado;6.31%;6.32%;4.58%;Médio;Melhor;Médio;Ótimo;;Moderado
UDH8F35;SUP COMG - EMP_UBERLANDIA, Vehicle, Diesel, CAMBIO AUTOMATICO OU SEMI AUTOMATICO, MERCEDES BENZ, COMBUSTÃO, REG_SUPPLY COMG, CAVALO MECÂNICO, TRS_IMEDIATO, UNI_EMP UBERLANDIA, 90 km/h;jan 29, 2026;50;Moderado;5.37%;5.37%;4.68%;Ótimo;Melhor;Melhor;Melhor;;Baixo
UFB7A22;ROTA SP_CDD BARUERI, Vehicle, Diesel, CAMBIO MANUAL, MERCEDES BENZ, COMBUSTÃO, REG_MACRO REGIÃO SP, CAMINHÃO TOCO / TRUCK, TRS_FADEL, UNI_CDD BARUERI, 80 km/h;jan 29, 2026;50;Moderado;6.83%;6.83%;4.91%;Ótimo;Melhor;Médio;Médio;;Alto
TPW9G38;SUP SUL - EMP_LAGES, Vehicle, Diesel, CAMBIO AUTOMATICO OU SEMI AUTOMATICO, MERCEDES BENZ, COMBUSTÃO, REG_SUPPLY SUL, CAVALO MECÂNICO, TRS_RODALOG, UNI_EMP LAGES, 90 km/h;jan 29, 2026;51;Moderado;5.37%;5.37%;4.68%;Baixo desempenho;Melhor;Melhor;Melhor;;Baixo
UEB2I95;SUP COMG - EMP_UBERLANDIA, Vehicle, Diesel, CAMBIO AUTOMATICO OU SEMI AUTOMATICO, MERCEDES BENZ, COMBUSTÃO, REG_SUPPLY COMG, CAVALO MECÂNICO, TRS_IMEDIATO, UNI_EMP UBERLANDIA, 90 km/h;jan 29, 2026;51;Moderado;5.25%;5.25%;4.24%;Melhor;Melhor;Melhor;Melhor;;Baixo
TUK2E69;ROTA MG_CDD UBERLANDIA, Vehicle, Manually Classified Powertrain, CAMBIO MANUAL, MERCEDES BENZ, COMBUSTÃO, REG_MACRO REGIÃO MG, CAMINHÃO TOCO / TRUCK, TRS_FADEL, UNI_CDD UBERLANDIA, 80 km/h;jan 29, 2026;51;Moderado;6.44%;6.48%;4.62%;Melhor;Médio;Médio;Ótimo;;Moderado
UDI2I16;SUP SE - EMP_PIRAI, Vehicle, Diesel, CAMBIO AUTOMATICO OU SEMI AUTOMATICO, MERCEDES BENZ, COMBUSTÃO, REG_SUPPLY SE, CAVALO MECÂNICO, TRS_CONLOG, UNI_EMP PIRAI, 90 km/h;jan 29, 2026;51;Moderado;5.17%;5.21%;4.04%;Médio;Baixo desempenho;Melhor;Melhor;;Moderado
THH5A07;SUP NE - EMP_NOVA NE, Vehicle, Diesel, CAMBIO AUTOMATICO OU SEMI AUTOMATICO, VOLVO, COMBUSTÃO, REG_SUPPLY NE, CAVALO MECÂNICO, TRS_HORIZONTE, UNI_EMP NOVA NE, 90 km/h;jan 29, 2026;51;Moderado;5.69%;5.71%;4.63%;Melhor;Melhor;Médio;Melhor;;Baixo
UGE6B39;ROTA SP_CDD SAO JOSE CAMPOS, Vehicle, Diesel, CAMBIO MANUAL, MERCEDES BENZ, COMBUSTÃO, REG_MACRO REGIÃO SP, CAMINHÃO TOCO / TRUCK, TRS_FADEL, UNI_CDD SÃO JOSÉ DOS CAMPOS, 80 km/h;jan 29, 2026;51;Moderado;6.61%;6.69%;4.84%;Médio;Médio;Médio;Médio;;Alto
TTQ9A77;ROTA RJ ES_CDD NITEROI, Vehicle, Diesel, CAMBIO MANUAL, MERCEDES BENZ, COMBUSTÃO, REG_MACRO REGIÃO RJ ES, CAMINHÃO TOCO / TRUCK, TRS_FADEL, UNI_CDD NITEROI, 80 km/h;jan 29, 2026;51;Moderado;6.42%;6.50%;4.63%;Médio;Baixo desempenho;Médio;Ótimo;;Alto
UDQ0C77;SUP SUL - EMP_PONTA GROSSA, Vehicle, Diesel, CAMBIO AUTOMATICO OU SEMI AUTOMATICO, MERCEDES BENZ, COMBUSTÃO, REG_SUPPLY SUL, CAVALO MECÂNICO, TRS_LOG20, UNI_EMP PONTA GROSSA, 90 km/h;jan 29, 2026;51;Moderado;5.30%;5.31%;4.04%;Médio;Melhor;Melhor;Melhor;;Baixo
UEU6G34;SUP SE - EMP_GUARULHOS, Vehicle, Diesel, CAMBIO AUTOMATICO OU SEMI AUTOMATICO, MERCEDES BENZ, COMBUSTÃO, REG_SUPPLY SE, CAVALO MECÂNICO, TRS_IMEDIATO, UNI_EMP GUARULHOS, 90 km/h;jan 29, 2026;51;Moderado;5.04%;5.09%;3.55%;Médio;Melhor;Melhor;Melhor;;Moderado
UEU1A97;SUP SE - EMP_GUARULHOS, Vehicle, Diesel, CAMBIO AUTOMATICO OU SEMI AUTOMATICO, MERCEDES BENZ, COMBUSTÃO, REG_SUPPLY SE, CAVALO MECÂNICO, TRS_IMEDIATO, UNI_EMP GUARULHOS, 90 km/h;jan 29, 2026;51;Moderado;5.17%;5.23%;3.74%;Ótimo;Melhor;Melhor;Melhor;;Baixo
TPZ3E18;SUP SUL - EMP_LAGES, Vehicle, Diesel, CAMBIO AUTOMATICO OU SEMI AUTOMATICO, MERCEDES BENZ, COMBUSTÃO, REG_SUPPLY SUL, CAVALO MECÂNICO, TRS_RODALOG, UNI_EMP LAGES, 90 km/h;jan 29, 2026;52;Moderado;5.30%;5.33%;4.73%;Médio;Melhor;Melhor;Melhor;;Baixo
UDX1A13;ROTA SP_CDD DIADEMA, Vehicle, Diesel, CAMBIO MANUAL, MERCEDES BENZ, COMBUSTÃO, REG_MACRO REGIÃO SP, CAMINHÃO TOCO / TRUCK, TRS_LOG20, UNI_CDD DIADEMA, 80 km/h;jan 29, 2026;52;Moderado;6.85%;6.91%;5.10%;Ótimo;Melhor;Ótimo;Melhor;;Alto
TPZ3G48;SUP SUL - EMP_LAGES, Vehicle, Diesel, CAMBIO AUTOMATICO OU SEMI AUTOMATICO, MERCEDES BENZ, COMBUSTÃO, REG_SUPPLY SUL, CAVALO MECÂNICO, TRS_RODALOG, UNI_EMP LAGES, 90 km/h;jan 29, 2026;52;Moderado;5.24%;5.25%;4.62%;Médio;Melhor;Melhor;Melhor;;Baixo
UDC4F56;SUP SE - EMP_JAGUARIUNA, Vehicle, Diesel, CAMBIO AUTOMATICO OU SEMI AUTOMATICO, MERCEDES BENZ, COMBUSTÃO, REG_SUPPLY SE, CAVALO MECÂNICO, TRS_IMEDIATO, UNI_EMP JAGUARIUNA, 90 km/h;jan 29, 2026;52;Moderado;5.21%;5.25%;4.54%;Médio;Melhor;Melhor;Melhor;;Baixo
TOM9H25;ROTA RJ ES_CDD VITORIA, Vehicle, Diesel, CAMBIO MANUAL, MERCEDES BENZ, COMBUSTÃO, REG_MACRO REGIÃO RJ ES, CAMINHÃO TOCO / TRUCK, TRS_FADEL, UNI_CDD VITORIA, 80 km/h;jan 29, 2026;52;Moderado;5.99%;6.07%;4.38%;Médio;Baixo desempenho;Médio;Ótimo;;Moderado
UEC4A76;SUP SE - EMP_PIRAI, Vehicle, Diesel, CAMBIO AUTOMATICO OU SEMI AUTOMATICO, MERCEDES BENZ, COMBUSTÃO, REG_SUPPLY SE, CAVALO MECÂNICO, TRS_CONLOG, UNI_EMP PIRAI, 90 km/h;jan 29, 2026;52;Moderado;4.92%;4.99%;3.49%;Ótimo;Melhor;Melhor;Melhor;;Moderado
TTP6B50;AMBEV, Vehicle, Diesel;jan 29, 2026;52;Moderado;7.81%;8.00%;5.77%;Melhor;Melhor;Ótimo;Ótimo;;Alto
UGQ6C12;ROTA SP_CDD PRESID. PRUDENTE, Vehicle, Manually Classified Powertrain, CAMBIO MANUAL, MERCEDES BENZ, COMBUSTÃO, REG_MACRO REGIÃO SP, CAMINHÃO TOCO / TRUCK, TRS_IMEDIATO, UNI_CDD PRESID. PRUDENTE, 80 km/h;jan 29, 2026;52;Moderado;8.40%;8.62%;5.13%;Médio;Médio;Médio;Melhor;;Baixo
UGH7D47;ROTA SP_CDD EMBU, Vehicle, Diesel, CAMBIO MANUAL, MERCEDES BENZ, COMBUSTÃO, REG_MACRO REGIÃO SP, CAMINHÃO TOCO / TRUCK, TRS_IMEDIATO, UNI_CDD EMBU, 80 km/h;jan 29, 2026;52;Moderado;6.48%;6.57%;4.80%;Médio;Médio;Médio;Médio;;Alto
UGT8B96;ROTA SP_CDD SUZANO, Vehicle, Diesel, CAMBIO MANUAL, MERCEDES BENZ, COMBUSTÃO, REG_MACRO REGIÃO SP, CAMINHÃO TOCO / TRUCK, TRS_NEPOMUCENO, UNI_CDD SUZANO, 80 km/h;jan 29, 2026;52;Moderado;5.44%;5.57%;4.29%;Médio;Melhor;Médio;Médio;;Baixo
UFU9H73;SUP SE - EMP_JAGUARIUNA, Vehicle, Diesel, CAMBIO AUTOMATICO OU SEMI AUTOMATICO, MERCEDES BENZ, COMBUSTÃO, REG_SUPPLY SE, CAVALO MECÂNICO, TRS_IMEDIATO, UNI_EMP JAGUARIUNA, 90 km/h;jan 29, 2026;52;Moderado;5.21%;5.25%;4.64%;Médio;Melhor;Melhor;Melhor;;Baixo
UDC3F47;ROTA RJ ES_CDD SAO CRISTOVAO, Vehicle, Diesel, CAMBIO MANUAL, MERCEDES BENZ, COMBUSTÃO, REG_MACRO REGIÃO RJ ES, CAMINHÃO TOCO / TRUCK, TRS_LOG20, UNI_CDD SÃO CRISTOVAO, 80 km/h;jan 29, 2026;52;Moderado;5.06%;5.14%;3.78%;Médio;Baixo desempenho;Baixo desempenho;Médio;;Moderado
TUU2G95;ROTA MG_CDD UBERABA, Vehicle, Diesel, CAMBIO MANUAL, MERCEDES BENZ, COMBUSTÃO, REG_MACRO REGIÃO MG, CAMINHÃO TOCO / TRUCK, TRS_FADEL, UNI_CDD UBERABA, 80 km/h;jan 29, 2026;53;Moderado;5.23%;5.36%;3.88%;Ótimo;Melhor;Médio;Médio;;Moderado
QSQ7B09;SUP COMG - EMP_CUIABA, Vehicle, Diesel, CAMBIO AUTOMATICO OU SEMI AUTOMATICO, MERCEDES BENZ, COMBUSTÃO, REG_SUPPLY COMG, CAVALO MECÂNICO, TRS_CONLOG, UNI_EMP CUIABA, 90 km/h;jan 29, 2026;53;Moderado;5.55%;5.71%;4.79%;Baixo desempenho;Melhor;Melhor;Melhor;;Baixo
UGB8F49;ROTA SUL_CDD CURITIBA, Vehicle, Diesel, CAMBIO MANUAL, MERCEDES BENZ, COMBUSTÃO, REG_MACRO REGIÃO SUL, CAMINHÃO TOCO / TRUCK, TRS_IMEDIATO, UNI_CDD CURITIBA, 80 km/h;jan 29, 2026;53;Moderado;6.46%;6.65%;4.71%;Médio;Médio;Médio;Médio;;Alto
UER7E26;ROTA SP_CDD BARUERI, Vehicle, Diesel, CAMBIO MANUAL, MERCEDES BENZ, COMBUSTÃO, REG_MACRO REGIÃO SP, CAMINHÃO TOCO / TRUCK, TRS_FADEL, UNI_CDD BARUERI, 80 km/h;jan 29, 2026;53;Moderado;7.07%;7.26%;5.31%;Médio;Ótimo;Médio;Médio;;Alto
TOM2F32;ROTA RJ ES_CDD VITORIA, Vehicle, Diesel, CAMBIO MANUAL, MERCEDES BENZ, COMBUSTÃO, REG_MACRO REGIÃO RJ ES, CAMINHÃO TOCO / TRUCK, TRS_FADEL, UNI_CDD VITORIA, 80 km/h;jan 29, 2026;53;Moderado;7.16%;7.46%;4.87%;Médio;Melhor;Médio;Médio;;Moderado
UDG4F26;SUP SUL - EMP_PONTA GROSSA, Vehicle, Diesel, CAMBIO AUTOMATICO OU SEMI AUTOMATICO, MERCEDES BENZ, COMBUSTÃO, REG_SUPPLY SUL, CAVALO MECÂNICO, TRS_LOG20, UNI_EMP PONTA GROSSA, 90 km/h;jan 29, 2026;53;Moderado;5.30%;5.37%;4.54%;Médio;Melhor;Melhor;Melhor;;Baixo
UGR6H47;ROTA SUL_CDD CURITIBA, Vehicle, Diesel, CAMBIO MANUAL, MERCEDES BENZ, COMBUSTÃO, REG_MACRO REGIÃO SUL, CAMINHÃO TOCO / TRUCK, TRS_IMEDIATO, UNI_CDD CURITIBA, 80 km/h;jan 29, 2026;53;Moderado;6.04%;6.22%;4.47%;Baixo desempenho;Melhor;Médio;Ótimo;;Alto
QSW2E36;SUP SE - EMP_GUARULHOS, Vehicle, Diesel, CAMBIO AUTOMATICO OU SEMI AUTOMATICO, MERCEDES BENZ, COMBUSTÃO, REG_SUPPLY SE, CAVALO MECÂNICO, TRS_IMEDIATO, UNI_EMP GUARULHOS, 90 km/h;jan 29, 2026;53;Moderado;5.61%;5.77%;4.19%;Médio;Melhor;Melhor;Melhor;;Moderado
TPW9H78;SUP SUL - EMP_LAGES, Vehicle, Diesel, CAMBIO AUTOMATICO OU SEMI AUTOMATICO, MERCEDES BENZ, COMBUSTÃO, REG_SUPPLY SUL, CAVALO MECÂNICO, TRS_RODALOG, UNI_EMP LAGES, 90 km/h;jan 29, 2026;54;Moderado;5.21%;5.25%;4.63%;Médio;Melhor;Melhor;Melhor;;Baixo
UDD0F78;SUP SUL - EMP_PONTA GROSSA, Vehicle, Diesel, CAMBIO AUTOMATICO OU SEMI AUTOMATICO, MERCEDES BENZ, COMBUSTÃO, REG_SUPPLY SUL, CAVALO MECÂNICO, TRS_LOG20, UNI_EMP PONTA GROSSA, 90 km/h;jan 29, 2026;54;Moderado;5.25%;5.33%;4.59%;Melhor;Melhor;Melhor;Melhor;;Baixo
UFT9J96;SUP COMG - EMP_UBERLANDIA, Vehicle, Diesel, CAMBIO AUTOMATICO OU SEMI AUTOMATICO, MERCEDES BENZ, COMBUSTÃO, REG_SUPPLY COMG, CAVALO MECÂNICO, TRS_IMEDIATO, UNI_EMP UBERLANDIA, 90 km/h;jan 29, 2026;54;Moderado;5.25%;5.25%;4.63%;Ótimo;Melhor;Melhor;Melhor;;Baixo
TXO2F67;SUP COMG - EMP_HUB NOVA MINAS, Vehicle, Diesel, CAMBIO AUTOMATICO OU SEMI AUTOMATICO, MERCEDES BENZ, COMBUSTÃO, REG_SUPPLY COMG, CAVALO MECÂNICO, TRS_FADEL, UNI_EMP HUB NOVA MINAS, 90 km/h;jan 29, 2026;54;Moderado;5.09%;5.27%;3.89%;Ótimo;Melhor;Melhor;Melhor;;Moderado
UDO8I31;SUP SE - EMP_PIRAI, Vehicle, Diesel, CAMBIO AUTOMATICO OU SEMI AUTOMATICO, MERCEDES BENZ, COMBUSTÃO, REG_SUPPLY SE, CAVALO MECÂNICO, TRS_CONLOG, UNI_EMP PIRAI, 90 km/h;jan 29, 2026;54;Moderado;5.03%;5.07%;3.53%;Médio;Melhor;Melhor;Melhor;;Baixo
UEN4B25;SUP SUL - EMP_AGUDOS, Vehicle, Diesel, CAMBIO AUTOMATICO OU SEMI AUTOMATICO, MERCEDES BENZ, COMBUSTÃO, REG_SUPPLY SUL, CAVALO MECÂNICO, TRS_IMEDIATO, UNI_EMP AGUDOS, 90 km/h;jan 29, 2026;54;Moderado;5.25%;5.31%;4.63%;Melhor;Melhor;Melhor;Melhor;;Baixo
UAV9J58;ROTA NE_CDD FEIRA DE SANTANA, Vehicle, Diesel, CAMBIO MANUAL, RENAULT, COMBUSTÃO, REG_MACRO REGIÃO NE, VANS, TRS_NEPOMUCENO, UNI_CDD FEIRA DE SANTANA, 80 km/h;jan 29, 2026;54;Moderado;7.47%;7.89%;4.79%;Ótimo;Melhor;Médio;Médio;;Baixo
UFG9G94;SUP SUL - EMP_AGUDOS, Vehicle, Diesel, CAMBIO AUTOMATICO OU SEMI AUTOMATICO, MERCEDES BENZ, COMBUSTÃO, REG_SUPPLY SUL, CAVALO MECÂNICO, TRS_IMEDIATO, UNI_EMP AGUDOS, 90 km/h;jan 29, 2026;54;Moderado;5.25%;5.29%;4.53%;Melhor;Melhor;Melhor;Melhor;;Baixo
TTO7H67;ROTA RJ ES_CDD JACAREPAGUA, Vehicle, Diesel, CAMBIO MANUAL, MERCEDES BENZ, COMBUSTÃO, REG_MACRO REGIÃO RJ ES, CAMINHÃO TOCO / TRUCK, TRS_FADEL, UNI_CDD JACAREPAGUA, 80 km/h;jan 29, 2026;54;Moderado;7.05%;7.36%;5.19%;Melhor;Melhor;Ótimo;Melhor;;Alto
TTO2J50;ROTA RJ ES_CDD JACAREPAGUA, Vehicle, Diesel, CAMBIO MANUAL, MERCEDES BENZ, COMBUSTÃO, REG_MACRO REGIÃO RJ ES, CAMINHÃO TOCO / TRUCK, TRS_FADEL, UNI_CDD JACAREPAGUA, 80 km/h;jan 29, 2026;54;Moderado;7.68%;7.92%;5.68%;Melhor;Médio;Médio;Médio;;Alto
TTV1J86;ROTA RJ ES_CDD JACAREPAGUA, Vehicle, Diesel, CAMBIO MANUAL, MERCEDES BENZ, COMBUSTÃO, REG_MACRO REGIÃO RJ ES, CAMINHÃO TOCO / TRUCK, TRS_FADEL, UNI_CDD JACAREPAGUA, 80 km/h;jan 29, 2026;54;Moderado;7.33%;7.73%;5.53%;Melhor;Ótimo;Melhor;Médio;;Alto
UDJ9D68;ROTA RJ ES_CDD PETROPOLIS, Vehicle, Diesel, CAMBIO MANUAL, MERCEDES BENZ, COMBUSTÃO, REG_MACRO REGIÃO RJ ES, CAMINHÃO TOCO / TRUCK, TRS_LOG20, UNI_CDD PETROPOLIS, 80 km/h;jan 29, 2026;55;Moderado;4.97%;5.09%;3.54%;Médio;Em risco;Baixo desempenho;Baixo desempenho;;Baixo
UDT2F07;ROTA CO_CDD CUIABA, Vehicle, Diesel, Manually Classified Powertrain, CAMBIO MANUAL, VOLKSWAGEN, COMBUSTÃO, REG_MACRO REGIÃO CO, CAMINHÃO TOCO / TRUCK, TRS_CONLOG, UNI_CDD CUIABA, 80 km/h;jan 29, 2026;55;Moderado;6.42%;6.64%;4.93%;Ótimo;Baixo desempenho;Médio;Médio;;Alto
UFO5G09;SUP SE - EMP_PIRAI, Vehicle, Diesel, CAMBIO AUTOMATICO OU SEMI AUTOMATICO, MERCEDES BENZ, COMBUSTÃO, REG_SUPPLY SE, CAVALO MECÂNICO, TRS_CONLOG, UNI_EMP PIRAI, 90 km/h;jan 29, 2026;55;Moderado;5.03%;5.03%;3.63%;Médio;Melhor;Melhor;Melhor;;Baixo
UDA3B45;SUP SE - EMP_JAGUARIUNA, Vehicle, Diesel, CAMBIO AUTOMATICO OU SEMI AUTOMATICO, MERCEDES BENZ, COMBUSTÃO, REG_SUPPLY SE, CAVALO MECÂNICO, TRS_IMEDIATO, UNI_EMP JAGUARIUNA, 90 km/h;jan 29, 2026;55;Moderado;5.03%;5.17%;3.52%;Médio;Melhor;Melhor;Melhor;;Baixo
UEQ9145;ROTA SP_CDD NORTE, Vehicle, Diesel, CAMBIO MANUAL, MERCEDES BENZ, COMBUSTÃO, REG_MACRO REGIÃO SP, CAMINHÃO TOCO / TRUCK, TRS_IMEDIATO, UNI_CDD NORTE, 80 km/h;jan 29, 2026;55;Moderado;6.63%;6.90%;4.98%;Melhor;Médio;Baixo desempenho;Baixo desempenho;;Alto
UEM5I39;ROTA RJ ES_CDD MACACU, Vehicle, Diesel, CAMBIO MANUAL, MERCEDES BENZ, COMBUSTÃO, REG_MACRO REGIÃO RJ ES, CAMINHÃO TOCO / TRUCK, TRS_CONLOG, UNI_CDD MACACU, 80 km/h;jan 29, 2026;55;Moderado;5.29%;5.60%;4.07%;Médio;Melhor;Médio;Baixo desempenho;;Moderado
TLV4C04;SUP COMG - EMP_UBERLANDIA, Vehicle, Diesel, CAMBIO AUTOMATICO OU SEMI AUTOMATICO, MERCEDES BENZ, COMBUSTÃO, REG_SUPPLY COMG, CAVALO MECÂNICO, TRS_IMEDIATO, UNI_EMP UBERLANDIA, 90 km/h;jan 29, 2026;55;Moderado;5.25%;5.33%;4.68%;Ótimo;Melhor;Melhor;Melhor;;Baixo
UGQ6D20;AMBEV, Vehicle, Diesel, CAMBIO MANUAL, MERCEDES BENZ, COMBUSTÃO, REG_MACRO REGIÃO SP, CAMINHÃO TOCO / TRUCK, TRS_FADEL, UNI_CDD SÃO JOSÉ DOS CAMPOS, 80 km/h;jan 29, 2026;55;Moderado;5.17%;5.39%;3.94%;Médio;Baixo desempenho;Médio;Médio;;Moderado
TOM9G90;ROTA RJ ES_CDD VITORIA, Vehicle, Diesel, CAMBIO MANUAL, MERCEDES BENZ, COMBUSTÃO, REG_MACRO REGIÃO RJ ES, CAMINHÃO TOCO / TRUCK, TRS_FADEL, UNI_CDD VITORIA, 80 km/h;jan 29, 2026;56;Moderado;6.79%;7.18%;5.07%;Médio;Ótimo;Médio;Médio;;Moderado
 UFI6G52;ROTA RJ ES_CDD CAMPO GRANDE, Vehicle, CAMBIO MANUAL, VOLKSWAGEN, COMBUSTÃO, REG_MACRO REGIÃO RJ ES, CAMINHÃO TOCO / TRUCK, TRS_CONLOG, UNI_CDD CAMPO GRANDE, 80 km/h;jan 29, 2026;56;Moderado;6.39%;6.76%;4.85%;Ótimo;Melhor;Médio;Melhor;;Alto
TOM6G21;ROTA RJ ES_CDD VITORIA, Vehicle, Manually Classified Powertrain, CAMBIO MANUAL, MERCEDES BENZ, COMBUSTÃO, REG_MACRO REGIÃO RJ ES, CAMINHÃO TOCO / TRUCK, TRS_FADEL, UNI_CDD VITORIA, 80 km/h;jan 29, 2026;56;Moderado;6.54%;7.29%;4.54%;Médio;Melhor;Melhor;Baixo desempenho;;Moderado
UAU8F80;ROTA NE_CDD ILHEUS, Vehicle, Diesel, CAMBIO MANUAL, RENAULT, COMBUSTÃO, REG_MACRO REGIÃO NE, VANS, TRS_NEPOMUCENO, UNI_CDD ILHEUS, 80 km/h;jan 29, 2026;56;Moderado;7.22%;8.06%;4.79%;Ótimo;Melhor;Ótimo;Médio;;Moderado
TOM9H70;ROTA RJ ES_CDD VITORIA, Vehicle, Diesel, CAMBIO MANUAL, MERCEDES BENZ, COMBUSTÃO, REG_MACRO REGIÃO RJ ES, CAMINHÃO TOCO / TRUCK, TRS_FADEL, UNI_CDD VITORIA, 80 km/h;jan 29, 2026;56;Moderado;5.79%;6.07%;4.38%;Médio;Médio;Médio;Médio;;Alto
VOLVO FH 460 | CUF5B65;Combustão, Ambev Jundiaí Segurança, Vehicle, Diesel, VOLVO, Relatório_Combustão, Relatórios_Todos, FALSO, PESADOS;jan 29, 2026;56;Moderado;5.17%;5.25%;4.63%;Médio;Melhor;Melhor;Melhor;;Moderado
UDU6C72;ROTA SP_CDD PRESID. PRUDENTE, Vehicle, Diesel, CAMBIO MANUAL, MERCEDES BENZ, COMBUSTÃO, REG_MACRO REGIÃO SP, CAMINHÃO TOCO / TRUCK, TRS_IMEDIATO, UNI_CDD PRESID. PRUDENTE, 80 km/h;jan 29, 2026;56;Moderado;7.57%;8.29%;5.03%;Médio;Médio;Ótimo;Melhor;;Baixo
UFQ4D97;SUP COMG - EMP_UBERLANDIA, Vehicle, Diesel, CAMBIO AUTOMATICO OU SEMI AUTOMATICO, MERCEDES BENZ, COMBUSTÃO, REG_SUPPLY COMG, CAVALO MECÂNICO, TRS_IMEDIATO, UNI_EMP UBERLANDIA, 90 km/h;jan 29, 2026;56;Moderado;5.25%;5.37%;4.63%;Melhor;Melhor;Melhor;Melhor;;Baixo
5417;AMBEV, Vehicle, Diesel;jan 29, 2026;56;Moderado;5.03%;5.25%;3.72%;Médio;Melhor;Melhor;Melhor;;Baixo
TIE3J06;ROTA NO_CDD CEARA, Vehicle, Diesel, CAMBIO MANUAL, MERCEDES BENZ, COMBUSTÃO, REG_MACRO REGIÃO NO, CAMINHÃO TOCO / TRUCK, TRS_FADEL, UNI_CDD CEARA, 80 km/h;jan 29, 2026;56;Moderado;7.23%;7.93%;4.92%;Médio;Melhor;Melhor;Melhor;;Moderado
UGN1B89;ROTA SP_CDD SAO JOSE CAMPOS, Vehicle, Diesel, CAMBIO MANUAL, MERCEDES BENZ, COMBUSTÃO, REG_MACRO REGIÃO SP, CAMINHÃO TOCO / TRUCK, TRS_FADEL, UNI_CDD SÃO JOSÉ DOS CAMPOS, 80 km/h;jan 29, 2026;57;Moderado;6.01%;6.48%;4.71%;Médio;Melhor;Ótimo;Médio;;Alto
UGG8H71;ROTA CO_CDD CUIABA, Vehicle, CAMBIO MANUAL, VOLKSWAGEN, COMBUSTÃO, REG_MACRO REGIÃO CO, CAMINHÃO TOCO / TRUCK, TRS_CONLOG, UNI_CDD CUIABA, 80 km/h;jan 29, 2026;57;Moderado;5.51%;6.00%;4.79%;Médio;Melhor;Médio;Médio;;Baixo
UEH1C27;ROTA SP_CDD CAMPINAS, Vehicle, Diesel, CAMBIO MANUAL, MERCEDES BENZ, COMBUSTÃO, REG_MACRO REGIÃO SP, CAMINHÃO TOCO / TRUCK, TRS_IMEDIATO, UNI_CDD CAMPINAS, 80 km/h;jan 29, 2026;57;Moderado;5.27%;5.73%;4.12%;Médio;Médio;Ótimo;Baixo desempenho;;Moderado
UDH4B28;ROTA SP_CDD BARUERI, Vehicle, Diesel, CAMBIO MANUAL, MERCEDES BENZ, COMBUSTÃO, REG_MACRO REGIÃO SP, CAMINHÃO TOCO / TRUCK, TRS_FADEL, UNI_CDD BARUERI, 80 km/h;jan 29, 2026;57;Moderado;6.36%;6.76%;4.90%;Médio;Médio;Médio;Ótimo;;Alto
TKO8F44;SUP COMG - EMP_UBERLANDIA, Vehicle, Diesel, CAMBIO AUTOMATICO OU SEMI AUTOMATICO, MERCEDES BENZ, COMBUSTÃO, REG_SUPPLY COMG, CAVALO MECÂNICO, TRS_IMEDIATO, UNI_EMP UBERLANDIA, 90 km/h;jan 29, 2026;57;Moderado;5.30%;5.55%;4.79%;Médio;Melhor;Melhor;Melhor;;Baixo
TTP7F75;ROTA RJ ES_CDD JACAREPAGUA, Vehicle, Diesel, CAMBIO MANUAL, MERCEDES BENZ, COMBUSTÃO, REG_MACRO REGIÃO RJ ES, CAMINHÃO TOCO / TRUCK, TRS_FADEL, UNI_CDD JACAREPAGUA, 80 km/h;jan 29, 2026;57;Moderado;7.15%;7.61%;5.42%;Ótimo;Médio;Médio;Médio;;Alto
QSW1J06;ROTA SP_CDD SAO JOSE CAMPOS, Vehicle, Diesel, CAMBIO MANUAL, MERCEDES BENZ, COMBUSTÃO, REG_MACRO REGIÃO SP, CAMINHÃO TOCO / TRUCK, TRS_FADEL, UNI_CDD SÃO JOSÉ DOS CAMPOS, 80 km/h;jan 29, 2026;57;Moderado;5.72%;6.07%;4.33%;Médio;Melhor;Ótimo;Médio;;Moderado
QSS2F68;SUP SE - EMP_PIRAI, Vehicle, Diesel, CAMBIO AUTOMATICO OU SEMI AUTOMATICO, MERCEDES BENZ, COMBUSTÃO, REG_SUPPLY SE, CAVALO MECÂNICO, TRS_CONLOG, UNI_EMP PIRAI, 90 km/h;jan 29, 2026;57;Moderado;4.98%;5.21%;3.65%;Médio;Melhor;Médio;Melhor;;Moderado
UGU6F96;SUP COMG - EMP_UBERLANDIA, Vehicle, Diesel, CAMBIO AUTOMATICO OU SEMI AUTOMATICO, MERCEDES BENZ, COMBUSTÃO, REG_SUPPLY COMG, CAVALO MECÂNICO, TRS_IMEDIATO, UNI_EMP UBERLANDIA, 90 km/h;jan 29, 2026;57;Moderado;5.13%;5.30%;4.63%;Médio;Melhor;Melhor;Médio;;Baixo
TTN9E55;ROTA RJ ES_CDD PAVUNA, Vehicle, Diesel, CAMBIO MANUAL, MERCEDES BENZ, COMBUSTÃO, REG_MACRO REGIÃO RJ ES, CAMINHÃO TOCO / TRUCK, TRS_FADEL, UNI_CDD PAVUNA, 80 km/h;jan 29, 2026;57;Moderado;6.70%;7.07%;5.28%;Melhor;Ótimo;Melhor;Médio;;Alto
UAT9F68;ROTA NO_CDD NATAL, Vehicle, Diesel, CAMBIO MANUAL, RENAULT, COMBUSTÃO, REG_MACRO REGIÃO NO, VANS, TRS_FADEL, UNI_CDD NATAL, 80 km/h;jan 29, 2026;57;Moderado;6.97%;7.91%;4.79%;Ótimo;Melhor;Médio;Médio;;Moderado
UDN1H85;ROTA RJ ES_CDD PETROPOLIS, Vehicle, Diesel, CAMBIO MANUAL, MERCEDES BENZ, COMBUSTÃO, REG_MACRO REGIÃO RJ ES, CAMINHÃO TOCO / TRUCK, TRS_LOG20, UNI_CDD PETROPOLIS, 80 km/h;jan 29, 2026;57;Moderado;5.11%;5.38%;4.13%;Melhor;Médio;Médio;Em risco;;Moderado
TPZ3E68;SUP SUL - EMP_LAGES, Vehicle, Diesel, CAMBIO AUTOMATICO OU SEMI AUTOMATICO, MERCEDES BENZ, COMBUSTÃO, REG_SUPPLY SUL, CAVALO MECÂNICO, TRS_RODALOG, UNI_EMP LAGES, 90 km/h;jan 29, 2026;58;Moderado;5.07%;5.25%;4.63%;Médio;Melhor;Melhor;Melhor;;Baixo
UDR9G62;SUP SE - EMP_PIRAI, Vehicle, Diesel, CAMBIO AUTOMATICO OU SEMI AUTOMATICO, MERCEDES BENZ, COMBUSTÃO, REG_SUPPLY SE, CAVALO MECÂNICO, TRS_CONLOG, UNI_EMP PIRAI, 90 km/h;jan 29, 2026;58;Moderado;4.99%;5.31%;3.86%;Ótimo;Melhor;Melhor;Melhor;;Moderado
TTN9E54;ROTA RJ ES_CDD PAVUNA, Vehicle, Diesel, CAMBIO MANUAL, MERCEDES BENZ, COMBUSTÃO, REG_MACRO REGIÃO RJ ES, CAMINHÃO TOCO / TRUCK, TRS_FADEL, UNI_CDD PAVUNA, 80 km/h;jan 29, 2026;58;Moderado;6.53%;7.02%;5.11%;Melhor;Ótimo;Médio;Melhor;;Alto
TOM9G94;ROTA RJ ES_CDD VITORIA, Vehicle, Diesel, CAMBIO MANUAL, MERCEDES BENZ, COMBUSTÃO, REG_MACRO REGIÃO RJ ES, CAMINHÃO TOCO / TRUCK, TRS_FADEL, UNI_CDD VITORIA, 80 km/h;jan 29, 2026;58;Moderado;5.20%;5.61%;4.05%;Médio;Melhor;Médio;Médio;;Moderado
UFS3E60;AMBEV, Vehicle, Diesel, CAMBIO MANUAL, MERCEDES BENZ, COMBUSTÃO, REG_MACRO REGIÃO SP, CAMINHÃO TOCO / TRUCK, TRS_IMEDIATO, UNI_CDD RIBEIRÃO PRETO, 80 km/h;jan 29, 2026;58;Moderado;5.77%;6.19%;4.36%;Médio;Melhor;Ótimo;Médio;;Moderado
UHK3G69;ROTA NO_CDD OLINDA, Vehicle, Diesel, CAMBIO MANUAL, MERCEDES BENZ, COMBUSTÃO, REG_MACRO REGIÃO NO, CAMINHÃO TOCO / TRUCK, TRS_HORIZONTE, UNI_CDD OLINDA, 80 km/h;jan 29, 2026;58;Moderado;6.45%;6.91%;5.03%;Médio;Médio;Médio;Médio;;Alto
UDT2F80;ROTA SP_CDD DIADEMA, Vehicle, Diesel, CAMBIO MANUAL, MERCEDES BENZ, COMBUSTÃO, REG_MACRO REGIÃO SP, CAMINHÃO TOCO / TRUCK, TRS_LOG20, UNI_CDD DIADEMA, 80 km/h;jan 29, 2026;58;Moderado;7.19%;7.76%;5.60%;Médio;Médio;Médio;Médio;;Alto
TLP8J25;SUP COMG - EMP_UBERLANDIA, Vehicle, Diesel, CAMBIO AUTOMATICO OU SEMI AUTOMATICO, MERCEDES BENZ, COMBUSTÃO, REG_SUPPLY COMG, CAVALO MECÂNICO, TRS_IMEDIATO, UNI_EMP UBERLANDIA, 90 km/h;jan 29, 2026;58;Moderado;5.25%;5.37%;4.68%;Melhor;Melhor;Melhor;Melhor;;Baixo
UFN4B58;ROTA SUL_CDD CURITIBA, Vehicle, Diesel, CAMBIO MANUAL, MERCEDES BENZ, COMBUSTÃO, REG_MACRO REGIÃO SUL, CAMINHÃO TOCO / TRUCK, TRS_IMEDIATO, UNI_CDD CURITIBA, 80 km/h;jan 29, 2026;59;Moderado;5.10%;5.64%;4.05%;Médio;Melhor;Médio;Ótimo;;Moderado
UDG6I89;ROTA SP_CDD DIADEMA, Vehicle, Diesel, CAMBIO MANUAL, MERCEDES BENZ, COMBUSTÃO, REG_MACRO REGIÃO SP, CAMINHÃO TOCO / TRUCK, TRS_LOG20, UNI_CDD DIADEMA, 80 km/h;jan 29, 2026;59;Moderado;6.91%;7.57%;5.46%;Melhor;Melhor;Médio;Médio;;Alto
SUY7A26;SUP SE - EMP_JACAREI, Vehicle, Diesel, CAMBIO AUTOMATICO OU SEMI AUTOMATICO, MERCEDES BENZ, COMBUSTÃO, REG_SUPPLY SE, CAVALO MECÂNICO, TRS_IMEDIATO, UNI_EMP JACAREI, 90 km/h;jan 29, 2026;59;Moderado;5.03%;5.21%;3.84%;Médio;Melhor;Melhor;Melhor;;Baixo
TTR6A56;AS RJ ES_AS CAMPO GRANDE, Vehicle, Diesel, CAMBIO AUTOMATICO OU SEMI AUTOMATICO, MERCEDES BENZ, COMBUSTÃO, REG_MACRO REGIÃO RJ ES, CAVALO MECÂNICO, TRS_FADEL, UNI_AS CAMPO GRANDE, 90 km/h;jan 29, 2026;59;Moderado;6.26%;7.25%;4.74%;Ótimo;Melhor;Melhor;Melhor;;Moderado
TOM5E75;ROTA RJ ES_CDD VITORIA, Vehicle, Diesel, CAMBIO MANUAL, MERCEDES BENZ, COMBUSTÃO, REG_MACRO REGIÃO RJ ES, CAMINHÃO TOCO / TRUCK, TRS_FADEL, UNI_CDD VITORIA, 80 km/h;jan 29, 2026;59;Moderado;5.56%;6.07%;4.36%;Médio;Melhor;Médio;Médio;;Moderado
TTU3G72;ROTA MG_CDD UBERABA, Vehicle, Diesel, CAMBIO MANUAL, MERCEDES BENZ, COMBUSTÃO, REG_MACRO REGIÃO MG, CAMINHÃO TOCO / TRUCK, TRS_FADEL, UNI_CDD UBERABA, 80 km/h;jan 29, 2026;59;Moderado;5.08%;5.56%;4.04%;Médio;Médio;Médio;Médio;;Moderado
UDJ0D36;ROTA SP_CDD PRAIA GRANDE, Vehicle, Diesel, CAMBIO MANUAL, MERCEDES BENZ, COMBUSTÃO, REG_MACRO REGIÃO SP, CAMINHÃO TOCO / TRUCK, TRS_LOG20, UNI_CDD PRAIA GRANDE, 80 km/h;jan 29, 2026;59;Moderado;5.06%;5.64%;4.07%;Médio;Melhor;Médio;Médio;;Moderado
UGF7I04;SUP SE - EMP_PIRAI, Vehicle, Diesel, CAMBIO AUTOMATICO OU SEMI AUTOMATICO, MERCEDES BENZ, COMBUSTÃO, REG_SUPPLY SE, CAVALO MECÂNICO, TRS_CONLOG, UNI_EMP PIRAI, 90 km/h;jan 29, 2026;59;Moderado;5.03%;5.25%;3.84%;Médio;Melhor;Melhor;Melhor;;Baixo
TXO9E02;ROTA NE_CDD ILHEUS, Vehicle, Diesel, CAMBIO MANUAL, MERCEDES BENZ, COMBUSTÃO, REG_MACRO REGIÃO NE, CAMINHÃO TOCO / TRUCK, TRS_NEPOMUCENO, UNI_CDD ILHEUS, 80 km/h;jan 29, 2026;59;Moderado;5.18%;5.41%;4.15%;Médio;Melhor;Melhor;Melhor;;Baixo
QSQ4B05;ROTA SP_CDD SAO JOSE CAMPOS, Vehicle, Diesel, CAMBIO MANUAL, MERCEDES BENZ, COMBUSTÃO, REG_MACRO REGIÃO SP, CAMINHÃO TOCO / TRUCK, TRS_FADEL, UNI_CDD SÃO JOSÉ DOS CAMPOS, 80 km/h;jan 29, 2026;59;Moderado;6.49%;7.25%;5.07%;Ótimo;Médio;Ótimo;Melhor;;Moderado
UDB7G87;ROTA SUL_CDD CASCAVEL, Vehicle, Diesel, CAMBIO MANUAL, MERCEDES BENZ, COMBUSTÃO, REG_MACRO REGIÃO SUL, CAMINHÃO TOCO / TRUCK, TRS_LOG20, UNI_CDD CASCAVEL, 80 km/h;jan 29, 2026;59;Baixo;6.49%;7.61%;4.79%;Médio;Melhor;Melhor;Melhor;;Moderado
UGG8A35;ROTA SP_CDD TAUBATE, Vehicle, Diesel, CAMBIO MANUAL, MERCEDES BENZ, COMBUSTÃO, REG_MACRO REGIÃO SP, CAMINHÃO TOCO / TRUCK, TRS_FADEL, UNI_CDD TAUBATÉ, 80 km/h;jan 29, 2026;60;Moderado;5.59%;6.13%;4.36%;Médio;Melhor;Médio;Baixo desempenho;;Moderado
TUA2D17;ROTA RJ ES_CDD PAVUNA, Vehicle, Diesel, CAMBIO MANUAL, MERCEDES BENZ, COMBUSTÃO, REG_MACRO REGIÃO RJ ES, CAMINHÃO TOCO / TRUCK, TRS_FADEL, UNI_CDD PAVUNA, 80 km/h;jan 29, 2026;60;Moderado;6.38%;6.92%;5.10%;Ótimo;Melhor;Ótimo;Médio;;Alto
UEX2J88;ROTA SP_CDD PRESID. PRUDENTE, Vehicle, Diesel, CAMBIO MANUAL, FOTON, COMBUSTÃO, REG_MACRO REGIÃO SP, CAMINHÃO TOCO / TRUCK, TRS_IMEDIATO, UNI_CDD PRESID. PRUDENTE, 80 km/h;jan 29, 2026;60;Moderado;4.53%;5.03%;3.47%;Médio;Melhor;Médio;Médio;;Baixo
UDP4A57;SUP SE - EMP_MACACU, Vehicle, Diesel, CAMBIO AUTOMATICO OU SEMI AUTOMATICO, MERCEDES BENZ, COMBUSTÃO, REG_SUPPLY SE, CAVALO MECÂNICO, TRS_CONLOG, UNI_EMP MACACU, 90 km/h;jan 29, 2026;60;Moderado;5.03%;5.23%;3.88%;Médio;Melhor;Melhor;Melhor;;Baixo
UEN4E20;ROTA RJ ES_CDD MACACU, Vehicle, Diesel, CAMBIO MANUAL, MERCEDES BENZ, COMBUSTÃO, REG_MACRO REGIÃO RJ ES, CAMINHÃO TOCO / TRUCK, TRS_CONLOG, UNI_CDD MACACU, 80 km/h;jan 29, 2026;60;Moderado;4.92%;5.36%;3.83%;Ótimo;Melhor;Ótimo;Baixo desempenho;;Moderado
TXO9D65;ROTA NE_CDD BOM JESUS DA LAPA, Vehicle, Diesel, CAMBIO MANUAL, MERCEDES BENZ, COMBUSTÃO, REG_MACRO REGIÃO NE, CAMINHÃO TOCO / TRUCK, TRS_NEPOMUCENO, UNI_CDD BOM JESUS DA LAPA, 80 km/h;jan 29, 2026;60;Moderado;5.25%;5.48%;4.68%;Melhor;Melhor;Melhor;Melhor;;Baixo
TXQ9I77;ROTA NE_CDD BOM JESUS DA LAPA, Vehicle, Diesel, CAMBIO MANUAL, MERCEDES BENZ, COMBUSTÃO, REG_MACRO REGIÃO NE, CAMINHÃO TOCO / TRUCK, TRS_NEPOMUCENO, UNI_CDD BOM JESUS DA LAPA, 80 km/h;jan 29, 2026;60;Moderado;5.25%;5.55%;4.68%;Melhor;Melhor;Melhor;Melhor;;Baixo
UGT0G06;SUP SE - EMP_JACAREI, Vehicle, Diesel, CAMBIO AUTOMATICO OU SEMI AUTOMATICO, MERCEDES BENZ, COMBUSTÃO, REG_SUPPLY SE, CAVALO MECÂNICO, TRS_IMEDIATO, UNI_EMP JACAREI, 90 km/h;jan 29, 2026;60;Moderado;5.03%;5.18%;3.90%;Médio;Melhor;Melhor;Melhor;;Baixo
UAV9I93;ROTA NO_CDD NATAL, Vehicle, Diesel, CAMBIO MANUAL, RENAULT, COMBUSTÃO, REG_MACRO REGIÃO NO, VANS, TRS_FADEL, UNI_CDD NATAL, 80 km/h;jan 29, 2026;60;Baixo;7.07%;8.37%;4.83%;Ótimo;Melhor;Médio;Melhor;;Baixo
TXO9D72;ROTA NE_CDD BOM JESUS DA LAPA, Vehicle, Diesel, CAMBIO MANUAL, MERCEDES BENZ, COMBUSTÃO, REG_MACRO REGIÃO NE, CAMINHÃO TOCO / TRUCK, TRS_NEPOMUCENO, UNI_CDD BOM JESUS DA LAPA, 80 km/h;jan 29, 2026;61;Moderado;5.25%;5.56%;4.68%;Melhor;Melhor;Melhor;Melhor;;Baixo
TXI9B64;SUP SE - EMP_NOVA RIO, Vehicle, Diesel, CAMBIO AUTOMATICO OU SEMI AUTOMATICO, MERCEDES BENZ, COMBUSTÃO, REG_SUPPLY SE, CAVALO MECÂNICO, TRS_FADEL, UNI_EMP NOVA RIO, 90 km/h;jan 29, 2026;61;Moderado;5.03%;5.25%;4.00%;Médio;Melhor;Melhor;Melhor;;Baixo
TXI9B54;SUP SE - EMP_NOVA RIO, Vehicle, Diesel, CAMBIO AUTOMATICO OU SEMI AUTOMATICO, MERCEDES BENZ, COMBUSTÃO, REG_SUPPLY SE, CAVALO MECÂNICO, TRS_FADEL, UNI_EMP NOVA RIO, 90 km/h;jan 29, 2026;61;Moderado;5.03%;5.53%;4.07%;Ótimo;Médio;Melhor;Melhor;;Baixo
TOM5E54;ROTA RJ ES_CDD VITORIA, Vehicle, Diesel, CAMBIO MANUAL, MERCEDES BENZ, COMBUSTÃO, REG_MACRO REGIÃO RJ ES, CAMINHÃO TOCO / TRUCK, TRS_FADEL, UNI_CDD VITORIA, 80 km/h;jan 29, 2026;61;Moderado;5.44%;6.08%;4.38%;Médio;Melhor;Médio;Médio;;Moderado
TTV1J85;ROTA RJ ES_CDD CAMPOS, Vehicle, Diesel, CAMBIO MANUAL, MERCEDES BENZ, COMBUSTÃO, REG_MACRO REGIÃO RJ ES, CAMINHÃO TOCO / TRUCK, TRS_FADEL, UNI_CDD CAMPOS, 80 km/h;jan 29, 2026;61;Moderado;4.61%;5.15%;3.49%;Médio;Melhor;Médio;Médio;;Moderado
UFI6A14;SUP SE - EMP_JAGUARIUNA, Vehicle, Diesel, CAMBIO AUTOMATICO OU SEMI AUTOMATICO, MERCEDES BENZ, COMBUSTÃO, REG_SUPPLY SE, CAVALO MECÂNICO, TRS_IMEDIATO, UNI_EMP JAGUARIUNA, 90 km/h;jan 29, 2026;61;Moderado;5.03%;5.25%;3.98%;Médio;Melhor;Melhor;Melhor;;Baixo
QSU8D49;SUP SE - EMP_PIRAI, Vehicle, Diesel, CAMBIO AUTOMATICO OU SEMI AUTOMATICO, MERCEDES BENZ, COMBUSTÃO, REG_SUPPLY SE, CAVALO MECÂNICO, TRS_CONLOG, UNI_EMP PIRAI, 90 km/h;jan 29, 2026;61;Moderado;5.03%;5.18%;4.11%;Médio;Melhor;Melhor;Melhor;;Baixo
UDJ5I63;SUP SUL - EMP_PONTA GROSSA, Vehicle, Diesel, CAMBIO AUTOMATICO OU SEMI AUTOMATICO, MERCEDES BENZ, COMBUSTÃO, REG_SUPPLY SUL, CAVALO MECÂNICO, TRS_LOG20, UNI_EMP PONTA GROSSA, 90 km/h;jan 29, 2026;61;Moderado;5.07%;5.37%;4.68%;Médio;Melhor;Melhor;Melhor;;Baixo
TTQ9A81;ROTA RJ ES_CDD NITEROI, Vehicle, Manually Classified Powertrain, CAMBIO MANUAL, MERCEDES BENZ, COMBUSTÃO, REG_MACRO REGIÃO RJ ES, CAMINHÃO TOCO / TRUCK, TRS_FADEL, UNI_CDD NITEROI, 80 km/h;jan 29, 2026;61;Moderado;5.96%;6.50%;4.62%;Ótimo;Melhor;Melhor;Médio;;Alto
TOM9H31;ROTA RJ ES_CDD VITORIA, Vehicle, Diesel, CAMBIO MANUAL, MERCEDES BENZ, COMBUSTÃO, REG_MACRO REGIÃO RJ ES, CAMINHÃO TOCO / TRUCK, TRS_FADEL, UNI_CDD VITORIA, 80 km/h;jan 29, 2026;61;Moderado;5.27%;5.98%;4.33%;Médio;Médio;Médio;Médio;;Moderado
UGA8G21;SUP SE - EMP_PIRAI, Vehicle, Diesel, CAMBIO AUTOMATICO OU SEMI AUTOMATICO, MERCEDES BENZ, COMBUSTÃO, REG_SUPPLY SE, CAVALO MECÂNICO, TRS_CONLOG, UNI_EMP PIRAI, 90 km/h;jan 29, 2026;61;Moderado;4.97%;5.23%;3.84%;Ótimo;Baixo desempenho;Melhor;Melhor;;Baixo
TXI9B33;SUP COMG - EMP_HUB NOVA MINAS, Vehicle, Diesel, Manually Classified Powertrain, CAMBIO AUTOMATICO OU SEMI AUTOMATICO, MERCEDES BENZ, COMBUSTÃO, REG_SUPPLY COMG, CAVALO MECÂNICO, TRS_FADEL, UNI_EMP HUB NOVA MINAS, 90 km/h;jan 29, 2026;61;Moderado;5.03%;5.25%;4.08%;Médio;Melhor;Melhor;Melhor;;Baixo
UDS8G15;SUP SE - EMP_JACAREI, Vehicle, Diesel, CAMBIO AUTOMATICO OU SEMI AUTOMATICO, MERCEDES BENZ, COMBUSTÃO, REG_SUPPLY SE, CAVALO MECÂNICO, TRS_IMEDIATO, UNI_EMP JACAREI, 90 km/h;jan 29, 2026;61;Moderado;5.03%;5.18%;4.15%;Médio;Baixo desempenho;Melhor;Melhor;;Baixo
UDG1A35;SUP SE - EMP_PIRAI, Vehicle, Diesel, CAMBIO AUTOMATICO OU SEMI AUTOMATICO, MERCEDES BENZ, COMBUSTÃO, REG_SUPPLY SE, CAVALO MECÂNICO, TRS_CONLOG, UNI_EMP PIRAI, 90 km/h;jan 29, 2026;61;Moderado;4.99%;5.55%;4.02%;Melhor;Melhor;Melhor;Melhor;;Moderado
TXS4I37;ROTA NE_CDD FEIRA DE SANTANA, Vehicle, Diesel, CAMBIO MANUAL, MERCEDES BENZ, COMBUSTÃO, REG_MACRO REGIÃO NE, CAMINHÃO TOCO / TRUCK, TRS_NEPOMUCENO, UNI_CDD FEIRA DE SANTANA, 80 km/h;jan 29, 2026;61;Moderado;5.11%;5.64%;4.17%;Ótimo;Médio;Médio;Médio;;Moderado
UFK6I65;ROTA CO_CDD RONDONOPOLIS, Volkswagen, Vehicle, CAMBIO MANUAL, COMBUSTÃO, REG_MACRO REGIÃO CO, CAMINHÃO TOCO / TRUCK, TRS_CONLOG, UNI_CDD RONDONOPOLIS, 80 km/h;jan 29, 2026;61;Moderado;5.37%;6.04%;4.73%;Melhor;Melhor;Melhor;Melhor;;Baixo
UDB7F84;SUP SE - EMP_JUNDIAI, Vehicle, Diesel, CAMBIO AUTOMATICO OU SEMI AUTOMATICO, MERCEDES BENZ, COMBUSTÃO, REG_SUPPLY SE, CAVALO MECÂNICO, TRS_NEPOMUCENO, UNI_EMP JUNDIAI, 90 km/h;jan 29, 2026;61;Moderado;5.03%;5.28%;3.88%;Ótimo;Melhor;Melhor;Melhor;;Baixo
UGP3F03;SUP SE - EMP_JACAREI, Vehicle, Diesel, CAMBIO AUTOMATICO OU SEMI AUTOMATICO, MERCEDES BENZ, COMBUSTÃO, REG_SUPPLY SE, CAVALO MECÂNICO, TRS_IMEDIATO, UNI_EMP JACAREI, 90 km/h;jan 29, 2026;61;Moderado;5.03%;5.23%;4.07%;Ótimo;Melhor;Melhor;Melhor;;Baixo
UDL9A85;ROTA SUL_CDD CASCAVEL, Vehicle, Diesel, CAMBIO MANUAL, MERCEDES BENZ, COMBUSTÃO, REG_MACRO REGIÃO SUL, CAMINHÃO TOCO / TRUCK, TRS_LOG20, UNI_CDD CASCAVEL, 80 km/h;jan 29, 2026;61;Baixo;6.38%;7.81%;4.92%;Médio;Médio;Médio;Médio;;Baixo
TUF1J29;ROTA RJ ES_CDD CAMPOS, Vehicle, Diesel, CAMBIO MANUAL, MERCEDES BENZ, COMBUSTÃO, REG_MACRO REGIÃO RJ ES, CAMINHÃO TOCO / TRUCK, TRS_FADEL, UNI_CDD CAMPOS, 80 km/h;jan 29, 2026;62;Moderado;4.81%;5.36%;3.84%;Ótimo;Melhor;Médio;Médio;;Moderado
TXO2F75;SUP SE - EMP_NOVA RIO, Vehicle, Diesel, CAMBIO AUTOMATICO OU SEMI AUTOMATICO, MERCEDES BENZ, COMBUSTÃO, REG_SUPPLY SE, CAVALO MECÂNICO, TRS_FADEL, UNI_EMP NOVA RIO, 90 km/h;jan 29, 2026;62;Moderado;4.92%;5.24%;3.89%;Ótimo;Melhor;Melhor;Melhor;;Moderado
TXO2F75;SUP SE - EMP_NOVA RIO, Vehicle, Diesel, CAMBIO AUTOMATICO OU SEMI AUTOMATICO, MERCEDES BENZ, COMBUSTÃO, REG_SUPPLY SE, CAVALO MECÂNICO, TRS_FADEL, UNI_EMP NOVA RIO, 90 km/h;jan 29, 2026;62;Moderado;4.92%;5.25%;3.90%;Ótimo;Melhor;Melhor;Melhor;;Moderado
UEC1E74;ROTA CO_CDD RONDONOPOLIS, Volkswagen, Vehicle, CAMBIO MANUAL, COMBUSTÃO, REG_MACRO REGIÃO CO, CAMINHÃO TOCO / TRUCK, TRS_CONLOG, UNI_CDD RONDONOPOLIS, 80 km/h;jan 29, 2026;62;Moderado;5.37%;6.16%;4.65%;Melhor;Melhor;Melhor;Melhor;;Baixo
UDC9H16;ROTA SP_CDD PRAIA GRANDE, Vehicle, Diesel, CAMBIO MANUAL, MERCEDES BENZ, COMBUSTÃO, REG_MACRO REGIÃO SP, CAMINHÃO TOCO / TRUCK, TRS_LOG20, UNI_CDD PRAIA GRANDE, 80 km/h;jan 29, 2026;62;Moderado;4.98%;5.57%;4.06%;Ótimo;Melhor;Melhor;Médio;;Moderado
UFW5J14;SUP SE - EMP_JUNDIAI, Vehicle, Diesel, CAMBIO AUTOMATICO OU SEMI AUTOMATICO, MERCEDES BENZ, COMBUSTÃO, REG_SUPPLY SE, CAVALO MECÂNICO, TRS_NEPOMUCENO, UNI_EMP JUNDIAI, 90 km/h;jan 29, 2026;62;Moderado;5.03%;5.25%;4.10%;Médio;Melhor;Melhor;Melhor;;Baixo
TLO2J14;SUP SE - EMP_JAGUARIUNA, Vehicle, Diesel, CAMBIO AUTOMATICO OU SEMI AUTOMATICO, MERCEDES BENZ, COMBUSTÃO, REG_SUPPLY SE, CAVALO MECÂNICO, TRS_IMEDIATO, UNI_EMP JAGUARIUNA, 90 km/h;jan 29, 2026;62;Moderado;5.03%;5.24%;4.05%;Médio;Melhor;Melhor;Melhor;;Baixo
UDJ5C48;SUP SE - EMP_PIRAI, Vehicle, Diesel, CAMBIO AUTOMATICO OU SEMI AUTOMATICO, MERCEDES BENZ, COMBUSTÃO, REG_SUPPLY SE, CAVALO MECÂNICO, TRS_CONLOG, UNI_EMP PIRAI, 90 km/h;jan 29, 2026;62;Moderado;5.03%;5.23%;4.21%;Médio;Melhor;Melhor;Melhor;;Baixo
TJQ9H36;SUP SE - EMP_JAGUARIUNA, Vehicle, Diesel, CAMBIO AUTOMATICO OU SEMI AUTOMATICO, MERCEDES BENZ, COMBUSTÃO, REG_SUPPLY SE, CAVALO MECÂNICO, TRS_IMEDIATO, UNI_EMP JAGUARIUNA, 90 km/h;jan 29, 2026;62;Moderado;5.03%;5.25%;4.11%;Médio;Melhor;Melhor;Melhor;;Baixo
UGE8H98;ROTA SUL_CDD CURITIBA, Vehicle, Diesel, CAMBIO MANUAL, MERCEDES BENZ, COMBUSTÃO, REG_MACRO REGIÃO SUL, CAMINHÃO TOCO / TRUCK, TRS_IMEDIATO, UNI_CDD CURITIBA, 80 km/h;jan 29, 2026;62;Moderado;5.65%;6.35%;4.53%;Médio;Médio;Médio;Ótimo;;Alto
UHK3G89;ROTA NO_CDD OLINDA, Vehicle, Diesel, CAMBIO MANUAL, MERCEDES BENZ, COMBUSTÃO, REG_MACRO REGIÃO NO, CAMINHÃO TOCO / TRUCK, TRS_HORIZONTE, UNI_CDD OLINDA, 80 km/h;jan 29, 2026;62;Moderado;6.21%;6.86%;5.03%;Melhor;Ótimo;Ótimo;Melhor;;Alto
TXO2F69;SUP COMG - EMP_HUB NOVA MINAS, Vehicle, Diesel, CAMBIO AUTOMATICO OU SEMI AUTOMATICO, MERCEDES BENZ, COMBUSTÃO, REG_SUPPLY COMG, CAVALO MECÂNICO, TRS_FADEL, UNI_EMP HUB NOVA MINAS, 90 km/h;jan 29, 2026;62;Moderado;5.03%;5.21%;4.33%;Médio;Melhor;Melhor;Melhor;;Baixo
UGC7G09;ROTA CO_CDD RONDONOPOLIS, Volkswagen, Vehicle, CAMBIO MANUAL, COMBUSTÃO, REG_MACRO REGIÃO CO, CAMINHÃO TOCO / TRUCK, TRS_CONLOG, UNI_CDD RONDONOPOLIS, 80 km/h;jan 29, 2026;62;Moderado;5.25%;6.12%;4.17%;Melhor;Melhor;Melhor;Melhor;;Baixo
UEH4F92;SUP SE - EMP_PIRAI, Vehicle, Diesel, CAMBIO AUTOMATICO OU SEMI AUTOMATICO, MERCEDES BENZ, COMBUSTÃO, REG_SUPPLY SE, CAVALO MECÂNICO, TRS_CONLOG, UNI_EMP PIRAI, 90 km/h;jan 29, 2026;62;Moderado;5.03%;5.24%;4.38%;Médio;Melhor;Melhor;Melhor;;Baixo
TXR1A36;SUP SE - EMP_NOVA RIO, Vehicle, Diesel, CAMBIO AUTOMATICO OU SEMI AUTOMATICO, MERCEDES BENZ, COMBUSTÃO, REG_SUPPLY SE, CAVALO MECÂNICO, TRS_FADEL, UNI_EMP NOVA RIO, 90 km/h;jan 29, 2026;62;Moderado;4.92%;5.40%;4.00%;Melhor;Melhor;Melhor;Melhor;;Moderado
UEG2A08;ROTA SP_CDD CAMPINAS, Vehicle, Diesel, CAMBIO MANUAL, MERCEDES BENZ, COMBUSTÃO, REG_MACRO REGIÃO SP, CAMINHÃO TOCO / TRUCK, TRS_IMEDIATO, UNI_CDD CAMPINAS, 80 km/h;jan 29, 2026;62;Baixo;6.30%;7.51%;5.02%;Médio;Médio;Médio;Médio;;Moderado
TIL7D86;ROTA NO_CDD CEARA, Vehicle, Diesel, CAMBIO MANUAL, MERCEDES BENZ, COMBUSTÃO, REG_MACRO REGIÃO NO, CAMINHÃO TOCO / TRUCK, TRS_FADEL, UNI_CDD CEARA, 80 km/h;jan 29, 2026;62;Baixo;6.47%;7.76%;4.91%;Melhor;Melhor;Médio;Médio;;Moderado
UDQ8G57;SUP COMG - EMP_UBERLANDIA, Vehicle, Diesel, CAMBIO AUTOMATICO OU SEMI AUTOMATICO, MERCEDES BENZ, COMBUSTÃO, REG_SUPPLY COMG, CAVALO MECÂNICO, TRS_IMEDIATO, UNI_EMP UBERLANDIA, 90 km/h;jan 29, 2026;63;Moderado;5.03%;5.25%;4.33%;Médio;Melhor;Melhor;Melhor;;Baixo
UDT8G06;SUP SE - EMP_PIRAI, Vehicle, Diesel, CAMBIO AUTOMATICO OU SEMI AUTOMATICO, MERCEDES BENZ, COMBUSTÃO, REG_SUPPLY SE, CAVALO MECÂNICO, TRS_CONLOG, UNI_EMP PIRAI, 90 km/h;jan 29, 2026;63;Moderado;4.97%;5.24%;4.21%;Médio;Baixo desempenho;Melhor;Melhor;;Moderado
TKW1I76;SUP SE - EMP_JAGUARIUNA, Vehicle, Diesel, CAMBIO AUTOMATICO OU SEMI AUTOMATICO, MERCEDES BENZ, COMBUSTÃO, REG_SUPPLY SE, CAVALO MECÂNICO, TRS_IMEDIATO, UNI_EMP JAGUARIUNA, 90 km/h;jan 29, 2026;63;Moderado;5.03%;5.44%;4.18%;Médio;Melhor;Melhor;Melhor;;Baixo
UGF6B54;SUP SE - EMP_JACAREI, Vehicle, Diesel, CAMBIO AUTOMATICO OU SEMI AUTOMATICO, MERCEDES BENZ, COMBUSTÃO, REG_SUPPLY SE, CAVALO MECÂNICO, TRS_IMEDIATO, UNI_EMP JACAREI, 90 km/h;jan 29, 2026;63;Moderado;5.03%;5.25%;4.24%;Médio;Melhor;Melhor;Melhor;;Baixo
TXR8F00;SUP SE - EMP_NOVA RIO, Vehicle, Diesel, CAMBIO AUTOMATICO OU SEMI AUTOMATICO, MERCEDES BENZ, COMBUSTÃO, REG_SUPPLY SE, CAVALO MECÂNICO, TRS_FADEL, UNI_EMP NOVA RIO, 90 km/h;jan 29, 2026;63;Moderado;4.92%;5.23%;4.22%;Ótimo;Melhor;Melhor;Melhor;;Moderado
UGH0C34;SUP COMG - EMP_JUATUBA, Vehicle, Manually Classified Powertrain, CAMBIO AUTOMATICO OU SEMI AUTOMATICO, MERCEDES BENZ, COMBUSTÃO, REG_SUPPLY COMG, CAVALO MECÂNICO, TRS_NEPOMUCENO, UNI_EMP JUATUBA, 90 km/h;jan 29, 2026;63;Moderado;5.03%;5.25%;4.33%;Médio;Melhor;Melhor;Melhor;;Baixo
QSU2D64;SUP COMG - EMP_JUATUBA, Vehicle, Diesel, CAMBIO AUTOMATICO OU SEMI AUTOMATICO, MERCEDES BENZ, COMBUSTÃO, REG_SUPPLY COMG, CAVALO MECÂNICO, TRS_NEPOMUCENO, UNI_EMP JUATUBA, 90 km/h;jan 29, 2026;63;Moderado;4.25%;4.93%;3.33%;Médio;Melhor;Melhor;Ótimo;;Baixo
TTS8I77;ROTA MG_CDD UBERABA, Vehicle, Diesel, CAMBIO MANUAL, MERCEDES BENZ, COMBUSTÃO, REG_MACRO REGIÃO MG, CAMINHÃO TOCO / TRUCK, TRS_FADEL, UNI_CDD UBERABA, 80 km/h;jan 29, 2026;63;Moderado;5.44%;6.19%;4.37%;Médio;Melhor;Médio;Médio;;Moderado
TXR0J98;SUP SE - EMP_NOVA RIO, Vehicle, Diesel, CAMBIO AUTOMATICO OU SEMI AUTOMATICO, MERCEDES BENZ, COMBUSTÃO, REG_SUPPLY SE, CAVALO MECÂNICO, TRS_FADEL, UNI_EMP NOVA RIO, 90 km/h;jan 29, 2026;63;Moderado;4.79%;5.09%;3.71%;Ótimo;Melhor;Melhor;Melhor;;Baixo
TXI9B58;SUP SE - EMP_NOVA RIO, Vehicle, Diesel, CAMBIO AUTOMATICO OU SEMI AUTOMATICO, MERCEDES BENZ, COMBUSTÃO, REG_SUPPLY SE, CAVALO MECÂNICO, TRS_FADEL, UNI_EMP NOVA RIO, 90 km/h;jan 29, 2026;63;Moderado;4.79%;5.21%;3.81%;Ótimo;Melhor;Melhor;Melhor;;Baixo
THH1C99;SUP NE - EMP_NOVA NE, Vehicle, Diesel, CAMBIO AUTOMATICO OU SEMI AUTOMATICO, VOLVO, COMBUSTÃO, REG_SUPPLY NE, CAVALO MECÂNICO, TRS_HORIZONTE, UNI_EMP NOVA NE, 90 km/h;jan 29, 2026;63;Moderado;5.25%;6.13%;4.68%;Melhor;Melhor;Melhor;Melhor;;Baixo
QSO6D98;SUP COMG - EMP_JUATUBA, Vehicle, Diesel, CAMBIO AUTOMATICO OU SEMI AUTOMATICO, MERCEDES BENZ, COMBUSTÃO, REG_SUPPLY COMG, CAVALO MECÂNICO, TRS_NEPOMUCENO, UNI_EMP JUATUBA, 90 km/h;jan 29, 2026;63;Moderado;5.97%;6.70%;4.88%;Baixo desempenho;Melhor;Melhor;Melhor;;Baixo
UEF4G04;SUP SE - EMP_JAGUARIUNA, Vehicle, Diesel, CAMBIO AUTOMATICO OU SEMI AUTOMATICO, MERCEDES BENZ, COMBUSTÃO, REG_SUPPLY SE, CAVALO MECÂNICO, TRS_IMEDIATO, UNI_EMP JAGUARIUNA, 90 km/h;jan 29, 2026;63;Moderado;5.03%;5.25%;4.44%;Médio;Melhor;Melhor;Melhor;;Baixo
UDG3D91;SUP SUL - EMP_PONTA GROSSA, Vehicle, Diesel, CAMBIO AUTOMATICO OU SEMI AUTOMATICO, MERCEDES BENZ, COMBUSTÃO, REG_SUPPLY SUL, CAVALO MECÂNICO, TRS_LOG20, UNI_EMP PONTA GROSSA, 90 km/h;jan 29, 2026;63;Moderado;5.03%;5.25%;4.25%;Médio;Melhor;Melhor;Melhor;;Baixo
QSS5D18;SUP SE - EMP_MACACU, Vehicle, Diesel, CAMBIO AUTOMATICO OU SEMI AUTOMATICO, MERCEDES BENZ, COMBUSTÃO, REG_SUPPLY SE, CAVALO MECÂNICO, TRS_CONLOG, UNI_EMP MACACU, 90 km/h;jan 29, 2026;63;Moderado;4.84%;5.19%;3.83%;Ótimo;Melhor;Melhor;Médio;;Baixo
UEO7A27;ROTA SP_CDD SUZANO, Vehicle, Diesel, CAMBIO MANUAL, MERCEDES BENZ, COMBUSTÃO, REG_MACRO REGIÃO SP, CAMINHÃO TOCO / TRUCK, TRS_NEPOMUCENO, UNI_CDD SUZANO, 80 km/h;jan 29, 2026;63;Baixo;5.66%;7.51%;4.54%;Médio;Melhor;Ótimo;Melhor;;Baixo
UAU8F05;ROTA NE_CDD FEIRA DE SANTANA, Vehicle, Diesel, CAMBIO MANUAL, RENAULT, COMBUSTÃO, REG_MACRO REGIÃO NE, VANS, TRS_NEPOMUCENO, UNI_CDD FEIRA DE SANTANA, 80 km/h;jan 29, 2026;63;Baixo;6.56%;8.03%;4.81%;Médio;Melhor;Médio;Médio;;Moderado
UGS4C16;SUP SE - EMP_JAGUARIUNA, Vehicle, Diesel, CAMBIO AUTOMATICO OU SEMI AUTOMATICO, MERCEDES BENZ, COMBUSTÃO, REG_SUPPLY SE, CAVALO MECÂNICO, TRS_IMEDIATO, UNI_EMP JAGUARIUNA, 90 km/h;jan 29, 2026;63;Baixo;6.13%;7.30%;4.96%;Melhor;Médio;Melhor;Melhor;;Moderado
TXR0A07;ROTA NE_CDD JOAO PESSOA, Vehicle, Diesel, CAMBIO MANUAL, MERCEDES BENZ, COMBUSTÃO, REG_MACRO REGIÃO NE, CAMINHÃO TOCO / TRUCK, TRS_NEPOMUCENO, UNI_CDD JOAO PESSOA, 80 km/h;jan 29, 2026;64;Moderado;5.89%;6.64%;4.81%;Médio;Melhor;Melhor;Melhor;;Alto
TOM9G99;ROTA RJ ES_CDD VITORIA, Vehicle, Diesel, CAMBIO MANUAL, MERCEDES BENZ, COMBUSTÃO, REG_MACRO REGIÃO RJ ES, CAMINHÃO TOCO / TRUCK, TRS_FADEL, UNI_CDD VITORIA, 80 km/h;jan 29, 2026;64;Moderado;5.21%;6.06%;4.38%;Médio;Médio;Ótimo;Melhor;;Moderado
QSW3I60;ROTA SP_CDD BARUERI, Vehicle, Diesel, CAMBIO MANUAL, MERCEDES BENZ, COMBUSTÃO, REG_MACRO REGIÃO SP, CAMINHÃO TOCO / TRUCK, TRS_FADEL, UNI_CDD BARUERI, 80 km/h;jan 29, 2026;64;Moderado;6.02%;6.75%;4.89%;Médio;Baixo desempenho;Médio;Médio;;Alto
UER8F42;SUP SE - EMP_PIRAI, Vehicle, Diesel, CAMBIO AUTOMATICO OU SEMI AUTOMATICO, MERCEDES BENZ, COMBUSTÃO, REG_SUPPLY SE, CAVALO MECÂNICO, TRS_CONLOG, UNI_EMP PIRAI, 90 km/h;jan 29, 2026;64;Moderado;4.67%;5.24%;3.77%;Ótimo;Médio;Ótimo;Melhor;;Moderado
UGE8J89;AMBEV, Vehicle, Diesel, CAMBIO MANUAL, MERCEDES BENZ, COMBUSTÃO, REG_MACRO REGIÃO SP, CAMINHÃO TOCO / TRUCK, TRS_IMEDIATO, UNI_CDD RIBEIRÃO PRETO, 80 km/h;jan 29, 2026;64;Moderado;4.71%;5.23%;3.76%;Baixo desempenho;Baixo desempenho;Médio;Médio;;Moderado
UDK1J17;SUP SE - EMP_MACACU, Vehicle, Diesel, CAMBIO AUTOMATICO OU SEMI AUTOMATICO, MERCEDES BENZ, COMBUSTÃO, REG_SUPPLY SE, CAVALO MECÂNICO, TRS_CONLOG, UNI_EMP MACACU, 90 km/h;jan 29, 2026;64;Moderado;4.92%;5.25%;3.88%;Médio;Melhor;Melhor;Melhor;;Baixo
UDB4J32;SUP SUL - EMP_PONTA GROSSA, Vehicle, Diesel, CAMBIO AUTOMATICO OU SEMI AUTOMATICO, MERCEDES BENZ, COMBUSTÃO, REG_SUPPLY SUL, CAVALO MECÂNICO, TRS_LOG20, UNI_EMP PONTA GROSSA, 90 km/h;jan 29, 2026;64;Moderado;5.03%;5.37%;4.04%;Médio;Melhor;Melhor;Melhor;;Baixo
UFL0A94;SUP SE - EMP_PIRAI, Vehicle, Diesel, CAMBIO AUTOMATICO OU SEMI AUTOMATICO, MERCEDES BENZ, COMBUSTÃO, REG_SUPPLY SE, CAVALO MECÂNICO, TRS_CONLOG, UNI_EMP PIRAI, 90 km/h;jan 29, 2026;64;Moderado;4.76%;5.03%;3.73%;Médio;Melhor;Melhor;Médio;;Moderado
TMD7H15;SUP SE - EMP_JACAREI, Vehicle, Diesel, CAMBIO AUTOMATICO OU SEMI AUTOMATICO, MERCEDES BENZ, COMBUSTÃO, REG_SUPPLY SE, CAVALO MECÂNICO, TRS_IMEDIATO, UNI_EMP JACAREI, 90 km/h;jan 29, 2026;64;Moderado;5.03%;5.25%;4.37%;Médio;Melhor;Melhor;Melhor;;Baixo
TXO2F63;SUP SE - EMP_NOVA RIO, Vehicle, Diesel, CAMBIO AUTOMATICO OU SEMI AUTOMATICO, MERCEDES BENZ, COMBUSTÃO, REG_SUPPLY SE, CAVALO MECÂNICO, TRS_FADEL, UNI_EMP NOVA RIO, 90 km/h;jan 29, 2026;64;Moderado;4.92%;5.24%;4.13%;Ótimo;Melhor;Melhor;Melhor;;Moderado
QSV4C23;SUP SE - EMP_JACAREI, Vehicle, Diesel, CAMBIO AUTOMATICO OU SEMI AUTOMATICO, MERCEDES BENZ, COMBUSTÃO, REG_SUPPLY SE, CAVALO MECÂNICO, TRS_IMEDIATO, UNI_EMP JACAREI, 90 km/h;jan 29, 2026;64;Moderado;5.03%;5.25%;4.50%;Médio;Melhor;Melhor;Melhor;;Baixo
UDB9H63;SUP SUL - EMP_PONTA GROSSA, Vehicle, Diesel, CAMBIO AUTOMATICO OU SEMI AUTOMATICO, MERCEDES BENZ, COMBUSTÃO, REG_SUPPLY SUL, CAVALO MECÂNICO, TRS_LOG20, UNI_EMP PONTA GROSSA, 90 km/h;jan 29, 2026;64;Moderado;5.03%;5.37%;4.17%;Médio;Melhor;Melhor;Melhor;;Baixo
TUU2D92;ROTA RJ ES_CDD JACAREPAGUA, Vehicle, Diesel, CAMBIO MANUAL, MERCEDES BENZ, COMBUSTÃO, REG_MACRO REGIÃO RJ ES, CAMINHÃO TOCO / TRUCK, TRS_FADEL, UNI_CDD JACAREPAGUA, 80 km/h;jan 29, 2026;64;Baixo;6.39%;7.41%;5.29%;Melhor;Melhor;Ótimo;Ótimo;;Alto
UDR2E79;SUP SE - EMP_PIRAI, Vehicle, Diesel, CAMBIO AUTOMATICO OU SEMI AUTOMATICO, MERCEDES BENZ, COMBUSTÃO, REG_SUPPLY SE, CAVALO MECÂNICO, TRS_CONLOG, UNI_EMP PIRAI, 90 km/h;jan 29, 2026;65;Moderado;4.68%;5.25%;3.84%;Ótimo;Melhor;Melhor;Ótimo;;Baixo
TXJ6C55;SUP SE - EMP_NOVA RIO, Vehicle, Diesel, CAMBIO AUTOMATICO OU SEMI AUTOMATICO, MERCEDES BENZ, COMBUSTÃO, REG_SUPPLY SE, CAVALO MECÂNICO, TRS_FADEL, UNI_EMP NOVA RIO, 90 km/h;jan 29, 2026;65;Moderado;4.79%;5.30%;3.94%;Ótimo;Melhor;Melhor;Melhor;;Baixo
UDN9D00;SUP SUL - EMP_PONTA GROSSA, Vehicle, Diesel, CAMBIO AUTOMATICO OU SEMI AUTOMATICO, MERCEDES BENZ, COMBUSTÃO, REG_SUPPLY SUL, CAVALO MECÂNICO, TRS_LOG20, UNI_EMP PONTA GROSSA, 90 km/h;jan 29, 2026;65;Moderado;5.03%;5.29%;4.59%;Médio;Melhor;Melhor;Melhor;;Baixo
UDQ2G34;SUP SE - EMP_GUARULHOS, Vehicle, Diesel, CAMBIO AUTOMATICO OU SEMI AUTOMATICO, MERCEDES BENZ, COMBUSTÃO, REG_SUPPLY SE, CAVALO MECÂNICO, TRS_IMEDIATO, UNI_EMP GUARULHOS, 90 km/h;jan 29, 2026;65;Moderado;4.79%;5.31%;3.84%;Melhor;Melhor;Melhor;Melhor;;Baixo
GCM8D91;ROTA RJ ES_CDD CAMPO GRANDE, Vehicle, CAMBIO MANUAL, VOLKSWAGEN, COMBUSTÃO, REG_MACRO REGIÃO RJ ES, CAMINHÃO TOCO / TRUCK, TRS_CONLOG, UNI_CDD CAMPO GRANDE, 80 km/h;jan 29, 2026;65;Moderado;5.93%;6.74%;4.87%;Médio;Ótimo;Médio;Ótimo;;Alto
UDG0E41;SUP SUL - EMP_PONTA GROSSA, Vehicle, Diesel, CAMBIO AUTOMATICO OU SEMI AUTOMATICO, MERCEDES BENZ, COMBUSTÃO, REG_SUPPLY SUL, CAVALO MECÂNICO, TRS_LOG20, UNI_EMP PONTA GROSSA, 90 km/h;jan 29, 2026;65;Moderado;4.92%;5.34%;4.01%;Ótimo;Melhor;Melhor;Melhor;;Baixo
UFB1C67;SUP COMG - EMP_UBERLANDIA, Vehicle, Diesel, CAMBIO AUTOMATICO OU SEMI AUTOMATICO, MERCEDES BENZ, COMBUSTÃO, REG_SUPPLY COMG, CAVALO MECÂNICO, TRS_IMEDIATO, UNI_EMP UBERLANDIA, 90 km/h;jan 29, 2026;65;Moderado;4.92%;5.25%;4.04%;Médio;Melhor;Melhor;Melhor;;Baixo
UDM9F41;ROTA RJ ES_CDD PETROPOLIS, Vehicle, Diesel, CAMBIO MANUAL, MERCEDES BENZ, COMBUSTÃO, REG_MACRO REGIÃO RJ ES, CAMINHÃO TOCO / TRUCK, TRS_LOG20, UNI_CDD PETROPOLIS, 80 km/h;jan 29, 2026;65;Moderado;4.83%;5.25%;3.88%;Médio;Melhor;Baixo desempenho;Baixo desempenho;;Baixo
UDQ8E94;SUP SE - EMP_JUNDIAI, Vehicle, Diesel, CAMBIO AUTOMATICO OU SEMI AUTOMATICO, MERCEDES BENZ, COMBUSTÃO, REG_SUPPLY SE, CAVALO MECÂNICO, TRS_NEPOMUCENO, UNI_EMP JUNDIAI, 90 km/h;jan 29, 2026;65;Moderado;4.79%;5.24%;3.73%;Ótimo;Melhor;Melhor;Melhor;;Baixo
UGJ0C80;ROTA SUL_CDD PELOTAS, Vehicle, Diesel, Manually Classified Powertrain, CAMBIO MANUAL, VOLKSWAGEN, COMBUSTÃO, REG_MACRO REGIÃO SUL, CAMINHÃO TOCO / TRUCK, TRS_CONLOG, UNI_CDD PELOTAS, 80 km/h;jan 29, 2026;65;Moderado;5.00%;5.34%;4.41%;Médio;Baixo desempenho;Melhor;Melhor;;Baixo
TXO2F65;SUP SE - EMP_NOVA RIO, Vehicle, Diesel, CAMBIO AUTOMATICO OU SEMI AUTOMATICO, MERCEDES BENZ, COMBUSTÃO, REG_SUPPLY SE, CAVALO MECÂNICO, TRS_FADEL, UNI_EMP NOVA RIO, 90 km/h;jan 29, 2026;65;Moderado;4.79%;5.24%;3.87%;Ótimo;Melhor;Melhor;Melhor;;Baixo
UHK3G19;ROTA NE_CDL CABO, Vehicle, Diesel, CAMBIO MANUAL, MERCEDES BENZ, COMBUSTÃO, REG_MACRO REGIÃO NE, CAMINHÃO TOCO / TRUCK, TRS_HORIZONTE, UNI_CDL CABO, 80 km/h;jan 29, 2026;65;Moderado;6.05%;6.83%;4.90%;Médio;Ótimo;Médio;Médio;;Alto
QSS3A81;ROTA SP_CDD DIADEMA, Vehicle, Diesel, CAMBIO MANUAL, MERCEDES BENZ, COMBUSTÃO, REG_MACRO REGIÃO SP, CAMINHÃO TOCO / TRUCK, TRS_LOG20, UNI_CDD DIADEMA, 80 km/h;jan 29, 2026;65;Moderado;6.10%;6.99%;5.14%;Médio;Médio;Médio;Médio;;Alto
UDO9J97;SUP SUL - EMP_PONTA GROSSA, Vehicle, Diesel, CAMBIO AUTOMATICO OU SEMI AUTOMATICO, MERCEDES BENZ, COMBUSTÃO, REG_SUPPLY SUL, CAVALO MECÂNICO, TRS_LOG20, UNI_EMP PONTA GROSSA, 90 km/h;jan 29, 2026;65;Moderado;5.03%;5.25%;4.53%;Médio;Melhor;Melhor;Melhor;;Baixo
TLN4B64;SUP SUL - EMP_AGUDOS, Vehicle, Diesel, CAMBIO AUTOMATICO OU SEMI AUTOMATICO, MERCEDES BENZ, COMBUSTÃO, REG_SUPPLY SUL, CAVALO MECÂNICO, TRS_IMEDIATO, UNI_EMP AGUDOS, 90 km/h;jan 29, 2026;65;Moderado;5.03%;5.25%;4.45%;Médio;Melhor;Melhor;Melhor;;Baixo
QSS3A39;ROTA RJ ES_CDD SAO CRISTOVAO, Vehicle, Diesel, CAMBIO MANUAL, MERCEDES BENZ, COMBUSTÃO, REG_MACRO REGIÃO RJ ES, CAMINHÃO TOCO / TRUCK, TRS_LOG20, UNI_CDD SÃO CRISTOVAO, 80 km/h;jan 29, 2026;65;Moderado;6.67%;7.65%;5.59%;Melhor;Ótimo;Médio;Médio;;Alto
UEM1G64;SUP COMG - EMP_JUATUBA, Vehicle, Diesel, CAMBIO AUTOMATICO OU SEMI AUTOMATICO, MERCEDES BENZ, COMBUSTÃO, REG_SUPPLY COMG, CAVALO MECÂNICO, TRS_NEPOMUCENO, UNI_EMP JUATUBA, 90 km/h;jan 29, 2026;65;Moderado;5.03%;5.25%;4.63%;Médio;Melhor;Melhor;Melhor;;Baixo
GII6E83;SUP SE - EMP_JACAREI, Vehicle, Diesel, CAMBIO AUTOMATICO OU SEMI AUTOMATICO, MERCEDES BENZ, COMBUSTÃO, REG_SUPPLY SE, CAVALO MECÂNICO, TRS_IMEDIATO, UNI_EMP JACAREI, 90 km/h;jan 29, 2026;65;Moderado;5.03%;5.25%;4.52%;Médio;Melhor;Melhor;Melhor;;Baixo
TTM8F03;ROTA RJ ES_CDD JACAREPAGUA, Vehicle, Diesel, Manually Classified Powertrain, CAMBIO MANUAL, MERCEDES BENZ, COMBUSTÃO, REG_MACRO REGIÃO RJ ES, CAMINHÃO TOCO / TRUCK, TRS_FADEL, UNI_CDD JACAREPAGUA, 80 km/h;jan 29, 2026;65;Baixo;6.62%;7.70%;5.61%;Melhor;Ótimo;Melhor;Médio;;Alto
UAT9F64;ROTA NO_CDD NATAL, Vehicle, Diesel, CAMBIO MANUAL, RENAULT, COMBUSTÃO, REG_MACRO REGIÃO NO, VANS, TRS_FADEL, UNI_CDD NATAL, 80 km/h;jan 29, 2026;65;Baixo;6.21%;8.11%;4.74%;Ótimo;Médio;Médio;Melhor;;Moderado
TTN9E53;ROTA RJ ES_CDD PAVUNA, Vehicle, Diesel, CAMBIO MANUAL, MERCEDES BENZ, COMBUSTÃO, REG_MACRO REGIÃO RJ ES, CAMINHÃO TOCO / TRUCK, TRS_FADEL, UNI_CDD PAVUNA, 80 km/h;jan 29, 2026;65;Baixo;6.32%;7.39%;5.43%;Melhor;Ótimo;Médio;Ótimo;;Alto
TTO7H64;ROTA RJ ES_CDD PAVUNA, Vehicle, Diesel, CAMBIO MANUAL, MERCEDES BENZ, COMBUSTÃO, REG_MACRO REGIÃO RJ ES, CAMINHÃO TOCO / TRUCK, TRS_FADEL, UNI_CDD PAVUNA, 80 km/h;jan 29, 2026;66;Moderado;5.88%;6.82%;5.02%;Médio;Médio;Médio;Baixo desempenho;;Alto
RPH8B16-1;AMBEV, Vehicle, Diesel;jan 29, 2026;66;Moderado;5.25%;6.24%;4.79%;Melhor;Melhor;Melhor;Melhor;;Baixo
UFX3F39;ROTA SP_CDD PRESID. PRUDENTE, Vehicle, Diesel, CAMBIO MANUAL, FOTON, COMBUSTÃO, REG_MACRO REGIÃO SP, CAMINHÃO TOCO / TRUCK, TRS_IMEDIATO, UNI_CDD PRESID. PRUDENTE, 80 km/h;jan 29, 2026;66;Moderado;4.14%;4.92%;3.41%;Médio;Melhor;Médio;Médio;;Baixo
UEY1D94;SUP SE - EMP_JACAREI, Vehicle, Diesel, CAMBIO AUTOMATICO OU SEMI AUTOMATICO, MERCEDES BENZ, COMBUSTÃO, REG_SUPPLY SE, CAVALO MECÂNICO, TRS_IMEDIATO, UNI_EMP JACAREI, 90 km/h;jan 29, 2026;66;Moderado;4.87%;5.24%;4.01%;Médio;Melhor;Melhor;Melhor;;Moderado
UEQ2D73;SUP SE - EMP_JAGUARIUNA, Vehicle, Diesel, CAMBIO AUTOMATICO OU SEMI AUTOMATICO, MERCEDES BENZ, COMBUSTÃO, REG_SUPPLY SE, CAVALO MECÂNICO, TRS_IMEDIATO, UNI_EMP JAGUARIUNA, 90 km/h;jan 29, 2026;66;Moderado;5.03%;5.29%;4.63%;Médio;Melhor;Melhor;Melhor;;Baixo
TXR8E98;SUP SE - EMP_NOVA RIO, Vehicle, Diesel, CAMBIO AUTOMATICO OU SEMI AUTOMATICO, MERCEDES BENZ, COMBUSTÃO, REG_SUPPLY SE, CAVALO MECÂNICO, TRS_FADEL, UNI_EMP NOVA RIO, 90 km/h;jan 29, 2026;66;Moderado;4.79%;5.20%;3.82%;Ótimo;Melhor;Melhor;Melhor;;Baixo
UGL3D65;SUP COMG - EMP_UBERLANDIA, Vehicle, Diesel, CAMBIO AUTOMATICO OU SEMI AUTOMATICO, MERCEDES BENZ, COMBUSTÃO, REG_SUPPLY COMG, CAVALO MECÂNICO, TRS_IMEDIATO, UNI_EMP UBERLANDIA, 90 km/h;jan 29, 2026;66;Moderado;4.92%;5.25%;4.22%;Médio;Melhor;Melhor;Melhor;;Baixo
UEK8G45;SUP SE - EMP_JAGUARIUNA, Vehicle, Diesel, CAMBIO AUTOMATICO OU SEMI AUTOMATICO, MERCEDES BENZ, COMBUSTÃO, REG_SUPPLY SE, CAVALO MECÂNICO, TRS_IMEDIATO, UNI_EMP JAGUARIUNA, 90 km/h;jan 29, 2026;66;Moderado;5.03%;5.25%;4.63%;Médio;Melhor;Melhor;Melhor;;Baixo
UDX3B65;SUP COMG - EMP_UBERLANDIA, Vehicle, Diesel, CAMBIO AUTOMATICO OU SEMI AUTOMATICO, MERCEDES BENZ, COMBUSTÃO, REG_SUPPLY COMG, CAVALO MECÂNICO, TRS_IMEDIATO, UNI_EMP UBERLANDIA, 90 km/h;jan 29, 2026;66;Moderado;5.03%;5.33%;4.63%;Médio;Melhor;Melhor;Melhor;;Baixo
TTM9G78;ROTA RJ ES_CDD JACAREPAGUA, Vehicle, Diesel, CAMBIO MANUAL, MERCEDES BENZ, COMBUSTÃO, REG_MACRO REGIÃO RJ ES, CAMINHÃO TOCO / TRUCK, TRS_FADEL, UNI_CDD JACAREPAGUA, 80 km/h;jan 29, 2026;66;Moderado;6.09%;7.07%;5.21%;Ótimo;Médio;Médio;Médio;;Alto
QSR8D61;ROTA SP_CDD SUZANO, Vehicle, Diesel, CAMBIO MANUAL, MERCEDES BENZ, COMBUSTÃO, REG_MACRO REGIÃO SP, CAMINHÃO TOCO / TRUCK, TRS_NEPOMUCENO, UNI_CDD SUZANO, 80 km/h;jan 29, 2026;66;Moderado;6.28%;7.19%;5.30%;Médio;Médio;Melhor;Melhor;;Moderado
TXI9B22;SUP COMG - EMP_HUB NOVA MINAS, Vehicle, Diesel, Manually Classified Powertrain, CAMBIO AUTOMATICO OU SEMI AUTOMATICO, MERCEDES BENZ, COMBUSTÃO, REG_SUPPLY COMG, CAVALO MECÂNICO, TRS_FADEL, UNI_EMP HUB NOVA MINAS, 90 km/h;jan 29, 2026;66;Moderado;4.92%;5.25%;4.19%;Médio;Melhor;Melhor;Melhor;;Baixo
TXI9B11;SUP COMG - EMP_HUB NOVA MINAS, Vehicle, Diesel, CAMBIO AUTOMATICO OU SEMI AUTOMATICO, MERCEDES BENZ, COMBUSTÃO, REG_SUPPLY COMG, CAVALO MECÂNICO, TRS_FADEL, UNI_EMP HUB NOVA MINAS, 90 km/h;jan 29, 2026;66;Baixo;5.37%;7.18%;4.34%;Melhor;Melhor;Melhor;Melhor;;Baixo
THH8E04;SUP NE - EMP_NOVA NE, Vehicle, Diesel, CAMBIO AUTOMATICO OU SEMI AUTOMATICO, VOLVO, COMBUSTÃO, REG_SUPPLY NE, CAVALO MECÂNICO, TRS_HORIZONTE, UNI_EMP NOVA NE, 90 km/h;jan 29, 2026;66;Baixo;5.25%;6.33%;4.71%;Melhor;Melhor;Melhor;Melhor;;Baixo
UEJ1E03;ROTA SP_CDD SUZANO, Vehicle, Diesel, CAMBIO MANUAL, MERCEDES BENZ, COMBUSTÃO, REG_MACRO REGIÃO SP, CAMINHÃO TOCO / TRUCK, TRS_NEPOMUCENO, UNI_CDD SUZANO, 80 km/h;jan 29, 2026;66;Baixo;6.25%;8.48%;5.03%;Médio;Médio;Melhor;Melhor;;Baixo
UDI4J85;ROTA SUL_CDD LONDRINA, Vehicle, Diesel, CAMBIO MANUAL, MERCEDES BENZ, COMBUSTÃO, REG_MACRO REGIÃO SUL, CAMINHÃO TOCO / TRUCK, TRS_LOG20, UNI_CDD LONDRINA, 80 km/h;jan 29, 2026;66;Baixo;5.72%;6.80%;4.72%;Melhor;Ótimo;Melhor;Ótimo;;Moderado
TUK2E05;ROTA RJ ES_CDD PAVUNA, Vehicle, Diesel, CAMBIO MANUAL, MERCEDES BENZ, COMBUSTÃO, REG_MACRO REGIÃO RJ ES, CAMINHÃO TOCO / TRUCK, TRS_FADEL, UNI_CDD PAVUNA, 80 km/h;jan 29, 2026;67;Moderado;5.80%;6.70%;4.80%;Médio;Médio;Médio;Baixo desempenho;;Alto
UDU9I88;ROTA RJ ES_CDD PETROPOLIS, Vehicle, Diesel, CAMBIO MANUAL, MERCEDES BENZ, COMBUSTÃO, REG_MACRO REGIÃO RJ ES, CAMINHÃO TOCO / TRUCK, TRS_LOG20, UNI_CDD PETROPOLIS, 80 km/h;jan 29, 2026;67;Moderado;4.69%;5.25%;3.70%;Médio;Melhor;Médio;Em risco;;Moderado
UFF3J26;ROTA SP_CDD TAUBATE, Vehicle, Diesel, CAMBIO MANUAL, MERCEDES BENZ, COMBUSTÃO, REG_MACRO REGIÃO SP, CAMINHÃO TOCO / TRUCK, TRS_FADEL, UNI_CDD TAUBATÉ, 80 km/h;jan 29, 2026;67;Moderado;4.24%;5.08%;3.49%;Médio;Melhor;Médio;Em risco;;Baixo
TXI9B40;SUP SE - EMP_NOVA RIO, Vehicle, Diesel, CAMBIO AUTOMATICO OU SEMI AUTOMATICO, MERCEDES BENZ, COMBUSTÃO, REG_SUPPLY SE, CAVALO MECÂNICO, TRS_FADEL, UNI_EMP NOVA RIO, 90 km/h;jan 29, 2026;67;Moderado;5.03%;5.98%;4.31%;Ótimo;Melhor;Melhor;Melhor;;Baixo
UDN2E88;ROTA SP_CDD RIBEIRAO PRETO, Vehicle, Diesel, CAMBIO MANUAL, MERCEDES BENZ, COMBUSTÃO, REG_MACRO REGIÃO SP, CAMINHÃO TOCO / TRUCK, TRS_IMEDIATO, UNI_CDD RIBEIRÃO PRETO, 80 km/h;jan 29, 2026;67;Moderado;4.48%;5.21%;3.73%;Médio;Melhor;Médio;Baixo desempenho;;Moderado
QSX9H97;SUP COMG - EMP_UBERLANDIA, Vehicle, Diesel, CAMBIO AUTOMATICO OU SEMI AUTOMATICO, MERCEDES BENZ, COMBUSTÃO, REG_SUPPLY COMG, CAVALO MECÂNICO, TRS_IMEDIATO, UNI_EMP UBERLANDIA, 90 km/h;jan 29, 2026;67;Moderado;5.03%;5.33%;4.63%;Médio;Melhor;Melhor;Melhor;;Baixo
UER0H91;SUP COMG - EMP_CUIABA, Vehicle, Diesel, CAMBIO AUTOMATICO OU SEMI AUTOMATICO, MERCEDES BENZ, COMBUSTÃO, REG_SUPPLY COMG, CAVALO MECÂNICO, TRS_CONLOG, UNI_EMP CUIABA, 90 km/h;jan 29, 2026;67;Moderado;5.13%;5.89%;4.74%;Médio;Melhor;Médio;Melhor;;Baixo
UFA4D08;ROTA SP_CDD PRESID. PRUDENTE, Vehicle, Diesel, CAMBIO MANUAL, FOTON, COMBUSTÃO, REG_MACRO REGIÃO SP, CAMINHÃO TOCO / TRUCK, TRS_IMEDIATO, UNI_CDD PRESID. PRUDENTE, 80 km/h;jan 29, 2026;67;Moderado;4.72%;5.44%;3.87%;Ótimo;Melhor;Médio;Melhor;;Moderado
QSQ3D29;AMBEV, Vehicle, Diesel, CAMBIO MANUAL, MERCEDES BENZ, COMBUSTÃO, REG_MACRO REGIÃO SP, CAMINHÃO TOCO / TRUCK, TRS_IMEDIATO, UNI_CDD RIBEIRÃO PRETO, 80 km/h;jan 29, 2026;67;Moderado;4.66%;5.12%;3.68%;Ótimo;Melhor;Médio;Melhor;;Baixo
UDO9A36;SUP COMG - EMP_UBERLANDIA, Vehicle, Diesel, CAMBIO AUTOMATICO OU SEMI AUTOMATICO, MERCEDES BENZ, COMBUSTÃO, REG_SUPPLY COMG, CAVALO MECÂNICO, TRS_IMEDIATO, UNI_EMP UBERLANDIA, 90 km/h;jan 29, 2026;67;Moderado;5.03%;5.35%;4.68%;Médio;Melhor;Melhor;Melhor;;Baixo
UGR3D26;SUP SE - EMP_JACAREI, Vehicle, Manually Classified Powertrain, CAMBIO AUTOMATICO OU SEMI AUTOMATICO, MERCEDES BENZ, COMBUSTÃO, REG_SUPPLY SE, CAVALO MECÂNICO, TRS_IMEDIATO, UNI_EMP JACAREI, 90 km/h;jan 29, 2026;67;Moderado;4.79%;5.19%;3.97%;Ótimo;Melhor;Melhor;Melhor;;Baixo
TXI9B80;SUP SE - EMP_NOVA RIO, Vehicle, Diesel, CAMBIO AUTOMATICO OU SEMI AUTOMATICO, MERCEDES BENZ, COMBUSTÃO, REG_SUPPLY SE, CAVALO MECÂNICO, TRS_FADEL, UNI_EMP NOVA RIO, 90 km/h;jan 29, 2026;67;Moderado;4.79%;5.14%;3.82%;Ótimo;Melhor;Médio;Melhor;;Baixo
UDI4C07;ROTA SUL_CDD FOZ DO IGUAÇU, Vehicle, Diesel, CAMBIO MANUAL, MERCEDES BENZ, COMBUSTÃO, REG_MACRO REGIÃO SUL, CAMINHÃO TOCO / TRUCK, TRS_LOG20, UNI_CDD FOZ DO IGUAÇU, 80 km/h;jan 29, 2026;67;Baixo;5.79%;7.07%;4.91%;Melhor;Melhor;Médio;Médio;;Moderado
UHK5D19;ROTA NO_CDD IMPERATRIZ, Vehicle, Diesel, CAMBIO MANUAL, MERCEDES BENZ, COMBUSTÃO, REG_MACRO REGIÃO NO, CAMINHÃO TOCO / TRUCK, TRS_HORIZONTE, UNI_CDD IMPERATRIZ, 80 km/h;jan 29, 2026;67;Baixo;5.09%;6.24%;4.26%;Ótimo;Melhor;Ótimo;Melhor;;Baixo
QSP0E08;ROTA SP_CDD BARUERI, Vehicle, Diesel, Manually Classified Powertrain, CAMBIO MANUAL, MERCEDES BENZ, COMBUSTÃO, REG_MACRO REGIÃO SP, CAMINHÃO TOCO / TRUCK, TRS_FADEL, UNI_CDD BARUERI, 80 km/h;jan 29, 2026;67;Baixo;6.43%;7.50%;5.32%;Melhor;Melhor;Ótimo;Ótimo;;Alto
TOM9G92;ROTA RJ ES_CDD VITORIA, Vehicle, Diesel, CAMBIO MANUAL, MERCEDES BENZ, COMBUSTÃO, REG_MACRO REGIÃO RJ ES, CAMINHÃO TOCO / TRUCK, TRS_FADEL, UNI_CDD VITORIA, 80 km/h;jan 29, 2026;67;Baixo;4.78%;5.79%;3.87%;Médio;Médio;Médio;Médio;;Moderado
TXS4J03;ROTA NE_CDD FEIRA DE SANTANA, Vehicle, Diesel, CAMBIO MANUAL, MERCEDES BENZ, COMBUSTÃO, REG_MACRO REGIÃO NE, CAMINHÃO TOCO / TRUCK, TRS_NEPOMUCENO, UNI_CDD FEIRA DE SANTANA, 80 km/h;jan 29, 2026;67;Baixo;5.25%;6.34%;4.54%;Ótimo;Melhor;Ótimo;Melhor;;Moderado
QSU8C52;ROTA SP_CDD DIADEMA, Vehicle, Diesel, CAMBIO MANUAL, MERCEDES BENZ, COMBUSTÃO, REG_MACRO REGIÃO SP, CAMINHÃO TOCO / TRUCK, TRS_LOG20, UNI_CDD DIADEMA, 80 km/h;jan 29, 2026;67;Baixo;6.56%;7.73%;5.61%;Médio;Melhor;Ótimo;Médio;;Alto
TUA2H67;ROTA RJ ES_CDD NITEROI, Vehicle, Diesel, CAMBIO MANUAL, MERCEDES BENZ, COMBUSTÃO, REG_MACRO REGIÃO RJ ES, CAMINHÃO TOCO / TRUCK, TRS_FADEL, UNI_CDD NITEROI, 80 km/h;jan 29, 2026;67;Baixo;5.17%;6.21%;4.49%;Ótimo;Melhor;Médio;Médio;;Moderado
UDU4I55;SUP SE - EMP_JAGUARIUNA, Vehicle, Diesel, CAMBIO AUTOMATICO OU SEMI AUTOMATICO, MERCEDES BENZ, COMBUSTÃO, REG_SUPPLY SE, CAVALO MECÂNICO, TRS_IMEDIATO, UNI_EMP JAGUARIUNA, 90 km/h;jan 29, 2026;68;Moderado;4.92%;5.25%;4.52%;Médio;Melhor;Melhor;Melhor;;Baixo
UDW4E31;ROTA SP_CDD PRESID. PRUDENTE, Vehicle, Diesel, CAMBIO MANUAL, MERCEDES BENZ, COMBUSTÃO, REG_MACRO REGIÃO SP, CAMINHÃO TOCO / TRUCK, TRS_IMEDIATO, UNI_CDD PRESID. PRUDENTE, 80 km/h;jan 29, 2026;68;Moderado;5.03%;5.43%;4.62%;Ótimo;Melhor;Melhor;Melhor;;Baixo
UEE4I48 ;ROTA SUL_CDD CURITIBA, Vehicle, Diesel, CAMBIO MANUAL, MERCEDES BENZ, COMBUSTÃO, REG_MACRO REGIÃO SUL, CAMINHÃO TOCO / TRUCK, TRS_IMEDIATO, UNI_CDD CURITIBA, 80 km/h;jan 29, 2026;68;Moderado;4.07%;4.98%;3.41%;Médio;Melhor;Médio;Ótimo;;Moderado
TJE0F95;SUP SE - EMP_JACAREI, Vehicle, Diesel, CAMBIO AUTOMATICO OU SEMI AUTOMATICO, MERCEDES BENZ, COMBUSTÃO, REG_SUPPLY SE, CAVALO MECÂNICO, TRS_IMEDIATO, UNI_EMP JACAREI, 90 km/h;jan 29, 2026;68;Moderado;4.73%;5.12%;3.82%;Médio;Melhor;Melhor;Médio;;Baixo
UDG7D24;ROTA RJ ES_CDD PETROPOLIS, Vehicle, Diesel, CAMBIO MANUAL, MERCEDES BENZ, COMBUSTÃO, REG_MACRO REGIÃO RJ ES, CAMINHÃO TOCO / TRUCK, TRS_LOG20, UNI_CDD PETROPOLIS, 80 km/h;jan 29, 2026;68;Baixo;5.73%;7.81%;4.68%;Melhor;Baixo desempenho;Baixo desempenho;Em risco;;Baixo
UGT1C42;ROTA SP_CDD AGUDOS, Vehicle, Diesel, CAMBIO MANUAL, MERCEDES BENZ, COMBUSTÃO, REG_MACRO REGIÃO SP, CAMINHÃO TOCO / TRUCK, TRS_IMEDIATO, UNI_CDD AGUDOS, 80 km/h;jan 29, 2026;68;Baixo;5.97%;8.31%;4.96%;Ótimo;Melhor;Melhor;Melhor;;Baixo
TYC3D64;ROTA NE_CDD VIT DA CONQUISTA, Vehicle, Diesel, CAMBIO MANUAL, MERCEDES BENZ, COMBUSTÃO, REG_MACRO REGIÃO NE, CAMINHÃO TOCO / TRUCK, TRS_NEPOMUCENO, UNI_CDD VIT DA CONQUISTA, 80 km/h;jan 29, 2026;68;Baixo;5.51%;7.33%;4.77%;Ótimo;Médio;Melhor;Melhor;;Baixo
TUU2D91;ROTA RJ ES_CDD JACAREPAGUA, Vehicle, Diesel, CAMBIO MANUAL, MERCEDES BENZ, COMBUSTÃO, REG_MACRO REGIÃO RJ ES, CAMINHÃO TOCO / TRUCK, TRS_FADEL, UNI_CDD JACAREPAGUA, 80 km/h;jan 29, 2026;68;Baixo;6.24%;7.48%;5.29%;Ótimo;Ótimo;Médio;Médio;;Alto
UAT9F69;AMBEV, Vehicle, Diesel;jan 29, 2026;68;Baixo;5.99%;7.95%;4.86%;Ótimo;Melhor;Médio;Médio;;Baixo
QSP5B31;ROTA SP_CDD BARUERI, Vehicle, Diesel, CAMBIO MANUAL, MERCEDES BENZ, COMBUSTÃO, REG_MACRO REGIÃO SP, CAMINHÃO TOCO / TRUCK, TRS_FADEL, UNI_CDD BARUERI, 80 km/h;jan 29, 2026;68;Baixo;6.29%;7.46%;5.46%;Médio;Ótimo;Médio;Médio;;Alto
TUU2A65;ROTA RJ ES_CDD PAVUNA, Combustão, Vehicle, Diesel, CAMBIO MANUAL, MERCEDES BENZ, REG_MACRO REGIÃO RJ ES, CAMINHÃO TOCO / TRUCK, TRS_FADEL, UNI_CDD PAVUNA, 80 km/h;jan 29, 2026;68;Baixo;5.87%;6.95%;5.09%;Melhor;Médio;Médio;Médio;;Alto
UDV2F28;ROTA SUL_CDD CASCAVEL, Vehicle, Diesel, CAMBIO MANUAL, MERCEDES BENZ, COMBUSTÃO, REG_MACRO REGIÃO SUL, CAMINHÃO TOCO / TRUCK, TRS_LOG20, UNI_CDD CASCAVEL, 80 km/h;jan 29, 2026;68;Baixo;5.71%;7.73%;4.90%;Melhor;Melhor;Melhor;Melhor;;Baixo
UGQ4B56;ROTA SP_CDD CAMPINAS, Vehicle, Diesel, CAMBIO MANUAL, MERCEDES BENZ, COMBUSTÃO, REG_MACRO REGIÃO SP, CAMINHÃO TOCO / TRUCK, TRS_IMEDIATO, UNI_CDD CAMPINAS, 80 km/h;jan 29, 2026;68;Baixo;4.97%;6.01%;4.26%;Médio;Melhor;Médio;Ótimo;;Moderado
UGT1B41;SUP SE - EMP_PIRAI, Vehicle, Diesel, CAMBIO AUTOMATICO OU SEMI AUTOMATICO, MERCEDES BENZ, COMBUSTÃO, REG_SUPPLY SE, CAVALO MECÂNICO, TRS_CONLOG, UNI_EMP PIRAI, 90 km/h;jan 29, 2026;69;Moderado;4.79%;5.24%;3.95%;Ótimo;Melhor;Melhor;Médio;;Baixo
1630;AMBEV, Vehicle, Diesel;jan 29, 2026;69;Moderado;4.46%;5.39%;3.80%;Ótimo;Melhor;Melhor;Médio;;Moderado
TXR0J60;SUP SE - EMP_NOVA RIO, Vehicle, Diesel, CAMBIO AUTOMATICO OU SEMI AUTOMATICO, MERCEDES BENZ, COMBUSTÃO, REG_SUPPLY SE, CAVALO MECÂNICO, TRS_FADEL, UNI_EMP NOVA RIO, 90 km/h;jan 29, 2026;69;Moderado;4.79%;5.25%;4.00%;Ótimo;Melhor;Melhor;Melhor;;Baixo
7952;AMBEV, Vehicle, Diesel;jan 29, 2026;69;Moderado;4.32%;5.26%;3.74%;Médio;Melhor;Melhor;Médio;;Moderado
UFY8F90;SUP SE - EMP_PIRAI, Vehicle, Diesel, CAMBIO AUTOMATICO OU SEMI AUTOMATICO, MERCEDES BENZ, COMBUSTÃO, REG_SUPPLY SE, CAVALO MECÂNICO, TRS_CONLOG, UNI_EMP PIRAI, 90 km/h;jan 29, 2026;69;Moderado;4.79%;5.24%;3.92%;Ótimo;Melhor;Melhor;Melhor;;Baixo
TTO7H63;AMBEV, Vehicle, Diesel;jan 29, 2026;69;Baixo;6.47%;7.83%;5.64%;Ótimo;Médio;Ótimo;Médio;;Alto
TIL7J06;ROTA NO_CDD CEARA, Vehicle, Diesel, CAMBIO MANUAL, MERCEDES BENZ, COMBUSTÃO, REG_MACRO REGIÃO NO, CAMINHÃO TOCO / TRUCK, TRS_FADEL, UNI_CDD CEARA, 80 km/h;jan 29, 2026;69;Baixo;5.83%;7.25%;4.96%;Ótimo;Médio;Médio;Médio;;Moderado
UDH0C15;ROTA SP_CDD TAUBATE, Vehicle, Diesel, CAMBIO MANUAL, MERCEDES BENZ, COMBUSTÃO, REG_MACRO REGIÃO SP, CAMINHÃO TOCO / TRUCK, TRS_FADEL, UNI_CDD TAUBATÉ, 80 km/h;jan 29, 2026;69;Baixo;4.78%;5.85%;4.16%;Médio;Médio;Médio;Médio;;Moderado
UFB4A99    ;ROTA SUL_CDD CURITIBA, Vehicle, Diesel, CAMBIO MANUAL, MERCEDES BENZ, COMBUSTÃO, REG_MACRO REGIÃO SUL, CAMINHÃO TOCO / TRUCK, TRS_IMEDIATO, UNI_CDD CURITIBA, 80 km/h;jan 29, 2026;69;Baixo;5.00%;6.08%;4.37%;Médio;Melhor;Ótimo;Médio;;Moderado
UDA4C35;ROTA SP_CDD EMBU, Vehicle, Diesel, CAMBIO MANUAL, MERCEDES BENZ, COMBUSTÃO, REG_MACRO REGIÃO SP, CAMINHÃO TOCO / TRUCK, TRS_IMEDIATO, UNI_CDD EMBU, 80 km/h;jan 29, 2026;69;Baixo;5.50%;6.53%;4.69%;Médio;Baixo desempenho;Médio;Baixo desempenho;;Alto
UFH5C28;ROTA RJ ES_CDD CAMPO GRANDE, Vehicle, CAMBIO MANUAL, VOLKSWAGEN, COMBUSTÃO, REG_MACRO REGIÃO RJ ES, CAMINHÃO TOCO / TRUCK, TRS_CONLOG, UNI_CDD CAMPO GRANDE, 80 km/h;jan 29, 2026;69;Baixo;5.88%;7.02%;5.13%;Médio;Ótimo;Médio;Médio;;Alto
TTM9G79;ROTA RJ ES_CDD JACAREPAGUA, Vehicle, Diesel, CAMBIO MANUAL, MERCEDES BENZ, COMBUSTÃO, REG_MACRO REGIÃO RJ ES, CAMINHÃO TOCO / TRUCK, TRS_FADEL, UNI_CDD JACAREPAGUA, 80 km/h;jan 29, 2026;69;Baixo;6.07%;7.22%;5.23%;Melhor;Ótimo;Melhor;Ótimo;;Alto
TOM9H17;ROTA RJ ES_CDD VITORIA, Vehicle, Diesel, CAMBIO MANUAL, MERCEDES BENZ, COMBUSTÃO, REG_MACRO REGIÃO RJ ES, CAMINHÃO TOCO / TRUCK, TRS_FADEL, UNI_CDD VITORIA, 80 km/h;jan 29, 2026;69;Baixo;5.33%;6.75%;4.55%;Médio;Médio;Médio;Médio;;Moderado
UEZ8G91;ROTA SP_CDD PRESID. PRUDENTE, Vehicle, Diesel, CAMBIO MANUAL, MERCEDES BENZ, COMBUSTÃO, REG_MACRO REGIÃO SP, CAMINHÃO TOCO / TRUCK, TRS_IMEDIATO, UNI_CDD PRESID. PRUDENTE, 80 km/h;jan 29, 2026;69;Baixo;5.84%;7.49%;5.07%;Ótimo;Médio;Médio;Médio;;Moderado
TXI8H29;SUP SE - EMP_NOVA RIO, Vehicle, Diesel, CAMBIO AUTOMATICO OU SEMI AUTOMATICO, MERCEDES BENZ, COMBUSTÃO, REG_SUPPLY SE, CAVALO MECÂNICO, TRS_FADEL, UNI_EMP NOVA RIO, 90 km/h;jan 29, 2026;70;Moderado;4.79%;5.18%;4.12%;Ótimo;Melhor;Melhor;Melhor;;Baixo
UEL5F92;ROTA SP_CDD PRESID. PRUDENTE, Vehicle, Diesel, CAMBIO MANUAL, MERCEDES BENZ, COMBUSTÃO, REG_MACRO REGIÃO SP, CAMINHÃO TOCO / TRUCK, TRS_IMEDIATO, UNI_CDD PRESID. PRUDENTE, 80 km/h;jan 29, 2026;70;Moderado;4.85%;5.37%;4.26%;Médio;Baixo desempenho;Melhor;Melhor;;Baixo
TXR8E93;SUP SE - EMP_NOVA RIO, Vehicle, Diesel, CAMBIO AUTOMATICO OU SEMI AUTOMATICO, MERCEDES BENZ, COMBUSTÃO, REG_SUPPLY SE, CAVALO MECÂNICO, TRS_FADEL, UNI_EMP NOVA RIO, 90 km/h;jan 29, 2026;70;Moderado;4.79%;5.25%;4.07%;Ótimo;Melhor;Melhor;Melhor;;Baixo
TKG7A56;SUP SUL - EMP_AGUDOS, Vehicle, Diesel, CAMBIO AUTOMATICO OU SEMI AUTOMATICO, MERCEDES BENZ, COMBUSTÃO, REG_SUPPLY SUL, CAVALO MECÂNICO, TRS_IMEDIATO, UNI_EMP AGUDOS, 90 km/h;jan 29, 2026;70;Moderado;4.92%;5.28%;4.54%;Médio;Melhor;Melhor;Melhor;;Baixo
UGM3E56;ROTA SUL_CDD CURITIBA, Vehicle, Diesel, CAMBIO MANUAL, MERCEDES BENZ, COMBUSTÃO, REG_MACRO REGIÃO SUL, CAMINHÃO TOCO / TRUCK, TRS_IMEDIATO, UNI_CDD CURITIBA, 80 km/h;jan 29, 2026;70;Moderado;4.26%;5.23%;3.60%;Médio;Melhor;Médio;Médio;;Baixo
UFG0C87;SUP COMG - EMP_UBERLANDIA, Vehicle, Diesel, CAMBIO AUTOMATICO OU SEMI AUTOMATICO, MERCEDES BENZ, COMBUSTÃO, REG_SUPPLY COMG, CAVALO MECÂNICO, TRS_IMEDIATO, UNI_EMP UBERLANDIA, 90 km/h;jan 29, 2026;70;Moderado;4.92%;5.37%;4.63%;Médio;Melhor;Melhor;Melhor;;Baixo
TXR8F14;SUP NE - EMP_AQUIRAZ, Vehicle, Diesel, CAMBIO AUTOMATICO OU SEMI AUTOMATICO, MERCEDES BENZ, COMBUSTÃO, REG_SUPPLY NE, CAVALO MECÂNICO, TRS_FADEL, UNI_EMP AQUIRAZ, 90 km/h;jan 29, 2026;70;Moderado;5.03%;5.86%;4.68%;Médio;Melhor;Melhor;Melhor;;Baixo
THH9D19;SUP NE - EMP_BAHIA, Vehicle, Diesel, CAMBIO AUTOMATICO OU SEMI AUTOMATICO, VOLVO, COMBUSTÃO, REG_SUPPLY NE, CAVALO MECÂNICO, TRS_HORIZONTE, UNI_EMP BAHIA, 90 km/h;jan 29, 2026;70;Moderado;4.79%;5.78%;3.91%;Ótimo;Melhor;Melhor;Melhor;;Baixo
TUK2G96;ROTA MG_CDD UBERABA, Vehicle, Diesel, CAMBIO MANUAL, MERCEDES BENZ, COMBUSTÃO, REG_MACRO REGIÃO MG, CAMINHÃO TOCO / TRUCK, TRS_FADEL, UNI_CDD UBERABA, 80 km/h;jan 29, 2026;70;Baixo;4.68%;5.81%;4.18%;Ótimo;Melhor;Médio;Médio;;Moderado
UDJ3E55;ROTA SUL_CDD CASCAVEL, Vehicle, Diesel, CAMBIO MANUAL, MERCEDES BENZ, COMBUSTÃO, REG_MACRO REGIÃO SUL, CAMINHÃO TOCO / TRUCK, TRS_LOG20, UNI_CDD CASCAVEL, 80 km/h;jan 29, 2026;70;Baixo;5.47%;7.73%;4.79%;Ótimo;Melhor;Ótimo;Melhor;;Baixo
UFR2G34;SUP COMG - EMP_UBERLANDIA, Vehicle, Diesel, CAMBIO AUTOMATICO OU SEMI AUTOMATICO, MERCEDES BENZ, COMBUSTÃO, REG_SUPPLY COMG, CAVALO MECÂNICO, TRS_IMEDIATO, UNI_EMP UBERLANDIA, 90 km/h;jan 29, 2026;71;Moderado;4.92%;5.33%;4.68%;Médio;Melhor;Melhor;Melhor;;Baixo
TXI9B08;SUP COMG - EMP_HUB NOVA MINAS, Vehicle, Diesel, CAMBIO AUTOMATICO OU SEMI AUTOMATICO, MERCEDES BENZ, COMBUSTÃO, REG_SUPPLY COMG, CAVALO MECÂNICO, TRS_FADEL, UNI_EMP HUB NOVA MINAS, 90 km/h;jan 29, 2026;71;Moderado;4.79%;5.25%;4.38%;Ótimo;Melhor;Melhor;Melhor;;Baixo
UDI6C88;SUP SE - EMP_PIRAI, Vehicle, Diesel, CAMBIO AUTOMATICO OU SEMI AUTOMATICO, MERCEDES BENZ, COMBUSTÃO, REG_SUPPLY SE, CAVALO MECÂNICO, TRS_CONLOG, UNI_EMP PIRAI, 90 km/h;jan 29, 2026;71;Moderado;4.73%;5.25%;4.03%;Médio;Melhor;Melhor;Médio;;Baixo
UEV4J57;SUP COMG - EMP_UBERLANDIA, Vehicle, Diesel, CAMBIO AUTOMATICO OU SEMI AUTOMATICO, MERCEDES BENZ, COMBUSTÃO, REG_SUPPLY COMG, CAVALO MECÂNICO, TRS_IMEDIATO, UNI_EMP UBERLANDIA, 90 km/h;jan 29, 2026;71;Moderado;4.79%;5.25%;4.22%;Ótimo;Melhor;Melhor;Melhor;;Baixo
TXQ9J98;ROTA NE_CDD JOAO PESSOA, Vehicle, Diesel, CAMBIO MANUAL, MERCEDES BENZ, COMBUSTÃO, REG_MACRO REGIÃO NE, CAMINHÃO TOCO / TRUCK, TRS_NEPOMUCENO, UNI_CDD JOAO PESSOA, 80 km/h;jan 29, 2026;71;Baixo;5.27%;6.50%;4.71%;Médio;Melhor;Melhor;Ótimo;;Alto
TTM8F02;AMBEV, Vehicle, Diesel;jan 29, 2026;71;Baixo;6.11%;7.43%;5.47%;Melhor;Melhor;Ótimo;Ótimo;;Alto
UDT6H98;ROTA SP_CDD TAUBATE, Vehicle, Diesel, CAMBIO MANUAL, MERCEDES BENZ, COMBUSTÃO, REG_MACRO REGIÃO SP, CAMINHÃO TOCO / TRUCK, TRS_FADEL, UNI_CDD TAUBATÉ, 80 km/h;jan 29, 2026;71;Baixo;5.67%;7.32%;5.04%;Médio;Melhor;Médio;Médio;;Moderado
TUU2A61;ROTA RJ ES_CDD PAVUNA, Vehicle, Diesel, CAMBIO MANUAL, MERCEDES BENZ, COMBUSTÃO, REG_MACRO REGIÃO RJ ES, CAMINHÃO TOCO / TRUCK, TRS_FADEL, UNI_CDD PAVUNA, 80 km/h;jan 29, 2026;71;Baixo;5.90%;7.23%;5.41%;Melhor;Médio;Melhor;Médio;;Alto
TUU2D93;ROTA RJ ES_CDD JACAREPAGUA, Vehicle, Diesel, Manually Classified Powertrain, CAMBIO MANUAL, MERCEDES BENZ, COMBUSTÃO, REG_MACRO REGIÃO RJ ES, CAMINHÃO TOCO / TRUCK, TRS_FADEL, UNI_CDD JACAREPAGUA, 80 km/h;jan 29, 2026;71;Baixo;6.10%;7.38%;5.42%;Melhor;Ótimo;Ótimo;Médio;;Alto
UED9E48;ROTA SUL_CDD FLORIANOPOLIS, Vehicle, CAMBIO MANUAL, VOLKSWAGEN, COMBUSTÃO, REG_MACRO REGIÃO SUL, CAMINHÃO TOCO / TRUCK, TRS_CONLOG, UNI_CDD FLORIANOPOLIS, 80 km/h;jan 29, 2026;71;Baixo;5.47%;6.63%;4.84%;Médio;Médio;Ótimo;Melhor;;Alto
UFG0G56;ROTA SUL_CDD FLORIANOPOLIS, Vehicle, CAMBIO MANUAL, VOLKSWAGEN, COMBUSTÃO, REG_MACRO REGIÃO SUL, CAMINHÃO TOCO / TRUCK, TRS_CONLOG, UNI_CDD FLORIANOPOLIS, 80 km/h;jan 29, 2026;71;Baixo;5.05%;6.31%;4.49%;Médio;Melhor;Médio;Médio;;Moderado
UEJ2F06;ROTA SP_CDD CAMPINAS, Vehicle, Diesel, CAMBIO MANUAL, MERCEDES BENZ, COMBUSTÃO, REG_MACRO REGIÃO SP, CAMINHÃO TOCO / TRUCK, TRS_IMEDIATO, UNI_CDD CAMPINAS, 80 km/h;jan 29, 2026;71;Baixo;4.78%;6.05%;4.34%;Médio;Médio;Médio;Médio;;Moderado
UFM8F10;ROTA SP_CDD SAO JOSE CAMPOS, Vehicle, Diesel, CAMBIO MANUAL, MERCEDES BENZ, COMBUSTÃO, REG_MACRO REGIÃO SP, CAMINHÃO TOCO / TRUCK, TRS_FADEL, UNI_CDD SÃO JOSÉ DOS CAMPOS, 80 km/h;jan 29, 2026;71;Baixo;5.31%;7.56%;4.60%;Ótimo;Médio;Médio;Médio;;Moderado
TUK2A79;ROTA RJ ES_CDD JACAREPAGUA, Vehicle, Diesel, CAMBIO MANUAL, MERCEDES BENZ, COMBUSTÃO, REG_MACRO REGIÃO RJ ES, CAMINHÃO TOCO / TRUCK, TRS_FADEL, UNI_CDD JACAREPAGUA, 80 km/h;jan 29, 2026;71;Baixo;5.89%;7.23%;5.18%;Melhor;Médio;Ótimo;Médio;;Alto
UDI3G06;ROTA RJ ES_CDD PETROPOLIS, Vehicle, Diesel, CAMBIO MANUAL, MERCEDES BENZ, COMBUSTÃO, REG_MACRO REGIÃO RJ ES, CAMINHÃO TOCO / TRUCK, TRS_LOG20, UNI_CDD PETROPOLIS, 80 km/h;jan 29, 2026;71;Baixo;4.74%;6.26%;3.95%;Ótimo;Médio;Médio;Médio;;Baixo
UFN4F65;SUP SE - EMP_JAGUARIUNA, Vehicle, Diesel, CAMBIO AUTOMATICO OU SEMI AUTOMATICO, MERCEDES BENZ, COMBUSTÃO, REG_SUPPLY SE, CAVALO MECÂNICO, TRS_IMEDIATO, UNI_EMP JAGUARIUNA, 90 km/h;jan 29, 2026;72;Moderado;4.79%;5.25%;4.44%;Ótimo;Melhor;Melhor;Melhor;;Baixo
UFF2D59;ROTA SP_CDD AGUDOS, Vehicle, Diesel, CAMBIO MANUAL, MERCEDES BENZ, COMBUSTÃO, REG_MACRO REGIÃO SP, CAMINHÃO TOCO / TRUCK, TRS_IMEDIATO, UNI_CDD AGUDOS, 80 km/h;jan 29, 2026;72;Moderado;4.36%;5.33%;3.83%;Médio;Melhor;Médio;Médio;;Moderado
QSO6I04;SUP COMG - EMP_UBERLANDIA, Vehicle, Diesel, CAMBIO AUTOMATICO OU SEMI AUTOMATICO, MERCEDES BENZ, COMBUSTÃO, REG_SUPPLY COMG, CAVALO MECÂNICO, TRS_IMEDIATO, UNI_EMP UBERLANDIA, 90 km/h;jan 29, 2026;72;Moderado;4.92%;5.37%;4.68%;Médio;Melhor;Melhor;Melhor;;Baixo
UDY2D84;SUP COMG - EMP_UBERLANDIA, Vehicle, Diesel, CAMBIO AUTOMATICO OU SEMI AUTOMATICO, MERCEDES BENZ, COMBUSTÃO, REG_SUPPLY COMG, CAVALO MECÂNICO, TRS_IMEDIATO, UNI_EMP UBERLANDIA, 90 km/h;jan 29, 2026;72;Moderado;5.03%;5.53%;4.74%;Médio;Melhor;Melhor;Melhor;;Baixo
TXI8H24;SUP COMG - EMP_HUB NOVA MINAS, Vehicle, Diesel, CAMBIO AUTOMATICO OU SEMI AUTOMATICO, MERCEDES BENZ, COMBUSTÃO, REG_SUPPLY COMG, CAVALO MECÂNICO, TRS_FADEL, UNI_EMP HUB NOVA MINAS, 90 km/h;jan 29, 2026;72;Moderado;4.68%;5.23%;3.85%;Ótimo;Melhor;Melhor;Melhor;;Baixo
UDH9H34;SUP SE - EMP_JACAREI, Vehicle, Diesel, CAMBIO AUTOMATICO OU SEMI AUTOMATICO, MERCEDES BENZ, COMBUSTÃO, REG_SUPPLY SE, CAVALO MECÂNICO, TRS_IMEDIATO, UNI_EMP JACAREI, 90 km/h;jan 29, 2026;72;Moderado;4.74%;5.21%;4.22%;Médio;Melhor;Melhor;Melhor;;Baixo
TTP7F74;ROTA RJ ES_CDD JACAREPAGUA, Vehicle, Diesel, CAMBIO MANUAL, MERCEDES BENZ, COMBUSTÃO, REG_MACRO REGIÃO RJ ES, CAMINHÃO TOCO / TRUCK, TRS_FADEL, UNI_CDD JACAREPAGUA, 80 km/h;jan 29, 2026;72;Baixo;6.15%;7.64%;5.56%;Ótimo;Ótimo;Ótimo;Médio;;Alto
UAT9F65;ROTA NO_CDD NATAL, Vehicle, Diesel, CAMBIO MANUAL, RENAULT, COMBUSTÃO, REG_MACRO REGIÃO NO, VANS, TRS_FADEL, UNI_CDD NATAL, 80 km/h;jan 29, 2026;72;Baixo;5.52%;8.26%;4.77%;Melhor;Médio;Médio;Médio;;Moderado
UGD9H47;ROTA SP_CDD SAO JOSE CAMPOS, Vehicle, Diesel, Manually Classified Powertrain, CAMBIO MANUAL, MERCEDES BENZ, COMBUSTÃO, REG_MACRO REGIÃO SP, CAMINHÃO TOCO / TRUCK, TRS_FADEL, UNI_CDD SÃO JOSÉ DOS CAMPOS, 80 km/h;jan 29, 2026;72;Baixo;5.48%;7.19%;5.04%;Médio;Médio;Médio;Médio;;Moderado
TOM9H40;ROTA RJ ES_CDD VITORIA, Vehicle, Diesel, CAMBIO MANUAL, MERCEDES BENZ, COMBUSTÃO, REG_MACRO REGIÃO RJ ES, CAMINHÃO TOCO / TRUCK, TRS_FADEL, UNI_CDD VITORIA, 80 km/h;jan 29, 2026;72;Baixo;4.84%;6.07%;4.37%;Médio;Médio;Médio;Melhor;;Moderado
UEE6A29;ROTA SP_CDD PRESID. PRUDENTE, Vehicle, Diesel, CAMBIO MANUAL, MERCEDES BENZ, COMBUSTÃO, REG_MACRO REGIÃO SP, CAMINHÃO TOCO / TRUCK, TRS_IMEDIATO, UNI_CDD PRESID. PRUDENTE, 80 km/h;jan 29, 2026;72;Baixo;4.92%;6.11%;4.18%;Ótimo;Melhor;Melhor;Melhor;;Baixo
UFS9F27;ROTA SP_CDD NORTE, Vehicle, Diesel, CAMBIO MANUAL, MERCEDES BENZ, COMBUSTÃO, REG_MACRO REGIÃO SP, CAMINHÃO TOCO / TRUCK, TRS_IMEDIATO, UNI_CDD NORTE, 80 km/h;jan 29, 2026;72;Baixo;5.39%;6.57%;4.88%;Ótimo;Médio;Médio;Médio;;Alto
QSQ6C18;ROTA SP_CDD BARUERI, Vehicle, Diesel, CAMBIO MANUAL, MERCEDES BENZ, COMBUSTÃO, REG_MACRO REGIÃO SP, CAMINHÃO TOCO / TRUCK, TRS_FADEL, UNI_CDD BARUERI, 80 km/h;jan 29, 2026;72;Baixo;5.86%;7.28%;5.34%;Médio;Ótimo;Médio;Médio;;Alto
TTL9H20;ROTA RJ ES_CDD PAVUNA, Vehicle, Diesel, CAMBIO MANUAL, MERCEDES BENZ, COMBUSTÃO, REG_MACRO REGIÃO RJ ES, CAMINHÃO TOCO / TRUCK, TRS_FADEL, UNI_CDD PAVUNA, 80 km/h;jan 29, 2026;72;Baixo;5.64%;6.93%;5.10%;Melhor;Baixo desempenho;Médio;Médio;;Alto
UDN2C75;ROTA SP_CDD CAMPINAS, Vehicle, Diesel, CAMBIO MANUAL, MERCEDES BENZ, COMBUSTÃO, REG_MACRO REGIÃO SP, CAMINHÃO TOCO / TRUCK, TRS_IMEDIATO, UNI_CDD CAMPINAS, 80 km/h;jan 29, 2026;72;Baixo;4.88%;6.11%;4.35%;Médio;Médio;Médio;Médio;;Moderado
UDB9C21;SUP COMG - EMP_JUATUBA, Vehicle, Diesel, CAMBIO AUTOMATICO OU SEMI AUTOMATICO, MERCEDES BENZ, COMBUSTÃO, REG_SUPPLY COMG, CAVALO MECÂNICO, TRS_NEPOMUCENO, UNI_EMP JUATUBA, 90 km/h;jan 29, 2026;72;Baixo;3.95%;5.21%;3.43%;Baixo desempenho;Melhor;Melhor;Ótimo;;Baixo
TOM6D30;ROTA RJ ES_CDD VITORIA, Vehicle, Diesel, CAMBIO MANUAL, MERCEDES BENZ, COMBUSTÃO, REG_MACRO REGIÃO RJ ES, CAMINHÃO TOCO / TRUCK, TRS_FADEL, UNI_CDD VITORIA, 80 km/h;jan 29, 2026;72;Baixo;5.50%;6.76%;4.84%;Médio;Médio;Médio;Médio;;Alto
UDA2A34;ROTA RJ ES_CDD PETROPOLIS, Vehicle, Diesel, CAMBIO MANUAL, MERCEDES BENZ, COMBUSTÃO, REG_MACRO REGIÃO RJ ES, CAMINHÃO TOCO / TRUCK, TRS_LOG20, UNI_CDD PETROPOLIS, 80 km/h;jan 29, 2026;73;Moderado;4.33%;5.24%;3.72%;Ótimo;Melhor;Médio;Médio;;Baixo
UDN4H46;SUP SE - EMP_JAGUARIUNA, Vehicle, Diesel, CAMBIO AUTOMATICO OU SEMI AUTOMATICO, MERCEDES BENZ, COMBUSTÃO, REG_SUPPLY SE, CAVALO MECÂNICO, TRS_IMEDIATO, UNI_EMP JAGUARIUNA, 90 km/h;jan 29, 2026;73;Moderado;4.73%;5.25%;4.26%;Médio;Melhor;Melhor;Médio;;Baixo
FWJ5F11;ROTA SP_CDD PRESID. PRUDENTE, Vehicle, Diesel, CAMBIO MANUAL, MERCEDES BENZ, COMBUSTÃO, REG_MACRO REGIÃO SP, CAMINHÃO TOCO / TRUCK, TRS_IMEDIATO, UNI_CDD PRESID. PRUDENTE, 80 km/h;jan 29, 2026;73;Moderado;4.65%;5.37%;4.00%;Médio;Melhor;Médio;Médio;;Baixo
QSU6I55;SUP COMG - EMP_UBERLANDIA, Vehicle, Diesel, CAMBIO AUTOMATICO OU SEMI AUTOMATICO, MERCEDES BENZ, COMBUSTÃO, REG_SUPPLY COMG, CAVALO MECÂNICO, TRS_IMEDIATO, UNI_EMP UBERLANDIA, 90 km/h;jan 29, 2026;73;Moderado;4.92%;5.37%;4.68%;Ótimo;Melhor;Melhor;Melhor;;Baixo
UDL7H94;SUP SUL - EMP_AGUDOS, Vehicle, Diesel, CAMBIO AUTOMATICO OU SEMI AUTOMATICO, MERCEDES BENZ, COMBUSTÃO, REG_SUPPLY SUL, CAVALO MECÂNICO, TRS_IMEDIATO, UNI_EMP AGUDOS, 90 km/h;jan 29, 2026;73;Moderado;4.79%;5.33%;4.41%;Ótimo;Melhor;Melhor;Melhor;;Baixo
UDT0C98;SUP COMG - EMP_CUIABA, Vehicle, Diesel, CAMBIO AUTOMATICO OU SEMI AUTOMATICO, MERCEDES BENZ, COMBUSTÃO, REG_SUPPLY COMG, CAVALO MECÂNICO, TRS_CONLOG, UNI_EMP CUIABA, 90 km/h;jan 29, 2026;73;Moderado;5.03%;5.55%;4.79%;Ótimo;Melhor;Melhor;Melhor;;Baixo
UHK3A64;ROTA NO_CDD BELEM, Vehicle, Diesel, CAMBIO MANUAL, MERCEDES BENZ, COMBUSTÃO, REG_MACRO REGIÃO NO, CAMINHÃO TOCO / TRUCK, TRS_HORIZONTE, UNI_CDD BELEM, 80 km/h;jan 29, 2026;73;Baixo;6.39%;8.77%;5.73%;Médio;Melhor;Médio;Médio;;Moderado
QSX6H29;ROTA SP_CDD DIADEMA, Vehicle, Diesel, Manually Classified Powertrain, CAMBIO MANUAL, MERCEDES BENZ, COMBUSTÃO, REG_MACRO REGIÃO SP, CAMINHÃO TOCO / TRUCK, TRS_LOG20, UNI_CDD DIADEMA, 80 km/h;jan 29, 2026;73;Baixo;5.64%;7.03%;5.12%;Ótimo;Ótimo;Médio;Médio;;Alto
TXR1A40;SUP SE - EMP_NOVA RIO, Vehicle, Diesel, CAMBIO AUTOMATICO OU SEMI AUTOMATICO, MERCEDES BENZ, COMBUSTÃO, REG_SUPPLY SE, CAVALO MECÂNICO, TRS_FADEL, UNI_EMP NOVA RIO, 90 km/h;jan 29, 2026;73;Baixo;4.57%;5.83%;4.18%;Ótimo;Melhor;Melhor;Melhor;;Moderado
UEK5E19;ROTA RJ ES_CDD PETROPOLIS, Vehicle, Diesel, CAMBIO MANUAL, MERCEDES BENZ, COMBUSTÃO, REG_MACRO REGIÃO RJ ES, CAMINHÃO TOCO / TRUCK, TRS_LOG20, UNI_CDD PETROPOLIS, 80 km/h;jan 29, 2026;73;Baixo;3.99%;5.08%;3.63%;Médio;Médio;Médio;Em risco;;Baixo
TUJ2D32;ROTA RJ ES_CDD JACAREPAGUA, Vehicle, Diesel, CAMBIO MANUAL, MERCEDES BENZ, COMBUSTÃO, REG_MACRO REGIÃO RJ ES, CAMINHÃO TOCO / TRUCK, TRS_FADEL, UNI_CDD JACAREPAGUA, 80 km/h;jan 29, 2026;73;Baixo;5.91%;7.53%;5.40%;Melhor;Médio;Ótimo;Médio;;Alto
UDV1H26;SUP SUL - EMP_AGUDOS, Vehicle, Diesel, CAMBIO AUTOMATICO OU SEMI AUTOMATICO, MERCEDES BENZ, COMBUSTÃO, REG_SUPPLY SUL, CAVALO MECÂNICO, TRS_IMEDIATO, UNI_EMP AGUDOS, 90 km/h;jan 29, 2026;74;Moderado;4.79%;5.33%;4.50%;Ótimo;Melhor;Melhor;Melhor;;Baixo
UDS1H04;SUP SE - EMP_JAGUARIUNA, Vehicle, Diesel, CAMBIO AUTOMATICO OU SEMI AUTOMATICO, MERCEDES BENZ, COMBUSTÃO, REG_SUPPLY SE, CAVALO MECÂNICO, TRS_IMEDIATO, UNI_EMP JAGUARIUNA, 90 km/h;jan 29, 2026;74;Moderado;4.62%;5.23%;3.90%;Médio;Melhor;Melhor;Médio;;Baixo
TKC5E95;SUP COMG - EMP_CUIABA, Vehicle, Diesel, CAMBIO AUTOMATICO OU SEMI AUTOMATICO, MERCEDES BENZ, COMBUSTÃO, REG_SUPPLY COMG, CAVALO MECÂNICO, TRS_CONLOG, UNI_EMP CUIABA, 90 km/h;jan 29, 2026;74;Moderado;5.03%;5.97%;4.74%;Médio;Melhor;Melhor;Melhor;;Baixo
UDW1F34;SUP SE - EMP_JAGUARIUNA, Vehicle, Diesel, CAMBIO AUTOMATICO OU SEMI AUTOMATICO, MERCEDES BENZ, COMBUSTÃO, REG_SUPPLY SE, CAVALO MECÂNICO, TRS_IMEDIATO, UNI_EMP JAGUARIUNA, 90 km/h;jan 29, 2026;74;Baixo;5.43%;7.24%;4.96%;Melhor;Melhor;Melhor;Médio;;Moderado
UEL1I95;SUP COMG - EMP_JUATUBA, Vehicle, Diesel, CAMBIO AUTOMATICO OU SEMI AUTOMATICO, MERCEDES BENZ, COMBUSTÃO, REG_SUPPLY COMG, CAVALO MECÂNICO, TRS_NEPOMUCENO, UNI_EMP JUATUBA, 90 km/h;jan 29, 2026;74;Baixo;5.36%;6.65%;4.87%;Baixo desempenho;Melhor;Melhor;Melhor;;Baixo
TTO7H68;ROTA RJ ES_CDD JACAREPAGUA, Vehicle, Diesel, CAMBIO MANUAL, MERCEDES BENZ, COMBUSTÃO, REG_MACRO REGIÃO RJ ES, CAMINHÃO TOCO / TRUCK, TRS_FADEL, UNI_CDD JACAREPAGUA, 80 km/h;jan 29, 2026;74;Baixo;5.87%;7.36%;5.35%;Ótimo;Médio;Ótimo;Médio;;Alto
TUU2G98;ROTA RJ ES_CDD PAVUNA, Vehicle, Diesel, CAMBIO MANUAL, MERCEDES BENZ, COMBUSTÃO, REG_MACRO REGIÃO RJ ES, CAMINHÃO TOCO / TRUCK, TRS_FADEL, UNI_CDD PAVUNA, 80 km/h;jan 29, 2026;74;Baixo;5.57%;6.96%;5.05%;Melhor;Médio;Médio;Médio;;Alto
UHK4I48;ROTA NE_CDD MACEIO, Vehicle, Diesel, CAMBIO MANUAL, MERCEDES BENZ, COMBUSTÃO, REG_MACRO REGIÃO NE, CAMINHÃO TOCO / TRUCK, TRS_HORIZONTE, UNI_CDD MACEIO, 80 km/h;jan 29, 2026;74;Baixo;5.13%;6.50%;4.75%;Ótimo;Melhor;Melhor;Melhor;;Alto
QSQ3I87;SUP COMG - EMP_UBERLANDIA, Vehicle, Diesel, CAMBIO AUTOMATICO OU SEMI AUTOMATICO, MERCEDES BENZ, COMBUSTÃO, REG_SUPPLY COMG, CAVALO MECÂNICO, TRS_IMEDIATO, UNI_EMP UBERLANDIA, 90 km/h;jan 29, 2026;75;Moderado;4.74%;5.37%;4.52%;Médio;Melhor;Melhor;Melhor;;Baixo
TXI9B67;SUP SE - EMP_NOVA RIO, Vehicle, Diesel, CAMBIO AUTOMATICO OU SEMI AUTOMATICO, MERCEDES BENZ, COMBUSTÃO, REG_SUPPLY SE, CAVALO MECÂNICO, TRS_FADEL, UNI_EMP NOVA RIO, 90 km/h;jan 29, 2026;75;Moderado;4.79%;5.33%;4.68%;Ótimo;Melhor;Médio;Melhor;;Baixo
TXR1A13;SUP NE - EMP_TERESINA, Vehicle, Diesel, CAMBIO AUTOMATICO OU SEMI AUTOMATICO, MERCEDES BENZ, COMBUSTÃO, REG_SUPPLY NE, CAVALO MECÂNICO, TRS_FADEL, UNI_EMP TERESINA, 90 km/h;jan 29, 2026;75;Moderado;4.92%;5.90%;4.71%;Médio;Melhor;Melhor;Melhor;;Baixo
TPW9F98;SUP SUL - EMP_LAGES, Vehicle, Diesel, CAMBIO AUTOMATICO OU SEMI AUTOMATICO, MERCEDES BENZ, COMBUSTÃO, REG_SUPPLY SUL, CAVALO MECÂNICO, TRS_RODALOG, UNI_EMP LAGES, 90 km/h;jan 29, 2026;75;Moderado;4.74%;5.25%;4.63%;Médio;Melhor;Melhor;Melhor;;Baixo
UGM9I75;SUP SUL - EMP_AGUDOS, Vehicle, Diesel, CAMBIO AUTOMATICO OU SEMI AUTOMATICO, MERCEDES BENZ, COMBUSTÃO, REG_SUPPLY SUL, CAVALO MECÂNICO, TRS_IMEDIATO, UNI_EMP AGUDOS, 90 km/h;jan 29, 2026;75;Moderado;4.79%;5.30%;4.63%;Ótimo;Melhor;Melhor;Melhor;;Baixo
TIX5C44;SUP SE - EMP_GUARULHOS, Vehicle, Diesel, CAMBIO AUTOMATICO OU SEMI AUTOMATICO, MERCEDES BENZ, COMBUSTÃO, REG_SUPPLY SE, CAVALO MECÂNICO, TRS_IMEDIATO, UNI_EMP GUARULHOS, 90 km/h;jan 29, 2026;75;Moderado;4.45%;5.25%;3.86%;Ótimo;Em risco;Médio;Melhor;;Moderado
UFH8G95;ROTA SP_CDD EMBU, Vehicle, Diesel, CAMBIO MANUAL, MERCEDES BENZ, COMBUSTÃO, REG_MACRO REGIÃO SP, CAMINHÃO TOCO / TRUCK, TRS_IMEDIATO, UNI_CDD EMBU, 80 km/h;jan 29, 2026;75;Baixo;5.23%;6.68%;4.81%;Médio;Médio;Médio;Baixo desempenho;;Alto
QSX1F91;ROTA SP_CDD PRESID. PRUDENTE, Vehicle, Diesel, CAMBIO MANUAL, MERCEDES BENZ, COMBUSTÃO, REG_MACRO REGIÃO SP, CAMINHÃO TOCO / TRUCK, TRS_IMEDIATO, UNI_CDD PRESID. PRUDENTE, 80 km/h;jan 29, 2026;75;Baixo;5.45%;7.50%;5.08%;Melhor;Médio;Médio;Médio;;Moderado
UDE5C98;ROTA SP_CDD EMBU, Vehicle, Diesel, CAMBIO MANUAL, MERCEDES BENZ, COMBUSTÃO, REG_MACRO REGIÃO SP, CAMINHÃO TOCO / TRUCK, TRS_IMEDIATO, UNI_CDD EMBU, 80 km/h;jan 29, 2026;75;Baixo;4.92%;6.42%;4.58%;Melhor;Médio;Médio;Baixo desempenho;;Alto
TUU2E50;ROTA MG_CDD UBERABA, Vehicle, Diesel, CAMBIO MANUAL, MERCEDES BENZ, COMBUSTÃO, REG_MACRO REGIÃO MG, CAMINHÃO TOCO / TRUCK, TRS_FADEL, UNI_CDD UBERABA, 80 km/h;jan 29, 2026;75;Baixo;5.34%;7.72%;4.83%;Ótimo;Melhor;Melhor;Melhor;;Baixo
UDK2B91;ROTA SP_CDD PRESID. PRUDENTE, Vehicle, Diesel, CAMBIO MANUAL, MERCEDES BENZ, COMBUSTÃO, REG_MACRO REGIÃO SP, CAMINHÃO TOCO / TRUCK, TRS_IMEDIATO, UNI_CDD PRESID. PRUDENTE, 80 km/h;jan 29, 2026;75;Baixo;5.32%;8.13%;4.92%;Médio;Melhor;Ótimo;Ótimo;;Baixo
UFA6I94;ROTA SP_CDD SUZANO, Vehicle, Diesel, CAMBIO MANUAL, MERCEDES BENZ, COMBUSTÃO, REG_MACRO REGIÃO SP, CAMINHÃO TOCO / TRUCK, TRS_NEPOMUCENO, UNI_CDD SUZANO, 80 km/h;jan 29, 2026;75;Baixo;4.87%;6.43%;4.58%;Médio;Melhor;Melhor;Melhor;;Moderado
RQP6D04;SUP NE - EMP_ESTANCIA, Vehicle, Diesel, CAMBIO AUTOMATICO OU SEMI AUTOMATICO, SCANIA, COMBUSTÃO, REG_SUPPLY NE, CAVALO MECÂNICO, TRS_GHISOLFI, UNI_EMP ESTANCIA, 90 km/h;jan 29, 2026;75;Baixo;5.25%;7.79%;4.92%;Melhor;Melhor;Melhor;Melhor;;Baixo
UFZ5E50;ROTA RJ ES_CDD MACACU, Vehicle, Diesel, CAMBIO MANUAL, MERCEDES BENZ, COMBUSTÃO, REG_MACRO REGIÃO RJ ES, CAMINHÃO TOCO / TRUCK, TRS_CONLOG, UNI_CDD MACACU, 80 km/h;jan 29, 2026;75;Baixo;4.00%;5.26%;3.74%;Ótimo;Melhor;Médio;Em risco;;Moderado
QSP8G05;SUP SE - EMP_JAGUARIUNA, Vehicle, Diesel, CAMBIO AUTOMATICO OU SEMI AUTOMATICO, MERCEDES BENZ, COMBUSTÃO, REG_SUPPLY SE, CAVALO MECÂNICO, TRS_IMEDIATO, UNI_EMP JAGUARIUNA, 90 km/h;jan 29, 2026;76;Moderado;4.68%;5.24%;4.33%;Ótimo;Melhor;Melhor;Melhor;;Baixo
SWY1I74;SUP COMG - EMP_CUIABA, Vehicle, Diesel, CAMBIO AUTOMATICO OU SEMI AUTOMATICO, MERCEDES BENZ, COMBUSTÃO, REG_SUPPLY COMG, CAVALO MECÂNICO, TRS_CONLOG, UNI_EMP CUIABA, 90 km/h;jan 29, 2026;76;Moderado;4.79%;5.37%;4.68%;Ótimo;Melhor;Melhor;Melhor;;Baixo
TUV2E84;ROTA RJ ES_CDD JACAREPAGUA, Vehicle, Diesel, CAMBIO MANUAL, MERCEDES BENZ, COMBUSTÃO, REG_MACRO REGIÃO RJ ES, CAMINHÃO TOCO / TRUCK, TRS_FADEL, UNI_CDD JACAREPAGUA, 80 km/h;jan 29, 2026;76;Baixo;5.66%;7.36%;5.35%;Melhor;Médio;Ótimo;Médio;;Alto
TUA2E67;ROTA RJ ES_CDD JACAREPAGUA, Vehicle, Diesel, CAMBIO MANUAL, MERCEDES BENZ, COMBUSTÃO, REG_MACRO REGIÃO RJ ES, CAMINHÃO TOCO / TRUCK, TRS_FADEL, UNI_CDD JACAREPAGUA, 80 km/h;jan 29, 2026;76;Baixo;5.56%;7.25%;5.21%;Ótimo;Melhor;Melhor;Ótimo;;Alto
5398;AMBEV, Vehicle, Diesel;jan 29, 2026;76;Baixo;5.17%;7.30%;4.82%;Melhor;Melhor;Melhor;Melhor;;Moderado
UDW0A53;SUP SE - EMP_GUARULHOS, Vehicle, Diesel, CAMBIO AUTOMATICO OU SEMI AUTOMATICO, MERCEDES BENZ, COMBUSTÃO, REG_SUPPLY SE, CAVALO MECÂNICO, TRS_IMEDIATO, UNI_EMP GUARULHOS, 90 km/h;jan 29, 2026;76;Baixo;4.34%;5.39%;3.92%;Médio;Melhor;Melhor;Médio;;Moderado
TXR1A03;SUP SE - EMP_NOVA RIO, Vehicle, Diesel, CAMBIO AUTOMATICO OU SEMI AUTOMATICO, MERCEDES BENZ, COMBUSTÃO, REG_SUPPLY SE, CAVALO MECÂNICO, TRS_FADEL, UNI_EMP NOVA RIO, 90 km/h;jan 29, 2026;76;Baixo;4.79%;7.39%;4.51%;Ótimo;Melhor;Melhor;Ótimo;;Baixo
TJG8G84;SUP SUL - EMP_AGUDOS, Vehicle, Diesel, CAMBIO AUTOMATICO OU SEMI AUTOMATICO, MERCEDES BENZ, COMBUSTÃO, REG_SUPPLY SUL, CAVALO MECÂNICO, TRS_IMEDIATO, UNI_EMP AGUDOS, 90 km/h;jan 29, 2026;77;Moderado;4.68%;5.33%;4.39%;Ótimo;Melhor;Melhor;Melhor;;Baixo
UDE6D09;ROTA RJ ES_CDD PETROPOLIS, Vehicle, Diesel, CAMBIO MANUAL, MERCEDES BENZ, COMBUSTÃO, REG_MACRO REGIÃO RJ ES, CAMINHÃO TOCO / TRUCK, TRS_LOG20, UNI_CDD PETROPOLIS, 80 km/h;jan 29, 2026;77;Moderado;4.26%;5.25%;3.82%;Ótimo;Melhor;Em risco;Em risco;;Baixo
TLB6A85;SUP COMG - EMP_UBERLANDIA, Vehicle, Diesel, CAMBIO AUTOMATICO OU SEMI AUTOMATICO, MERCEDES BENZ, COMBUSTÃO, REG_SUPPLY COMG, CAVALO MECÂNICO, TRS_IMEDIATO, UNI_EMP UBERLANDIA, 90 km/h;jan 29, 2026;77;Moderado;4.63%;5.25%;4.28%;Médio;Melhor;Melhor;Melhor;;Baixo
UEO6B04;SUP COMG - EMP_JUATUBA, Vehicle, Diesel, CAMBIO AUTOMATICO OU SEMI AUTOMATICO, MERCEDES BENZ, COMBUSTÃO, REG_SUPPLY COMG, CAVALO MECÂNICO, TRS_NEPOMUCENO, UNI_EMP JUATUBA, 90 km/h;jan 29, 2026;77;Moderado;4.63%;5.25%;4.34%;Médio;Melhor;Melhor;Melhor;;Baixo
UDC1H42;SUP COMG - EMP_CUIABA, Vehicle, Diesel, CAMBIO AUTOMATICO OU SEMI AUTOMATICO, MERCEDES BENZ, COMBUSTÃO, REG_SUPPLY COMG, CAVALO MECÂNICO, TRS_CONLOG, UNI_EMP CUIABA, 90 km/h;jan 29, 2026;77;Moderado;4.92%;5.66%;4.79%;Ótimo;Melhor;Melhor;Melhor;;Baixo
UAT9F67;ROTA NO_CDD NATAL, Vehicle, Diesel, CAMBIO MANUAL, RENAULT, COMBUSTÃO, REG_MACRO REGIÃO NO, VANS, TRS_FADEL, UNI_CDD NATAL, 80 km/h;jan 29, 2026;77;Baixo;5.07%;8.22%;4.84%;Melhor;Médio;Médio;Ótimo;;Moderado
UDQ8D86;ROTA RJ ES_CDD PETROPOLIS, Vehicle, Diesel, CAMBIO MANUAL, MERCEDES BENZ, COMBUSTÃO, REG_MACRO REGIÃO RJ ES, CAMINHÃO TOCO / TRUCK, TRS_LOG20, UNI_CDD PETROPOLIS, 80 km/h;jan 29, 2026;77;Baixo;3.90%;5.16%;3.80%;Ótimo;Baixo desempenho;Em risco;Em risco;;Baixo
TTR5E47;ROTA RJ ES_CDD JACAREPAGUA, Vehicle, Diesel, CAMBIO MANUAL, MERCEDES BENZ, COMBUSTÃO, REG_MACRO REGIÃO RJ ES, CAMINHÃO TOCO / TRUCK, TRS_FADEL, UNI_CDD JACAREPAGUA, 80 km/h;jan 29, 2026;77;Baixo;5.72%;7.56%;5.52%;Melhor;Médio;Ótimo;Médio;;Alto
FWZ3F81;ROTA SP_CDD PRESID. PRUDENTE, Vehicle, Diesel, CAMBIO MANUAL, MERCEDES BENZ, COMBUSTÃO, REG_MACRO REGIÃO SP, CAMINHÃO TOCO / TRUCK, TRS_IMEDIATO, UNI_CDD PRESID. PRUDENTE, 80 km/h;jan 29, 2026;77;Baixo;5.11%;8.10%;4.91%;Ótimo;Melhor;Médio;Médio;;Moderado
TJR6F17;ROTA SP_CDD TAUBATE, Vehicle, Diesel, CAMBIO MANUAL, MERCEDES BENZ, COMBUSTÃO, REG_MACRO REGIÃO SP, CAMINHÃO TOCO / TRUCK, TRS_FADEL, UNI_CDD TAUBATÉ, 80 km/h;jan 29, 2026;77;Baixo;3.63%;5.03%;3.49%;Médio;Médio;Médio;Em risco;;Baixo
TXR0A14;ROTA NE_CDD JOAO PESSOA, Vehicle, Diesel, CAMBIO MANUAL, MERCEDES BENZ, COMBUSTÃO, REG_MACRO REGIÃO NE, CAMINHÃO TOCO / TRUCK, TRS_NEPOMUCENO, UNI_CDD JOAO PESSOA, 80 km/h;jan 29, 2026;77;Baixo;4.88%;6.53%;4.77%;Ótimo;Melhor;Melhor;Melhor;;Moderado
GCY8I52;ROTA RJ ES_CDD SAO CRISTOVAO, Vehicle, Diesel, CAMBIO MANUAL, MERCEDES BENZ, COMBUSTÃO, REG_MACRO REGIÃO RJ ES, CAMINHÃO TOCO / TRUCK, TRS_LOG20, UNI_CDD SÃO CRISTOVAO, 80 km/h;jan 29, 2026;77;Baixo;5.72%;7.50%;5.48%;Melhor;Médio;Médio;Médio;;Alto
UDE7B77;ROTA SP_CDD PRAIA GRANDE, Vehicle, Diesel, CAMBIO MANUAL, MERCEDES BENZ, COMBUSTÃO, REG_MACRO REGIÃO SP, CAMINHÃO TOCO / TRUCK, TRS_LOG20, UNI_CDD PRAIA GRANDE, 80 km/h;jan 29, 2026;77;Baixo;5.17%;7.23%;4.90%;Médio;Médio;Ótimo;Médio;;Moderado
UGP1D90;SUP COMG - EMP_JUATUBA, Vehicle, Diesel, CAMBIO AUTOMATICO OU SEMI AUTOMATICO, MERCEDES BENZ, COMBUSTÃO, REG_SUPPLY COMG, CAVALO MECÂNICO, TRS_NEPOMUCENO, UNI_EMP JUATUBA, 90 km/h;jan 29, 2026;77;Baixo;5.30%;6.84%;5.03%;Em risco;Melhor;Melhor;Melhor;;Baixo
UDM7E58;ROTA SP_CDD DIADEMA, Vehicle, Diesel, CAMBIO MANUAL, MERCEDES BENZ, COMBUSTÃO, REG_MACRO REGIÃO SP, CAMINHÃO TOCO / TRUCK, TRS_LOG20, UNI_CDD DIADEMA, 80 km/h;jan 29, 2026;77;Baixo;5.61%;7.39%;5.35%;Médio;Melhor;Ótimo;Médio;;Alto
TXR1A30;SUP SE - EMP_NOVA RIO, Vehicle, Diesel, CAMBIO AUTOMATICO OU SEMI AUTOMATICO, MERCEDES BENZ, COMBUSTÃO, REG_SUPPLY SE, CAVALO MECÂNICO, TRS_FADEL, UNI_EMP NOVA RIO, 90 km/h;jan 29, 2026;77;Baixo;4.79%;7.51%;4.58%;Ótimo;Melhor;Melhor;Ótimo;;Baixo
UDL2I44;SUP SUL - EMP_AGUDOS, Vehicle, Diesel, CAMBIO AUTOMATICO OU SEMI AUTOMATICO, MERCEDES BENZ, COMBUSTÃO, REG_SUPPLY SUL, CAVALO MECÂNICO, TRS_IMEDIATO, UNI_EMP AGUDOS, 90 km/h;jan 29, 2026;78;Moderado;4.68%;5.28%;4.53%;Ótimo;Melhor;Melhor;Melhor;;Baixo
UDJ4B04;SUP SUL - EMP_AGUDOS, Vehicle, Diesel, CAMBIO AUTOMATICO OU SEMI AUTOMATICO, MERCEDES BENZ, COMBUSTÃO, REG_SUPPLY SUL, CAVALO MECÂNICO, TRS_IMEDIATO, UNI_EMP AGUDOS, 90 km/h;jan 29, 2026;78;Moderado;4.68%;5.25%;4.53%;Ótimo;Melhor;Melhor;Melhor;;Baixo
UEB0B93;SUP SE - EMP_JACAREI, Vehicle, Diesel, CAMBIO AUTOMATICO OU SEMI AUTOMATICO, MERCEDES BENZ, COMBUSTÃO, REG_SUPPLY SE, CAVALO MECÂNICO, TRS_IMEDIATO, UNI_EMP JACAREI, 90 km/h;jan 29, 2026;78;Moderado;4.45%;5.21%;4.21%;Médio;Melhor;Melhor;Médio;;Baixo
UDE0J54;SUP COMG - EMP_UBERLANDIA, Vehicle, Diesel, CAMBIO AUTOMATICO OU SEMI AUTOMATICO, MERCEDES BENZ, COMBUSTÃO, REG_SUPPLY COMG, CAVALO MECÂNICO, TRS_IMEDIATO, UNI_EMP UBERLANDIA, 90 km/h;jan 29, 2026;78;Moderado;4.74%;5.32%;4.68%;Médio;Melhor;Melhor;Melhor;;Baixo
UEY0J75;SUP SUL - EMP_AGUDOS, Vehicle, Diesel, CAMBIO AUTOMATICO OU SEMI AUTOMATICO, MERCEDES BENZ, COMBUSTÃO, REG_SUPPLY SUL, CAVALO MECÂNICO, TRS_IMEDIATO, UNI_EMP AGUDOS, 90 km/h;jan 29, 2026;78;Moderado;4.68%;5.25%;4.45%;Ótimo;Melhor;Melhor;Melhor;;Baixo
UFY1H77;SUP COMG - EMP_UBERLANDIA, Vehicle, Diesel, CAMBIO AUTOMATICO OU SEMI AUTOMATICO, MERCEDES BENZ, COMBUSTÃO, REG_SUPPLY COMG, CAVALO MECÂNICO, TRS_IMEDIATO, UNI_EMP UBERLANDIA, 90 km/h;jan 29, 2026;78;Moderado;4.79%;5.37%;4.68%;Ótimo;Melhor;Melhor;Melhor;;Baixo
QSV4F74;SUP SUL - EMP_AGUDOS, Vehicle, Diesel, CAMBIO AUTOMATICO OU SEMI AUTOMATICO, MERCEDES BENZ, COMBUSTÃO, REG_SUPPLY SUL, CAVALO MECÂNICO, TRS_IMEDIATO, UNI_EMP AGUDOS, 90 km/h;jan 29, 2026;78;Moderado;4.68%;5.25%;4.53%;Ótimo;Melhor;Melhor;Melhor;;Baixo
UDL1B89;SUP SUL - EMP_PONTA GROSSA, Vehicle, Diesel, CAMBIO AUTOMATICO OU SEMI AUTOMATICO, MERCEDES BENZ, COMBUSTÃO, REG_SUPPLY SUL, CAVALO MECÂNICO, TRS_LOG20, UNI_EMP PONTA GROSSA, 90 km/h;jan 29, 2026;78;Moderado;4.73%;5.37%;4.68%;Médio;Melhor;Melhor;Médio;;Baixo
RPH1B50;AMBEV, Vehicle, Diesel;jan 29, 2026;78;Baixo;4.92%;6.17%;4.79%;Médio;Melhor;Melhor;Melhor;;Baixo
UDL4A36;ROTA SUL_CDD CASCAVEL, Vehicle, Diesel, CAMBIO MANUAL, MERCEDES BENZ, COMBUSTÃO, REG_MACRO REGIÃO SUL, CAMINHÃO TOCO / TRUCK, TRS_LOG20, UNI_CDD CASCAVEL, 80 km/h;jan 29, 2026;78;Baixo;5.08%;7.35%;4.93%;Médio;Melhor;Melhor;Médio;;Moderado
TUU2A62;ROTA RJ ES_CDD PAVUNA, Vehicle, Diesel, CAMBIO MANUAL, MERCEDES BENZ, COMBUSTÃO, REG_MACRO REGIÃO RJ ES, CAMINHÃO TOCO / TRUCK, TRS_FADEL, UNI_CDD PAVUNA, 80 km/h;jan 29, 2026;78;Baixo;5.09%;6.76%;4.90%;Melhor;Médio;Médio;Baixo desempenho;;Alto
UEN6B50;ROTA SUL_CDD CURITIBA, Vehicle, Diesel, CAMBIO MANUAL, MERCEDES BENZ, COMBUSTÃO, REG_MACRO REGIÃO SUL, CAMINHÃO TOCO / TRUCK, TRS_IMEDIATO, UNI_CDD CURITIBA, 80 km/h;jan 29, 2026;78;Baixo;4.16%;5.64%;4.07%;Médio;Médio;Médio;Médio;;Moderado
TTL9H18;ROTA RJ ES_CDD PAVUNA, Vehicle, Diesel, CAMBIO MANUAL, MERCEDES BENZ, COMBUSTÃO, REG_MACRO REGIÃO RJ ES, CAMINHÃO TOCO / TRUCK, TRS_FADEL, UNI_CDD PAVUNA, 80 km/h;jan 29, 2026;78;Baixo;5.01%;6.74%;4.85%;Médio;Médio;Médio;Médio;;Alto
UDM7E73;ROTA SP_CDD DIADEMA, Vehicle, Diesel, CAMBIO MANUAL, MERCEDES BENZ, COMBUSTÃO, REG_MACRO REGIÃO SP, CAMINHÃO TOCO / TRUCK, TRS_LOG20, UNI_CDD DIADEMA, 80 km/h;jan 29, 2026;78;Baixo;5.84%;7.82%;5.66%;Melhor;Ótimo;Melhor;Médio;;Alto
UGQ3H96;SUP COMG - EMP_UBERLANDIA, Vehicle, Diesel, CAMBIO AUTOMATICO OU SEMI AUTOMATICO, MERCEDES BENZ, COMBUSTÃO, REG_SUPPLY COMG, CAVALO MECÂNICO, TRS_IMEDIATO, UNI_EMP UBERLANDIA, 90 km/h;jan 29, 2026;79;Moderado;4.74%;5.37%;4.68%;Médio;Melhor;Melhor;Melhor;;Baixo
UEQ7D85;SUP SUL - EMP_AGUDOS, Vehicle, Diesel, CAMBIO AUTOMATICO OU SEMI AUTOMATICO, MERCEDES BENZ, COMBUSTÃO, REG_SUPPLY SUL, CAVALO MECÂNICO, TRS_IMEDIATO, UNI_EMP AGUDOS, 90 km/h;jan 29, 2026;79;Moderado;4.68%;5.30%;4.63%;Ótimo;Baixo desempenho;Melhor;Melhor;;Baixo
UER6E22;ROTA SP_CDD PRESID. PRUDENTE, Vehicle, Diesel, CAMBIO MANUAL, MERCEDES BENZ, COMBUSTÃO, REG_MACRO REGIÃO SP, CAMINHÃO TOCO / TRUCK, TRS_IMEDIATO, UNI_CDD PRESID. PRUDENTE, 80 km/h;jan 29, 2026;79;Moderado;4.53%;5.37%;4.45%;Médio;Melhor;Médio;Médio;;Moderado
UFI8A55;SUP SUL - EMP_AGUDOS, Vehicle, Diesel, CAMBIO AUTOMATICO OU SEMI AUTOMATICO, MERCEDES BENZ, COMBUSTÃO, REG_SUPPLY SUL, CAVALO MECÂNICO, TRS_IMEDIATO, UNI_EMP AGUDOS, 90 km/h;jan 29, 2026;79;Moderado;4.68%;5.33%;4.63%;Ótimo;Melhor;Melhor;Melhor;;Baixo
UEI2C56;SUP COMG - EMP_UBERLANDIA, Vehicle, Diesel, CAMBIO AUTOMATICO OU SEMI AUTOMATICO, MERCEDES BENZ, COMBUSTÃO, REG_SUPPLY COMG, CAVALO MECÂNICO, TRS_IMEDIATO, UNI_EMP UBERLANDIA, 90 km/h;jan 29, 2026;79;Moderado;4.92%;5.55%;4.79%;Ótimo;Melhor;Melhor;Melhor;;Baixo
UDR5H56;SUP SUL - EMP_PONTA GROSSA, Vehicle, Diesel, CAMBIO AUTOMATICO OU SEMI AUTOMATICO, MERCEDES BENZ, COMBUSTÃO, REG_SUPPLY SUL, CAVALO MECÂNICO, TRS_LOG20, UNI_EMP PONTA GROSSA, 90 km/h;jan 29, 2026;79;Moderado;4.63%;5.25%;4.52%;Médio;Melhor;Melhor;Melhor;;Baixo
TXQ9G71;ROTA NE_CDD VIT DA CONQUISTA, Vehicle, Diesel, CAMBIO MANUAL, MERCEDES BENZ, COMBUSTÃO, REG_MACRO REGIÃO NE, CAMINHÃO TOCO / TRUCK, TRS_NEPOMUCENO, UNI_CDD VIT DA CONQUISTA, 80 km/h;jan 29, 2026;79;Moderado;4.47%;5.37%;4.45%;Melhor;Melhor;Médio;Médio;;Baixo
TOM9H35;ROTA RJ ES_CDD VITORIA, Vehicle, Diesel, CAMBIO MANUAL, MERCEDES BENZ, COMBUSTÃO, REG_MACRO REGIÃO RJ ES, CAMINHÃO TOCO / TRUCK, TRS_FADEL, UNI_CDD VITORIA, 80 km/h;jan 29, 2026;79;Baixo;4.53%;6.21%;4.47%;Médio;Baixo desempenho;Médio;Médio;;Moderado
UEM1A25;ROTA RJ ES_CDD MACACU, Vehicle, Diesel, CAMBIO MANUAL, MERCEDES BENZ, COMBUSTÃO, REG_MACRO REGIÃO RJ ES, CAMINHÃO TOCO / TRUCK, TRS_CONLOG, UNI_CDD MACACU, 80 km/h;jan 29, 2026;79;Baixo;4.61%;7.13%;4.53%;Melhor;Melhor;Ótimo;Médio;;Moderado
TXO9D75;ROTA NE_CDD ILHEUS, Vehicle, Diesel, CAMBIO MANUAL, MERCEDES BENZ, COMBUSTÃO, REG_MACRO REGIÃO NE, CAMINHÃO TOCO / TRUCK, TRS_NEPOMUCENO, UNI_CDD ILHEUS, 80 km/h;jan 29, 2026;80;Moderado;4.47%;5.37%;4.51%;Médio;Melhor;Médio;Médio;;Baixo
UDR0J65;SUP SUL - EMP_AGUDOS, Vehicle, Diesel, CAMBIO AUTOMATICO OU SEMI AUTOMATICO, MERCEDES BENZ, COMBUSTÃO, REG_SUPPLY SUL, CAVALO MECÂNICO, TRS_IMEDIATO, UNI_EMP AGUDOS, 90 km/h;jan 29, 2026;80;Moderado;4.68%;5.34%;4.65%;Ótimo;Melhor;Melhor;Melhor;;Baixo
QSQ6G08;ROTA SP_CDD SAO JOSE CAMPOS, Vehicle, Diesel, CAMBIO MANUAL, MERCEDES BENZ, COMBUSTÃO, REG_MACRO REGIÃO SP, CAMINHÃO TOCO / TRUCK, TRS_FADEL, UNI_CDD SÃO JOSÉ DOS CAMPOS, 80 km/h;jan 29, 2026;80;Baixo;5.07%;7.31%;5.05%;Médio;Melhor;Ótimo;Médio;;Moderado
TXI9B61;SUP SE - EMP_NOVA RIO, Vehicle, Diesel, CAMBIO AUTOMATICO OU SEMI AUTOMATICO, MERCEDES BENZ, COMBUSTÃO, REG_SUPPLY SE, CAVALO MECÂNICO, TRS_FADEL, UNI_EMP NOVA RIO, 90 km/h;jan 29, 2026;80;Baixo;4.20%;5.71%;4.21%;Médio;Médio;Melhor;Médio;;Moderado
QSS6D23;ROTA SP_CDD DIADEMA, Vehicle, Diesel, CAMBIO MANUAL, MERCEDES BENZ, COMBUSTÃO, REG_MACRO REGIÃO SP, CAMINHÃO TOCO / TRUCK, TRS_LOG20, UNI_CDD DIADEMA, 80 km/h;jan 29, 2026;80;Baixo;5.22%;7.03%;5.20%;Médio;Ótimo;Ótimo;Ótimo;;Alto
UFB0B82;ROTA SP_CDD AGUDOS, Vehicle, Diesel, CAMBIO MANUAL, MERCEDES BENZ, COMBUSTÃO, REG_MACRO REGIÃO SP, CAMINHÃO TOCO / TRUCK, TRS_IMEDIATO, UNI_CDD AGUDOS, 80 km/h;jan 29, 2026;80;Baixo;3.68%;5.32%;3.74%;Ótimo;Melhor;Médio;Médio;;Moderado
UEX0F87;ROTA SP_CDD CAMPINAS, Vehicle, Diesel, CAMBIO MANUAL, MERCEDES BENZ, COMBUSTÃO, REG_MACRO REGIÃO SP, CAMINHÃO TOCO / TRUCK, TRS_IMEDIATO, UNI_CDD CAMPINAS, 80 km/h;jan 29, 2026;80;Baixo;4.23%;5.99%;4.26%;Médio;Médio;Médio;Médio;;Moderado
Q5S6E76;ROTA SP_CDD NORTE, Vehicle, Diesel, CAMBIO MANUAL, MERCEDES BENZ, COMBUSTÃO, REG_MACRO REGIÃO SP, CAMINHÃO TOCO / TRUCK, TRS_IMEDIATO, UNI_CDD NORTE, 80 km/h;jan 29, 2026;80;Baixo;4.80%;6.70%;4.85%;Médio;Baixo desempenho;Médio;Baixo desempenho;;Alto
UFA5H96;ROTA RJ ES_CDD MACACU, Vehicle, CAMBIO AUTOMATICO OU SEMI AUTOMATICO, VOLKSWAGEN, COMBUSTÃO, REG_MACRO REGIÃO RJ ES, CAVALO MECÂNICO, TRS_CONLOG, UNI_CDD MACACU, 90 km/h;jan 29, 2026;80;Baixo;3.78%;5.16%;3.77%;Médio;Melhor;Médio;Baixo desempenho;;Moderado
UGL8J25;ROTA SP_CDD TAUBATE, Vehicle, Diesel, CAMBIO MANUAL, MERCEDES BENZ, COMBUSTÃO, REG_MACRO REGIÃO SP, CAMINHÃO TOCO / TRUCK, TRS_FADEL, UNI_CDD TAUBATÉ, 80 km/h;jan 29, 2026;80;Baixo;4.32%;6.04%;4.31%;Médio;Em risco;Médio;Médio;;Moderado
UGT8G11;ROTA SP_CDD PRESID. PRUDENTE, Vehicle, Diesel, CAMBIO MANUAL, MERCEDES BENZ, COMBUSTÃO, REG_MACRO REGIÃO SP, CAMINHÃO TOCO / TRUCK, TRS_IMEDIATO, UNI_CDD PRESID. PRUDENTE, 80 km/h;jan 29, 2026;80;Baixo;3.98%;5.38%;3.98%;Médio;Melhor;Médio;Médio;;Baixo
SUG8I65;SUP SE - EMP_JAGUARIUNA, Vehicle, Diesel, CAMBIO AUTOMATICO OU SEMI AUTOMATICO, MERCEDES BENZ, COMBUSTÃO, REG_SUPPLY SE, CAVALO MECÂNICO, TRS_IMEDIATO, UNI_EMP JAGUARIUNA, 90 km/h;jan 29, 2026;80;Baixo;4.74%;7.66%;4.77%;Médio;Melhor;Melhor;Melhor;;Baixo
UGK1A26;SUP SUL - EMP_AGUDOS, Vehicle, Diesel, CAMBIO AUTOMATICO OU SEMI AUTOMATICO, MERCEDES BENZ, COMBUSTÃO, REG_SUPPLY SUL, CAVALO MECÂNICO, TRS_IMEDIATO, UNI_EMP AGUDOS, 90 km/h;jan 29, 2026;81;Moderado;4.68%;5.37%;4.68%;Ótimo;Melhor;Melhor;Melhor;;Baixo
TIL8C66;ROTA NO_CDD CEARA, Vehicle, Diesel, CAMBIO MANUAL, MERCEDES BENZ, REG_MACRO REGIÃO NO, CAMINHÃO TOCO / TRUCK, TRS_FADEL, UNI_CDD CEARA, 80 km/h;jan 29, 2026;81;Baixo;4.66%;7.68%;4.68%;Melhor;Melhor;Médio;Médio;;Baixo
TTQ9A78;ROTA MG_CDD UBERLANDIA, Vehicle, Diesel, CAMBIO MANUAL, MERCEDES BENZ, COMBUSTÃO, REG_MACRO REGIÃO MG, CAMINHÃO TOCO / TRUCK, TRS_FADEL, UNI_CDD UBERLANDIA, 80 km/h;jan 29, 2026;81;Baixo;4.61%;6.52%;4.70%;Médio;Baixo desempenho;Médio;Médio;;Alto
TOM9H29;ROTA RJ ES_CDD VITORIA, Vehicle, Diesel, CAMBIO MANUAL, MERCEDES BENZ, COMBUSTÃO, REG_MACRO REGIÃO RJ ES, CAMINHÃO TOCO / TRUCK, TRS_FADEL, UNI_CDD VITORIA, 80 km/h;jan 29, 2026;81;Baixo;4.26%;5.89%;4.29%;Médio;Baixo desempenho;Médio;Médio;;Moderado
UDI2G29;ROTA SP_CDD PRAIA GRANDE, Vehicle, Diesel, CAMBIO MANUAL, MERCEDES BENZ, COMBUSTÃO, REG_MACRO REGIÃO SP, CAMINHÃO TOCO / TRUCK, TRS_LOG20, UNI_CDD PRAIA GRANDE, 80 km/h;jan 29, 2026;81;Baixo;4.27%;6.06%;4.33%;Médio;Baixo desempenho;Médio;Ótimo;;Moderado
TMC1A46;AMBEV, Vehicle, Diesel, CAMBIO MANUAL, MERCEDES BENZ, COMBUSTÃO, REG_MACRO REGIÃO SP, CAMINHÃO TOCO / TRUCK, TRS_FADEL, UNI_CDD SÃO JOSÉ DOS CAMPOS, 80 km/h;jan 29, 2026;81;Baixo;4.49%;6.45%;4.61%;Médio;Médio;Médio;Médio;;Alto
UGN5D14 ;SUP SE - EMP_GUARULHOS, Vehicle, Diesel, CAMBIO AUTOMATICO OU SEMI AUTOMATICO, MERCEDES BENZ, COMBUSTÃO, REG_SUPPLY SE, CAVALO MECÂNICO, TRS_IMEDIATO, UNI_EMP GUARULHOS, 90 km/h;jan 29, 2026;81;Baixo;3.84%;5.25%;3.93%;Médio;Melhor;Melhor;Médio;;Moderado
UEL2H32;ROTA SP_CDD PRESID. PRUDENTE, Vehicle, Diesel, CAMBIO MANUAL, MERCEDES BENZ, COMBUSTÃO, REG_MACRO REGIÃO SP, CAMINHÃO TOCO / TRUCK, TRS_IMEDIATO, UNI_CDD PRESID. PRUDENTE, 80 km/h;jan 29, 2026;81;Baixo;5.03%;8.42%;5.08%;Ótimo;Melhor;Melhor;Melhor;;Baixo
TXI9B28;SUP COMG - EMP_HUB NOVA MINAS, Vehicle, Diesel, Manually Classified Powertrain, CAMBIO AUTOMATICO OU SEMI AUTOMATICO, MERCEDES BENZ, COMBUSTÃO, REG_SUPPLY COMG, CAVALO MECÂNICO, TRS_FADEL, UNI_EMP HUB NOVA MINAS, 90 km/h;jan 29, 2026;82;Moderado;4.79%;5.65%;4.79%;Ótimo;Melhor;Melhor;Melhor;;Baixo
TXR0J95;SUP SE - EMP_NOVA RIO, Vehicle, Diesel, CAMBIO AUTOMATICO OU SEMI AUTOMATICO, MERCEDES BENZ, COMBUSTÃO, REG_SUPPLY SE, CAVALO MECÂNICO, TRS_FADEL, UNI_EMP NOVA RIO, 90 km/h;jan 29, 2026;82;Baixo;3.84%;5.25%;4.04%;Médio;Baixo desempenho;Melhor;Médio;;Baixo
TUF1J28;ROTA RJ ES_CDD JACAREPAGUA, Vehicle, Diesel, CAMBIO MANUAL, MERCEDES BENZ, COMBUSTÃO, REG_MACRO REGIÃO RJ ES, CAMINHÃO TOCO / TRUCK, TRS_FADEL, UNI_CDD JACAREPAGUA, 80 km/h;jan 29, 2026;82;Baixo;5.29%;7.43%;5.46%;Melhor;Melhor;Melhor;Médio;;Alto
UAU8F86;ROTA NE_CDD ILHEUS, Vehicle, Diesel, CAMBIO MANUAL, RENAULT, COMBUSTÃO, REG_MACRO REGIÃO NE, VANS, TRS_NEPOMUCENO, UNI_CDD ILHEUS, 80 km/h;jan 29, 2026;82;Baixo;4.62%;8.24%;4.84%;Ótimo;Melhor;Ótimo;Médio;;Moderado
TXO2F74;SUP SE - EMP_NOVA RIO, Vehicle, Diesel, CAMBIO AUTOMATICO OU SEMI AUTOMATICO, MERCEDES BENZ, COMBUSTÃO, REG_SUPPLY SE, CAVALO MECÂNICO, TRS_FADEL, UNI_EMP NOVA RIO, 90 km/h;jan 29, 2026;82;Baixo;3.67%;5.25%;3.84%;Médio;Baixo desempenho;Médio;Médio;;Baixo
TIE4H16;ROTA NO_CDD CEARA, Vehicle, Diesel, CAMBIO MANUAL, MERCEDES BENZ, COMBUSTÃO, REG_MACRO REGIÃO NO, CAMINHÃO TOCO / TRUCK, TRS_FADEL, UNI_CDD CEARA, 80 km/h;jan 29, 2026;82;Baixo;4.75%;7.81%;4.90%;Ótimo;Médio;Médio;Médio;;Moderado
UGJ1C56;ROTA SUL_CDD CURITIBA, Vehicle, Diesel, CAMBIO MANUAL, MERCEDES BENZ, COMBUSTÃO, REG_MACRO REGIÃO SUL, CAMINHÃO TOCO / TRUCK, TRS_IMEDIATO, UNI_CDD CURITIBA, 80 km/h;jan 29, 2026;82;Baixo;3.95%;5.64%;4.08%;Médio;Médio;Médio;Ótimo;;Moderado
TIE5C06;ROTA NO_CDD CEARA, Vehicle, Diesel, CAMBIO MANUAL, MERCEDES BENZ, COMBUSTÃO, REG_MACRO REGIÃO NO, CAMINHÃO TOCO / TRUCK, TRS_FADEL, UNI_CDD CEARA, 80 km/h;jan 29, 2026;82;Baixo;4.40%;6.40%;4.64%;Médio;Médio;Médio;Médio;;Moderado
UHK4E59;ROTA NO_CDD OLINDA, Vehicle, Diesel, CAMBIO MANUAL, MERCEDES BENZ, COMBUSTÃO, REG_MACRO REGIÃO NO, CAMINHÃO TOCO / TRUCK, TRS_HORIZONTE, UNI_CDD OLINDA, 80 km/h;jan 29, 2026;82;Baixo;5.19%;7.36%;5.41%;Ótimo;Melhor;Melhor;Melhor;;Alto
UGE0B63;SUP SE - EMP_JACAREI, Vehicle, Diesel, CAMBIO AUTOMATICO OU SEMI AUTOMATICO, MERCEDES BENZ, COMBUSTÃO, REG_SUPPLY SE, CAVALO MECÂNICO, TRS_IMEDIATO, UNI_EMP JACAREI, 90 km/h;jan 29, 2026;83;Baixo;3.84%;5.21%;4.25%;Médio;Melhor;Melhor;Médio;;Baixo
UFF0G74;SUP COMG - EMP_UBERLANDIA, Vehicle, Diesel, CAMBIO AUTOMATICO OU SEMI AUTOMATICO, MERCEDES BENZ, COMBUSTÃO, REG_SUPPLY COMG, CAVALO MECÂNICO, TRS_IMEDIATO, UNI_EMP UBERLANDIA, 90 km/h;jan 29, 2026;83;Baixo;3.98%;5.71%;4.30%;Médio;Melhor;Médio;Médio;;Baixo
MB Axor | DML 0B93| UREADER GNV;Vehicle, MERCEDES BENZ, FALSO, PESADOS;jan 29, 2026;83;Baixo;3.56%;5.23%;3.84%;Médio;Melhor;Melhor;Médio;;Moderado
UGM1F75;SUP SE - EMP_JAGUARIUNA, Vehicle, Diesel, CAMBIO AUTOMATICO OU SEMI AUTOMATICO, MERCEDES BENZ, COMBUSTÃO, REG_SUPPLY SE, CAVALO MECÂNICO, TRS_IMEDIATO, UNI_EMP JAGUARIUNA, 90 km/h;jan 29, 2026;83;Baixo;4.36%;6.44%;4.66%;Ótimo;Médio;Médio;Médio;;Moderado
TTL9H21;ROTA RJ ES_CDD JACAREPAGUA, Vehicle, Diesel, CAMBIO MANUAL, MERCEDES BENZ, COMBUSTÃO, REG_MACRO REGIÃO RJ ES, CAMINHÃO TOCO / TRUCK, TRS_FADEL, UNI_CDD JACAREPAGUA, 80 km/h;jan 29, 2026;83;Baixo;4.27%;7.48%;4.60%;Ótimo;Médio;Médio;Médio;;Alto
TUK2E06;ROTA RJ ES_CDD PAVUNA, Vehicle, Diesel, CAMBIO MANUAL, MERCEDES BENZ, COMBUSTÃO, REG_MACRO REGIÃO RJ ES, CAMINHÃO TOCO / TRUCK, TRS_FADEL, UNI_CDD PAVUNA, 80 km/h;jan 29, 2026;83;Baixo;4.58%;6.70%;4.80%;Médio;Melhor;Melhor;Médio;;Alto
UEU4J34;SUP SE - EMP_GUARULHOS, Vehicle, Diesel, CAMBIO AUTOMATICO OU SEMI AUTOMATICO, MERCEDES BENZ, COMBUSTÃO, REG_SUPPLY SE, CAVALO MECÂNICO, TRS_IMEDIATO, UNI_EMP GUARULHOS, 90 km/h;jan 29, 2026;83;Baixo;4.34%;7.69%;4.64%;Ótimo;Melhor;Melhor;Médio;;Moderado
QSO9A19;ROTA SUL_CDD FLORIANOPOLIS, Vehicle, CAMBIO MANUAL, VOLKSWAGEN, COMBUSTÃO, REG_MACRO REGIÃO SUL, CAMINHÃO TOCO / TRUCK, TRS_CONLOG, UNI_CDD FLORIANOPOLIS, 80 km/h;jan 29, 2026;83;Baixo;4.34%;6.18%;4.56%;Médio;Médio;Médio;Médio;;Moderado
UGK1D27;SUP COMG - EMP_JUATUBA, Vehicle, Diesel, CAMBIO AUTOMATICO OU SEMI AUTOMATICO, MERCEDES BENZ, COMBUSTÃO, REG_SUPPLY COMG, CAVALO MECÂNICO, TRS_NEPOMUCENO, UNI_EMP JUATUBA, 90 km/h;jan 29, 2026;83;Baixo;3.30%;5.03%;3.40%;Médio;Médio;Melhor;Médio;;Baixo
UAU9F10;ROTA NE_CDD JOAO PESSOA, Vehicle, Diesel, CAMBIO MANUAL, MERCEDES BENZ, COMBUSTÃO, REG_MACRO REGIÃO NE, CAMINHÃO TOCO / TRUCK, TRS_NEPOMUCENO, UNI_CDD JOAO PESSOA, 80 km/h;jan 29, 2026;83;Baixo;4.96%;8.72%;5.41%;Médio;Médio;Melhor;Ótimo;;Alto
TTP7F73;ROTA RJ ES_CDD JACAREPAGUA, Vehicle, Diesel, CAMBIO MANUAL, MERCEDES BENZ, COMBUSTÃO, REG_MACRO REGIÃO RJ ES, CAMINHÃO TOCO / TRUCK, TRS_FADEL, UNI_CDD JACAREPAGUA, 80 km/h;jan 29, 2026;84;Baixo;4.92%;7.26%;5.29%;Melhor;Ótimo;Ótimo;Médio;;Alto
UFZ6E62;ROTA SP_CDD PRESID. PRUDENTE, Vehicle, Diesel, CAMBIO MANUAL, MERCEDES BENZ, COMBUSTÃO, REG_MACRO REGIÃO SP, CAMINHÃO TOCO / TRUCK, TRS_IMEDIATO, UNI_CDD PRESID. PRUDENTE, 80 km/h;jan 29, 2026;84;Baixo;4.62%;8.54%;5.08%;Médio;Melhor;Ótimo;Ótimo;;Baixo
UFG6B80;ROTA SP_CDD BARUERI, Vehicle, Diesel, CAMBIO MANUAL, MERCEDES BENZ, COMBUSTÃO, REG_MACRO REGIÃO SP, CAMINHÃO TOCO / TRUCK, TRS_FADEL, UNI_CDD BARUERI, 80 km/h;jan 29, 2026;84;Baixo;4.88%;7.12%;5.27%;Médio;Melhor;Ótimo;Ótimo;;Alto
TXR8F09;SUP NE - EMP_AQUIRAZ, Vehicle, Diesel, CAMBIO AUTOMATICO OU SEMI AUTOMATICO, MERCEDES BENZ, COMBUSTÃO, REG_SUPPLY NE, CAVALO MECÂNICO, TRS_FADEL, UNI_EMP AQUIRAZ, 90 km/h;jan 29, 2026;84;Baixo;4.68%;6.00%;4.79%;Médio;Melhor;Melhor;Melhor;;Baixo
UGJ0H10;SUP SE - EMP_PIRAI, Vehicle, Diesel, CAMBIO AUTOMATICO OU SEMI AUTOMATICO, MERCEDES BENZ, COMBUSTÃO, REG_SUPPLY SE, CAVALO MECÂNICO, TRS_CONLOG, UNI_EMP PIRAI, 90 km/h;jan 29, 2026;84;Baixo;3.42%;5.07%;3.65%;Ótimo;Médio;Médio;Médio;;Moderado
UFR7A55;SUP SE - EMP_JACAREI, Vehicle, Diesel, CAMBIO AUTOMATICO OU SEMI AUTOMATICO, MERCEDES BENZ, COMBUSTÃO, REG_SUPPLY SE, CAVALO MECÂNICO, TRS_IMEDIATO, UNI_EMP JACAREI, 90 km/h;jan 29, 2026;84;Baixo;4.43%;7.99%;4.78%;Ótimo;Melhor;Melhor;Ótimo;;Baixo
UAV9J47;ROTA NO_CDD NATAL, Vehicle, Diesel, CAMBIO MANUAL, RENAULT, COMBUSTÃO, REG_MACRO REGIÃO NO, VANS, TRS_FADEL, UNI_CDD NATAL, 80 km/h;jan 29, 2026;84;Baixo;4.58%;8.37%;4.87%;Melhor;Melhor;Ótimo;Melhor;;Moderado
QSZ3D66;AMBEV, Vehicle, Diesel;jan 29, 2026;84;Baixo;3.42%;5.13%;3.74%;Médio;Melhor;Melhor;Médio;;Baixo
UDT9H42;ROTA SP_CDD PRAIA GRANDE, Vehicle, Diesel, CAMBIO MANUAL, MERCEDES BENZ, COMBUSTÃO, REG_MACRO REGIÃO SP, CAMINHÃO TOCO / TRUCK, TRS_LOG20, UNI_CDD PRAIA GRANDE, 80 km/h;jan 29, 2026;84;Baixo;4.14%;6.27%;4.38%;Ótimo;Médio;Melhor;Melhor;;Moderado
QSZ7G10;AS RJ ES_AS CAMPO GRANDE, Volkswagen, Vehicle, CAMBIO AUTOMATICO OU SEMI AUTOMATICO, COMBUSTÃO, REG_MACRO REGIÃO RJ ES, CAVALO MECÂNICO, TRS_CONLOG, UNI_AS CAMPO GRANDE, 90 km/h;jan 29, 2026;84;Baixo;3.52%;5.16%;3.80%;Médio;Baixo desempenho;Melhor;Médio;;Moderado
UFV9C08;AMBEV, Vehicle, Diesel, CAMBIO MANUAL, MERCEDES BENZ, COMBUSTÃO, REG_MACRO REGIÃO SP, CAMINHÃO TOCO / TRUCK, TRS_IMEDIATO, UNI_CDD RIBEIRÃO PRETO, 80 km/h;jan 29, 2026;85;Baixo;4.00%;6.04%;4.32%;Médio;Médio;Médio;Ótimo;;Alto
UDA1G07;ROTA RJ ES_CDD PETROPOLIS, Vehicle, Diesel, CAMBIO MANUAL, MERCEDES BENZ, COMBUSTÃO, REG_MACRO REGIÃO RJ ES, CAMINHÃO TOCO / TRUCK, TRS_LOG20, UNI_CDD PETROPOLIS, 80 km/h;jan 29, 2026;85;Baixo;3.98%;6.04%;4.28%;Médio;Baixo desempenho;Baixo desempenho;Em risco;;Alto
TLJ9F48;ROTA SUL_CDD CURITIBA, Vehicle, Diesel, CAMBIO MANUAL, MERCEDES BENZ, COMBUSTÃO, REG_MACRO REGIÃO SUL, CAMINHÃO TOCO / TRUCK, TRS_IMEDIATO, UNI_CDD CURITIBA, 80 km/h;jan 29, 2026;85;Baixo;3.94%;5.96%;4.22%;Médio;Baixo desempenho;Médio;Médio;;Alto
UEH1B43;ROTA RJ ES_CDD PETROPOLIS, Vehicle, Diesel, CAMBIO MANUAL, MERCEDES BENZ, COMBUSTÃO, REG_MACRO REGIÃO RJ ES, CAMINHÃO TOCO / TRUCK, TRS_LOG20, UNI_CDD PETROPOLIS, 80 km/h;jan 29, 2026;85;Baixo;3.61%;5.79%;3.95%;Médio;Médio;Médio;Baixo desempenho;;Moderado
TUK2E04;ROTA RJ ES_CDL ITAPERUNA, Vehicle, Diesel, CAMBIO MANUAL, MERCEDES BENZ, COMBUSTÃO, REG_MACRO REGIÃO RJ ES, CAMINHÃO TOCO / TRUCK, TRS_FADEL, UNI_CDL ITAPERUNA, 80 km/h;jan 29, 2026;85;Baixo;3.37%;5.18%;3.66%;Médio;Melhor;Médio;Baixo desempenho;;Baixo
TPW9F68;SUP SUL - EMP_LAGES, Vehicle, Diesel, Manually Classified Powertrain, CAMBIO AUTOMATICO OU SEMI AUTOMATICO, MERCEDES BENZ, COMBUSTÃO, REG_SUPPLY SUL, CAVALO MECÂNICO, TRS_RODALOG, UNI_EMP LAGES, 90 km/h;jan 29, 2026;85;Baixo;3.89%;5.25%;4.63%;Baixo desempenho;Melhor;Melhor;Médio;;Baixo
UFR4F70;ROTA SP_CDD PRESID. PRUDENTE, Vehicle, Diesel, CAMBIO MANUAL, MERCEDES BENZ, COMBUSTÃO, REG_MACRO REGIÃO SP, CAMINHÃO TOCO / TRUCK, TRS_IMEDIATO, UNI_CDD PRESID. PRUDENTE, 80 km/h;jan 29, 2026;85;Baixo;3.77%;5.37%;4.26%;Ótimo;Melhor;Médio;Médio;;Baixo
TOM9H78;ROTA RJ ES_CDD VITORIA, Vehicle, Diesel, CAMBIO MANUAL, MERCEDES BENZ, COMBUSTÃO, REG_MACRO REGIÃO RJ ES, CAMINHÃO TOCO / TRUCK, TRS_FADEL, UNI_CDD VITORIA, 80 km/h;jan 29, 2026;85;Baixo;4.29%;7.36%;4.69%;Médio;Médio;Ótimo;Médio;;Moderado
QSX6F36;SUP COMG - EMP_UBERLANDIA, Vehicle, Diesel, CAMBIO AUTOMATICO OU SEMI AUTOMATICO, MERCEDES BENZ, COMBUSTÃO, REG_SUPPLY COMG, CAVALO MECÂNICO, TRS_IMEDIATO, UNI_EMP UBERLANDIA, 90 km/h;jan 29, 2026;86;Moderado;4.38%;5.37%;4.68%;Ótimo;Melhor;Melhor;Médio;;Baixo
UFD4F80;AMBEV, Vehicle, Diesel, CAMBIO MANUAL, MERCEDES BENZ, COMBUSTÃO, REG_MACRO REGIÃO SP, CAMINHÃO TOCO / TRUCK, TRS_IMEDIATO, UNI_CDD RIBEIRÃO PRETO, 80 km/h;jan 29, 2026;86;Baixo;3.96%;6.05%;4.33%;Médio;Melhor;Ótimo;Médio;;Moderado
UEM2B65;ROTA RJ ES_CDD MACACU, Vehicle, Diesel, CAMBIO MANUAL, MERCEDES BENZ, COMBUSTÃO, REG_MACRO REGIÃO RJ ES, CAMINHÃO TOCO / TRUCK, TRS_CONLOG, UNI_CDD MACACU, 80 km/h;jan 29, 2026;86;Baixo;3.23%;5.17%;3.57%;Ótimo;Melhor;Médio;Médio;;Moderado
TIL7H46;ROTA NO_CDD CEARA, Vehicle, Diesel, CAMBIO MANUAL, MERCEDES BENZ, COMBUSTÃO, REG_MACRO REGIÃO NO, CAMINHÃO TOCO / TRUCK, TRS_FADEL, UNI_CDD CEARA, 80 km/h;jan 29, 2026;86;Baixo;4.81%;7.48%;5.39%;Melhor;Ótimo;Melhor;Melhor;;Alto
TXI9A95;SUP COMG - EMP_HUB NOVA MINAS, Vehicle, Diesel, Manually Classified Powertrain, CAMBIO AUTOMATICO OU SEMI AUTOMATICO, MERCEDES BENZ, COMBUSTÃO, REG_SUPPLY COMG, CAVALO MECÂNICO, TRS_FADEL, UNI_EMP HUB NOVA MINAS, 90 km/h;jan 29, 2026;86;Baixo;3.63%;5.25%;4.40%;Melhor;Melhor;Melhor;Médio;;Baixo
TTU3G68;ROTA RJ ES_CDD JACAREPAGUA, Vehicle, Diesel, CAMBIO MANUAL, MERCEDES BENZ, COMBUSTÃO, REG_MACRO REGIÃO RJ ES, CAMINHÃO TOCO / TRUCK, TRS_FADEL, UNI_CDD JACAREPAGUA, 80 km/h;jan 29, 2026;86;Baixo;4.70%;7.19%;5.18%;Melhor;Ótimo;Melhor;Médio;;Alto
UDP5E48;AMBEV, Vehicle, Diesel, CAMBIO MANUAL, MERCEDES BENZ, COMBUSTÃO, REG_MACRO REGIÃO SP, CAMINHÃO TOCO / TRUCK, TRS_IMEDIATO, UNI_CDD RIBEIRÃO PRETO, 80 km/h;jan 29, 2026;86;Baixo;4.28%;6.69%;4.81%;Médio;Ótimo;Melhor;Médio;;Alto
UAT9E18;ROTA NO_CDD CEARA, Vehicle, Diesel, CAMBIO MANUAL, RENAULT, COMBUSTÃO, REG_MACRO REGIÃO NO, VANS, TRS_FADEL, UNI_CDD CEARA, 80 km/h;jan 29, 2026;86;Baixo;4.06%;7.82%;4.65%;Ótimo;Melhor;Melhor;Médio;;Baixo
UDZ0E56;ROTA SP_CDD TAUBATE, Vehicle, Diesel, CAMBIO MANUAL, MERCEDES BENZ, COMBUSTÃO, REG_MACRO REGIÃO SP, CAMINHÃO TOCO / TRUCK, TRS_FADEL, UNI_CDD TAUBATÉ, 80 km/h;jan 29, 2026;86;Baixo;4.08%;6.12%;4.37%;Médio;Médio;Ótimo;Médio;;Moderado
QSV8E56;ROTA SUL_CDD CURITIBA, Vehicle, Diesel, CAMBIO MANUAL, MERCEDES BENZ, COMBUSTÃO, REG_MACRO REGIÃO SUL, CAMINHÃO TOCO / TRUCK, TRS_IMEDIATO, UNI_CDD CURITIBA, 80 km/h;jan 29, 2026;86;Baixo;4.31%;6.62%;4.78%;Médio;Médio;Médio;Médio;;Alto
UDI2F29;ROTA SUL_CDD CASCAVEL, Vehicle, Diesel, CAMBIO MANUAL, MERCEDES BENZ, COMBUSTÃO, REG_MACRO REGIÃO SUL, CAMINHÃO TOCO / TRUCK, TRS_LOG20, UNI_CDD CASCAVEL, 80 km/h;jan 29, 2026;86;Baixo;3.66%;5.40%;4.24%;Médio;Melhor;Médio;Baixo desempenho;;Baixo
TTM8F01;ROTA RJ ES_CDD JACAREPAGUA, Vehicle, Diesel, Manually Classified Powertrain, CAMBIO MANUAL, MERCEDES BENZ, COMBUSTÃO, REG_MACRO REGIÃO RJ ES, CAMINHÃO TOCO / TRUCK, TRS_FADEL, UNI_CDD JACAREPAGUA, 80 km/h;jan 29, 2026;86;Baixo;4.94%;7.61%;5.48%;Ótimo;Ótimo;Médio;Médio;;Alto
GJF9C42;ROTA SP_CDD PRESID. PRUDENTE, Vehicle, Diesel, CAMBIO MANUAL, MERCEDES BENZ, COMBUSTÃO, REG_MACRO REGIÃO SP, CAMINHÃO TOCO / TRUCK, TRS_IMEDIATO, UNI_CDD PRESID. PRUDENTE, 80 km/h;jan 29, 2026;86;Baixo;4.38%;7.93%;4.83%;Melhor;Médio;Médio;Médio;;Baixo
TIG5G06;ROTA NO_CDD CEARA, Vehicle, Diesel, CAMBIO MANUAL, MERCEDES BENZ, COMBUSTÃO, REG_MACRO REGIÃO NO, CAMINHÃO TOCO / TRUCK, TRS_FADEL, UNI_CDD CEARA, 80 km/h;jan 29, 2026;86;Baixo;4.51%;7.83%;4.92%;Melhor;Melhor;Médio;Médio;;Moderado
UFF6B15;ROTA SP_CDD SUZANO, Vehicle, Diesel, CAMBIO MANUAL, MERCEDES BENZ, COMBUSTÃO, REG_MACRO REGIÃO SP, CAMINHÃO TOCO / TRUCK, TRS_NEPOMUCENO, UNI_CDD SUZANO, 80 km/h;jan 29, 2026;86;Baixo;3.22%;5.04%;3.53%;Médio;Melhor;Melhor;Médio;;Moderado
TUK2G95;ROTA RJ ES_CDD NITEROI, Vehicle, Diesel, CAMBIO MANUAL, MERCEDES BENZ, COMBUSTÃO, REG_MACRO REGIÃO RJ ES, CAMINHÃO TOCO / TRUCK, TRS_FADEL, UNI_CDD NITEROI, 80 km/h;jan 29, 2026;87;Baixo;4.14%;6.48%;4.62%;Ótimo;Baixo desempenho;Médio;Ótimo;;Alto
TTL8F62;ROTA RJ ES_CDD JACAREPAGUA, Vehicle, Diesel, CAMBIO MANUAL, MERCEDES BENZ, COMBUSTÃO, REG_MACRO REGIÃO RJ ES, CAMINHÃO TOCO / TRUCK, TRS_FADEL, UNI_CDD JACAREPAGUA, 80 km/h;jan 29, 2026;87;Baixo;4.66%;7.45%;5.36%;Melhor;Melhor;Melhor;Médio;;Alto
UFR4J49;ROTA SP_CDD TAUBATE, Vehicle, Diesel, CAMBIO MANUAL, MERCEDES BENZ, COMBUSTÃO, REG_MACRO REGIÃO SP, CAMINHÃO TOCO / TRUCK, TRS_FADEL, UNI_CDD TAUBATÉ, 80 km/h;jan 29, 2026;87;Baixo;3.91%;7.55%;4.61%;Médio;Médio;Ótimo;Médio;;Baixo
TTQ5H12;AMBEV, Vehicle, Diesel;jan 29, 2026;87;Baixo;4.82%;7.51%;5.52%;Ótimo;Ótimo;Ótimo;Médio;;Alto
UGU6D05;SUP SE - EMP_JACAREI, Vehicle, Diesel, CAMBIO AUTOMATICO OU SEMI AUTOMATICO, MERCEDES BENZ, COMBUSTÃO, REG_SUPPLY SE, CAVALO MECÂNICO, TRS_IMEDIATO, UNI_EMP JACAREI, 90 km/h;jan 29, 2026;87;Baixo;3.65%;5.25%;4.63%;Médio;Melhor;Melhor;Baixo desempenho;;Baixo
UGD2J90 ;ROTA MG_CDD POÇOS DE CALDAS, Vehicle, Diesel, CAMBIO MANUAL, MERCEDES BENZ, COMBUSTÃO, REG_MACRO REGIÃO MG, CAMINHÃO TOCO / TRUCK, TRS_IMEDIATO, UNI_CDD POÇOS DE CALDAS, 80 km/h;jan 29, 2026;87;Baixo;3.33%;5.24%;3.74%;Ótimo;Melhor;Melhor;Baixo desempenho;;Baixo
TXI9B21;SUP COMG - EMP_HUB NOVA MINAS, Vehicle, Diesel, CAMBIO AUTOMATICO OU SEMI AUTOMATICO, MERCEDES BENZ, COMBUSTÃO, REG_SUPPLY COMG, CAVALO MECÂNICO, TRS_FADEL, UNI_EMP HUB NOVA MINAS, 90 km/h;jan 29, 2026;87;Baixo;3.46%;5.25%;4.33%;Ótimo;Melhor;Melhor;Em risco;;Baixo
TXS4I59;ROTA NE_CDD ILHEUS, Vehicle, Diesel, CAMBIO MANUAL, MERCEDES BENZ, COMBUSTÃO, REG_MACRO REGIÃO NE, CAMINHÃO TOCO / TRUCK, TRS_NEPOMUCENO, UNI_CDD ILHEUS, 80 km/h;jan 29, 2026;87;Baixo;3.39%;5.37%;3.90%;Médio;Melhor;Médio;Médio;;Baixo
UDZ6F78;ROTA SP_CDD CAMPINAS, Vehicle, Diesel, CAMBIO MANUAL, MERCEDES BENZ, COMBUSTÃO, REG_MACRO REGIÃO SP, CAMINHÃO TOCO / TRUCK, TRS_IMEDIATO, UNI_CDD CAMPINAS, 80 km/h;jan 29, 2026;87;Baixo;4.05%;6.21%;4.42%;Médio;Melhor;Melhor;Ótimo;;Moderado
QSS7J53;ROTA SP_CDD DIADEMA, Vehicle, Diesel, CAMBIO MANUAL, MERCEDES BENZ, COMBUSTÃO, REG_MACRO REGIÃO SP, CAMINHÃO TOCO / TRUCK, TRS_LOG20, UNI_CDD DIADEMA, 80 km/h;jan 29, 2026;87;Baixo;4.81%;7.38%;5.40%;Melhor;Ótimo;Ótimo;Médio;;Alto
QST9I20;ROTA SUL_CDD PELOTAS, Vehicle, CAMBIO MANUAL, VOLKSWAGEN, COMBUSTÃO, REG_MACRO REGIÃO SUL, CAMINHÃO TOCO / TRUCK, TRS_CONLOG, UNI_CDD PELOTAS, 80 km/h;jan 29, 2026;87;Baixo;4.15%;5.18%;4.68%;Médio;Melhor;Médio;Médio;;Baixo
TTL9H19;ROTA RJ ES_CDD PAVUNA, Vehicle, Manually Classified Powertrain, CAMBIO MANUAL, MERCEDES BENZ, COMBUSTÃO, REG_MACRO REGIÃO RJ ES, CAMINHÃO TOCO / TRUCK, TRS_FADEL, UNI_CDD PAVUNA, 80 km/h;jan 29, 2026;87;Baixo;4.53%;6.89%;5.08%;Melhor;Médio;Ótimo;Médio;;Alto
UFP3J96;ROTA SP_CDD SAO JOSE CAMPOS, Vehicle, Diesel, CAMBIO MANUAL, MERCEDES BENZ, COMBUSTÃO, REG_MACRO REGIÃO SP, CAMINHÃO TOCO / TRUCK, TRS_FADEL, UNI_CDD SÃO JOSÉ DOS CAMPOS, 80 km/h;jan 29, 2026;88;Baixo;4.36%;7.11%;5.17%;Melhor;Melhor;Ótimo;Médio;;Alto
UGK4H44;ROTA SUL_CDD FLORIANOPOLIS, Vehicle, CAMBIO MANUAL, VOLKSWAGEN, COMBUSTÃO, REG_MACRO REGIÃO SUL, CAMINHÃO TOCO / TRUCK, TRS_CONLOG, UNI_CDD FLORIANOPOLIS, 80 km/h;jan 29, 2026;88;Baixo;3.89%;6.07%;4.34%;Médio;Médio;Melhor;Melhor;;Alto
UDM5G82;ROTA SUL_CDD CASCAVEL, Vehicle, Diesel, CAMBIO MANUAL, MERCEDES BENZ, COMBUSTÃO, REG_MACRO REGIÃO SUL, CAMINHÃO TOCO / TRUCK, TRS_LOG20, UNI_CDD CASCAVEL, 80 km/h;jan 29, 2026;88;Baixo;4.38%;6.97%;5.10%;Médio;Melhor;Ótimo;Médio;;Moderado
UDG6G48;ROTA SUL_CDD CURITIBA, Vehicle, Diesel, CAMBIO MANUAL, MERCEDES BENZ, COMBUSTÃO, REG_MACRO REGIÃO SUL, CAMINHÃO TOCO / TRUCK, TRS_IMEDIATO, UNI_CDD CURITIBA, 80 km/h;jan 29, 2026;88;Baixo;3.72%;5.77%;4.18%;Médio;Em risco;Médio;Ótimo;;Alto
SVF5E12;ROTA SP_CDD PRESID. PRUDENTE, Vehicle, Diesel, CAMBIO MANUAL, MERCEDES BENZ, COMBUSTÃO, REG_MACRO REGIÃO SP, CAMINHÃO TOCO / TRUCK, TRS_IMEDIATO, UNI_CDD PRESID. PRUDENTE, 80 km/h;jan 29, 2026;88;Baixo;4.15%;8.21%;5.06%;Ótimo;Médio;Melhor;Ótimo;;Baixo
TXI9B02;SUP COMG - EMP_HUB NOVA MINAS, Vehicle, Diesel, CAMBIO AUTOMATICO OU SEMI AUTOMATICO, MERCEDES BENZ, COMBUSTÃO, REG_SUPPLY COMG, CAVALO MECÂNICO, TRS_FADEL, UNI_EMP HUB NOVA MINAS, 90 km/h;jan 29, 2026;88;Baixo;3.39%;5.25%;4.44%;Melhor;Baixo desempenho;Melhor;Baixo desempenho;;Baixo
UFL8F03;ROTA SP_CDD SAO JOSE CAMPOS, Vehicle, Diesel, CAMBIO MANUAL, MERCEDES BENZ, COMBUSTÃO, REG_MACRO REGIÃO SP, CAMINHÃO TOCO / TRUCK, TRS_FADEL, UNI_CDD SÃO JOSÉ DOS CAMPOS, 80 km/h;jan 29, 2026;88;Baixo;3.86%;7.52%;4.61%;Ótimo;Melhor;Melhor;Ótimo;;Moderado
UDC5B42;ROTA CO_CDD CUIABA, Vehicle, CAMBIO MANUAL, VOLKSWAGEN, COMBUSTÃO, REG_MACRO REGIÃO CO, CAMINHÃO TOCO / TRUCK, TRS_CONLOG, UNI_CDD CUIABA, 80 km/h;jan 29, 2026;88;Baixo;4.50%;5.97%;4.79%;Ótimo;Baixo desempenho;Médio;Médio;;Baixo
UGG8G25;ROTA SP_CDD SAO JOSE CAMPOS, Vehicle, Diesel, CAMBIO MANUAL, MERCEDES BENZ, COMBUSTÃO, REG_MACRO REGIÃO SP, CAMINHÃO TOCO / TRUCK, TRS_FADEL, UNI_CDD SÃO JOSÉ DOS CAMPOS, 80 km/h;jan 29, 2026;88;Baixo;4.23%;7.39%;4.99%;Médio;Melhor;Médio;Baixo desempenho;;Moderado
TIE4C76;ROTA NO_CDD CEARA, Vehicle, Diesel, CAMBIO MANUAL, MERCEDES BENZ, COMBUSTÃO, REG_MACRO REGIÃO NO, CAMINHÃO TOCO / TRUCK, TRS_FADEL, UNI_CDD CEARA, 80 km/h;jan 29, 2026;89;Baixo;3.59%;7.65%;4.70%;Médio;Melhor;Médio;Baixo desempenho;;Baixo
UDH8J07;SUP SE - EMP_PIRAI, Vehicle, Diesel, CAMBIO AUTOMATICO OU SEMI AUTOMATICO, MERCEDES BENZ, COMBUSTÃO, REG_SUPPLY SE, CAVALO MECÂNICO, TRS_CONLOG, UNI_EMP PIRAI, 90 km/h;jan 29, 2026;89;Baixo;3.10%;5.34%;3.58%;Melhor;Melhor;Médio;Ótimo;;Baixo
QSP7C03;SUP SE - EMP_PIRAI, Vehicle, Diesel, CAMBIO AUTOMATICO OU SEMI AUTOMATICO, MERCEDES BENZ, COMBUSTÃO, REG_SUPPLY SE, CAVALO MECÂNICO, TRS_CONLOG, UNI_EMP PIRAI, 90 km/h;jan 29, 2026;89;Baixo;3.30%;5.21%;3.84%;Ótimo;Melhor;Melhor;Médio;;Baixo
UFT9H65;ROTA SUL_CDD CURITIBA, Vehicle, Diesel, CAMBIO MANUAL, MERCEDES BENZ, COMBUSTÃO, REG_MACRO REGIÃO SUL, CAMINHÃO TOCO / TRUCK, TRS_IMEDIATO, UNI_CDD CURITIBA, 80 km/h;jan 29, 2026;89;Baixo;4.20%;6.89%;4.87%;Médio;Ótimo;Melhor;Ótimo;;Alto
TUF1J27;ROTA RJ ES_CDD JACAREPAGUA, Vehicle, Diesel, CAMBIO MANUAL, MERCEDES BENZ, COMBUSTÃO, REG_MACRO REGIÃO RJ ES, CAMINHÃO TOCO / TRUCK, TRS_FADEL, UNI_CDD JACAREPAGUA, 80 km/h;jan 29, 2026;89;Baixo;4.30%;7.13%;5.25%;Ótimo;Ótimo;Ótimo;Médio;;Alto
UEZ5F60;ROTA SP_CDD PRESID. PRUDENTE, Vehicle, Diesel, CAMBIO MANUAL, MERCEDES BENZ, COMBUSTÃO, REG_MACRO REGIÃO SP, CAMINHÃO TOCO / TRUCK, TRS_IMEDIATO, UNI_CDD PRESID. PRUDENTE, 80 km/h;jan 29, 2026;89;Baixo;3.46%;5.73%;4.11%;Ótimo;Médio;Médio;Médio;;Moderado
UEP0I58;ROTA SP_CDD PRESID. PRUDENTE, Vehicle, Diesel, CAMBIO MANUAL, MERCEDES BENZ, COMBUSTÃO, REG_MACRO REGIÃO SP, CAMINHÃO TOCO / TRUCK, TRS_IMEDIATO, UNI_CDD PRESID. PRUDENTE, 80 km/h;jan 29, 2026;89;Baixo;3.37%;5.37%;4.26%;Médio;Baixo desempenho;Médio;Médio;;Moderado
UEL5G45;SUP SE - EMP_PIRAI, Vehicle, Diesel, CAMBIO AUTOMATICO OU SEMI AUTOMATICO, MERCEDES BENZ, COMBUSTÃO, REG_SUPPLY SE, CAVALO MECÂNICO, TRS_CONLOG, UNI_EMP PIRAI, 90 km/h;jan 29, 2026;89;Baixo;3.30%;5.92%;4.04%;Médio;Melhor;Melhor;Médio;;Baixo
UDL5C82;ROTA SP_CDD PRAIA GRANDE, Vehicle, Diesel, CAMBIO MANUAL, MERCEDES BENZ, COMBUSTÃO, REG_MACRO REGIÃO SP, CAMINHÃO TOCO / TRUCK, TRS_LOG20, UNI_CDD PRAIA GRANDE, 80 km/h;jan 29, 2026;89;Baixo;3.73%;5.85%;4.18%;Ótimo;Médio;Ótimo;Melhor;;Moderado
RXR9C05;SUP SUL - LATA_LAGES, Vehicle, Diesel, Manually Classified Powertrain, CAMBIO AUTOMATICO OU SEMI AUTOMATICO, VOLVO, COMBUSTÃO, REG_SUPPLY SUL, CAVALO MECÂNICO, TRS_RODALOG, UNI_INS LATA LAGES, 90 km/h;jan 29, 2026;89;Baixo;3.21%;5.25%;3.88%;Médio;Melhor;Melhor;Médio;;Baixo
TUJ2D30;ROTA RJ ES_CDD JACAREPAGUA, Vehicle, Diesel, CAMBIO MANUAL, MERCEDES BENZ, COMBUSTÃO, REG_MACRO REGIÃO RJ ES, CAMINHÃO TOCO / TRUCK, TRS_FADEL, UNI_CDD JACAREPAGUA, 80 km/h;jan 29, 2026;89;Baixo;4.52%;7.43%;5.41%;Melhor;Melhor;Melhor;Médio;;Alto
TXI9B55;SUP SE - EMP_NOVA RIO, Vehicle, Diesel, CAMBIO AUTOMATICO OU SEMI AUTOMATICO, MERCEDES BENZ, COMBUSTÃO, REG_SUPPLY SE, CAVALO MECÂNICO, TRS_FADEL, UNI_EMP NOVA RIO, 90 km/h;jan 29, 2026;90;Baixo;3.86%;6.20%;4.51%;Ótimo;Melhor;Melhor;Ótimo;;Moderado
UDQ2H53;ROTA SUL_CDD CASCAVEL, Vehicle, Diesel, CAMBIO MANUAL, MERCEDES BENZ, COMBUSTÃO, REG_MACRO REGIÃO SUL, CAMINHÃO TOCO / TRUCK, TRS_LOG20, UNI_CDD CASCAVEL, 80 km/h;jan 29, 2026;90;Baixo;3.78%;6.05%;4.57%;Ótimo;Médio;Médio;Médio;;Moderado
TJG8A72;ROTA SP_CDD PRESID. PRUDENTE, Vehicle, Diesel, CAMBIO MANUAL, MERCEDES BENZ, COMBUSTÃO, REG_MACRO REGIÃO SP, CAMINHÃO TOCO / TRUCK, TRS_IMEDIATO, UNI_CDD PRESID. PRUDENTE, 80 km/h;jan 29, 2026;90;Baixo;3.87%;8.59%;5.08%;Médio;Médio;Médio;Médio;;Moderado
TOM5E67;ROTA RJ ES_CDD VITORIA, Vehicle, Diesel, CAMBIO MANUAL, MERCEDES BENZ, COMBUSTÃO, REG_MACRO REGIÃO RJ ES, CAMINHÃO TOCO / TRUCK, TRS_FADEL, UNI_CDD VITORIA, 80 km/h;jan 29, 2026;90;Baixo;4.23%;7.50%;5.15%;Médio;Melhor;Melhor;Médio;;Moderado
UDQ4B32;ROTA SP_CDD PRESID. PRUDENTE, Vehicle, Manually Classified Powertrain, CAMBIO MANUAL, MERCEDES BENZ, COMBUSTÃO, REG_MACRO REGIÃO SP, CAMINHÃO TOCO / TRUCK, TRS_IMEDIATO, UNI_CDD PRESID. PRUDENTE, 80 km/h;jan 29, 2026;90;Baixo;3.91%;8.23%;5.01%;Médio;Médio;Médio;Ótimo;;Moderado
UDC1E74;ROTA SP_CDD PRAIA GRANDE, Vehicle, Diesel, CAMBIO MANUAL, MERCEDES BENZ, COMBUSTÃO, REG_MACRO REGIÃO SP, CAMINHÃO TOCO / TRUCK, TRS_LOG20, UNI_CDD PRAIA GRANDE, 80 km/h;jan 29, 2026;90;Baixo;4.24%;7.59%;5.13%;Melhor;Ótimo;Melhor;Melhor;;Moderado
TXS4J35;ROTA NE_CDD ILHEUS, Vehicle, Diesel, CAMBIO MANUAL, MERCEDES BENZ, COMBUSTÃO, REG_MACRO REGIÃO NE, CAMINHÃO TOCO / TRUCK, TRS_NEPOMUCENO, UNI_CDD ILHEUS, 80 km/h;jan 29, 2026;91;Baixo;3.25%;5.37%;4.45%;Médio;Baixo desempenho;Médio;Médio;;Baixo
TOM5E70;ROTA RJ ES_CDD VITORIA, Vehicle, Diesel, CAMBIO MANUAL, MERCEDES BENZ, COMBUSTÃO, REG_MACRO REGIÃO RJ ES, CAMINHÃO TOCO / TRUCK, TRS_FADEL, UNI_CDD VITORIA, 80 km/h;jan 29, 2026;91;Baixo;4.03%;6.85%;4.88%;Médio;Médio;Melhor;Médio;;Moderado
UFT9H57;ROTA SP_CDD SAO JOSE CAMPOS, Vehicle, Diesel, CAMBIO MANUAL, MERCEDES BENZ, COMBUSTÃO, REG_MACRO REGIÃO SP, CAMINHÃO TOCO / TRUCK, TRS_FADEL, UNI_CDD SÃO JOSÉ DOS CAMPOS, 80 km/h;jan 29, 2026;91;Baixo;3.88%;6.62%;4.77%;Médio;Baixo desempenho;Ótimo;Médio;;Alto
UGN1C88;ROTA SP_CDD SAO JOSE CAMPOS, Vehicle, Diesel, CAMBIO MANUAL, MERCEDES BENZ, COMBUSTÃO, REG_MACRO REGIÃO SP, CAMINHÃO TOCO / TRUCK, TRS_FADEL, UNI_CDD SÃO JOSÉ DOS CAMPOS, 80 km/h;jan 29, 2026;91;Baixo;3.81%;6.30%;4.47%;Ótimo;Médio;Médio;Médio;;Alto
UDT1A32;ROTA SP_CDD PRESID. PRUDENTE, Vehicle, Diesel, CAMBIO MANUAL, MERCEDES BENZ, COMBUSTÃO, REG_MACRO REGIÃO SP, CAMINHÃO TOCO / TRUCK, TRS_IMEDIATO, UNI_CDD PRESID. PRUDENTE, 80 km/h;jan 29, 2026;91;Baixo;3.71%;8.37%;5.05%;Ótimo;Médio;Médio;Ótimo;;Baixo
UDT8I87;ROTA SP_CDD PRAIA GRANDE, Vehicle, Diesel, CAMBIO MANUAL, MERCEDES BENZ, COMBUSTÃO, REG_MACRO REGIÃO SP, CAMINHÃO TOCO / TRUCK, TRS_LOG20, UNI_CDD PRAIA GRANDE, 80 km/h;jan 29, 2026;91;Baixo;3.98%;7.53%;5.15%;Melhor;Ótimo;Ótimo;Médio;;Moderado
UDA8D53;ROTA CO_CDD RONDONOPOLIS, Vehicle, CAMBIO MANUAL, VOLKSWAGEN, COMBUSTÃO, REG_MACRO REGIÃO CO, CAMINHÃO TOCO / TRUCK, TRS_CONLOG, UNI_CDD RONDONOPOLIS, 80 km/h;jan 29, 2026;91;Baixo;3.55%;6.06%;4.79%;Ótimo;Melhor;Melhor;Médio;;Baixo
TTS5F12;ROTA RJ ES_CDL ITAPERUNA, Vehicle, Diesel, CAMBIO MANUAL, MERCEDES BENZ, COMBUSTÃO, REG_MACRO REGIÃO RJ ES, CAMINHÃO TOCO / TRUCK, TRS_FADEL, UNI_CDL ITAPERUNA, 80 km/h;jan 29, 2026;92;Baixo;2.76%;5.03%;3.43%;Médio;Melhor;Melhor;Médio;;Baixo
UDC1G56;SUP SE - EMP_JAGUARIUNA, Vehicle, Diesel, CAMBIO AUTOMATICO OU SEMI AUTOMATICO, MERCEDES BENZ, COMBUSTÃO, REG_SUPPLY SE, CAVALO MECÂNICO, TRS_IMEDIATO, UNI_EMP JAGUARIUNA, 90 km/h;jan 29, 2026;92;Baixo;3.82%;7.32%;4.98%;Melhor;Médio;Ótimo;Médio;;Moderado
TJX7F72;ROTA SP_CDD PRESID. PRUDENTE, Vehicle, Diesel, CAMBIO MANUAL, MERCEDES BENZ, COMBUSTÃO, REG_MACRO REGIÃO SP, CAMINHÃO TOCO / TRUCK, TRS_IMEDIATO, UNI_CDD PRESID. PRUDENTE, 80 km/h;jan 29, 2026;92;Baixo;3.54%;7.85%;4.86%;Ótimo;Médio;Ótimo;Médio;;Moderado
UDQ6C45;SUP SE - EMP_JAGUARIUNA, Vehicle, Diesel, CAMBIO AUTOMATICO OU SEMI AUTOMATICO, MERCEDES BENZ, COMBUSTÃO, REG_SUPPLY SE, CAVALO MECÂNICO, TRS_IMEDIATO, UNI_EMP JAGUARIUNA, 90 km/h;jan 29, 2026;92;Baixo;3.23%;7.82%;4.75%;Médio;Melhor;Melhor;Ótimo;;Baixo
QSV1C04;SUP SE - EMP_JACAREI, Vehicle, Diesel, CAMBIO AUTOMATICO OU SEMI AUTOMATICO, MERCEDES BENZ, COMBUSTÃO, REG_SUPPLY SE, CAVALO MECÂNICO, TRS_IMEDIATO, UNI_EMP JACAREI, 90 km/h;jan 29, 2026;92;Baixo;3.01%;5.25%;3.88%;Médio;Melhor;Melhor;Médio;;Baixo
TXS4J08;ROTA NE_CDD ILHEUS, Vehicle, Diesel, CAMBIO MANUAL, MERCEDES BENZ, COMBUSTÃO, REG_MACRO REGIÃO NE, CAMINHÃO TOCO / TRUCK, TRS_NEPOMUCENO, UNI_CDD ILHEUS, 80 km/h;jan 29, 2026;92;Baixo;3.29%;5.42%;4.68%;Médio;Em risco;Médio;Médio;;Baixo
TIL7C46;ROTA NO_CDD CEARA, Vehicle, Diesel, CAMBIO MANUAL, MERCEDES BENZ, COMBUSTÃO, REG_MACRO REGIÃO NO, CAMINHÃO TOCO / TRUCK, TRS_FADEL, UNI_CDD CEARA, 80 km/h;jan 29, 2026;92;Baixo;3.51%;7.75%;4.78%;Médio;Médio;Médio;Médio;;Moderado
TXS4I21;ROTA NE_CDD ILHEUS, Vehicle, Diesel, CAMBIO MANUAL, MERCEDES BENZ, COMBUSTÃO, REG_MACRO REGIÃO NE, CAMINHÃO TOCO / TRUCK, TRS_NEPOMUCENO, UNI_CDD ILHEUS, 80 km/h;jan 29, 2026;92;Baixo;3.30%;5.42%;4.68%;Ótimo;Baixo desempenho;Médio;Médio;;Baixo
UDO3I01;ROTA SP_CDD PRESID. PRUDENTE, Vehicle, Diesel, CAMBIO MANUAL, MERCEDES BENZ, COMBUSTÃO, REG_MACRO REGIÃO SP, CAMINHÃO TOCO / TRUCK, TRS_IMEDIATO, UNI_CDD PRESID. PRUDENTE, 80 km/h;jan 29, 2026;92;Baixo;4.04%;7.25%;5.08%;Ótimo;Médio;Médio;Ótimo;;Moderado
TTP7F82;ROTA MG_CDD UBERABA, Vehicle, Diesel, CAMBIO MANUAL, MERCEDES BENZ, COMBUSTÃO, REG_MACRO REGIÃO MG, CAMINHÃO TOCO / TRUCK, TRS_FADEL, UNI_CDD UBERABA, 80 km/h;jan 29, 2026;92;Baixo;2.87%;5.25%;3.52%;Médio;Melhor;Melhor;Médio;;Moderado
UFZ9I77;ROTA SP_CDD SAO JOSE CAMPOS, Vehicle, Manually Classified Powertrain, CAMBIO MANUAL, MERCEDES BENZ, COMBUSTÃO, REG_MACRO REGIÃO SP, CAMINHÃO TOCO / TRUCK, TRS_FADEL, UNI_CDD SÃO JOSÉ DOS CAMPOS, 80 km/h;jan 29, 2026;92;Baixo;3.79%;6.20%;4.42%;Melhor;Melhor;Ótimo;Melhor;;Moderado
UDY2A63;ROTA SUL_CDD PELOTAS, Vehicle, CAMBIO MANUAL, VOLKSWAGEN, COMBUSTÃO, REG_MACRO REGIÃO SUL, CAMINHÃO TOCO / TRUCK, TRS_CONLOG, UNI_CDD PELOTAS, 80 km/h;jan 29, 2026;93;Baixo;3.32%;5.18%;4.68%;Ótimo;Melhor;Baixo desempenho;Médio;;Baixo
TTL8F60;ROTA RJ ES_CDD JACAREPAGUA, Vehicle, Diesel, Manually Classified Powertrain, CAMBIO MANUAL, MERCEDES BENZ, COMBUSTÃO, REG_MACRO REGIÃO RJ ES, CAMINHÃO TOCO / TRUCK, TRS_FADEL, UNI_CDD JACAREPAGUA, 80 km/h;jan 29, 2026;93;Baixo;3.98%;7.12%;5.21%;Ótimo;Ótimo;Ótimo;Médio;;Alto
TXO2F71;AMBEV, Vehicle, Diesel;jan 29, 2026;93;Baixo;2.92%;5.25%;3.89%;Ótimo;Melhor;Melhor;Médio;;Moderado
TTO2J51;ROTA RJ ES_CDD JACAREPAGUA, Combustão, Vehicle, Diesel, CAMBIO MANUAL, MERCEDES BENZ, REG_MACRO REGIÃO RJ ES, CAMINHÃO TOCO / TRUCK, TRS_FADEL, UNI_CDD JACAREPAGUA, 80 km/h;jan 29, 2026;93;Baixo;3.88%;7.06%;5.19%;Ótimo;Médio;Ótimo;Médio;;Alto
TUA2E66;ROTA RJ ES_CDD JACAREPAGUA, Vehicle, Diesel, CAMBIO MANUAL, MERCEDES BENZ, COMBUSTÃO, REG_MACRO REGIÃO RJ ES, CAMINHÃO TOCO / TRUCK, TRS_FADEL, UNI_CDD JACAREPAGUA, 80 km/h;jan 29, 2026;93;Baixo;3.94%;7.51%;5.41%;Ótimo;Ótimo;Melhor;Médio;;Alto
TOM5F30;ROTA RJ ES_CDD VITORIA, Vehicle, Diesel, CAMBIO MANUAL, MERCEDES BENZ, COMBUSTÃO, REG_MACRO REGIÃO RJ ES, CAMINHÃO TOCO / TRUCK, TRS_FADEL, UNI_CDD VITORIA, 80 km/h;jan 29, 2026;93;Baixo;3.81%;6.80%;4.81%;Médio;Médio;Melhor;Médio;;Alto
UFP3A89;ROTA CO_CDD RONDONOPOLIS, Vehicle, CAMBIO MANUAL, MERCEDES BENZ, COMBUSTÃO, REG_MACRO REGIÃO CO, CAMINHÃO TOCO / TRUCK, TRS_CONLOG, UNI_CDD RONDONOPOLIS, 80 km/h;jan 29, 2026;93;Baixo;3.26%;5.97%;4.68%;Melhor;Melhor;Médio;Médio;;Baixo
TUK2E07;AMBEV, Vehicle, Diesel;jan 29, 2026;93;Baixo;4.01%;7.43%;5.49%;Ótimo;Ótimo;Melhor;Médio;;Alto
UAV2H54;ROTA NO_CDD CEARA, Vehicle, Diesel, CAMBIO MANUAL, RENAULT, COMBUSTÃO, REG_MACRO REGIÃO NO, VANS, TRS_FADEL, UNI_CDD CEARA, 80 km/h;jan 29, 2026;93;Baixo;3.25%;7.93%;4.80%;Melhor;Médio;Melhor;Melhor;;Moderado
UDP7C81;ROTA SUL_CDD CASCAVEL, Vehicle, Diesel, CAMBIO MANUAL, MERCEDES BENZ, COMBUSTÃO, REG_MACRO REGIÃO SUL, CAMINHÃO TOCO / TRUCK, TRS_LOG20, UNI_CDD CASCAVEL, 80 km/h;jan 29, 2026;94;Baixo;3.36%;7.52%;4.88%;Ótimo;Melhor;Ótimo;Médio;;Baixo
TUK2G98;ROTA RJ ES_CDD NITEROI, Vehicle, Diesel, CAMBIO MANUAL, MERCEDES BENZ, COMBUSTÃO, REG_MACRO REGIÃO RJ ES, CAMINHÃO TOCO / TRUCK, TRS_FADEL, UNI_CDD NITEROI, 80 km/h;jan 29, 2026;94;Baixo;3.64%;6.59%;4.77%;Ótimo;Médio;Ótimo;Ótimo;;Alto
UDH4A70;ROTA SUL_CDD CURITIBA, Vehicle, Diesel, CAMBIO MANUAL, MERCEDES BENZ, COMBUSTÃO, REG_MACRO REGIÃO SUL, CAMINHÃO TOCO / TRUCK, TRS_IMEDIATO, UNI_CDD CURITIBA, 80 km/h;jan 29, 2026;94;Baixo;3.31%;7.62%;4.93%;Ótimo;Médio;Ótimo;Ótimo;;Moderado
UDT6C94;SUP SE - EMP_PIRAI, Vehicle, Diesel, CAMBIO AUTOMATICO OU SEMI AUTOMATICO, MERCEDES BENZ, COMBUSTÃO, REG_SUPPLY SE, CAVALO MECÂNICO, TRS_CONLOG, UNI_EMP PIRAI, 90 km/h;jan 29, 2026;94;Baixo;2.75%;5.09%;3.79%;Ótimo;Melhor;Melhor;Médio;;Moderado
UDJ7I09;ROTA SP_CDD PRESID. PRUDENTE, Vehicle, Diesel, CAMBIO MANUAL, MERCEDES BENZ, COMBUSTÃO, REG_MACRO REGIÃO SP, CAMINHÃO TOCO / TRUCK, TRS_IMEDIATO, UNI_CDD PRESID. PRUDENTE, 80 km/h;jan 29, 2026;94;Baixo;2.97%;5.37%;4.43%;Médio;Baixo desempenho;Médio;Médio;;Baixo
TTQ5H13;AMBEV, Vehicle, Diesel;jan 29, 2026;94;Baixo;3.94%;7.51%;5.52%;Ótimo;Ótimo;Melhor;Médio;;Alto
UEN2C86;SUP SE - EMP_PIRAI, Vehicle, Diesel, CAMBIO AUTOMATICO OU SEMI AUTOMATICO, MERCEDES BENZ, COMBUSTÃO, REG_SUPPLY SE, CAVALO MECÂNICO, TRS_CONLOG, UNI_EMP PIRAI, 90 km/h;jan 29, 2026;94;Baixo;2.87%;5.36%;3.88%;Médio;Melhor;Melhor;Médio;;Moderado
UDG9F78;ROTA CO_CDD RONDONOPOLIS, Volkswagen, Vehicle, CAMBIO MANUAL, COMBUSTÃO, REG_MACRO REGIÃO CO, CAMINHÃO TOCO / TRUCK, TRS_CONLOG, UNI_CDD RONDONOPOLIS, 80 km/h;jan 29, 2026;94;Baixo;3.01%;6.10%;4.15%;Melhor;Melhor;Melhor;Médio;;Baixo
UFT2F49;AMBEV, Vehicle, Diesel, CAMBIO MANUAL, MERCEDES BENZ, COMBUSTÃO, REG_MACRO REGIÃO SP, CAMINHÃO TOCO / TRUCK, TRS_IMEDIATO, UNI_CDD RIBEIRÃO PRETO, 80 km/h;jan 29, 2026;94;Baixo;3.70%;6.55%;4.70%;Médio;Melhor;Melhor;Médio;;Alto
7522;AMBEV, Vehicle, Diesel;jan 29, 2026;95;Baixo;2.76%;5.13%;3.84%;Médio;Melhor;Melhor;Médio;;Baixo
TXO9E22;ROTA NE_CDD ILHEUS, Vehicle, Diesel, CAMBIO MANUAL, MERCEDES BENZ, COMBUSTÃO, REG_MACRO REGIÃO NE, CAMINHÃO TOCO / TRUCK, TRS_NEPOMUCENO, UNI_CDD ILHEUS, 80 km/h;jan 29, 2026;95;Baixo;2.76%;5.37%;4.37%;Médio;Melhor;Melhor;Médio;;Baixo
TTM8F04;AMBEV, Vehicle, Diesel;jan 29, 2026;95;Baixo;3.82%;7.70%;5.55%;Melhor;Ótimo;Melhor;Melhor;;Alto
UAU9E68;ROTA NE_CDD JOAO PESSOA, Vehicle, Diesel, CAMBIO MANUAL, MERCEDES BENZ, COMBUSTÃO, REG_MACRO REGIÃO NE, CAMINHÃO TOCO / TRUCK, TRS_NEPOMUCENO, UNI_CDD JOAO PESSOA, 80 km/h;jan 29, 2026;95;Baixo;2.81%;8.84%;5.37%;Ótimo;Ótimo;Melhor;Melhor;;Alto
UDV7I82;ROTA RJ ES_CDD PETROPOLIS, Vehicle, Diesel, CAMBIO MANUAL, MERCEDES BENZ, COMBUSTÃO, REG_MACRO REGIÃO RJ ES, CAMINHÃO TOCO / TRUCK, TRS_LOG20, UNI_CDD PETROPOLIS, 80 km/h;jan 29, 2026;95;Baixo;2.60%;5.09%;3.66%;Médio;Baixo desempenho;Baixo desempenho;Em risco;;Baixo
TXI9B31;SUP COMG - EMP_HUB NOVA MINAS, Vehicle, Diesel, CAMBIO AUTOMATICO OU SEMI AUTOMATICO, MERCEDES BENZ, COMBUSTÃO, REG_SUPPLY COMG, CAVALO MECÂNICO, TRS_FADEL, UNI_EMP HUB NOVA MINAS, 90 km/h;jan 29, 2026;95;Baixo;2.76%;5.25%;3.90%;Médio;Melhor;Melhor;Médio;;Baixo
UEW0E83;ROTA SUL_CDD PELOTAS, Vehicle, CAMBIO MANUAL, VOLKSWAGEN, COMBUSTÃO, REG_MACRO REGIÃO SUL, CAMINHÃO TOCO / TRUCK, TRS_CONLOG, UNI_CDD PELOTAS, 80 km/h;jan 29, 2026;95;Baixo;3.07%;5.25%;4.63%;Médio;Em risco;Médio;Médio;;Baixo
SUQ6A65;SUP COMG - EMP_UBERLANDIA, Vehicle, Diesel, CAMBIO AUTOMATICO OU SEMI AUTOMATICO, MERCEDES BENZ, COMBUSTÃO, REG_SUPPLY COMG, CAVALO MECÂNICO, TRS_IMEDIATO, UNI_EMP UBERLANDIA, 90 km/h;jan 29, 2026;95;Baixo;2.78%;5.25%;4.38%;Médio;Melhor;Melhor;Médio;;Baixo
UEV5E44;SUP SE - EMP_JAGUARIUNA, Vehicle, Diesel, Manually Classified Powertrain, CAMBIO AUTOMATICO OU SEMI AUTOMATICO, MERCEDES BENZ, COMBUSTÃO, REG_SUPPLY SE, CAVALO MECÂNICO, TRS_IMEDIATO, UNI_EMP JAGUARIUNA, 90 km/h;jan 29, 2026;96;Baixo;2.76%;5.25%;4.54%;Médio;Melhor;Melhor;Médio;;Baixo
UDJ4J72;ROTA RJ ES_CDD PETROPOLIS, Vehicle, Diesel, CAMBIO MANUAL, MERCEDES BENZ, COMBUSTÃO, REG_MACRO REGIÃO RJ ES, CAMINHÃO TOCO / TRUCK, TRS_LOG20, UNI_CDD PETROPOLIS, 80 km/h;jan 29, 2026;96;Baixo;2.65%;6.58%;4.14%;Melhor;Médio;Melhor;Médio;;Baixo
TUA2D16;AMBEV, Vehicle, Diesel;jan 29, 2026;96;Baixo;3.64%;7.45%;5.51%;Melhor;Melhor;Melhor;Melhor;;Alto
TTS6A88;AS RJ ES_AS CAMPO GRANDE, Vehicle, Diesel, CAMBIO AUTOMATICO OU SEMI AUTOMATICO, MERCEDES BENZ, COMBUSTÃO, REG_MACRO REGIÃO RJ ES, CAVALO MECÂNICO, TRS_FADEL, UNI_AS CAMPO GRANDE, 90 km/h;jan 29, 2026;96;Baixo;3.48%;7.14%;5.14%;Ótimo;Ótimo;Melhor;Ótimo;;Alto
TMI2C75;SUP SE - EMP_JAGUARIUNA, Vehicle, Diesel, CAMBIO AUTOMATICO OU SEMI AUTOMATICO, MERCEDES BENZ, COMBUSTÃO, REG_SUPPLY SE, CAVALO MECÂNICO, TRS_IMEDIATO, UNI_EMP JAGUARIUNA, 90 km/h;jan 29, 2026;96;Baixo;2.76%;5.25%;4.17%;Médio;Melhor;Melhor;Médio;;Baixo
TXI9B71;SUP SE - EMP_NOVA RIO, Vehicle, Diesel, CAMBIO AUTOMATICO OU SEMI AUTOMATICO, MERCEDES BENZ, COMBUSTÃO, REG_SUPPLY SE, CAVALO MECÂNICO, TRS_FADEL, UNI_EMP NOVA RIO, 90 km/h;jan 29, 2026;96;Baixo;2.44%;5.25%;3.67%;Melhor;Baixo desempenho;Melhor;Médio;;Moderado
UDI9E55;ROTA RJ ES_CDD PETROPOLIS, Vehicle, Diesel, CAMBIO MANUAL, MERCEDES BENZ, COMBUSTÃO, REG_MACRO REGIÃO RJ ES, CAMINHÃO TOCO / TRUCK, TRS_LOG20, UNI_CDD PETROPOLIS, 80 km/h;jan 29, 2026;96;Baixo;2.77%;5.55%;4.18%;Médio;Baixo desempenho;Médio;Em risco;;Moderado
TXI9B72;SUP SE - EMP_NOVA RIO, Vehicle, Diesel, CAMBIO AUTOMATICO OU SEMI AUTOMATICO, MERCEDES BENZ, COMBUSTÃO, REG_SUPPLY SE, CAVALO MECÂNICO, TRS_FADEL, UNI_EMP NOVA RIO, 90 km/h;jan 29, 2026;96;Baixo;2.87%;7.62%;4.67%;Ótimo;Melhor;Melhor;Ótimo;;Moderado
TTP7F81;ROTA MG_CDD UBERABA, Vehicle, Diesel, CAMBIO MANUAL, MERCEDES BENZ, COMBUSTÃO, REG_MACRO REGIÃO MG, CAMINHÃO TOCO / TRUCK, TRS_FADEL, UNI_CDD UBERABA, 80 km/h;jan 29, 2026;96;Baixo;2.87%;8.03%;4.79%;Ótimo;Melhor;Melhor;Ótimo;;Baixo
UAT9F71;ROTA NO_CDD CEARA, Vehicle, Diesel, CAMBIO MANUAL, RENAULT, COMBUSTÃO, REG_MACRO REGIÃO NO, VANS, TRS_FADEL, UNI_CDD CEARA, 80 km/h;jan 29, 2026;96;Baixo;2.73%;7.92%;4.82%;Melhor;Melhor;Melhor;Melhor;;Baixo
TXR9I86;SUP SE - EMP_NOVA RIO, Vehicle, Diesel, CAMBIO AUTOMATICO OU SEMI AUTOMATICO, MERCEDES BENZ, COMBUSTÃO, REG_SUPPLY SE, CAVALO MECÂNICO, TRS_FADEL, UNI_EMP NOVA RIO, 90 km/h;jan 29, 2026;96;Baixo;2.52%;5.21%;3.84%;Ótimo;Melhor;Melhor;Médio;;Baixo
UDQ0F57;ROTA SUL_CDD LONDRINA, Vehicle, Diesel, CAMBIO MANUAL, MERCEDES BENZ, COMBUSTÃO, REG_MACRO REGIÃO SUL, CAMINHÃO TOCO / TRUCK, TRS_LOG20, UNI_CDD LONDRINA, 80 km/h;jan 29, 2026;96;Baixo;3.20%;6.19%;4.37%;Médio;Melhor;Melhor;Melhor;;Moderado
TUU2A64;ROTA RJ ES_CDD PAVUNA, Vehicle, Diesel, CAMBIO MANUAL, MERCEDES BENZ, COMBUSTÃO, REG_MACRO REGIÃO RJ ES, CAMINHÃO TOCO / TRUCK, TRS_FADEL, UNI_CDD PAVUNA, 80 km/h;jan 29, 2026;96;Baixo;3.85%;7.44%;5.50%;Ótimo;Médio;Ótimo;Médio;;Alto
UDS3C78;ROTA SP_CDD PRESID. PRUDENTE, Vehicle, Diesel, CAMBIO MANUAL, FOTON, COMBUSTÃO, REG_MACRO REGIÃO SP, CAMINHÃO TOCO / TRUCK, TRS_IMEDIATO, UNI_CDD PRESID. PRUDENTE, 80 km/h;jan 29, 2026;96;Baixo;2.78%;5.37%;4.24%;Médio;Melhor;Melhor;Médio;;Baixo
UHK1I77;ROTA NO_CDD BELEM, Vehicle, Diesel, CAMBIO MANUAL, MERCEDES BENZ, COMBUSTÃO, REG_MACRO REGIÃO NO, CAMINHÃO TOCO / TRUCK, TRS_HORIZONTE, UNI_CDD BELEM, 80 km/h;jan 29, 2026;97;Baixo;3.49%;6.85%;5.11%;Melhor;Médio;Médio;Médio;;Alto
UEC3E48;ROTA SUL_CDD CURITIBA, Vehicle, Diesel, CAMBIO MANUAL, MERCEDES BENZ, COMBUSTÃO, REG_MACRO REGIÃO SUL, CAMINHÃO TOCO / TRUCK, TRS_IMEDIATO, UNI_CDD CURITIBA, 80 km/h;jan 29, 2026;97;Baixo;2.94%;5.85%;4.16%;Médio;Médio;Ótimo;Melhor;;Moderado
TTL8F61;ROTA RJ ES_CDD JACAREPAGUA, Vehicle, Diesel, CAMBIO MANUAL, MERCEDES BENZ, COMBUSTÃO, REG_MACRO REGIÃO RJ ES, CAMINHÃO TOCO / TRUCK, TRS_FADEL, UNI_CDD JACAREPAGUA, 80 km/h;jan 29, 2026;97;Baixo;3.42%;7.13%;5.15%;Melhor;Ótimo;Melhor;Ótimo;;Alto
QSY9C91;ROTA SP_CDD PRESID. PRUDENTE, Vehicle, Diesel, CAMBIO MANUAL, MERCEDES BENZ, COMBUSTÃO, REG_MACRO REGIÃO SP, CAMINHÃO TOCO / TRUCK, TRS_IMEDIATO, UNI_CDD PRESID. PRUDENTE, 80 km/h;jan 29, 2026;97;Baixo;2.89%;7.50%;5.05%;Ótimo;Médio;Melhor;Médio;;Moderado
TIE4E76;ROTA NO_CDD CEARA, Vehicle, Diesel, CAMBIO MANUAL, MERCEDES BENZ, COMBUSTÃO, REG_MACRO REGIÃO NO, CAMINHÃO TOCO / TRUCK, TRS_FADEL, UNI_CDD CEARA, 80 km/h;jan 29, 2026;97;Baixo;2.34%;7.65%;4.70%;Ótimo;Melhor;Ótimo;Médio;;Baixo
TUL2D28;ROTA RJ ES_CDD JACAREPAGUA, Vehicle, Diesel, CAMBIO MANUAL, MERCEDES BENZ, COMBUSTÃO, REG_MACRO REGIÃO RJ ES, CAMINHÃO TOCO / TRUCK, TRS_FADEL, UNI_CDD JACAREPAGUA, 80 km/h;jan 29, 2026;97;Baixo;3.61%;7.68%;5.63%;Melhor;Ótimo;Melhor;Médio;;Alto
UDM5I95;ROTA SP_CDD SAO JOSE CAMPOS, Vehicle, Diesel, CAMBIO MANUAL, MERCEDES BENZ, COMBUSTÃO, REG_MACRO REGIÃO SP, CAMINHÃO TOCO / TRUCK, TRS_FADEL, UNI_CDD SÃO JOSÉ DOS CAMPOS, 80 km/h;jan 29, 2026;97;Baixo;2.58%;7.65%;4.61%;Médio;Baixo desempenho;Médio;Baixo desempenho;;Baixo
UGJ2B49;ROTA SP_CDD PRESID. PRUDENTE, Vehicle, Diesel, CAMBIO MANUAL, MERCEDES BENZ, COMBUSTÃO, REG_MACRO REGIÃO SP, CAMINHÃO TOCO / TRUCK, TRS_IMEDIATO, UNI_CDD PRESID. PRUDENTE, 80 km/h;jan 29, 2026;97;Baixo;2.67%;5.43%;4.48%;Ótimo;Melhor;Melhor;Médio;;Baixo
QSQ5E95;ROTA RJ ES_CDD SAO CRISTOVAO, Vehicle, Diesel, CAMBIO MANUAL, MERCEDES BENZ, COMBUSTÃO, REG_MACRO REGIÃO RJ ES, CAMINHÃO TOCO / TRUCK, TRS_LOG20, UNI_CDD SÃO CRISTOVAO, 80 km/h;jan 29, 2026;98;Baixo;3.25%;7.42%;5.41%;Melhor;Médio;Melhor;Médio;;Alto
TXO9E14;ROTA NE_CDD GUANAMBI, Vehicle, Diesel, CAMBIO MANUAL, MERCEDES BENZ, COMBUSTÃO, REG_MACRO REGIÃO NE, CAMINHÃO TOCO / TRUCK, TRS_NEPOMUCENO, UNI_CDD GUANAMBI, 80 km/h;jan 29, 2026;98;Baixo;2.30%;5.37%;4.61%;Ótimo;Melhor;Melhor;Médio;;Baixo
TTS8I76;ROTA RJ ES_CDD NITEROI, Vehicle, Diesel, CAMBIO MANUAL, MERCEDES BENZ, COMBUSTÃO, REG_MACRO REGIÃO RJ ES, CAMINHÃO TOCO / TRUCK, TRS_FADEL, UNI_CDD NITEROI, 80 km/h;jan 29, 2026;98;Baixo;2.36%;5.21%;3.76%;Ótimo;Médio;Médio;Médio;;Moderado
QSS0E37;AMBEV, Vehicle, Diesel, CAMBIO MANUAL, MERCEDES BENZ, COMBUSTÃO, REG_MACRO REGIÃO SP, CAMINHÃO TOCO / TRUCK, TRS_FADEL, UNI_CDD SÃO JOSÉ DOS CAMPOS, 80 km/h;jan 29, 2026;98;Baixo;2.95%;6.22%;4.39%;Ótimo;Médio;Médio;Médio;;Moderado
TXS4J24;ROTA NE_CDD FEIRA DE SANTANA, Vehicle, Diesel, CAMBIO MANUAL, MERCEDES BENZ, COMBUSTÃO, REG_MACRO REGIÃO NE, CAMINHÃO TOCO / TRUCK, TRS_NEPOMUCENO, UNI_CDD FEIRA DE SANTANA, 80 km/h;jan 29, 2026;98;Baixo;2.30%;5.37%;3.86%;Melhor;Melhor;Melhor;Médio;;Baixo
UFY2E99;ROTA SP_CDD AGUDOS, Vehicle, Diesel, CAMBIO MANUAL, MERCEDES BENZ, COMBUSTÃO, REG_MACRO REGIÃO SP, CAMINHÃO TOCO / TRUCK, TRS_IMEDIATO, UNI_CDD AGUDOS, 80 km/h;jan 29, 2026;98;Baixo;2.11%;5.37%;3.84%;Ótimo;Baixo desempenho;Médio;Médio;;Moderado
TTR8H49;ROTA MG_CDD UBERLANDIA, Vehicle, Diesel, CAMBIO MANUAL, MERCEDES BENZ, COMBUSTÃO, REG_MACRO REGIÃO MG, CAMINHÃO TOCO / TRUCK, TRS_FADEL, UNI_CDD UBERLANDIA, 80 km/h;jan 29, 2026;98;Baixo;2.66%;6.97%;4.92%;Melhor;Melhor;Ótimo;Médio;;Moderado
UGA8J72;ROTA CO_CDD RONDONOPOLIS, Volkswagen, Vehicle, CAMBIO MANUAL, COMBUSTÃO, REG_MACRO REGIÃO CO, CAMINHÃO TOCO / TRUCK, TRS_CONLOG, UNI_CDD RONDONOPOLIS, 80 km/h;jan 29, 2026;98;Baixo;2.34%;6.17%;4.19%;Melhor;Médio;Melhor;Médio;;Baixo
UDT1D30;SUP SE - EMP_PIRAI, Vehicle, Diesel, CAMBIO AUTOMATICO OU SEMI AUTOMATICO, MERCEDES BENZ, COMBUSTÃO, REG_SUPPLY SE, CAVALO MECÂNICO, TRS_CONLOG, UNI_EMP PIRAI, 90 km/h;jan 29, 2026;98;Baixo;2.30%;5.00%;3.51%;Melhor;Melhor;Melhor;Médio;;Baixo
UHK1I17;ROTA NO_CDD OLINDA, Vehicle, Diesel, CAMBIO MANUAL, MERCEDES BENZ, COMBUSTÃO, REG_MACRO REGIÃO NO, CAMINHÃO TOCO / TRUCK, TRS_HORIZONTE, UNI_CDD OLINDA, 80 km/h;jan 29, 2026;98;Baixo;3.12%;6.91%;5.09%;Médio;Médio;Melhor;Médio;;Alto
GDU9B11;ROTA SP_CDD PRESID. PRUDENTE, Vehicle, Diesel, CAMBIO MANUAL, MERCEDES BENZ, COMBUSTÃO, REG_MACRO REGIÃO SP, CAMINHÃO TOCO / TRUCK, TRS_IMEDIATO, UNI_CDD PRESID. PRUDENTE, 80 km/h;jan 29, 2026;98;Baixo;2.62%;8.62%;5.12%;Ótimo;Médio;Ótimo;Ótimo;;Baixo
TUK2E70;ROTA MG_CDD UBERABA, Vehicle, Diesel, CAMBIO MANUAL, MERCEDES BENZ, COMBUSTÃO, REG_MACRO REGIÃO MG, CAMINHÃO TOCO / TRUCK, TRS_FADEL, UNI_CDD UBERABA, 80 km/h;jan 29, 2026;99;Baixo;2.39%;7.53%;5.04%;Melhor;Médio;Médio;Ótimo;;Baixo
UFP9F32;ROTA CO_CDD RONDONOPOLIS, Volkswagen, Vehicle, CAMBIO MANUAL, COMBUSTÃO, REG_MACRO REGIÃO CO, CAMINHÃO TOCO / TRUCK, TRS_CONLOG, UNI_CDD RONDONOPOLIS, 80 km/h;jan 29, 2026;99;Baixo;2.21%;5.97%;4.17%;Melhor;Melhor;Melhor;Médio;;Baixo
TIL7G46;ROTA NO_CDD CEARA, Vehicle, Diesel, CAMBIO MANUAL, MERCEDES BENZ, COMBUSTÃO, REG_MACRO REGIÃO NO, CAMINHÃO TOCO / TRUCK, TRS_FADEL, UNI_CDD CEARA, 80 km/h;jan 29, 2026;99;Baixo;2.74%;7.30%;5.35%;Ótimo;Médio;Ótimo;Ótimo;;Alto
UAV2H55;ROTA NO_CDD CEARA, Vehicle, Diesel, CAMBIO MANUAL, RENAULT, COMBUSTÃO, REG_MACRO REGIÃO NO, VANS, TRS_FADEL, UNI_CDD CEARA, 80 km/h;jan 29, 2026;99;Baixo;1.99%;7.82%;4.70%;Melhor;Médio;Melhor;Médio;;Baixo
TTO7H66;ROTA RJ ES_CDD JACAREPAGUA, Vehicle, Diesel, CAMBIO MANUAL, MERCEDES BENZ, COMBUSTÃO, REG_MACRO REGIÃO RJ ES, CAMINHÃO TOCO / TRUCK, TRS_FADEL, UNI_CDD JACAREPAGUA, 80 km/h;jan 29, 2026;99;Baixo;2.99%;7.56%;5.51%;Melhor;Melhor;Melhor;Melhor;;Alto
UAT9F73;ROTA NO_CDD CEARA, Vehicle, Diesel, CAMBIO MANUAL, RENAULT, COMBUSTÃO, REG_MACRO REGIÃO NO, VANS, TRS_FADEL, UNI_CDD CEARA, 80 km/h;jan 29, 2026;99;Baixo;1.40%;8.17%;4.77%;Melhor;Melhor;Melhor;Médio;;Baixo
TUV2E19;ROTA RJ ES_CDD JACAREPAGUA, Vehicle, Diesel, CAMBIO MANUAL, MERCEDES BENZ, COMBUSTÃO, REG_MACRO REGIÃO RJ ES, CAMINHÃO TOCO / TRUCK, TRS_FADEL, UNI_CDD JACAREPAGUA, 80 km/h;jan 29, 2026;99;Baixo;2.94%;7.33%;5.40%;Melhor;Melhor;Melhor;Médio;;Alto
UGR8F37;SUP SE - EMP_GUARULHOS, Vehicle, Diesel, CAMBIO AUTOMATICO OU SEMI AUTOMATICO, MERCEDES BENZ, COMBUSTÃO, REG_SUPPLY SE, CAVALO MECÂNICO, TRS_IMEDIATO, UNI_EMP GUARULHOS, 90 km/h;jan 29, 2026;99;Baixo;1.85%;5.18%;3.65%;Ótimo;Melhor;Melhor;Médio;;Moderado
UEA8J20;AS RJ ES_AS CAMPO GRANDE, Volkswagen, Vehicle, CAMBIO AUTOMATICO OU SEMI AUTOMATICO, COMBUSTÃO, REG_MACRO REGIÃO RJ ES, CAVALO MECÂNICO, TRS_CONLOG, UNI_AS CAMPO GRANDE, 90 km/h;jan 29, 2026;100;Baixo;1.83%;5.40%;3.96%;Ótimo;Melhor;Ótimo;Ótimo;;Moderado
UHJ6F39;ROTA NE_CDD MACEIO, Vehicle, Diesel, CAMBIO AUTOMATICO OU SEMI AUTOMATICO, MERCEDES BENZ, COMBUSTÃO, REG_MACRO REGIÃO NE, CAMINHÃO TOCO / TRUCK, TRS_HORIZONTE, UNI_CDD MACEIO, 80 km/h;jan 29, 2026;100;Baixo;1.75%;7.12%;5.34%;Melhor;Melhor;Melhor;Melhor;;Alto
UDA9C10;ROTA SP_CDD PRAIA GRANDE, Vehicle, Diesel, CAMBIO MANUAL, MERCEDES BENZ, COMBUSTÃO, REG_MACRO REGIÃO SP, CAMINHÃO TOCO / TRUCK, TRS_LOG20, UNI_CDD PRAIA GRANDE, 80 km/h;jan 29, 2026;100;Baixo;2.01%;8.41%;5.51%;Melhor;Médio;Melhor;Ótimo;;Moderado
UGT9G71;ROTA SP_CDD AGUDOS, Vehicle, Diesel, CAMBIO MANUAL, MERCEDES BENZ, COMBUSTÃO, REG_MACRO REGIÃO SP, CAMINHÃO TOCO / TRUCK, TRS_IMEDIATO, UNI_CDD AGUDOS, 80 km/h;jan 29, 2026;100;Baixo;1.89%;7.98%;4.78%;Melhor;Médio;Melhor;Ótimo;;Moderado
UFH3I57;AMBEV, Vehicle, Diesel, CAMBIO MANUAL, MERCEDES BENZ, COMBUSTÃO, REG_MACRO REGIÃO SP, CAMINHÃO TOCO / TRUCK, TRS_FADEL, UNI_CDD SÃO JOSÉ DOS CAMPOS, 80 km/h;jan 29, 2026;100;Baixo;2.30%;6.63%;4.77%;Ótimo;Médio;Melhor;Melhor;;Alto
TTR6A54;AS RJ ES_AS CAMPO GRANDE, Vehicle, Diesel, CAMBIO AUTOMATICO OU SEMI AUTOMATICO, MERCEDES BENZ, COMBUSTÃO, REG_MACRO REGIÃO RJ ES, CAVALO MECÂNICO, TRS_FADEL, UNI_AS CAMPO GRANDE, 90 km/h;jan 29, 2026;100;Baixo;1.75%;7.16%;5.17%;Ótimo;Melhor;Melhor;Ótimo;;Alto
6416;AMBEV, Vehicle, Diesel;jan 29, 2026;;Atividade insuficiente;3.54%;Atividade insuficiente;Atividade insuficiente;Atividade insuficiente;Atividade insuficiente;Atividade insuficiente;Atividade insuficiente;;Baixo
UAV0I12;ROTA NO_CDD FORTALEZA, Vehicle, Diesel, CAMBIO MANUAL, RENAULT, COMBUSTÃO, REG_MACRO REGIÃO NO, VANS, TRS_FADEL, UNI_CDD FORTALEZA, 80 km/h;jan 29, 2026;;Atividade insuficiente;2.56%;Atividade insuficiente;Atividade insuficiente;Atividade insuficiente;Atividade insuficiente;Atividade insuficiente;Atividade insuficiente;;Alto
2281;AMBEV, Vehicle, Diesel;jan 29, 2026;;Atividade insuficiente;42.32%;Atividade insuficiente;Atividade insuficiente;Atividade insuficiente;Atividade insuficiente;Atividade insuficiente;Atividade insuficiente;;Baixo
2074;AMBEV, Vehicle, Diesel;jan 29, 2026;;Atividade insuficiente;3.54%;Atividade insuficiente;Atividade insuficiente;Atividade insuficiente;Atividade insuficiente;Atividade insuficiente;Atividade insuficiente;;Baixo
TJI7A54;ROTA SUL_CDS FCO BELTRAO, Vehicle, Diesel, CAMBIO MANUAL, MERCEDES BENZ, COMBUSTÃO, REG_MACRO REGIÃO SUL, CAMINHÃO TOCO / TRUCK, TRS_LOG20, UNI_CDS FCO BELTRÃO, 80 km/h;jan 29, 2026;;Atividade insuficiente;7.10%;Atividade insuficiente;Atividade insuficiente;Atividade insuficiente;Atividade insuficiente;Atividade insuficiente;Atividade insuficiente;;Moderado
UEH9G10;AMBEV, Vehicle, Diesel;jan 29, 2026;;Atividade insuficiente;3.54%;Atividade insuficiente;Atividade insuficiente;Atividade insuficiente;Atividade insuficiente;Atividade insuficiente;Atividade insuficiente;;Baixo
1605;AMBEV, Vehicle, Diesel;jan 29, 2026;;Atividade insuficiente;3.54%;Atividade insuficiente;Atividade insuficiente;Atividade insuficiente;Atividade insuficiente;Atividade insuficiente;Atividade insuficiente;;Baixo
UFO1G90;ROTA SP_CDD PRESID. PRUDENTE, Vehicle, Diesel, CAMBIO MANUAL, FOTON, COMBUSTÃO, REG_MACRO REGIÃO SP, TRS_IMEDIATO, UNI_CDD PRESID. PRUDENTE, 80 km/h;jan 29, 2026;;Atividade insuficiente;8.36%;Atividade insuficiente;Atividade insuficiente;Atividade insuficiente;Atividade insuficiente;Atividade insuficiente;Atividade insuficiente;;Alto
117;AMBEV, Vehicle, Diesel;jan 29, 2026;;Atividade insuficiente;3.54%;Atividade insuficiente;Atividade insuficiente;Atividade insuficiente;Atividade insuficiente;Atividade insuficiente;Atividade insuficiente;;Baixo
9070;AMBEV, Vehicle, Diesel;jan 29, 2026;;Atividade insuficiente;10.59%;Atividade insuficiente;Atividade insuficiente;Atividade insuficiente;Atividade insuficiente;Atividade insuficiente;Atividade insuficiente;;Baixo
2271;AMBEV, Vehicle, Diesel;jan 29, 2026;;Atividade insuficiente;3.54%;Atividade insuficiente;Atividade insuficiente;Atividade insuficiente;Atividade insuficiente;Atividade insuficiente;Atividade insuficiente;;Baixo
UAV9I92;ROTA NO_CDD FORTALEZA, Vehicle, Diesel, CAMBIO MANUAL, RENAULT, COMBUSTÃO, REG_MACRO REGIÃO NO, VANS, TRS_FADEL, UNI_CDD FORTALEZA, 80 km/h;jan 29, 2026;;Atividade insuficiente;4.30%;Atividade insuficiente;Atividade insuficiente;Atividade insuficiente;Atividade insuficiente;Atividade insuficiente;Atividade insuficiente;;Alto
962;AMBEV, Vehicle, Diesel;jan 29, 2026;;Atividade insuficiente;3.54%;Atividade insuficiente;Atividade insuficiente;Atividade insuficiente;Atividade insuficiente;Atividade insuficiente;Atividade insuficiente;;Baixo
580;AMBEV, Vehicle, Diesel;jan 29, 2026;;Atividade insuficiente;3.54%;Atividade insuficiente;Atividade insuficiente;Atividade insuficiente;Atividade insuficiente;Atividade insuficiente;Atividade insuficiente;;Baixo
705;AMBEV, Vehicle, Diesel;jan 29, 2026;;Atividade insuficiente;3.54%;Atividade insuficiente;Atividade insuficiente;Atividade insuficiente;Atividade insuficiente;Atividade insuficiente;Atividade insuficiente;;Baixo
2026;AMBEV, Vehicle, Diesel;jan 29, 2026;;Atividade insuficiente;28.98%;Atividade insuficiente;Atividade insuficiente;Atividade insuficiente;Atividade insuficiente;Atividade insuficiente;Atividade insuficiente;;Baixo
2114;AMBEV, Vehicle, Diesel;jan 29, 2026;;Atividade insuficiente;3.54%;Atividade insuficiente;Atividade insuficiente;Atividade insuficiente;Atividade insuficiente;Atividade insuficiente;Atividade insuficiente;;Baixo
477;AMBEV, Vehicle, Diesel;jan 29, 2026;;Atividade insuficiente;3.54%;Atividade insuficiente;Atividade insuficiente;Atividade insuficiente;Atividade insuficiente;Atividade insuficiente;Atividade insuficiente;;Baixo
QZK5F68;AMBEV, Vehicle;jan 29, 2026;;Atividade insuficiente;4.39%;Atividade insuficiente;Atividade insuficiente;Atividade insuficiente;Atividade insuficiente;Atividade insuficiente;Atividade insuficiente;;Moderado
2107;AMBEV, Vehicle, Diesel;jan 29, 2026;;Atividade insuficiente;42.32%;Atividade insuficiente;Atividade insuficiente;Atividade insuficiente;Atividade insuficiente;Atividade insuficiente;Atividade insuficiente;;Baixo
UAV2H66;ROTA NO_CDD FORTALEZA, Vehicle, Manually Classified Powertrain, CAMBIO MANUAL, RENAULT, COMBUSTÃO, REG_MACRO REGIÃO NO, VANS, TRS_FADEL, UNI_CDD FORTALEZA, 80 km/h;jan 29, 2026;;Atividade insuficiente;2.56%;Atividade insuficiente;Atividade insuficiente;Atividade insuficiente;Atividade insuficiente;Atividade insuficiente;Atividade insuficiente;;Alto
G9-AKF-WU2-R05B;AMBEV, Vehicle;jan 29, 2026;;Atividade insuficiente;3.54%;Atividade insuficiente;Atividade insuficiente;Atividade insuficiente;Atividade insuficiente;Atividade insuficiente;Atividade insuficiente;;Baixo
UAV0I10;ROTA NO_CDD FORTALEZA, Vehicle, Diesel, CAMBIO MANUAL, RENAULT, COMBUSTÃO, REG_MACRO REGIÃO NO, VANS, TRS_FADEL, UNI_CDD FORTALEZA, 80 km/h;jan 29, 2026;;Atividade insuficiente;2.56%;Atividade insuficiente;Atividade insuficiente;Atividade insuficiente;Atividade insuficiente;Atividade insuficiente;Atividade insuficiente;;Alto
6053;AMBEV, Vehicle, Diesel;jan 29, 2026;;Atividade insuficiente;3.54%;Atividade insuficiente;Atividade insuficiente;Atividade insuficiente;Atividade insuficiente;Atividade insuficiente;Atividade insuficiente;;Baixo
6124;AMBEV, Vehicle, Manually Classified Powertrain;jan 29, 2026;;Atividade insuficiente;4.34%;Atividade insuficiente;Atividade insuficiente;Atividade insuficiente;Atividade insuficiente;Atividade insuficiente;Atividade insuficiente;;Baixo
750;AMBEV, Vehicle, Diesel;jan 29, 2026;;Atividade insuficiente;3.54%;Atividade insuficiente;Atividade insuficiente;Atividade insuficiente;Atividade insuficiente;Atividade insuficiente;Atividade insuficiente;;Baixo
