Dispositivo;Grupo de dispositivo;Data de início;Duração da condução;Data de parada;Duração da parada;Origem;Destino;Tempo parado com motor ligado;Velocidade máxima;Horas do motor no início da viagem;Horas do motor no final da viagem
6124;AMBEV, Vehicle, Manually Classified Powertrain;18/02/2026;00:02:56;18/02/2026;1,136143935;Av. José Marão Filho, 8754 - Polo Comercial e Industrial, Votuporanga - SP, 15502-045, Brasil;Av. José Marão Filho, 8754 - Polo Comercial e Industrial, Votuporanga - SP, 15502-045, Brasil;00:08:24;5;01:24:14;01:35:34
6124;AMBEV, Vehicle, Manually Classified Powertrain;19/02/2026;00:01:45;19/02/2026;0,001573912;Av. José Marão Filho, 8754 - Polo Comercial e Industrial, Votuporanga - SP, 15502-045, Brasil;Av. José Marão Filho, 8754 - Polo Comercial e Industrial, Votuporanga - SP, 15502-045, Brasil;00:00:28;0;01:35:34;01:37:48
6124;AMBEV, Vehicle, Manually Classified Powertrain;19/02/2026;00:01:44;19/02/2026;0,029566146;Av. José Marão Filho, 8754 - Polo Comercial e Industrial, Votuporanga - SP, 15502-045, Brasil;Av. José Marão Filho, 8754 - Polo Comercial e Industrial, Votuporanga - SP, 15502-045, Brasil;00:00:13;28;01:37:48;01:39:45
6124;AMBEV, Vehicle, Manually Classified Powertrain;19/02/2026;00:04:57;19/02/2026;7,091958449;Av. José Marão Filho, 8754 - Polo Comercial e Industrial, Votuporanga - SP, 15502-045, Brasil;Av. José Marão Filho, 8754 - Polo Comercial e Industrial, Votuporanga - SP, 15502-045, Brasil;00:00:00;17;01:39:45;01:44:57
7031;AMBEV, Vehicle, Diesel;16/02/2026;00:01:37;16/02/2026;0,000804514;Estrada Sem Nome - Jacareí, SP, Brasil;Estrada Sem Nome - Jacareí, SP, Brasil;00:00:09;4;03:42:00;03:48:00
7031;AMBEV, Vehicle, Diesel;16/02/2026;00:00:17;16/02/2026;0,047984352;Estrada Sem Nome - Jacareí, SP, Brasil;Estrada Sem Nome - Jacareí, SP, Brasil;00:00:00;0;03:48:00;03:48:00
7031;AMBEV, Vehicle, Diesel;16/02/2026;00:12:50;16/02/2026;0,003564815;Estrada Sem Nome - Jacareí, SP, Brasil;Estrada Sem Nome - Jacareí, SP, Brasil;00:05:08;14;03:48:00;04:05:58
7031;AMBEV, Vehicle, Diesel;16/02/2026;00:00:14;16/02/2026;0,003414352;Estrada Sem Nome - Jacareí, SP, Brasil;Estrada Sem Nome - Jacareí, SP, Brasil;00:04:55;2;04:05:58;04:11:07
7031;AMBEV, Vehicle, Diesel;16/02/2026;00:08:50;16/02/2026;0,009351852;Estrada Sem Nome - Jacareí, SP, Brasil;Estrada Sem Nome - Jacareí, SP, Brasil;00:13:28;18;04:11:07;04:33:25
7031;AMBEV, Vehicle, Diesel;16/02/2026;00:11:13;16/02/2026;0,019812847;Estrada Sem Nome - Jacareí, SP, Brasil;Estr. Mun. do Jaguari, 9876-10276 - Rio Abaixo, Jacareí - SP, Brasil - Rio Abaixo, Jacareí - SP, 12334-400, Brasil;00:00:21;7;04:33:25;04:42:00
7031;AMBEV, Vehicle, Diesel;16/02/2026;00:16:27;16/02/2026;0,004699074;Estr. Mun. do Jaguari, 9876-10276 - Rio Abaixo, Jacareí - SP, Brasil - Rio Abaixo, Jacareí - SP, 12334-400, Brasil;Estr. Mun. do Jaguari, 1285 - Rio Abaixo, Jacareí - SP, 12334-400, Brasil;00:06:46;8;04:42:00;05:05:13
7031;AMBEV, Vehicle, Diesel;16/02/2026;00:01:13;16/02/2026;0,003449074;Estr. Mun. do Jaguari, 1285 - Rio Abaixo, Jacareí - SP, 12334-400, Brasil;Estr. Mun. do Jaguari, 9876-10276 - Rio Abaixo, Jacareí - SP, Brasil - Rio Abaixo, Jacareí - SP, 12334-400, Brasil;00:04:58;8;05:05:13;05:11:24
7031;AMBEV, Vehicle, Diesel;16/02/2026;00:23:01;16/02/2026;0,008159722;Estr. Mun. do Jaguari, 9876-10276 - Rio Abaixo, Jacareí - SP, Brasil - Rio Abaixo, Jacareí - SP, 12334-400, Brasil;Estr. Mun. do Jaguari, 9876-10276 - Rio Abaixo, Jacareí - SP, Brasil - Rio Abaixo, Jacareí - SP, 12334-400, Brasil;00:11:45;28;05:11:24;05:46:11
7031;AMBEV, Vehicle, Diesel;16/02/2026;00:09:35;16/02/2026;0,028338727;Estr. Mun. do Jaguari, 9876-10276 - Rio Abaixo, Jacareí - SP, Brasil - Rio Abaixo, Jacareí - SP, 12334-400, Brasil;Estrada Sem Nome - Jacareí, SP, Brasil;00:00:11;12;05:46:11;06:00:00
7031;AMBEV, Vehicle, Diesel;16/02/2026;00:10:37;16/02/2026;0,003449074;Estrada Sem Nome - Jacareí, SP, Brasil;Estr. Mun. do Jaguari, 9876-10276 - Rio Abaixo, Jacareí - SP, Brasil - Rio Abaixo, Jacareí - SP, 12334-400, Brasil;00:04:58;7;06:00:00;06:15:35
7031;AMBEV, Vehicle, Diesel;16/02/2026;00:01:07;16/02/2026;0,031276852;Estr. Mun. do Jaguari, 9876-10276 - Rio Abaixo, Jacareí - SP, Brasil - Rio Abaixo, Jacareí - SP, 12334-400, Brasil;Estr. Mun. do Jaguari, 9876-10276 - Rio Abaixo, Jacareí - SP, Brasil - Rio Abaixo, Jacareí - SP, 12334-400, Brasil;00:00:44;7;06:15:35;06:12:00
7031;AMBEV, Vehicle, Diesel;16/02/2026;00:03:15;16/02/2026;0,006604155;Estr. Mun. do Jaguari, 9876-10276 - Rio Abaixo, Jacareí - SP, Brasil - Rio Abaixo, Jacareí - SP, 12334-400, Brasil;Estr. Mun. do Jaguari, 9876-10276 - Rio Abaixo, Jacareí - SP, Brasil - Rio Abaixo, Jacareí - SP, 12334-400, Brasil;00:04:04;12;06:12:00;06:24:00
7031;AMBEV, Vehicle, Diesel;16/02/2026;00:05:10;16/02/2026;0,035926192;Estr. Mun. do Jaguari, 9876-10276 - Rio Abaixo, Jacareí - SP, Brasil - Rio Abaixo, Jacareí - SP, 12334-400, Brasil;Estrada Sem Nome - Jacareí, SP, Brasil;00:01:10;28;06:24:00;06:30:00
7031;AMBEV, Vehicle, Diesel;16/02/2026;00:00:37;16/02/2026;0,014316262;Estrada Sem Nome - Jacareí, SP, Brasil;Estrada Sem Nome - Jacareí, SP, Brasil;00:00:09;0;06:30:00;06:30:00
7031;AMBEV, Vehicle, Diesel;16/02/2026;00:05:13;16/02/2026;0,002960671;Estrada Sem Nome - Jacareí, SP, Brasil;Estrada Sem Nome - Jacareí, SP, Brasil;00:00:13;15;06:30:00;06:36:00
7031;AMBEV, Vehicle, Diesel;16/02/2026;00:02:47;16/02/2026;0,011417431;Estrada Sem Nome - Jacareí, SP, Brasil;Estr. Mun. do Jaguari, 10236 - Rio Abaixo, Jacareí - SP, 12334-400, Brasil;00:00:00;0;06:36:00;06:36:00
7031;AMBEV, Vehicle, Diesel;16/02/2026;00:05:01;16/02/2026;0,019106215;Estr. Mun. do Jaguari, 10236 - Rio Abaixo, Jacareí - SP, 12334-400, Brasil;Estrada Sem Nome - Jacareí, SP, Brasil;00:00:00;16;06:36:00;06:42:00
7031;AMBEV, Vehicle, Diesel;16/02/2026;00:02:44;16/02/2026;0,020661713;Estrada Sem Nome - Jacareí, SP, Brasil;Estrada Sem Nome - Jacareí, SP, Brasil;00:00:13;0;06:42:00;06:48:00
7031;AMBEV, Vehicle, Diesel;16/02/2026;00:06:27;16/02/2026;0,008086539;Estrada Sem Nome - Jacareí, SP, Brasil;Estrada Sem Nome - Jacareí, SP, Brasil;00:00:05;14;06:48:00;06:54:00
7031;AMBEV, Vehicle, Diesel;16/02/2026;00:01:52;16/02/2026;0,008019387;Estrada Sem Nome - Jacareí, SP, Brasil;Estrada Sem Nome - Jacareí, SP, Brasil;00:00:00;0;06:54:00;06:54:00
7031;AMBEV, Vehicle, Diesel;16/02/2026;00:03:11;16/02/2026;0,004018843;Estrada Sem Nome - Jacareí, SP, Brasil;Estr. Mun. do Jaguari, 9876-10276 - Rio Abaixo, Jacareí - SP, Brasil - Rio Abaixo, Jacareí - SP, 12334-400, Brasil;00:00:32;8;06:54:00;07:00:00
7031;AMBEV, Vehicle, Diesel;16/02/2026;00:00:30;16/02/2026;0,197894178;Estr. Mun. do Jaguari, 9876-10276 - Rio Abaixo, Jacareí - SP, Brasil - Rio Abaixo, Jacareí - SP, 12334-400, Brasil;Estr. Mun. do Jaguari, 9876-10276 - Rio Abaixo, Jacareí - SP, Brasil - Rio Abaixo, Jacareí - SP, 12334-400, Brasil;00:00:09;8;07:00:00;07:00:00
7031;AMBEV, Vehicle, Diesel;16/02/2026;00:12:55;16/02/2026;0,003657407;Estr. Mun. do Jaguari, 9876-10276 - Rio Abaixo, Jacareí - SP, Brasil - Rio Abaixo, Jacareí - SP, 12334-400, Brasil;Estr. Mun. do Jaguari, 9876-10276 - Rio Abaixo, Jacareí - SP, Brasil - Rio Abaixo, Jacareí - SP, 12334-400, Brasil;00:05:16;15;07:00:00;07:18:11
7031;AMBEV, Vehicle, Diesel;16/02/2026;00:03:43;16/02/2026;0,004351852;Estr. Mun. do Jaguari, 9876-10276 - Rio Abaixo, Jacareí - SP, Brasil - Rio Abaixo, Jacareí - SP, 12334-400, Brasil;Estr. Mun. do Jaguari, 9876-10276 - Rio Abaixo, Jacareí - SP, Brasil - Rio Abaixo, Jacareí - SP, 12334-400, Brasil;00:06:16;7;07:18:11;07:28:10
7031;AMBEV, Vehicle, Diesel;16/02/2026;00:00:11;16/02/2026;0,003449074;Estr. Mun. do Jaguari, 9876-10276 - Rio Abaixo, Jacareí - SP, Brasil - Rio Abaixo, Jacareí - SP, 12334-400, Brasil;Estr. Mun. do Jaguari, 9876-10276 - Rio Abaixo, Jacareí - SP, Brasil - Rio Abaixo, Jacareí - SP, 12334-400, Brasil;00:04:58;5;07:28:10;07:33:19
7031;AMBEV, Vehicle, Diesel;16/02/2026;00:06:14;16/02/2026;0,009773981;Estr. Mun. do Jaguari, 9876-10276 - Rio Abaixo, Jacareí - SP, Brasil - Rio Abaixo, Jacareí - SP, 12334-400, Brasil;Estrada Sem Nome - Jacareí, SP, Brasil;00:00:00;22;07:33:19;07:36:00
7031;AMBEV, Vehicle, Diesel;16/02/2026;00:08:55;16/02/2026;0,0010525;Estrada Sem Nome - Jacareí, SP, Brasil;Estrada Sem Nome - Jacareí, SP, Brasil;00:00:49;14;07:36:00;07:48:00
7031;AMBEV, Vehicle, Diesel;16/02/2026;00:01:09;16/02/2026;0,014061157;Estrada Sem Nome - Jacareí, SP, Brasil;Estrada Sem Nome - Jacareí, SP, Brasil;00:08:54;2;07:48:00;08:00:00
7031;AMBEV, Vehicle, Diesel;16/02/2026;00:00:39;16/02/2026;0,0240439;Estrada Sem Nome - Jacareí, SP, Brasil;Estrada Sem Nome - Jacareí, SP, Brasil;00:26:31;10;08:00:00;08:24:00
7031;AMBEV, Vehicle, Diesel;16/02/2026;00:01:58;16/02/2026;0,147556574;Estrada Sem Nome - Jacareí, SP, Brasil;Estrada Sem Nome - Jacareí, SP, Brasil;00:13:20;11;08:24:00;08:42:00
7031;AMBEV, Vehicle, Diesel;16/02/2026;00:09:06;16/02/2026;0,003206019;Estrada Sem Nome - Jacareí, SP, Brasil;Estrada Sem Nome - Jacareí, SP, Brasil;00:03:13;16;08:42:00;08:50:56
7031;AMBEV, Vehicle, Diesel;16/02/2026;00:07:19;16/02/2026;0,006008507;Estrada Sem Nome - Jacareí, SP, Brasil;Estr. Mun. do Jaguari, 9876-10276 - Rio Abaixo, Jacareí - SP, Brasil - Rio Abaixo, Jacareí - SP, 12334-400, Brasil;00:00:07;15;08:50:56;09:00:00
7031;AMBEV, Vehicle, Diesel;16/02/2026;00:02:51;16/02/2026;0,006689815;Estr. Mun. do Jaguari, 9876-10276 - Rio Abaixo, Jacareí - SP, Brasil - Rio Abaixo, Jacareí - SP, 12334-400, Brasil;Estr. Mun. do Jaguari, 1285 - Rio Abaixo, Jacareí - SP, 12334-400, Brasil;00:09:38;22;09:00:00;09:12:29
7031;AMBEV, Vehicle, Diesel;16/02/2026;00:05:29;16/02/2026;0,105100197;Estr. Mun. do Jaguari, 1285 - Rio Abaixo, Jacareí - SP, 12334-400, Brasil;Estrada Sem Nome - Jacareí, SP, Brasil;00:15:34;22;09:12:29;09:36:00
7031;AMBEV, Vehicle, Diesel;16/02/2026;00:05:45;16/02/2026;0,00188522;Estrada Sem Nome - Jacareí, SP, Brasil;Estrada Sem Nome - Jacareí, SP, Brasil;00:02:42;6;09:36:00;09:44:28
7031;AMBEV, Vehicle, Diesel;16/02/2026;00:01:04;16/02/2026;0,009779236;Estrada Sem Nome - Jacareí, SP, Brasil;Estrada Sem Nome - Jacareí, SP, Brasil;00:00:14;1;09:44:28;09:42:00
7031;AMBEV, Vehicle, Diesel;16/02/2026;00:05:09;16/02/2026;0,049952095;Estrada Sem Nome - Jacareí, SP, Brasil;Estrada Sem Nome - Jacareí, SP, Brasil;00:05:34;2;09:42:00;09:52:40
7031;AMBEV, Vehicle, Diesel;17/02/2026;00:03:17;17/02/2026;0,006180556;Estrada Sem Nome - Jacareí, SP, Brasil;Estrada Sem Nome - Jacareí, SP, Brasil;00:08:54;0;09:52:40;10:04:51
7031;AMBEV, Vehicle, Diesel;17/02/2026;00:10:35;17/02/2026;0,003252315;Estrada Sem Nome - Jacareí, SP, Brasil;Estr. Mun. do Jaguari, 9876-10276 - Rio Abaixo, Jacareí - SP, Brasil - Rio Abaixo, Jacareí - SP, 12334-400, Brasil;00:04:41;2;10:04:51;10:20:07
7031;AMBEV, Vehicle, Diesel;17/02/2026;00:17:20;17/02/2026;0,002996007;Estr. Mun. do Jaguari, 9876-10276 - Rio Abaixo, Jacareí - SP, Brasil - Rio Abaixo, Jacareí - SP, 12334-400, Brasil;Estrada Sem Nome - Jacareí, SP, Brasil;00:03:12;16;10:20:07;10:42:00
7031;AMBEV, Vehicle, Diesel;17/02/2026;00:16:24;17/02/2026;0,002233796;Estrada Sem Nome - Jacareí, SP, Brasil;Estrada Sem Nome - Jacareí, SP, Brasil;00:03:13;9;10:42:00;11:01:37
7031;AMBEV, Vehicle, Diesel;17/02/2026;00:00:38;17/02/2026;0,008241782;Estrada Sem Nome - Jacareí, SP, Brasil;Estrada Sem Nome - Jacareí, SP, Brasil;00:00:09;7;11:01:37;11:00:00
7031;AMBEV, Vehicle, Diesel;17/02/2026;00:02:45;17/02/2026;0,018725243;Estrada Sem Nome - Jacareí, SP, Brasil;Estrada Sem Nome - Jacareí, SP, Brasil;00:00:29;0;11:00:00;11:06:00
7031;AMBEV, Vehicle, Diesel;17/02/2026;00:11:00;17/02/2026;0,003275463;Estrada Sem Nome - Jacareí, SP, Brasil;Estrada Sem Nome - Jacareí, SP, Brasil;00:04:43;16;11:06:00;11:21:43
7031;AMBEV, Vehicle, Diesel;17/02/2026;00:02:20;17/02/2026;0,013120683;Estrada Sem Nome - Jacareí, SP, Brasil;Estrada Sem Nome - Jacareí, SP, Brasil;00:18:53;7;11:21:43;11:42:57
7031;AMBEV, Vehicle, Diesel;17/02/2026;00:07:03;17/02/2026;0,022174734;Estrada Sem Nome - Jacareí, SP, Brasil;Estrada Sem Nome - Jacareí, SP, Brasil;00:00:14;5;11:42:57;11:48:00
7031;AMBEV, Vehicle, Diesel;17/02/2026;00:11:23;17/02/2026;0,028537095;Estrada Sem Nome - Jacareí, SP, Brasil;Estrada Sem Nome - Jacareí, SP, Brasil;00:00:00;16;11:48:00;12:00:00
7031;AMBEV, Vehicle, Diesel;17/02/2026;00:14:44;17/02/2026;0,006087963;Estrada Sem Nome - Jacareí, SP, Brasil;Estr. Mun. do Jaguari, 9876-10276 - Rio Abaixo, Jacareí - SP, Brasil - Rio Abaixo, Jacareí - SP, 12334-400, Brasil;00:08:46;14;12:00:00;12:23:30
7031;AMBEV, Vehicle, Diesel;17/02/2026;00:02:46;17/02/2026;0,035942905;Estr. Mun. do Jaguari, 9876-10276 - Rio Abaixo, Jacareí - SP, Brasil - Rio Abaixo, Jacareí - SP, 12334-400, Brasil;Estr. Mun. do Jaguari, 9876-10276 - Rio Abaixo, Jacareí - SP, Brasil - Rio Abaixo, Jacareí - SP, 12334-400, Brasil;00:00:09;9;12:23:30;12:30:00
7031;AMBEV, Vehicle, Diesel;17/02/2026;00:02:05;17/02/2026;0,020982002;Estr. Mun. do Jaguari, 9876-10276 - Rio Abaixo, Jacareí - SP, Brasil - Rio Abaixo, Jacareí - SP, 12334-400, Brasil;Estr. Mun. do Jaguari, 9876-10276 - Rio Abaixo, Jacareí - SP, Brasil - Rio Abaixo, Jacareí - SP, 12334-400, Brasil;00:00:41;14;12:30:00;12:30:00
7031;AMBEV, Vehicle, Diesel;17/02/2026;00:01:25;17/02/2026;0,011381331;Estr. Mun. do Jaguari, 9876-10276 - Rio Abaixo, Jacareí - SP, Brasil - Rio Abaixo, Jacareí - SP, 12334-400, Brasil;Estr. Mun. do Jaguari, 9876-10276 - Rio Abaixo, Jacareí - SP, Brasil - Rio Abaixo, Jacareí - SP, 12334-400, Brasil;00:00:16;15;12:30:00;12:30:00
7031;AMBEV, Vehicle, Diesel;17/02/2026;00:02:33;17/02/2026;0,003683762;Estr. Mun. do Jaguari, 9876-10276 - Rio Abaixo, Jacareí - SP, Brasil - Rio Abaixo, Jacareí - SP, 12334-400, Brasil;Estrada Sem Nome - Jacareí, SP, Brasil;00:00:32;16;12:30:00;12:36:00
7031;AMBEV, Vehicle, Diesel;17/02/2026;00:03:10;17/02/2026;0,048113484;Estrada Sem Nome - Jacareí, SP, Brasil;Estrada Sem Nome - Jacareí, SP, Brasil;00:00:08;9;12:36:00;12:36:00
7031;AMBEV, Vehicle, Diesel;17/02/2026;00:03:45;17/02/2026;0,02891647;Estrada Sem Nome - Jacareí, SP, Brasil;Estrada Sem Nome - Jacareí, SP, Brasil;00:02:01;13;12:36:00;12:42:00
7031;AMBEV, Vehicle, Diesel;17/02/2026;00:01:23;17/02/2026;0,055076968;Estrada Sem Nome - Jacareí, SP, Brasil;Estrada Sem Nome - Jacareí, SP, Brasil;00:00:27;15;12:42:00;12:48:00
7031;AMBEV, Vehicle, Diesel;17/02/2026;00:05:57;17/02/2026;0,026128032;Estrada Sem Nome - Jacareí, SP, Brasil;Estr. Mun. do Jaguari, 9876-10276 - Rio Abaixo, Jacareí - SP, Brasil - Rio Abaixo, Jacareí - SP, 12334-400, Brasil;00:00:31;11;12:48:00;12:54:00
7031;AMBEV, Vehicle, Diesel;17/02/2026;00:02:25;17/02/2026;0,004340856;Estr. Mun. do Jaguari, 9876-10276 - Rio Abaixo, Jacareí - SP, Brasil - Rio Abaixo, Jacareí - SP, 12334-400, Brasil;Estr. Mun. do Jaguari, 10462 - Rio Abaixo, Jacareí - SP, 12334-400, Brasil;00:00:08;26;12:54:00;12:54:00
7031;AMBEV, Vehicle, Diesel;17/02/2026;00:03:21;17/02/2026;0,005339306;Estr. Mun. do Jaguari, 10462 - Rio Abaixo, Jacareí - SP, 12334-400, Brasil;Estr. Mun. do Jaguari, 9876-10276 - Rio Abaixo, Jacareí - SP, Brasil - Rio Abaixo, Jacareí - SP, 12334-400, Brasil;00:00:05;24;12:54:00;13:00:00
7031;AMBEV, Vehicle, Diesel;17/02/2026;00:01:00;17/02/2026;0,002481701;Estr. Mun. do Jaguari, 9876-10276 - Rio Abaixo, Jacareí - SP, Brasil - Rio Abaixo, Jacareí - SP, 12334-400, Brasil;Estr. Mun. do Jaguari, 9876-10276 - Rio Abaixo, Jacareí - SP, Brasil - Rio Abaixo, Jacareí - SP, 12334-400, Brasil;00:03:34;15;13:00:00;13:04:34
7031;AMBEV, Vehicle, Diesel;17/02/2026;00:00:50;17/02/2026;0,128088148;Estr. Mun. do Jaguari, 9876-10276 - Rio Abaixo, Jacareí - SP, Brasil - Rio Abaixo, Jacareí - SP, 12334-400, Brasil;Estr. Mun. do Jaguari, 9876-10276 - Rio Abaixo, Jacareí - SP, Brasil - Rio Abaixo, Jacareí - SP, 12334-400, Brasil;00:19:17;10;13:04:34;13:24:00
7031;AMBEV, Vehicle, Diesel;17/02/2026;00:07:47;17/02/2026;0,004173368;Estr. Mun. do Jaguari, 9876-10276 - Rio Abaixo, Jacareí - SP, Brasil - Rio Abaixo, Jacareí - SP, 12334-400, Brasil;Estr. Mun. do Jaguari, 1285 - Rio Abaixo, Jacareí - SP, 12334-400, Brasil;00:03:10;22;13:24:00;13:36:00
7031;AMBEV, Vehicle, Diesel;17/02/2026;00:04:03;17/02/2026;0,002119456;Estr. Mun. do Jaguari, 1285 - Rio Abaixo, Jacareí - SP, 12334-400, Brasil;Estr. Mun. do Jaguari, 9876-10276 - Rio Abaixo, Jacareí - SP, Brasil - Rio Abaixo, Jacareí - SP, 12334-400, Brasil;00:00:01;10;13:36:00;13:36:00
7031;AMBEV, Vehicle, Diesel;17/02/2026;00:04:39;17/02/2026;0,007235764;Estr. Mun. do Jaguari, 9876-10276 - Rio Abaixo, Jacareí - SP, Brasil - Rio Abaixo, Jacareí - SP, 12334-400, Brasil;Estrada Sem Nome - Jacareí, SP, Brasil;00:00:44;22;13:36:00;13:42:00
7031;AMBEV, Vehicle, Diesel;17/02/2026;00:01:45;17/02/2026;0,054827593;Estrada Sem Nome - Jacareí, SP, Brasil;Estrada Sem Nome - Jacareí, SP, Brasil;00:21:40;0;13:42:00;14:06:00
7031;AMBEV, Vehicle, Diesel;17/02/2026;00:04:18;17/02/2026;0,010082894;Estrada Sem Nome - Jacareí, SP, Brasil;Estr. Mun. do Jaguari, 9876-10276 - Rio Abaixo, Jacareí - SP, Brasil - Rio Abaixo, Jacareí - SP, 12334-400, Brasil;00:05:23;10;14:06:00;14:18:00
7031;AMBEV, Vehicle, Diesel;17/02/2026;00:02:54;17/02/2026;0,011274063;Estr. Mun. do Jaguari, 9876-10276 - Rio Abaixo, Jacareí - SP, Brasil - Rio Abaixo, Jacareí - SP, 12334-400, Brasil;Estr. Mun. do Jaguari, 9876-10276 - Rio Abaixo, Jacareí - SP, Brasil - Rio Abaixo, Jacareí - SP, 12334-400, Brasil;00:03:05;16;14:18:00;14:25:04
7031;AMBEV, Vehicle, Diesel;17/02/2026;00:05:32;17/02/2026;0,002291667;Estr. Mun. do Jaguari, 9876-10276 - Rio Abaixo, Jacareí - SP, Brasil - Rio Abaixo, Jacareí - SP, 12334-400, Brasil;Estrada Sem Nome - Jacareí, SP, Brasil;00:03:18;20;14:25:04;14:33:53
7031;AMBEV, Vehicle, Diesel;17/02/2026;00:01:53;17/02/2026;0,045499676;Estrada Sem Nome - Jacareí, SP, Brasil;Estrada Sem Nome - Jacareí, SP, Brasil;00:00:35;4;14:33:53;14:36:00
7031;AMBEV, Vehicle, Diesel;17/02/2026;00:06:36;17/02/2026;0,012783796;Estrada Sem Nome - Jacareí, SP, Brasil;Estrada Sem Nome - Jacareí, SP, Brasil;00:00:06;20;14:36:00;14:42:00
7031;AMBEV, Vehicle, Diesel;17/02/2026;00:05:47;17/02/2026;0,032939745;Estrada Sem Nome - Jacareí, SP, Brasil;Estrada Sem Nome - Jacareí, SP, Brasil;00:00:00;5;14:42:00;14:48:00
7031;AMBEV, Vehicle, Diesel;17/02/2026;00:08:36;17/02/2026;0,002625486;Estrada Sem Nome - Jacareí, SP, Brasil;Estrada Sem Nome - Jacareí, SP, Brasil;00:01:51;18;14:48:00;14:54:00
7031;AMBEV, Vehicle, Diesel;17/02/2026;00:05:04;17/02/2026;0,004459016;Estrada Sem Nome - Jacareí, SP, Brasil;Estr. Mun. do Jaguari, 9876-10276 - Rio Abaixo, Jacareí - SP, Brasil - Rio Abaixo, Jacareí - SP, 12334-400, Brasil;00:00:00;18;14:54:00;15:00:00
7031;AMBEV, Vehicle, Diesel;17/02/2026;00:11:26;17/02/2026;0,004953704;Estr. Mun. do Jaguari, 9876-10276 - Rio Abaixo, Jacareí - SP, Brasil - Rio Abaixo, Jacareí - SP, 12334-400, Brasil;Estr. Mun. do Jaguari, 9876-10276 - Rio Abaixo, Jacareí - SP, Brasil - Rio Abaixo, Jacareí - SP, 12334-400, Brasil;00:07:08;24;15:00:00;15:18:34
7031;AMBEV, Vehicle, Diesel;17/02/2026;00:01:05;17/02/2026;0,017456944;Estr. Mun. do Jaguari, 9876-10276 - Rio Abaixo, Jacareí - SP, Brasil - Rio Abaixo, Jacareí - SP, 12334-400, Brasil;Estr. Mun. do Jaguari, 9876-10276 - Rio Abaixo, Jacareí - SP, Brasil - Rio Abaixo, Jacareí - SP, 12334-400, Brasil;00:06:09;3;15:18:34;15:24:57
7031;AMBEV, Vehicle, Diesel;17/02/2026;00:06:36;17/02/2026;0,023862963;Estr. Mun. do Jaguari, 9876-10276 - Rio Abaixo, Jacareí - SP, Brasil - Rio Abaixo, Jacareí - SP, 12334-400, Brasil;Estrada Sem Nome - Jacareí, SP, Brasil;00:00:07;20;15:24:57;15:36:00
7031;AMBEV, Vehicle, Diesel;17/02/2026;00:00:24;17/02/2026;0,082933044;Estrada Sem Nome - Jacareí, SP, Brasil;Estrada Sem Nome - Jacareí, SP, Brasil;00:13:48;5;15:36:00;15:49:44
7031;AMBEV, Vehicle, Diesel;17/02/2026;00:06:36;17/02/2026;0,00342728;Estrada Sem Nome - Jacareí, SP, Brasil;Estrada Sem Nome - Jacareí, SP, Brasil;00:03:06;5;15:49:44;16:00:00
7031;AMBEV, Vehicle, Diesel;17/02/2026;00:08:17;18/02/2026;0,034472558;Estrada Sem Nome - Jacareí, SP, Brasil;Estrada Sem Nome - Jacareí, SP, Brasil;00:00:10;3;16:00:00;16:06:00
7031;AMBEV, Vehicle, Diesel;18/02/2026;00:01:47;18/02/2026;0,030812789;Estrada Sem Nome - Jacareí, SP, Brasil;Estrada Sem Nome - Jacareí, SP, Brasil;00:00:17;0;16:06:00;16:12:00
7031;AMBEV, Vehicle, Diesel;18/02/2026;00:07:05;18/02/2026;0,003472222;Estrada Sem Nome - Jacareí, SP, Brasil;Estr. Mun. do Jaguari, 9876-10276 - Rio Abaixo, Jacareí - SP, Brasil - Rio Abaixo, Jacareí - SP, 12334-400, Brasil;00:05:00;5;16:12:00;16:24:05
7031;AMBEV, Vehicle, Diesel;18/02/2026;00:01:04;18/02/2026;0,004490741;Estr. Mun. do Jaguari, 9876-10276 - Rio Abaixo, Jacareí - SP, Brasil - Rio Abaixo, Jacareí - SP, 12334-400, Brasil;Estr. Mun. do Jaguari, 9876-10276 - Rio Abaixo, Jacareí - SP, Brasil - Rio Abaixo, Jacareí - SP, 12334-400, Brasil;00:06:28;7;16:24:05;16:31:37
7031;AMBEV, Vehicle, Diesel;18/02/2026;00:00:55;18/02/2026;0,00606088;Estr. Mun. do Jaguari, 9876-10276 - Rio Abaixo, Jacareí - SP, Brasil - Rio Abaixo, Jacareí - SP, 12334-400, Brasil;Estr. Mun. do Jaguari, 9876-10276 - Rio Abaixo, Jacareí - SP, Brasil - Rio Abaixo, Jacareí - SP, 12334-400, Brasil;00:03:20;5;16:31:37;16:36:00
7031;AMBEV, Vehicle, Diesel;18/02/2026;00:12:09;18/02/2026;0,013310185;Estr. Mun. do Jaguari, 9876-10276 - Rio Abaixo, Jacareí - SP, Brasil - Rio Abaixo, Jacareí - SP, 12334-400, Brasil;Estr. Mun. do Jaguari, 10255 - Rio Abaixo, Jacareí - SP, 12334-400, Brasil;00:19:10;22;16:36:00;17:07:19
7031;AMBEV, Vehicle, Diesel;18/02/2026;00:12:47;18/02/2026;0,018192477;Estr. Mun. do Jaguari, 10255 - Rio Abaixo, Jacareí - SP, 12334-400, Brasil;Estrada Sem Nome - Jacareí, SP, Brasil;00:05:11;14;17:07:19;17:24:00
7031;AMBEV, Vehicle, Diesel;18/02/2026;00:01:40;18/02/2026;0,002922141;Estrada Sem Nome - Jacareí, SP, Brasil;Estrada Sem Nome - Jacareí, SP, Brasil;00:01:31;2;17:24:00;17:24:00
7031;AMBEV, Vehicle, Diesel;18/02/2026;00:06:02;18/02/2026;0,025153553;Estrada Sem Nome - Jacareí, SP, Brasil;Estrada Sem Nome - Jacareí, SP, Brasil;00:00:00;3;17:24:00;17:30:00
7031;AMBEV, Vehicle, Diesel;18/02/2026;00:06:49;18/02/2026;0,003028866;Estrada Sem Nome - Jacareí, SP, Brasil;Estrada Sem Nome - Jacareí, SP, Brasil;00:02:26;14;17:30:00;17:42:00
7031;AMBEV, Vehicle, Diesel;18/02/2026;00:01:26;18/02/2026;0,051041308;Estrada Sem Nome - Jacareí, SP, Brasil;Estrada Sem Nome - Jacareí, SP, Brasil;00:00:03;8;17:42:00;17:42:00
7031;AMBEV, Vehicle, Diesel;18/02/2026;00:12:56;18/02/2026;0,002291667;Estrada Sem Nome - Jacareí, SP, Brasil;Estrada Sem Nome - Jacareí, SP, Brasil;00:03:18;14;17:42:00;17:58:14
7031;AMBEV, Vehicle, Diesel;18/02/2026;00:03:54;18/02/2026;0,0439825;Estrada Sem Nome - Jacareí, SP, Brasil;Estr. Mun. do Jaguari, 9876-10276 - Rio Abaixo, Jacareí - SP, Brasil - Rio Abaixo, Jacareí - SP, 12334-400, Brasil;00:03:32;17;17:58:14;18:06:00
7031;AMBEV, Vehicle, Diesel;18/02/2026;00:25:28;18/02/2026;0,021976481;Estr. Mun. do Jaguari, 9876-10276 - Rio Abaixo, Jacareí - SP, Brasil - Rio Abaixo, Jacareí - SP, 12334-400, Brasil;Rod. Pres. Dutra, Km 159 - s/n - Parque Meia Lua, Jacareí - SP, 12335-010, Brasil;00:00:31;76;18:06:00;18:30:00
7031;AMBEV, Vehicle, Diesel;18/02/2026;00:20:17;18/02/2026;0,000274815;Rod. Pres. Dutra, Km 159 - s/n - Parque Meia Lua, Jacareí - SP, 12335-010, Brasil;Estr. Mun. do Jaguari, 10081 - Pagador de Andrade, Jacareí - SP, 12334-400, Brasil;00:00:06;74;18:30:00;18:54:00
7031;AMBEV, Vehicle, Diesel;18/02/2026;00:01:14;18/02/2026;0,003194444;Estr. Mun. do Jaguari, 10081 - Pagador de Andrade, Jacareí - SP, 12334-400, Brasil;Estr. Mun. do Jaguari, 10255 - Rio Abaixo, Jacareí - SP, 12334-400, Brasil;00:04:36;14;18:54:00;18:59:50
7031;AMBEV, Vehicle, Diesel;18/02/2026;00:01:31;18/02/2026;0,007987755;Estr. Mun. do Jaguari, 10255 - Rio Abaixo, Jacareí - SP, 12334-400, Brasil;Estr. Mun. do Jaguari, 9876-10276 - Rio Abaixo, Jacareí - SP, Brasil - Rio Abaixo, Jacareí - SP, 12334-400, Brasil;00:02:01;12;18:59:50;19:00:00
7031;AMBEV, Vehicle, Diesel;18/02/2026;00:02:15;18/02/2026;0,020046713;Estr. Mun. do Jaguari, 9876-10276 - Rio Abaixo, Jacareí - SP, Brasil - Rio Abaixo, Jacareí - SP, 12334-400, Brasil;Estrada Sem Nome - Jacareí, SP, Brasil;00:10:41;15;19:00:00;19:12:00
7031;AMBEV, Vehicle, Diesel;18/02/2026;00:05:50;18/02/2026;0,006627755;Estrada Sem Nome - Jacareí, SP, Brasil;Estrada Sem Nome - Jacareí, SP, Brasil;00:00:18;14;19:12:00;19:18:00
7031;AMBEV, Vehicle, Diesel;18/02/2026;00:02:32;18/02/2026;0,052007025;Estrada Sem Nome - Jacareí, SP, Brasil;Estrada Sem Nome - Jacareí, SP, Brasil;00:00:11;9;19:18:00;19:24:00
7031;AMBEV, Vehicle, Diesel;18/02/2026;00:10:05;18/02/2026;0,001066157;Estrada Sem Nome - Jacareí, SP, Brasil;Estrada Sem Nome - Jacareí, SP, Brasil;00:00:30;16;19:24:00;19:36:00
7031;AMBEV, Vehicle, Diesel;18/02/2026;00:04:29;18/02/2026;0,032112465;Estrada Sem Nome - Jacareí, SP, Brasil;Estrada Sem Nome - Jacareí, SP, Brasil;00:00:11;2;19:36:00;19:36:00
7031;AMBEV, Vehicle, Diesel;18/02/2026;00:01:52;18/02/2026;0,01271191;Estrada Sem Nome - Jacareí, SP, Brasil;Estr. Mun. do Jaguari, 9876-10276 - Rio Abaixo, Jacareí - SP, Brasil - Rio Abaixo, Jacareí - SP, 12334-400, Brasil;00:00:16;12;19:36:00;19:42:00
7031;AMBEV, Vehicle, Diesel;18/02/2026;00:04:47;18/02/2026;0,001006933;Estr. Mun. do Jaguari, 9876-10276 - Rio Abaixo, Jacareí - SP, Brasil - Rio Abaixo, Jacareí - SP, 12334-400, Brasil;Estr. Mun. do Jaguari, 9999 - Rio Abaixo, Jacareí - SP, 12334-400, Brasil;00:00:06;24;19:42:00;19:48:00
7031;AMBEV, Vehicle, Diesel;18/02/2026;00:03:33;18/02/2026;0,013855093;Estr. Mun. do Jaguari, 9999 - Rio Abaixo, Jacareí - SP, 12334-400, Brasil;Estr. Mun. do Jaguari, 9876-10276 - Rio Abaixo, Jacareí - SP, Brasil - Rio Abaixo, Jacareí - SP, 12334-400, Brasil;00:00:05;20;19:48:00;19:48:00
7031;AMBEV, Vehicle, Diesel;18/02/2026;00:04:57;18/02/2026;0,098627743;Estr. Mun. do Jaguari, 9876-10276 - Rio Abaixo, Jacareí - SP, Brasil - Rio Abaixo, Jacareí - SP, 12334-400, Brasil;Estr. Mun. do Jaguari, 9876-10276 - Rio Abaixo, Jacareí - SP, Brasil - Rio Abaixo, Jacareí - SP, 12334-400, Brasil;00:39:34;12;19:48:00;20:36:00
7031;AMBEV, Vehicle, Diesel;18/02/2026;00:02:00;18/02/2026;0,003368056;Estr. Mun. do Jaguari, 9876-10276 - Rio Abaixo, Jacareí - SP, Brasil - Rio Abaixo, Jacareí - SP, 12334-400, Brasil;Estr. Mun. do Jaguari, 9876-10276 - Rio Abaixo, Jacareí - SP, Brasil - Rio Abaixo, Jacareí - SP, 12334-400, Brasil;00:04:51;7;20:36:00;20:42:51
7031;AMBEV, Vehicle, Diesel;18/02/2026;00:08:03;18/02/2026;0,004175231;Estr. Mun. do Jaguari, 9876-10276 - Rio Abaixo, Jacareí - SP, Brasil - Rio Abaixo, Jacareí - SP, 12334-400, Brasil;Estr. Mun. do Jaguari, 9876-10276 - Rio Abaixo, Jacareí - SP, Brasil - Rio Abaixo, Jacareí - SP, 12334-400, Brasil;00:01:54;20;20:42:51;20:48:00
7031;AMBEV, Vehicle, Diesel;18/02/2026;00:04:03;18/02/2026;0,00662037;Estr. Mun. do Jaguari, 9876-10276 - Rio Abaixo, Jacareí - SP, Brasil - Rio Abaixo, Jacareí - SP, 12334-400, Brasil;Estr. Mun. do Jaguari, 10001 - Pagador de Andrade, Jacareí - SP, 12334-400, Brasil;00:09:32;9;20:48:00;21:01:35
7031;AMBEV, Vehicle, Diesel;18/02/2026;00:01:56;18/02/2026;0,003599537;Estr. Mun. do Jaguari, 10001 - Pagador de Andrade, Jacareí - SP, 12334-400, Brasil;Estr. Mun. do Jaguari, 1285 - Rio Abaixo, Jacareí - SP, 12334-400, Brasil;00:05:11;14;21:01:35;21:08:42
7031;AMBEV, Vehicle, Diesel;18/02/2026;00:00:51;18/02/2026;0,003460648;Estr. Mun. do Jaguari, 1285 - Rio Abaixo, Jacareí - SP, 12334-400, Brasil;Estr. Mun. do Jaguari, 9876-10276 - Rio Abaixo, Jacareí - SP, Brasil - Rio Abaixo, Jacareí - SP, 12334-400, Brasil;00:04:59;5;21:08:42;21:14:32
7031;AMBEV, Vehicle, Diesel;18/02/2026;00:00:30;18/02/2026;0,002830463;Estr. Mun. do Jaguari, 9876-10276 - Rio Abaixo, Jacareí - SP, Brasil - Rio Abaixo, Jacareí - SP, 12334-400, Brasil;Estr. Mun. do Jaguari, 9876-10276 - Rio Abaixo, Jacareí - SP, Brasil - Rio Abaixo, Jacareí - SP, 12334-400, Brasil;00:00:05;2;21:14:32;21:18:00
7031;AMBEV, Vehicle, Diesel;18/02/2026;00:03:03;18/02/2026;0,028055764;Estr. Mun. do Jaguari, 9876-10276 - Rio Abaixo, Jacareí - SP, Brasil - Rio Abaixo, Jacareí - SP, 12334-400, Brasil;Estrada Sem Nome - Jacareí, SP, Brasil;00:01:11;16;21:18:00;21:24:00
7031;AMBEV, Vehicle, Diesel;18/02/2026;00:02:21;18/02/2026;0,037342326;Estrada Sem Nome - Jacareí, SP, Brasil;Estrada Sem Nome - Jacareí, SP, Brasil;00:01:17;6;21:24:00;21:25:18
7031;AMBEV, Vehicle, Diesel;18/02/2026;00:08:25;18/02/2026;0,004513889;Estrada Sem Nome - Jacareí, SP, Brasil;Estrada Sem Nome - Jacareí, SP, Brasil;00:06:30;12;21:25:18;21:40:13
7031;AMBEV, Vehicle, Diesel;18/02/2026;00:07:42;18/02/2026;0,006714583;Estrada Sem Nome - Jacareí, SP, Brasil;Estr. Mun. do Jaguari, 9876-10276 - Rio Abaixo, Jacareí - SP, Brasil - Rio Abaixo, Jacareí - SP, 12334-400, Brasil;00:00:35;18;21:40:13;21:48:00
7031;AMBEV, Vehicle, Diesel;18/02/2026;00:01:31;18/02/2026;0,00993213;Estr. Mun. do Jaguari, 9876-10276 - Rio Abaixo, Jacareí - SP, Brasil - Rio Abaixo, Jacareí - SP, 12334-400, Brasil;Estr. Mun. do Jaguari, 9876-10276 - Rio Abaixo, Jacareí - SP, Brasil - Rio Abaixo, Jacareí - SP, 12334-400, Brasil;00:00:21;10;21:48:00;21:48:00
7031;AMBEV, Vehicle, Diesel;18/02/2026;00:00:21;18/02/2026;0,006363576;Estr. Mun. do Jaguari, 9876-10276 - Rio Abaixo, Jacareí - SP, Brasil - Rio Abaixo, Jacareí - SP, 12334-400, Brasil;Estr. Mun. do Jaguari, 9876-10276 - Rio Abaixo, Jacareí - SP, Brasil - Rio Abaixo, Jacareí - SP, 12334-400, Brasil;00:01:31;0;21:48:00;21:54:00
7031;AMBEV, Vehicle, Diesel;18/02/2026;00:01:38;18/02/2026;0,005543981;Estr. Mun. do Jaguari, 9876-10276 - Rio Abaixo, Jacareí - SP, Brasil - Rio Abaixo, Jacareí - SP, 12334-400, Brasil;Estr. Mun. do Jaguari, 9876-10276 - Rio Abaixo, Jacareí - SP, Brasil - Rio Abaixo, Jacareí - SP, 12334-400, Brasil;00:07:59;8;21:54:00;22:03:37
7031;AMBEV, Vehicle, Diesel;18/02/2026;00:04:20;18/02/2026;0,047203356;Estr. Mun. do Jaguari, 9876-10276 - Rio Abaixo, Jacareí - SP, Brasil - Rio Abaixo, Jacareí - SP, 12334-400, Brasil;Estrada Sem Nome - Jacareí, SP, Brasil;00:00:21;14;22:03:37;22:06:00
7031;AMBEV, Vehicle, Diesel;18/02/2026;00:05:51;18/02/2026;0,056812859;Estrada Sem Nome - Jacareí, SP, Brasil;Estrada Sem Nome - Jacareí, SP, Brasil;00:00:00;9;22:06:00;22:12:00
7031;AMBEV, Vehicle, Diesel;18/02/2026;00:03:17;18/02/2026;0,075162037;Estrada Sem Nome - Jacareí, SP, Brasil;Estr. Mun. do Jaguari, 9876-10276 - Rio Abaixo, Jacareí - SP, Brasil - Rio Abaixo, Jacareí - SP, 12334-400, Brasil;00:03:07;8;22:12:00;22:21:03
7031;AMBEV, Vehicle, Diesel;18/02/2026;00:04:14;18/02/2026;0,002453704;Estr. Mun. do Jaguari, 9876-10276 - Rio Abaixo, Jacareí - SP, Brasil - Rio Abaixo, Jacareí - SP, 12334-400, Brasil;Estr. Mun. do Jaguari, 9876-10276 - Rio Abaixo, Jacareí - SP, Brasil - Rio Abaixo, Jacareí - SP, 12334-400, Brasil;00:03:32;1;22:21:03;22:28:49
7031;AMBEV, Vehicle, Diesel;18/02/2026;00:00:53;18/02/2026;0,004456019;Estr. Mun. do Jaguari, 9876-10276 - Rio Abaixo, Jacareí - SP, Brasil - Rio Abaixo, Jacareí - SP, 12334-400, Brasil;Estr. Mun. do Jaguari, 9876-10276 - Rio Abaixo, Jacareí - SP, Brasil - Rio Abaixo, Jacareí - SP, 12334-400, Brasil;00:06:25;8;22:28:49;22:36:07
7031;AMBEV, Vehicle, Diesel;18/02/2026;00:07:02;18/02/2026;0,003449074;Estr. Mun. do Jaguari, 9876-10276 - Rio Abaixo, Jacareí - SP, Brasil - Rio Abaixo, Jacareí - SP, 12334-400, Brasil;Estrada Sem Nome - Jacareí, SP, Brasil;00:04:58;12;22:36:07;22:48:07
7031;AMBEV, Vehicle, Diesel;18/02/2026;00:05:30;18/02/2026;0,056652199;Estrada Sem Nome - Jacareí, SP, Brasil;Estrada Sem Nome - Jacareí, SP, Brasil;00:00:05;14;22:48:07;22:54:00
7031;AMBEV, Vehicle, Diesel;19/02/2026;00:01:09;19/02/2026;0,008618542;Estrada Sem Nome - Jacareí, SP, Brasil;Estrada Sem Nome - Jacareí, SP, Brasil;00:00:12;3;22:54:00;22:54:00
7031;AMBEV, Vehicle, Diesel;19/02/2026;00:01:59;19/02/2026;0,028219838;Estrada Sem Nome - Jacareí, SP, Brasil;Estrada Sem Nome - Jacareí, SP, Brasil;00:00:00;1;22:54:00;22:54:00
7031;AMBEV, Vehicle, Diesel;19/02/2026;00:12:47;19/02/2026;0,0046875;Estrada Sem Nome - Jacareí, SP, Brasil;Estr. Mun. do Jaguari, 9876-10276 - Rio Abaixo, Jacareí - SP, Brasil - Rio Abaixo, Jacareí - SP, 12334-400, Brasil;00:06:45;16;22:54:00;23:13:32
7031;AMBEV, Vehicle, Diesel;19/02/2026;00:01:30;19/02/2026;0,012170532;Estr. Mun. do Jaguari, 9876-10276 - Rio Abaixo, Jacareí - SP, Brasil - Rio Abaixo, Jacareí - SP, 12334-400, Brasil;Estr. Mun. do Jaguari, 9876-10276 - Rio Abaixo, Jacareí - SP, Brasil - Rio Abaixo, Jacareí - SP, 12334-400, Brasil;00:01:19;13;23:13:32;23:18:00
7031;AMBEV, Vehicle, Diesel;19/02/2026;00:05:46;19/02/2026;0,008171296;Estr. Mun. do Jaguari, 9876-10276 - Rio Abaixo, Jacareí - SP, Brasil - Rio Abaixo, Jacareí - SP, 12334-400, Brasil;Estrada Sem Nome - Jacareí, SP, Brasil;00:11:46;12;23:18:00;23:35:32
7031;AMBEV, Vehicle, Diesel;19/02/2026;00:07:10;19/02/2026;0,0109664;Estrada Sem Nome - Jacareí, SP, Brasil;Estr. Mun. do Jaguari, 9876-10276 - Rio Abaixo, Jacareí - SP, Brasil - Rio Abaixo, Jacareí - SP, 12334-400, Brasil;00:00:17;12;23:35:32;23:42:00
7031;AMBEV, Vehicle, Diesel;19/02/2026;00:12:50;19/02/2026;0,036434907;Estr. Mun. do Jaguari, 9876-10276 - Rio Abaixo, Jacareí - SP, Brasil - Rio Abaixo, Jacareí - SP, 12334-400, Brasil;Estrada Sem Nome - Jacareí, SP, Brasil;00:00:05;14;23:42:00;23:54:00
7031;AMBEV, Vehicle, Diesel;19/02/2026;00:03:39;19/02/2026;0,001538137;Estrada Sem Nome - Jacareí, SP, Brasil;Estrada Sem Nome - Jacareí, SP, Brasil;00:00:06;6;23:54:00;00:00:00
7031;AMBEV, Vehicle, Diesel;19/02/2026;00:00:40;19/02/2026;0,006970868;Estrada Sem Nome - Jacareí, SP, Brasil;Estrada Sem Nome - Jacareí, SP, Brasil;00:00:09;3;00:00:00;00:00:00
7031;AMBEV, Vehicle, Diesel;19/02/2026;00:17:01;19/02/2026;0,005578704;Estrada Sem Nome - Jacareí, SP, Brasil;Estrada Sem Nome - Jacareí, SP, Brasil;00:08:02;14;00:00:00;00:25:03
7031;AMBEV, Vehicle, Diesel;19/02/2026;00:05:09;19/02/2026;0,095568669;Estrada Sem Nome - Jacareí, SP, Brasil;Estr. Mun. do Jaguari, 9876-10276 - Rio Abaixo, Jacareí - SP, Brasil - Rio Abaixo, Jacareí - SP, 12334-400, Brasil;00:00:09;7;00:25:03;00:30:00
7031;AMBEV, Vehicle, Diesel;19/02/2026;00:12:14;19/02/2026;0,005100278;Estr. Mun. do Jaguari, 9876-10276 - Rio Abaixo, Jacareí - SP, Brasil - Rio Abaixo, Jacareí - SP, 12334-400, Brasil;Estr. Mun. do Jaguari, 9876-10276 - Rio Abaixo, Jacareí - SP, Brasil - Rio Abaixo, Jacareí - SP, 12334-400, Brasil;00:00:11;26;00:30:00;00:42:00
7031;AMBEV, Vehicle, Diesel;19/02/2026;00:02:05;19/02/2026;0,005834711;Estr. Mun. do Jaguari, 9876-10276 - Rio Abaixo, Jacareí - SP, Brasil - Rio Abaixo, Jacareí - SP, 12334-400, Brasil;Estr. Mun. do Jaguari, 9876-10276 - Rio Abaixo, Jacareí - SP, Brasil - Rio Abaixo, Jacareí - SP, 12334-400, Brasil;00:00:10;14;00:42:00;00:42:00
7031;AMBEV, Vehicle, Diesel;19/02/2026;00:01:43;19/02/2026;0,003865544;Estr. Mun. do Jaguari, 9876-10276 - Rio Abaixo, Jacareí - SP, Brasil - Rio Abaixo, Jacareí - SP, 12334-400, Brasil;Estr. Mun. do Jaguari, 1285 - Rio Abaixo, Jacareí - SP, 12334-400, Brasil;00:00:54;3;00:42:00;00:48:00
7031;AMBEV, Vehicle, Diesel;19/02/2026;00:03:02;19/02/2026;0,008104039;Estr. Mun. do Jaguari, 1285 - Rio Abaixo, Jacareí - SP, 12334-400, Brasil;Estrada Sem Nome - Jacareí, SP, Brasil;00:01:27;26;00:48:00;00:54:00
7031;AMBEV, Vehicle, Diesel;19/02/2026;00:01:37;19/02/2026;0,000185185;Estrada Sem Nome - Jacareí, SP, Brasil;Estrada Sem Nome - Jacareí, SP, Brasil;00:00:11;11;00:54:00;00:54:00
7031;AMBEV, Vehicle, Diesel;19/02/2026;00:00:26;19/02/2026;0,040977616;Estrada Sem Nome - Jacareí, SP, Brasil;Estrada Sem Nome - Jacareí, SP, Brasil;00:00:00;8;00:54:00;00:54:00
7031;AMBEV, Vehicle, Diesel;19/02/2026;00:07:55;19/02/2026;0,001581192;Estrada Sem Nome - Jacareí, SP, Brasil;Estrada Sem Nome - Jacareí, SP, Brasil;00:00:03;16;00:54:00;01:00:00
7031;AMBEV, Vehicle, Diesel;19/02/2026;00:02:48;19/02/2026;0,015138935;Estrada Sem Nome - Jacareí, SP, Brasil;Estr. Mun. do Jaguari, 9876-10276 - Rio Abaixo, Jacareí - SP, Brasil - Rio Abaixo, Jacareí - SP, 12334-400, Brasil;00:01:10;18;01:00:00;01:06:00
7031;AMBEV, Vehicle, Diesel;19/02/2026;00:09:08;19/02/2026;0,002565914;Estr. Mun. do Jaguari, 9876-10276 - Rio Abaixo, Jacareí - SP, Brasil - Rio Abaixo, Jacareí - SP, 12334-400, Brasil;Estr. Mun. do Jaguari, 1285 - Rio Abaixo, Jacareí - SP, 12334-400, Brasil;00:00:28;14;01:06:00;01:18:00
7031;AMBEV, Vehicle, Diesel;19/02/2026;00:02:10;19/02/2026;0,042700972;Estr. Mun. do Jaguari, 1285 - Rio Abaixo, Jacareí - SP, 12334-400, Brasil;Estr. Mun. do Jaguari, 1285 - Rio Abaixo, Jacareí - SP, 12334-400, Brasil;00:31:36;2;01:18:00;01:48:00
7031;AMBEV, Vehicle, Diesel;19/02/2026;00:02:54;19/02/2026;0,008825243;Estr. Mun. do Jaguari, 1285 - Rio Abaixo, Jacareí - SP, 12334-400, Brasil;Estr. Mun. do Jaguari, 9876-10276 - Rio Abaixo, Jacareí - SP, Brasil - Rio Abaixo, Jacareí - SP, 12334-400, Brasil;00:01:58;5;01:48:00;01:54:00
7031;AMBEV, Vehicle, Diesel;19/02/2026;00:01:46;19/02/2026;0,017574225;Estr. Mun. do Jaguari, 9876-10276 - Rio Abaixo, Jacareí - SP, Brasil - Rio Abaixo, Jacareí - SP, 12334-400, Brasil;Estr. Mun. do Jaguari, 9876-10276 - Rio Abaixo, Jacareí - SP, Brasil - Rio Abaixo, Jacareí - SP, 12334-400, Brasil;00:03:12;16;01:54:00;02:00:00
7031;AMBEV, Vehicle, Diesel;19/02/2026;00:01:20;19/02/2026;0,002314815;Estr. Mun. do Jaguari, 9876-10276 - Rio Abaixo, Jacareí - SP, Brasil - Rio Abaixo, Jacareí - SP, 12334-400, Brasil;Estrada Sem Nome - Jacareí, SP, Brasil;00:03:20;18;02:00:00;02:04:40
7031;AMBEV, Vehicle, Diesel;19/02/2026;00:08:16;19/02/2026;0,005453403;Estrada Sem Nome - Jacareí, SP, Brasil;Estr. Mun. do Jaguari, 9876-10276 - Rio Abaixo, Jacareí - SP, Brasil - Rio Abaixo, Jacareí - SP, 12334-400, Brasil;00:00:10;12;02:04:40;02:12:00
7031;AMBEV, Vehicle, Diesel;19/02/2026;00:03:16;19/02/2026;0,025983796;Estr. Mun. do Jaguari, 9876-10276 - Rio Abaixo, Jacareí - SP, Brasil - Rio Abaixo, Jacareí - SP, 12334-400, Brasil;Estrada Sem Nome - Jacareí, SP, Brasil;00:23:47;28;02:12:00;02:37:48
7031;AMBEV, Vehicle, Diesel;19/02/2026;00:02:06;19/02/2026;0,097779803;Estrada Sem Nome - Jacareí, SP, Brasil;Estrada Sem Nome - Jacareí, SP, Brasil;00:00:48;9;02:37:48;02:42:00
7031;AMBEV, Vehicle, Diesel;19/02/2026;00:04:10;19/02/2026;0,006295255;Estrada Sem Nome - Jacareí, SP, Brasil;Estr. Mun. do Jaguari, 9876-10276 - Rio Abaixo, Jacareí - SP, Brasil - Rio Abaixo, Jacareí - SP, 12334-400, Brasil;00:00:18;5;02:42:00;02:48:00
7031;AMBEV, Vehicle, Diesel;19/02/2026;00:00:40;19/02/2026;0,002222894;Estr. Mun. do Jaguari, 9876-10276 - Rio Abaixo, Jacareí - SP, Brasil - Rio Abaixo, Jacareí - SP, 12334-400, Brasil;Estr. Mun. do Jaguari, 9876-10276 - Rio Abaixo, Jacareí - SP, Brasil - Rio Abaixo, Jacareí - SP, 12334-400, Brasil;00:00:46;1;02:48:00;02:48:00
7031;AMBEV, Vehicle, Diesel;19/02/2026;00:01:20;19/02/2026;0,004863519;Estr. Mun. do Jaguari, 9876-10276 - Rio Abaixo, Jacareí - SP, Brasil - Rio Abaixo, Jacareí - SP, 12334-400, Brasil;Estr. Mun. do Jaguari, 9876-10276 - Rio Abaixo, Jacareí - SP, Brasil - Rio Abaixo, Jacareí - SP, 12334-400, Brasil;00:02:08;1;02:48:00;02:54:00
7031;AMBEV, Vehicle, Diesel;19/02/2026;00:08:47;19/02/2026;0,002314815;Estr. Mun. do Jaguari, 9876-10276 - Rio Abaixo, Jacareí - SP, Brasil - Rio Abaixo, Jacareí - SP, 12334-400, Brasil;Estr. Mun. do Jaguari, 9876-10276 - Rio Abaixo, Jacareí - SP, Brasil - Rio Abaixo, Jacareí - SP, 12334-400, Brasil;00:03:20;41;02:54:00;03:06:07
7031;AMBEV, Vehicle, Diesel;19/02/2026;00:01:45;19/02/2026;0,0071875;Estr. Mun. do Jaguari, 9876-10276 - Rio Abaixo, Jacareí - SP, Brasil - Rio Abaixo, Jacareí - SP, 12334-400, Brasil;Estr. Mun. do Jaguari, 10255 - Rio Abaixo, Jacareí - SP, 12334-400, Brasil;00:10:21;10;03:06:07;03:18:13
7031;AMBEV, Vehicle, Diesel;19/02/2026;00:01:03;19/02/2026;0,004858414;Estr. Mun. do Jaguari, 10255 - Rio Abaixo, Jacareí - SP, 12334-400, Brasil;Estr. Mun. do Jaguari, 9876-10276 - Rio Abaixo, Jacareí - SP, Brasil - Rio Abaixo, Jacareí - SP, 12334-400, Brasil;00:00:47;12;03:18:13;03:18:00
7031;AMBEV, Vehicle, Diesel;19/02/2026;00:02:42;19/02/2026;0,040347153;Estr. Mun. do Jaguari, 9876-10276 - Rio Abaixo, Jacareí - SP, Brasil - Rio Abaixo, Jacareí - SP, 12334-400, Brasil;Estrada Sem Nome - Jacareí, SP, Brasil;00:34:01;24;03:18:00;03:54:00
7031;AMBEV, Vehicle, Diesel;19/02/2026;00:04:12;19/02/2026;0,038599537;Estrada Sem Nome - Jacareí, SP, Brasil;Estrada Sem Nome - Jacareí, SP, Brasil;00:03:54;14;03:54:00;04:02:58
7031;AMBEV, Vehicle, Diesel;19/02/2026;00:02:37;19/02/2026;0,077189294;Estrada Sem Nome - Jacareí, SP, Brasil;Estrada Sem Nome - Jacareí, SP, Brasil;00:20:37;0;04:02:58;04:24:00
7031;AMBEV, Vehicle, Diesel;19/02/2026;00:08:32;19/02/2026;0,001944444;Estrada Sem Nome - Jacareí, SP, Brasil;Estrada Sem Nome - Jacareí, SP, Brasil;00:02:08;11;04:24:00;04:31:53
7031;AMBEV, Vehicle, Diesel;19/02/2026;00:06:05;19/02/2026;0,011842384;Estrada Sem Nome - Jacareí, SP, Brasil;Estr. Mun. do Jaguari, 9876-10276 - Rio Abaixo, Jacareí - SP, Brasil - Rio Abaixo, Jacareí - SP, 12334-400, Brasil;00:00:12;22;04:31:53;04:42:00
7031;AMBEV, Vehicle, Diesel;19/02/2026;00:05:18;19/02/2026;0,006736111;Estr. Mun. do Jaguari, 9876-10276 - Rio Abaixo, Jacareí - SP, Brasil - Rio Abaixo, Jacareí - SP, 12334-400, Brasil;Estr. Mun. do Jaguari, 1285 - Rio Abaixo, Jacareí - SP, 12334-400, Brasil;00:04:56;20;04:42:00;04:52:19
7031;AMBEV, Vehicle, Diesel;19/02/2026;00:00:46;19/02/2026;0,001479942;Estr. Mun. do Jaguari, 1285 - Rio Abaixo, Jacareí - SP, 12334-400, Brasil;Estr. Mun. do Jaguari, 9876-10276 - Rio Abaixo, Jacareí - SP, Brasil - Rio Abaixo, Jacareí - SP, 12334-400, Brasil;00:00:04;10;04:52:19;04:54:00
7031;AMBEV, Vehicle, Diesel;19/02/2026;00:02:10;19/02/2026;0,110150463;Estr. Mun. do Jaguari, 9876-10276 - Rio Abaixo, Jacareí - SP, Brasil - Rio Abaixo, Jacareí - SP, 12334-400, Brasil;Estrada Sem Nome - Jacareí, SP, Brasil;00:07:20;20;04:54:00;05:03:50
7031;AMBEV, Vehicle, Diesel;19/02/2026;00:01:34;19/02/2026;0,025788877;Estrada Sem Nome - Jacareí, SP, Brasil;Estrada Sem Nome - Jacareí, SP, Brasil;00:09:26;10;05:03:50;05:12:00
7031;AMBEV, Vehicle, Diesel;20/02/2026;00:03:00;20/02/2026;0,010868704;Estrada Sem Nome - Jacareí, SP, Brasil;Estrada Sem Nome - Jacareí, SP, Brasil;00:00:17;7;05:12:00;05:18:00
7031;AMBEV, Vehicle, Diesel;20/02/2026;00:03:16;20/02/2026;0,006840278;Estrada Sem Nome - Jacareí, SP, Brasil;Estr. Mun. do Jaguari, 10235 - Rio Abaixo, Jacareí - SP, 12334-400, Brasil;00:09:51;0;05:18:00;05:31:07
7031;AMBEV, Vehicle, Diesel;20/02/2026;00:04:29;20/02/2026;0,008628519;Estr. Mun. do Jaguari, 10235 - Rio Abaixo, Jacareí - SP, 12334-400, Brasil;Estrada Sem Nome - Jacareí, SP, Brasil;00:00:08;20;05:31:07;05:36:00
7031;AMBEV, Vehicle, Diesel;20/02/2026;00:01:19;20/02/2026;0,010928484;Estrada Sem Nome - Jacareí, SP, Brasil;Estrada Sem Nome - Jacareí, SP, Brasil;00:00:07;7;05:36:00;05:36:00
7031;AMBEV, Vehicle, Diesel;20/02/2026;00:02:20;20/02/2026;0,04539853;Estrada Sem Nome - Jacareí, SP, Brasil;Estrada Sem Nome - Jacareí, SP, Brasil;00:00:00;2;05:36:00;05:36:00
7031;AMBEV, Vehicle, Diesel;20/02/2026;00:08:45;20/02/2026;0,003298611;Estrada Sem Nome - Jacareí, SP, Brasil;Estr. Mun. do Jaguari, 9876-10276 - Rio Abaixo, Jacareí - SP, Brasil - Rio Abaixo, Jacareí - SP, 12334-400, Brasil;00:04:45;18;05:36:00;05:49:30
7031;AMBEV, Vehicle, Diesel;20/02/2026;00:03:24;20/02/2026;0,006516204;Estr. Mun. do Jaguari, 9876-10276 - Rio Abaixo, Jacareí - SP, Brasil - Rio Abaixo, Jacareí - SP, 12334-400, Brasil;Estr. Mun. do Jaguari, 9876-10276 - Rio Abaixo, Jacareí - SP, Brasil - Rio Abaixo, Jacareí - SP, 12334-400, Brasil;00:09:23;14;05:49:30;06:02:17
7031;AMBEV, Vehicle, Diesel;20/02/2026;00:00:49;20/02/2026;0,00745934;Estr. Mun. do Jaguari, 9876-10276 - Rio Abaixo, Jacareí - SP, Brasil - Rio Abaixo, Jacareí - SP, 12334-400, Brasil;Estr. Mun. do Jaguari, 9876-10276 - Rio Abaixo, Jacareí - SP, Brasil - Rio Abaixo, Jacareí - SP, 12334-400, Brasil;00:00:14;10;06:02:17;06:06:00
7031;AMBEV, Vehicle, Diesel;20/02/2026;00:04:47;20/02/2026;0,057694838;Estr. Mun. do Jaguari, 9876-10276 - Rio Abaixo, Jacareí - SP, Brasil - Rio Abaixo, Jacareí - SP, 12334-400, Brasil;Estrada Sem Nome - Jacareí, SP, Brasil;00:03:30;18;06:06:00;06:15:31
7031;AMBEV, Vehicle, Diesel;20/02/2026;00:06:28;20/02/2026;0,011481481;Estrada Sem Nome - Jacareí, SP, Brasil;Estrada Sem Nome - Jacareí, SP, Brasil;00:16:32;16;06:15:31;06:38:31
7031;AMBEV, Vehicle, Diesel;20/02/2026;00:02:51;20/02/2026;0,150781875;Estrada Sem Nome - Jacareí, SP, Brasil;Estr. Mun. do Jaguari, 9876-10276 - Rio Abaixo, Jacareí - SP, Brasil - Rio Abaixo, Jacareí - SP, 12334-400, Brasil;00:05:31;16;06:38:31;06:42:00
7031;AMBEV, Vehicle, Diesel;20/02/2026;00:01:42;20/02/2026;0,024533206;Estr. Mun. do Jaguari, 9876-10276 - Rio Abaixo, Jacareí - SP, Brasil - Rio Abaixo, Jacareí - SP, 12334-400, Brasil;Estr. Mun. do Jaguari, 9876-10276 - Rio Abaixo, Jacareí - SP, Brasil - Rio Abaixo, Jacareí - SP, 12334-400, Brasil;00:02:14;18;06:42:00;06:48:00
7031;AMBEV, Vehicle, Diesel;20/02/2026;00:03:20;20/02/2026;0,002953669;Estr. Mun. do Jaguari, 9876-10276 - Rio Abaixo, Jacareí - SP, Brasil - Rio Abaixo, Jacareí - SP, 12334-400, Brasil;Estr. Mun. do Jaguari, 9876-10276 - Rio Abaixo, Jacareí - SP, Brasil - Rio Abaixo, Jacareí - SP, 12334-400, Brasil;00:00:06;7;06:48:00;06:54:00
7031;AMBEV, Vehicle, Diesel;20/02/2026;00:02:24;20/02/2026;0,004425972;Estr. Mun. do Jaguari, 9876-10276 - Rio Abaixo, Jacareí - SP, Brasil - Rio Abaixo, Jacareí - SP, 12334-400, Brasil;Estrada Sem Nome - Jacareí, SP, Brasil;00:00:13;18;06:54:00;06:54:00
7031;AMBEV, Vehicle, Diesel;20/02/2026;00:04:49;20/02/2026;0,041366227;Estrada Sem Nome - Jacareí, SP, Brasil;Estrada Sem Nome - Jacareí, SP, Brasil;00:00:00;12;06:54:00;07:00:00
7031;AMBEV, Vehicle, Diesel;20/02/2026;00:10:31;20/02/2026;0,003060694;Estrada Sem Nome - Jacareí, SP, Brasil;Estr. Mun. do Jaguari, 9876-10276 - Rio Abaixo, Jacareí - SP, Brasil - Rio Abaixo, Jacareí - SP, 12334-400, Brasil;00:00:16;18;07:00:00;07:12:00
7031;AMBEV, Vehicle, Diesel;20/02/2026;00:04:08;20/02/2026;0,031377141;Estr. Mun. do Jaguari, 9876-10276 - Rio Abaixo, Jacareí - SP, Brasil - Rio Abaixo, Jacareí - SP, 12334-400, Brasil;Estr. Mun. do Jaguari, 9876-10276 - Rio Abaixo, Jacareí - SP, Brasil - Rio Abaixo, Jacareí - SP, 12334-400, Brasil;00:12:48;3;07:12:00;07:24:00
7031;AMBEV, Vehicle, Diesel;20/02/2026;00:01:29;20/02/2026;0,000916389;Estr. Mun. do Jaguari, 9876-10276 - Rio Abaixo, Jacareí - SP, Brasil - Rio Abaixo, Jacareí - SP, 12334-400, Brasil;Estr. Mun. do Jaguari, 9876-10276 - Rio Abaixo, Jacareí - SP, Brasil - Rio Abaixo, Jacareí - SP, 12334-400, Brasil;00:00:12;9;07:24:00;07:30:00
7031;AMBEV, Vehicle, Diesel;20/02/2026;00:01:04;20/02/2026;0,005158079;Estr. Mun. do Jaguari, 9876-10276 - Rio Abaixo, Jacareí - SP, Brasil - Rio Abaixo, Jacareí - SP, 12334-400, Brasil;Estr. Mun. do Jaguari, 1285 - Rio Abaixo, Jacareí - SP, 12334-400, Brasil;00:05:25;7;07:30:00;07:36:00
7031;AMBEV, Vehicle, Diesel;20/02/2026;00:00:30;20/02/2026;0,00443287;Estr. Mun. do Jaguari, 1285 - Rio Abaixo, Jacareí - SP, 12334-400, Brasil;Estr. Mun. do Jaguari, 1285 - Rio Abaixo, Jacareí - SP, 12334-400, Brasil;00:06:23;0;07:36:00;07:42:53
7031;AMBEV, Vehicle, Diesel;20/02/2026;00:01:45;20/02/2026;0,018415949;Estr. Mun. do Jaguari, 1285 - Rio Abaixo, Jacareí - SP, 12334-400, Brasil;Estr. Mun. do Jaguari, 1285 - Rio Abaixo, Jacareí - SP, 12334-400, Brasil;00:03:42;2;07:42:53;07:48:00
7031;AMBEV, Vehicle, Diesel;20/02/2026;00:05:06;20/02/2026;0,003494653;Estr. Mun. do Jaguari, 1285 - Rio Abaixo, Jacareí - SP, 12334-400, Brasil;Estr. Mun. do Jaguari, 10461-10977 - Rio Abaixo, Jacareí - SP, Brasil - Rio Abaixo, Jacareí - SP, 12334-400, Brasil;00:00:17;28;07:48:00;07:54:00
7031;AMBEV, Vehicle, Diesel;20/02/2026;00:05:19;20/02/2026;0,005706782;Estr. Mun. do Jaguari, 10461-10977 - Rio Abaixo, Jacareí - SP, Brasil - Rio Abaixo, Jacareí - SP, 12334-400, Brasil;Estr. Mun. Biagino Chieffi, 9800 - Rio Abaixo, Jacareí - SP, 12334-480, Brasil;00:00:42;52;07:54:00;08:00:00
7031;AMBEV, Vehicle, Diesel;20/02/2026;00:00:14;20/02/2026;0,011710972;Estr. Mun. Biagino Chieffi, 9800 - Rio Abaixo, Jacareí - SP, 12334-480, Brasil;Estr. Mun. Biagino Chieffi, 9800 - Rio Abaixo, Jacareí - SP, 12334-480, Brasil;00:00:07;2;08:00:00;08:00:00
7031;AMBEV, Vehicle, Diesel;20/02/2026;00:01:02;20/02/2026;0,056770671;Estr. Mun. Biagino Chieffi, 9800 - Rio Abaixo, Jacareí - SP, 12334-480, Brasil;Estr. Mun. Biagino Chieffi, 9800 - Rio Abaixo, Jacareí - SP, 12334-480, Brasil;00:00:11;2;08:00:00;08:00:00
7031;AMBEV, Vehicle, Diesel;20/02/2026;00:07:16;20/02/2026;0,001696563;Estr. Mun. Biagino Chieffi, 9800 - Rio Abaixo, Jacareí - SP, 12334-480, Brasil;Estr. Mun. do Jaguari, 10001 - Pagador de Andrade, Jacareí - SP, 12334-400, Brasil;00:01:08;22;08:00:00;08:06:00
7031;AMBEV, Vehicle, Diesel;20/02/2026;00:00:12;20/02/2026;0,001670683;Estr. Mun. do Jaguari, 10001 - Pagador de Andrade, Jacareí - SP, 12334-400, Brasil;Estr. Mun. do Jaguari, 10001 - Pagador de Andrade, Jacareí - SP, 12334-400, Brasil;00:00:16;1;08:06:00;08:12:00
7031;AMBEV, Vehicle, Diesel;20/02/2026;00:06:59;20/02/2026;0,003541667;Estr. Mun. do Jaguari, 10001 - Pagador de Andrade, Jacareí - SP, 12334-400, Brasil;Estrada Sem Nome - Jacareí, SP, Brasil;00:05:06;29;08:12:00;08:24:05
7031;AMBEV, Vehicle, Diesel;20/02/2026;00:05:31;20/02/2026;0,003923611;Estrada Sem Nome - Jacareí, SP, Brasil;Estr. Mun. do Jaguari, 9876-10276 - Rio Abaixo, Jacareí - SP, Brasil - Rio Abaixo, Jacareí - SP, 12334-400, Brasil;00:02:55;15;08:24:05;08:32:46
7031;AMBEV, Vehicle, Diesel;20/02/2026;00:07:34;20/02/2026;0,008117616;Estr. Mun. do Jaguari, 9876-10276 - Rio Abaixo, Jacareí - SP, Brasil - Rio Abaixo, Jacareí - SP, 12334-400, Brasil;Estrada Sem Nome - Jacareí, SP, Brasil;00:00:44;22;08:32:46;08:36:00
7031;AMBEV, Vehicle, Diesel;20/02/2026;00:00:47;20/02/2026;0,040607431;Estrada Sem Nome - Jacareí, SP, Brasil;Estrada Sem Nome - Jacareí, SP, Brasil;00:00:00;13;08:36:00;08:42:00
7031;AMBEV, Vehicle, Diesel;20/02/2026;00:05:59;20/02/2026;0,00355147;Estrada Sem Nome - Jacareí, SP, Brasil;Estr. Mun. do Jaguari, 9876-10276 - Rio Abaixo, Jacareí - SP, Brasil - Rio Abaixo, Jacareí - SP, 12334-400, Brasil;00:03:01;24;08:42:00;08:50:41
7031;AMBEV, Vehicle, Diesel;20/02/2026;00:05:03;20/02/2026;0,002683356;Estr. Mun. do Jaguari, 9876-10276 - Rio Abaixo, Jacareí - SP, Brasil - Rio Abaixo, Jacareí - SP, 12334-400, Brasil;Estr. Mun. do Jaguari, 9876-10276 - Rio Abaixo, Jacareí - SP, Brasil - Rio Abaixo, Jacareí - SP, 12334-400, Brasil;00:00:06;28;08:50:41;08:54:00
7031;AMBEV, Vehicle, Diesel;20/02/2026;00:01:31;20/02/2026;0,012188565;Estr. Mun. do Jaguari, 9876-10276 - Rio Abaixo, Jacareí - SP, Brasil - Rio Abaixo, Jacareí - SP, 12334-400, Brasil;Estrada Sem Nome - Jacareí, SP, Brasil;00:09:03;24;08:54:00;09:01:24
7031;AMBEV, Vehicle, Diesel;20/02/2026;00:05:42;20/02/2026;0,025242523;Estrada Sem Nome - Jacareí, SP, Brasil;Estrada Sem Nome - Jacareí, SP, Brasil;00:03:08;20;09:01:24;09:15:09
7031;AMBEV, Vehicle, Diesel;20/02/2026;00:05:37;20/02/2026;0,003568681;Estrada Sem Nome - Jacareí, SP, Brasil;Estrada Sem Nome - Jacareí, SP, Brasil;00:02:41;20;09:15:09;09:24:00
7031;AMBEV, Vehicle, Diesel;20/02/2026;00:01:30;20/02/2026;0,022439502;Estrada Sem Nome - Jacareí, SP, Brasil;Estrada Sem Nome - Jacareí, SP, Brasil;00:04:16;11;09:24:00;09:24:00
7031;AMBEV, Vehicle, Diesel;20/02/2026;00:00:38;20/02/2026;0,021308194;Estrada Sem Nome - Jacareí, SP, Brasil;Estrada Sem Nome - Jacareí, SP, Brasil;00:01:22;4;09:24:00;09:31:22
7031;AMBEV, Vehicle, Diesel;20/02/2026;00:08:30;20/02/2026;0,001824039;Estrada Sem Nome - Jacareí, SP, Brasil;Estr. Mun. do Jaguari, 9876-10276 - Rio Abaixo, Jacareí - SP, Brasil - Rio Abaixo, Jacareí - SP, 12334-400, Brasil;00:00:33;24;09:31:22;09:36:00
7031;AMBEV, Vehicle, Diesel;20/02/2026;00:04:30;20/02/2026;0,003367697;Estr. Mun. do Jaguari, 9876-10276 - Rio Abaixo, Jacareí - SP, Brasil - Rio Abaixo, Jacareí - SP, 12334-400, Brasil;Estr. Mun. do Jaguari, 9876-10276 - Rio Abaixo, Jacareí - SP, Brasil - Rio Abaixo, Jacareí - SP, 12334-400, Brasil;00:00:03;16;09:36:00;09:42:00
7031;AMBEV, Vehicle, Diesel;20/02/2026;00:05:26;20/02/2026;0,031898148;Estr. Mun. do Jaguari, 9876-10276 - Rio Abaixo, Jacareí - SP, Brasil - Rio Abaixo, Jacareí - SP, 12334-400, Brasil;Estr. Mun. do Jaguari, 9876-10276 - Rio Abaixo, Jacareí - SP, Brasil - Rio Abaixo, Jacareí - SP, 12334-400, Brasil;00:12:21;20;09:42:00;09:57:22
7031;AMBEV, Vehicle, Diesel;20/02/2026;00:03:45;20/02/2026;0,048706134;Estr. Mun. do Jaguari, 9876-10276 - Rio Abaixo, Jacareí - SP, Brasil - Rio Abaixo, Jacareí - SP, 12334-400, Brasil;Estrada Sem Nome - Jacareí, SP, Brasil;00:24:35;24;09:57:22;10:30:00
7031;AMBEV, Vehicle, Diesel;20/02/2026;00:02:30;20/02/2026;0,081481481;Estrada Sem Nome - Jacareí, SP, Brasil;Estrada Sem Nome - Jacareí, SP, Brasil;00:08:17;2;10:30:00;10:38:12
7031;AMBEV, Vehicle, Diesel;20/02/2026;00:03:20;20/02/2026;0,006921296;Estrada Sem Nome - Jacareí, SP, Brasil;Estrada Sem Nome - Jacareí, SP, Brasil;00:09:58;2;10:38:12;10:51:30
7031;AMBEV, Vehicle, Diesel;20/02/2026;00:02:32;20/02/2026;0,044700995;Estrada Sem Nome - Jacareí, SP, Brasil;Estrada Sem Nome - Jacareí, SP, Brasil;00:00:11;4;10:51:30;10:54:00
7031;AMBEV, Vehicle, Diesel;21/02/2026;00:11:01;21/02/2026;0,032691609;Estrada Sem Nome - Jacareí, SP, Brasil;Estrada Sem Nome - Jacareí, SP, Brasil;00:00:23;8;10:54:00;11:06:00
7031;AMBEV, Vehicle, Diesel;21/02/2026;00:12:54;21/02/2026;0,005601852;Estrada Sem Nome - Jacareí, SP, Brasil;Estrada Sem Nome - Jacareí, SP, Brasil;00:08:04;10;11:06:00;11:26:58
7031;AMBEV, Vehicle, Diesel;21/02/2026;00:06:54;21/02/2026;0,006793125;Estrada Sem Nome - Jacareí, SP, Brasil;Estr. Mun. do Jaguari, 9876-10276 - Rio Abaixo, Jacareí - SP, Brasil - Rio Abaixo, Jacareí - SP, 12334-400, Brasil;00:00:48;12;11:26:58;11:36:00
7031;AMBEV, Vehicle, Diesel;21/02/2026;00:18:49;21/02/2026;0,003460648;Estr. Mun. do Jaguari, 9876-10276 - Rio Abaixo, Jacareí - SP, Brasil - Rio Abaixo, Jacareí - SP, 12334-400, Brasil;Estr. Mun. do Jaguari, 9876-10276 - Rio Abaixo, Jacareí - SP, Brasil - Rio Abaixo, Jacareí - SP, 12334-400, Brasil;00:04:59;20;11:36:00;11:59:48
7031;AMBEV, Vehicle, Diesel;21/02/2026;00:03:08;21/02/2026;0,022662986;Estr. Mun. do Jaguari, 9876-10276 - Rio Abaixo, Jacareí - SP, Brasil - Rio Abaixo, Jacareí - SP, 12334-400, Brasil;Estr. Mun. do Jaguari, 9876-10276 - Rio Abaixo, Jacareí - SP, Brasil - Rio Abaixo, Jacareí - SP, 12334-400, Brasil;00:32:38;7;11:59:48;12:35:34
7031;AMBEV, Vehicle, Diesel;21/02/2026;00:05:00;21/02/2026;0,133425926;Estr. Mun. do Jaguari, 9876-10276 - Rio Abaixo, Jacareí - SP, Brasil - Rio Abaixo, Jacareí - SP, 12334-400, Brasil;Estr. Mun. do Jaguari, 9876-10276 - Rio Abaixo, Jacareí - SP, Brasil - Rio Abaixo, Jacareí - SP, 12334-400, Brasil;00:14:38;11;12:35:34;12:56:18
7031;AMBEV, Vehicle, Diesel;21/02/2026;00:07:07;21/02/2026;0,001356782;Estr. Mun. do Jaguari, 9876-10276 - Rio Abaixo, Jacareí - SP, Brasil - Rio Abaixo, Jacareí - SP, 12334-400, Brasil;Estrada Sem Nome - Jacareí, SP, Brasil;00:00:03;24;12:56:18;13:00:00
7031;AMBEV, Vehicle, Diesel;21/02/2026;00:01:52;21/02/2026;0,000531007;Estrada Sem Nome - Jacareí, SP, Brasil;Estrada Sem Nome - Jacareí, SP, Brasil;00:00:17;11;13:00:00;13:06:00
7031;AMBEV, Vehicle, Diesel;21/02/2026;00:05:14;21/02/2026;0,016909988;Estrada Sem Nome - Jacareí, SP, Brasil;Estr. Mun. do Jaguari, 9876-10276 - Rio Abaixo, Jacareí - SP, Brasil - Rio Abaixo, Jacareí - SP, 12334-400, Brasil;00:00:12;20;13:06:00;13:12:00
7031;AMBEV, Vehicle, Diesel;21/02/2026;00:02:02;21/02/2026;0,0090225;Estr. Mun. do Jaguari, 9876-10276 - Rio Abaixo, Jacareí - SP, Brasil - Rio Abaixo, Jacareí - SP, 12334-400, Brasil;Estr. Mun. do Jaguari, 9876-10276 - Rio Abaixo, Jacareí - SP, Brasil - Rio Abaixo, Jacareí - SP, 12334-400, Brasil;00:00:26;14;13:12:00;13:12:00
7031;AMBEV, Vehicle, Diesel;21/02/2026;00:04:53;21/02/2026;0,005787801;Estr. Mun. do Jaguari, 9876-10276 - Rio Abaixo, Jacareí - SP, Brasil - Rio Abaixo, Jacareí - SP, 12334-400, Brasil;Estr. Mun. do Jaguari, 9876-10276 - Rio Abaixo, Jacareí - SP, Brasil - Rio Abaixo, Jacareí - SP, 12334-400, Brasil;00:00:47;14;13:12:00;13:18:00
7031;AMBEV, Vehicle, Diesel;21/02/2026;00:01:46;21/02/2026;0,060130231;Estr. Mun. do Jaguari, 9876-10276 - Rio Abaixo, Jacareí - SP, Brasil - Rio Abaixo, Jacareí - SP, 12334-400, Brasil;Estr. Mun. do Jaguari, 9876-10276 - Rio Abaixo, Jacareí - SP, Brasil - Rio Abaixo, Jacareí - SP, 12334-400, Brasil;00:01:03;16;13:18:00;13:18:00
7031;AMBEV, Vehicle, Diesel;21/02/2026;00:07:47;21/02/2026;0,001356759;Estr. Mun. do Jaguari, 9876-10276 - Rio Abaixo, Jacareí - SP, Brasil - Rio Abaixo, Jacareí - SP, 12334-400, Brasil;Estrada Sem Nome - Jacareí, SP, Brasil;00:01:06;20;13:18:00;13:30:00
7031;AMBEV, Vehicle, Diesel;21/02/2026;00:00:57;21/02/2026;0,088078704;Estrada Sem Nome - Jacareí, SP, Brasil;Estrada Sem Nome - Jacareí, SP, Brasil;00:14:22;10;13:30:00;13:44:17
7031;AMBEV, Vehicle, Diesel;21/02/2026;00:02:47;21/02/2026;0,03787037;Estrada Sem Nome - Jacareí, SP, Brasil;Estrada Sem Nome - Jacareí, SP, Brasil;00:03:22;8;13:44:17;13:50:58
7031;AMBEV, Vehicle, Diesel;21/02/2026;00:02:24;21/02/2026;0,0034375;Estrada Sem Nome - Jacareí, SP, Brasil;Estrada Sem Nome - Jacareí, SP, Brasil;00:04:57;0;13:50:58;13:58:19
7031;AMBEV, Vehicle, Diesel;21/02/2026;00:04:05;21/02/2026;0,125034201;Estrada Sem Nome - Jacareí, SP, Brasil;Estr. Mun. do Jaguari, 9876-10276 - Rio Abaixo, Jacareí - SP, Brasil - Rio Abaixo, Jacareí - SP, 12334-400, Brasil;00:28:25;9;13:58:19;14:30:00
7031;AMBEV, Vehicle, Diesel;21/02/2026;00:07:08;21/02/2026;0,019241968;Estr. Mun. do Jaguari, 9876-10276 - Rio Abaixo, Jacareí - SP, Brasil - Rio Abaixo, Jacareí - SP, 12334-400, Brasil;Estrada Sem Nome - Jacareí, SP, Brasil;00:17:52;22;14:30:00;14:54:00
7031;AMBEV, Vehicle, Diesel;21/02/2026;00:02:11;21/02/2026;0,015535845;Estrada Sem Nome - Jacareí, SP, Brasil;Estrada Sem Nome - Jacareí, SP, Brasil;00:00:31;6;14:54:00;15:00:00
7031;AMBEV, Vehicle, Diesel;21/02/2026;00:10:13;21/02/2026;0,021049931;Estrada Sem Nome - Jacareí, SP, Brasil;Estrada Sem Nome - Jacareí, SP, Brasil;00:12:29;20;15:00:00;15:24:00
7031;AMBEV, Vehicle, Diesel;21/02/2026;00:00:48;21/02/2026;0,013738426;Estrada Sem Nome - Jacareí, SP, Brasil;Estrada Sem Nome - Jacareí, SP, Brasil;00:03:26;6;15:24:00;15:26:47
7031;AMBEV, Vehicle, Diesel;21/02/2026;00:04:13;21/02/2026;0,001158171;Estrada Sem Nome - Jacareí, SP, Brasil;Estrada Sem Nome - Jacareí, SP, Brasil;00:00:26;6;15:26:47;15:30:00
7031;AMBEV, Vehicle, Diesel;21/02/2026;00:00:22;21/02/2026;0,00158816;Estrada Sem Nome - Jacareí, SP, Brasil;Estrada Sem Nome - Jacareí, SP, Brasil;00:00:42;4;15:30:00;15:30:00
7031;AMBEV, Vehicle, Diesel;21/02/2026;00:00:20;21/02/2026;0,029510301;Estrada Sem Nome - Jacareí, SP, Brasil;Estrada Sem Nome - Jacareí, SP, Brasil;00:00:40;9;15:30:00;15:30:00
7031;AMBEV, Vehicle, Diesel;21/02/2026;00:00:24;21/02/2026;0,01793206;Estrada Sem Nome - Jacareí, SP, Brasil;Estrada Sem Nome - Jacareí, SP, Brasil;00:05:53;0;15:30:00;15:36:00
7031;AMBEV, Vehicle, Diesel;21/02/2026;00:00:20;21/02/2026;0,016872303;Estrada Sem Nome - Jacareí, SP, Brasil;Estrada Sem Nome - Jacareí, SP, Brasil;00:10:48;0;15:36:00;15:48:00
7031;AMBEV, Vehicle, Diesel;21/02/2026;00:00:26;21/02/2026;0,03889184;Estrada Sem Nome - Jacareí, SP, Brasil;Estrada Sem Nome - Jacareí, SP, Brasil;00:08:52;9;15:48:00;16:00:00
7031;AMBEV, Vehicle, Diesel;21/02/2026;00:00:31;21/02/2026;0,021990197;Estrada Sem Nome - Jacareí, SP, Brasil;Estrada Sem Nome - Jacareí, SP, Brasil;00:00:20;2;16:00:00;16:00:00
7031;AMBEV, Vehicle, Diesel;21/02/2026;00:07:34;21/02/2026;0,025089873;Estrada Sem Nome - Jacareí, SP, Brasil;Estrada Sem Nome - Jacareí, SP, Brasil;00:00:01;20;16:00:00;16:06:00
7031;AMBEV, Vehicle, Diesel;21/02/2026;00:04:40;21/02/2026;0,006157407;Estrada Sem Nome - Jacareí, SP, Brasil;Estr. Mun. do Jaguari, 9876-10276 - Rio Abaixo, Jacareí - SP, Brasil - Rio Abaixo, Jacareí - SP, 12334-400, Brasil;00:08:52;9;16:06:00;16:19:32
7031;AMBEV, Vehicle, Diesel;21/02/2026;00:00:41;21/02/2026;0,041187118;Estr. Mun. do Jaguari, 9876-10276 - Rio Abaixo, Jacareí - SP, Brasil - Rio Abaixo, Jacareí - SP, 12334-400, Brasil;Estr. Mun. do Jaguari, 9876-10276 - Rio Abaixo, Jacareí - SP, Brasil - Rio Abaixo, Jacareí - SP, 12334-400, Brasil;00:00:13;8;16:19:32;16:24:00
7031;AMBEV, Vehicle, Diesel;21/02/2026;00:14:15;21/02/2026;0,010543981;Estr. Mun. do Jaguari, 9876-10276 - Rio Abaixo, Jacareí - SP, Brasil - Rio Abaixo, Jacareí - SP, 12334-400, Brasil;Estr. Mun. do Jaguari, 1285 - Rio Abaixo, Jacareí - SP, 12334-400, Brasil;00:15:11;20;16:24:00;16:53:26
7031;AMBEV, Vehicle, Diesel;21/02/2026;00:05:24;21/02/2026;0,03672647;Estr. Mun. do Jaguari, 1285 - Rio Abaixo, Jacareí - SP, 12334-400, Brasil;Estrada Sem Nome - Jacareí, SP, Brasil;00:00:08;14;16:53:26;16:54:00
7031;AMBEV, Vehicle, Diesel;22/02/2026;00:08:34;22/02/2026;0,006602188;Estrada Sem Nome - Jacareí, SP, Brasil;Estrada Sem Nome - Jacareí, SP, Brasil;00:00:12;18;16:54:00;17:06:00
7031;AMBEV, Vehicle, Diesel;22/02/2026;00:01:41;22/02/2026;0,032928252;Estrada Sem Nome - Jacareí, SP, Brasil;Estrada Sem Nome - Jacareí, SP, Brasil;00:00:10;5;17:06:00;17:06:00
7031;AMBEV, Vehicle, Diesel;22/02/2026;00:13:27;22/02/2026;0,017835648;Estrada Sem Nome - Jacareí, SP, Brasil;Estrada Sem Nome - Jacareí, SP, Brasil;00:25:41;14;17:06:00;17:45:08
7031;AMBEV, Vehicle, Diesel;22/02/2026;00:02:49;22/02/2026;0,0199386;Estrada Sem Nome - Jacareí, SP, Brasil;Estr. Mun. do Jaguari, 9876-10276 - Rio Abaixo, Jacareí - SP, Brasil - Rio Abaixo, Jacareí - SP, 12334-400, Brasil;00:00:04;18;17:45:08;17:48:00
7031;AMBEV, Vehicle, Diesel;22/02/2026;00:01:17;22/02/2026;0,003542882;Estr. Mun. do Jaguari, 9876-10276 - Rio Abaixo, Jacareí - SP, Brasil - Rio Abaixo, Jacareí - SP, 12334-400, Brasil;Estr. Mun. do Jaguari, 9876-10276 - Rio Abaixo, Jacareí - SP, Brasil - Rio Abaixo, Jacareí - SP, 12334-400, Brasil;00:05:06;0;17:48:00;17:54:23
7031;AMBEV, Vehicle, Diesel;22/02/2026;00:01:24;22/02/2026;0,003796296;Estr. Mun. do Jaguari, 9876-10276 - Rio Abaixo, Jacareí - SP, Brasil - Rio Abaixo, Jacareí - SP, 12334-400, Brasil;Estr. Mun. do Jaguari, 9876-10276 - Rio Abaixo, Jacareí - SP, Brasil - Rio Abaixo, Jacareí - SP, 12334-400, Brasil;00:05:28;0;17:54:23;18:01:15
7031;AMBEV, Vehicle, Diesel;22/02/2026;00:11:32;22/02/2026;0,05096375;Estr. Mun. do Jaguari, 9876-10276 - Rio Abaixo, Jacareí - SP, Brasil - Rio Abaixo, Jacareí - SP, 12334-400, Brasil;Estr. Mun. do Jaguari, 9876-10276 - Rio Abaixo, Jacareí - SP, Brasil - Rio Abaixo, Jacareí - SP, 12334-400, Brasil;00:02:28;0;18:01:15;18:18:00
7031;AMBEV, Vehicle, Diesel;22/02/2026;00:06:07;22/02/2026;0,015405023;Estr. Mun. do Jaguari, 9876-10276 - Rio Abaixo, Jacareí - SP, Brasil - Rio Abaixo, Jacareí - SP, 12334-400, Brasil;Estr. Mun. do Jaguari, 9876-10276 - Rio Abaixo, Jacareí - SP, Brasil - Rio Abaixo, Jacareí - SP, 12334-400, Brasil;00:00:08;13;18:18:00;18:24:00
7031;AMBEV, Vehicle, Diesel;22/02/2026;00:05:40;22/02/2026;0,011481481;Estr. Mun. do Jaguari, 9876-10276 - Rio Abaixo, Jacareí - SP, Brasil - Rio Abaixo, Jacareí - SP, 12334-400, Brasil;Estr. Mun. do Jaguari, 1285 - Rio Abaixo, Jacareí - SP, 12334-400, Brasil;00:16:32;13;18:24:00;18:46:12
7031;AMBEV, Vehicle, Diesel;22/02/2026;00:02:09;22/02/2026;0,188066227;Estr. Mun. do Jaguari, 1285 - Rio Abaixo, Jacareí - SP, 12334-400, Brasil;Estr. Mun. do Jaguari, 9876-10276 - Rio Abaixo, Jacareí - SP, Brasil - Rio Abaixo, Jacareí - SP, 12334-400, Brasil;00:01:01;13;18:46:12;18:48:00
7031;AMBEV, Vehicle, Diesel;22/02/2026;00:03:21;22/02/2026;0,004259259;Estr. Mun. do Jaguari, 9876-10276 - Rio Abaixo, Jacareí - SP, Brasil - Rio Abaixo, Jacareí - SP, 12334-400, Brasil;Estr. Mun. do Jaguari, 10081 - Pagador de Andrade, Jacareí - SP, 12334-400, Brasil;00:06:08;18;18:48:00;18:57:29
7031;AMBEV, Vehicle, Diesel;22/02/2026;00:04:39;22/02/2026;0,080453889;Estr. Mun. do Jaguari, 10081 - Pagador de Andrade, Jacareí - SP, 12334-400, Brasil;Estrada Sem Nome - Jacareí, SP, Brasil;00:00:07;26;18:57:29;19:00:00
7031;AMBEV, Vehicle, Diesel;22/02/2026;00:06:09;22/02/2026;0,072422245;Estrada Sem Nome - Jacareí, SP, Brasil;Estrada Sem Nome - Jacareí, SP, Brasil;00:00:16;14;19:00:00;19:06:00
7031;AMBEV, Vehicle, Diesel;22/02/2026;00:06:34;22/02/2026;0,000527315;Estrada Sem Nome - Jacareí, SP, Brasil;Estr. Mun. do Jaguari, 9876-10276 - Rio Abaixo, Jacareí - SP, Brasil - Rio Abaixo, Jacareí - SP, 12334-400, Brasil;00:00:32;22;19:06:00;19:18:00
7031;AMBEV, Vehicle, Diesel;22/02/2026;00:04:39;22/02/2026;0,020212407;Estr. Mun. do Jaguari, 9876-10276 - Rio Abaixo, Jacareí - SP, Brasil - Rio Abaixo, Jacareí - SP, 12334-400, Brasil;Estr. Mun. do Jaguari, 9876-10276 - Rio Abaixo, Jacareí - SP, Brasil - Rio Abaixo, Jacareí - SP, 12334-400, Brasil;00:00:49;6;19:18:00;19:24:00
7031;AMBEV, Vehicle, Diesel;22/02/2026;00:02:25;22/02/2026;0,005586273;Estr. Mun. do Jaguari, 9876-10276 - Rio Abaixo, Jacareí - SP, Brasil - Rio Abaixo, Jacareí - SP, 12334-400, Brasil;Estr. Mun. do Jaguari, 10428-10460 - Rio Abaixo, Jacareí - SP, Brasil - Rio Abaixo, Jacareí - SP, 12334-400, Brasil;00:00:02;35;19:24:00;19:24:00
7031;AMBEV, Vehicle, Diesel;22/02/2026;00:10:31;22/02/2026;0,02306713;Estr. Mun. do Jaguari, 10428-10460 - Rio Abaixo, Jacareí - SP, Brasil - Rio Abaixo, Jacareí - SP, 12334-400, Brasil;Estr. Mun. do Jaguari, 9876-10276 - Rio Abaixo, Jacareí - SP, Brasil - Rio Abaixo, Jacareí - SP, 12334-400, Brasil;00:12:51;31;19:24:00;19:46:56
7031;AMBEV, Vehicle, Diesel;22/02/2026;00:04:20;22/02/2026;0,018035984;Estr. Mun. do Jaguari, 9876-10276 - Rio Abaixo, Jacareí - SP, Brasil - Rio Abaixo, Jacareí - SP, 12334-400, Brasil;Estr. Mun. do Jaguari, 9876-10276 - Rio Abaixo, Jacareí - SP, Brasil - Rio Abaixo, Jacareí - SP, 12334-400, Brasil;00:10:59;8;19:46:56;20:01:04
7031;AMBEV, Vehicle, Diesel;22/02/2026;00:02:10;22/02/2026;0,008719259;Estr. Mun. do Jaguari, 9876-10276 - Rio Abaixo, Jacareí - SP, Brasil - Rio Abaixo, Jacareí - SP, 12334-400, Brasil;Estrada Sem Nome - Jacareí, SP, Brasil;00:06:16;20;20:01:04;20:12:00
7031;AMBEV, Vehicle, Diesel;22/02/2026;00:01:34;22/02/2026;0,056967593;Estrada Sem Nome - Jacareí, SP, Brasil;Estrada Sem Nome - Jacareí, SP, Brasil;00:04:54;12;20:12:00;20:16:35
7031;AMBEV, Vehicle, Diesel;22/02/2026;00:01:47;22/02/2026;0,042807049;Estrada Sem Nome - Jacareí, SP, Brasil;Estrada Sem Nome - Jacareí, SP, Brasil;00:13:24;0;20:16:35;20:30:00
7031;AMBEV, Vehicle, Diesel;22/02/2026;00:08:18;22/02/2026;0,014688495;Estrada Sem Nome - Jacareí, SP, Brasil;Estr. Mun. do Jaguari, 9876-10276 - Rio Abaixo, Jacareí - SP, Brasil - Rio Abaixo, Jacareí - SP, 12334-400, Brasil;00:00:07;11;20:30:00;20:42:00
7031;AMBEV, Vehicle, Diesel;22/02/2026;00:00:57;22/02/2026;0,026011806;Estr. Mun. do Jaguari, 9876-10276 - Rio Abaixo, Jacareí - SP, Brasil - Rio Abaixo, Jacareí - SP, 12334-400, Brasil;Estr. Mun. do Jaguari, 9876-10276 - Rio Abaixo, Jacareí - SP, Brasil - Rio Abaixo, Jacareí - SP, 12334-400, Brasil;00:07:23;14;20:42:00;20:48:00
7031;AMBEV, Vehicle, Diesel;22/02/2026;00:05:51;22/02/2026;0,06028625;Estr. Mun. do Jaguari, 9876-10276 - Rio Abaixo, Jacareí - SP, Brasil - Rio Abaixo, Jacareí - SP, 12334-400, Brasil;Estrada Sem Nome - Jacareí, SP, Brasil;00:00:00;20;20:48:00;20:54:00
7031;AMBEV, Vehicle, Diesel;22/02/2026;00:03:52;22/02/2026;0,002453704;Estrada Sem Nome - Jacareí, SP, Brasil;Estr. Mun. do Jaguari, 9876-10276 - Rio Abaixo, Jacareí - SP, Brasil - Rio Abaixo, Jacareí - SP, 12334-400, Brasil;00:03:32;10;20:54:00;21:01:24
7031;AMBEV, Vehicle, Diesel;22/02/2026;00:00:22;22/02/2026;0,004548611;Estr. Mun. do Jaguari, 9876-10276 - Rio Abaixo, Jacareí - SP, Brasil - Rio Abaixo, Jacareí - SP, 12334-400, Brasil;Estr. Mun. do Jaguari, 9876-10276 - Rio Abaixo, Jacareí - SP, Brasil - Rio Abaixo, Jacareí - SP, 12334-400, Brasil;00:06:33;3;21:01:24;21:08:19
7031;AMBEV, Vehicle, Diesel;22/02/2026;00:00:31;22/02/2026;0,094131944;Estr. Mun. do Jaguari, 9876-10276 - Rio Abaixo, Jacareí - SP, Brasil - Rio Abaixo, Jacareí - SP, 12334-400, Brasil;Estr. Mun. do Jaguari, 9876-10276 - Rio Abaixo, Jacareí - SP, Brasil - Rio Abaixo, Jacareí - SP, 12334-400, Brasil;00:07:46;10;21:08:19;21:18:15
7031;AMBEV, Vehicle, Diesel;22/02/2026;00:03:15;22/02/2026;0,006018519;Estr. Mun. do Jaguari, 9876-10276 - Rio Abaixo, Jacareí - SP, Brasil - Rio Abaixo, Jacareí - SP, 12334-400, Brasil;Estr. Mun. do Jaguari, 9876-10276 - Rio Abaixo, Jacareí - SP, Brasil - Rio Abaixo, Jacareí - SP, 12334-400, Brasil;00:08:40;11;21:18:15;21:30:10
7031;AMBEV, Vehicle, Diesel;22/02/2026;00:05:50;23/02/2026;0,049721551;0;Estr. Mun. do Jaguari, 9876-10276 - Rio Abaixo, Jacareí - SP, Brasil - Rio Abaixo, Jacareí - SP, 12334-400, Brasil;00:00:02;14;00:00:00;21:36:00
7522;AMBEV, Vehicle, Diesel;16/02/2026;00:03:39;16/02/2026;0,00403559;Estrada Sem Nome - Jacareí, SP, Brasil;Estrada Sem Nome - Jacareí, SP, Brasil;00:00:00;7;03:12:00;03:18:00
7522;AMBEV, Vehicle, Diesel;16/02/2026;00:00:29;16/02/2026;0,038372245;Estrada Sem Nome - Jacareí, SP, Brasil;Estrada Sem Nome - Jacareí, SP, Brasil;00:00:03;0;03:18:00;03:18:00
7522;AMBEV, Vehicle, Diesel;16/02/2026;00:12:26;16/02/2026;0,005752315;Estrada Sem Nome - Jacareí, SP, Brasil;Estrada Sem Nome - Jacareí, SP, Brasil;00:08:17;20;03:18:00;03:38:43
7522;AMBEV, Vehicle, Diesel;16/02/2026;00:03:30;16/02/2026;0,005599282;Estrada Sem Nome - Jacareí, SP, Brasil;Estr. Mun. do Jaguari, 9876-10276 - Rio Abaixo, Jacareí - SP, Brasil - Rio Abaixo, Jacareí - SP, 12334-400, Brasil;00:00:08;22;03:38:43;03:42:00
7522;AMBEV, Vehicle, Diesel;16/02/2026;00:04:14;16/02/2026;0,006828704;Estr. Mun. do Jaguari, 9876-10276 - Rio Abaixo, Jacareí - SP, Brasil - Rio Abaixo, Jacareí - SP, 12334-400, Brasil;Estr. Mun. do Jaguari, 9876-10276 - Rio Abaixo, Jacareí - SP, Brasil - Rio Abaixo, Jacareí - SP, 12334-400, Brasil;00:09:50;3;03:42:00;03:56:04
7522;AMBEV, Vehicle, Diesel;16/02/2026;00:01:04;16/02/2026;0,008764479;Estr. Mun. do Jaguari, 9876-10276 - Rio Abaixo, Jacareí - SP, Brasil - Rio Abaixo, Jacareí - SP, 12334-400, Brasil;Estr. Mun. do Jaguari, 9876-10276 - Rio Abaixo, Jacareí - SP, Brasil - Rio Abaixo, Jacareí - SP, 12334-400, Brasil;00:00:09;7;03:56:04;03:54:00
7522;AMBEV, Vehicle, Diesel;16/02/2026;00:00:38;16/02/2026;0,012256921;Estr. Mun. do Jaguari, 9876-10276 - Rio Abaixo, Jacareí - SP, Brasil - Rio Abaixo, Jacareí - SP, 12334-400, Brasil;Estr. Mun. do Jaguari, 9876-10276 - Rio Abaixo, Jacareí - SP, Brasil - Rio Abaixo, Jacareí - SP, 12334-400, Brasil;00:00:09;7;03:54:00;04:00:00
7522;AMBEV, Vehicle, Diesel;16/02/2026;00:05:27;16/02/2026;0,003239838;Estr. Mun. do Jaguari, 9876-10276 - Rio Abaixo, Jacareí - SP, Brasil - Rio Abaixo, Jacareí - SP, 12334-400, Brasil;Estr. Mun. do Jaguari, 9876-10276 - Rio Abaixo, Jacareí - SP, Brasil - Rio Abaixo, Jacareí - SP, 12334-400, Brasil;00:00:29;5;04:00:00;04:06:00
7522;AMBEV, Vehicle, Diesel;16/02/2026;00:02:58;16/02/2026;0,030531979;Estr. Mun. do Jaguari, 9876-10276 - Rio Abaixo, Jacareí - SP, Brasil - Rio Abaixo, Jacareí - SP, 12334-400, Brasil;Estr. Mun. do Jaguari, 9876-10276 - Rio Abaixo, Jacareí - SP, Brasil - Rio Abaixo, Jacareí - SP, 12334-400, Brasil;00:00:12;9;04:06:00;04:06:00
7522;AMBEV, Vehicle, Diesel;16/02/2026;00:01:50;16/02/2026;0,007569444;Estr. Mun. do Jaguari, 9876-10276 - Rio Abaixo, Jacareí - SP, Brasil - Rio Abaixo, Jacareí - SP, 12334-400, Brasil;Estr. Mun. do Jaguari, 9876-10276 - Rio Abaixo, Jacareí - SP, Brasil - Rio Abaixo, Jacareí - SP, 12334-400, Brasil;00:10:54;7;04:06:00;04:18:44
7522;AMBEV, Vehicle, Diesel;16/02/2026;00:02:57;16/02/2026;0,0034375;Estr. Mun. do Jaguari, 9876-10276 - Rio Abaixo, Jacareí - SP, Brasil - Rio Abaixo, Jacareí - SP, 12334-400, Brasil;Estrada Sem Nome - Jacareí, SP, Brasil;00:04:57;13;04:18:44;04:26:38
7522;AMBEV, Vehicle, Diesel;16/02/2026;00:03:44;16/02/2026;0,037777558;Estrada Sem Nome - Jacareí, SP, Brasil;Estrada Sem Nome - Jacareí, SP, Brasil;00:00:59;10;04:26:38;04:30:00
7522;AMBEV, Vehicle, Diesel;16/02/2026;00:09:05;16/02/2026;0,002496169;Estrada Sem Nome - Jacareí, SP, Brasil;Estrada Sem Nome - Jacareí, SP, Brasil;00:00:00;20;04:30:00;04:42:00
7522;AMBEV, Vehicle, Diesel;16/02/2026;00:01:18;16/02/2026;0,111059549;Estrada Sem Nome - Jacareí, SP, Brasil;Estrada Sem Nome - Jacareí, SP, Brasil;00:09:36;0;04:42:00;04:54:00
7522;AMBEV, Vehicle, Diesel;16/02/2026;00:07:58;16/02/2026;0,002575671;Estrada Sem Nome - Jacareí, SP, Brasil;Estr. Mun. do Jaguari, 9876-10276 - Rio Abaixo, Jacareí - SP, Brasil - Rio Abaixo, Jacareí - SP, 12334-400, Brasil;00:01:12;16;04:54:00;05:00:00
7522;AMBEV, Vehicle, Diesel;16/02/2026;00:02:03;16/02/2026;0,010033634;Estr. Mun. do Jaguari, 9876-10276 - Rio Abaixo, Jacareí - SP, Brasil - Rio Abaixo, Jacareí - SP, 12334-400, Brasil;Estr. Mun. do Jaguari, 9876-10276 - Rio Abaixo, Jacareí - SP, Brasil - Rio Abaixo, Jacareí - SP, 12334-400, Brasil;00:01:27;3;05:00:00;05:06:00
7522;AMBEV, Vehicle, Diesel;16/02/2026;00:04:42;16/02/2026;0,002433819;Estr. Mun. do Jaguari, 9876-10276 - Rio Abaixo, Jacareí - SP, Brasil - Rio Abaixo, Jacareí - SP, 12334-400, Brasil;Estrada Sem Nome - Jacareí, SP, Brasil;00:02:37;17;05:06:00;05:12:00
7522;AMBEV, Vehicle, Diesel;16/02/2026;00:01:00;16/02/2026;0,007702558;Estrada Sem Nome - Jacareí, SP, Brasil;Estrada Sem Nome - Jacareí, SP, Brasil;00:00:00;7;05:12:00;05:12:00
7522;AMBEV, Vehicle, Diesel;16/02/2026;00:05:23;16/02/2026;0,009272859;Estrada Sem Nome - Jacareí, SP, Brasil;Estrada Sem Nome - Jacareí, SP, Brasil;00:00:05;16;05:12:00;05:18:00
7522;AMBEV, Vehicle, Diesel;16/02/2026;00:01:02;16/02/2026;0,038736204;Estrada Sem Nome - Jacareí, SP, Brasil;Estrada Sem Nome - Jacareí, SP, Brasil;00:04:59;7;05:18:00;05:24:00
7522;AMBEV, Vehicle, Diesel;16/02/2026;00:01:11;16/02/2026;0,04500037;Estrada Sem Nome - Jacareí, SP, Brasil;Estrada Sem Nome - Jacareí, SP, Brasil;00:00:06;0;05:24:00;05:24:00
7522;AMBEV, Vehicle, Diesel;16/02/2026;00:05:37;16/02/2026;0,002371053;Estrada Sem Nome - Jacareí, SP, Brasil;Estr. Mun. do Jaguari, 9876-10276 - Rio Abaixo, Jacareí - SP, Brasil - Rio Abaixo, Jacareí - SP, 12334-400, Brasil;00:03:24;20;05:24:00;05:33:02
7522;AMBEV, Vehicle, Diesel;16/02/2026;00:02:27;16/02/2026;0,003101053;Estr. Mun. do Jaguari, 9876-10276 - Rio Abaixo, Jacareí - SP, Brasil - Rio Abaixo, Jacareí - SP, 12334-400, Brasil;Estr. Mun. do Jaguari, 9876-10276 - Rio Abaixo, Jacareí - SP, Brasil - Rio Abaixo, Jacareí - SP, 12334-400, Brasil;00:00:03;9;05:33:02;05:36:00
7522;AMBEV, Vehicle, Diesel;16/02/2026;00:11:07;16/02/2026;0,002314815;Estr. Mun. do Jaguari, 9876-10276 - Rio Abaixo, Jacareí - SP, Brasil - Rio Abaixo, Jacareí - SP, 12334-400, Brasil;Estr. Mun. do Jaguari, 9876-10276 - Rio Abaixo, Jacareí - SP, Brasil - Rio Abaixo, Jacareí - SP, 12334-400, Brasil;00:03:20;12;05:36:00;05:50:27
7522;AMBEV, Vehicle, Diesel;16/02/2026;00:05:05;16/02/2026;0,018369954;Estr. Mun. do Jaguari, 9876-10276 - Rio Abaixo, Jacareí - SP, Brasil - Rio Abaixo, Jacareí - SP, 12334-400, Brasil;Estr. Mun. do Jaguari, 9876-10276 - Rio Abaixo, Jacareí - SP, Brasil - Rio Abaixo, Jacareí - SP, 12334-400, Brasil;00:00:03;10;05:50:27;06:00:00
7522;AMBEV, Vehicle, Diesel;16/02/2026;00:03:50;16/02/2026;0,028118044;Estr. Mun. do Jaguari, 9876-10276 - Rio Abaixo, Jacareí - SP, Brasil - Rio Abaixo, Jacareí - SP, 12334-400, Brasil;Estrada Sem Nome - Jacareí, SP, Brasil;00:00:00;18;06:00:00;06:00:00
7522;AMBEV, Vehicle, Diesel;16/02/2026;00:02:59;16/02/2026;0,003250475;Estrada Sem Nome - Jacareí, SP, Brasil;Estrada Sem Nome - Jacareí, SP, Brasil;00:00:00;0;06:00:00;06:06:00
7522;AMBEV, Vehicle, Diesel;16/02/2026;00:05:00;16/02/2026;0,055887431;Estrada Sem Nome - Jacareí, SP, Brasil;Estr. Mun. do Jaguari, 9876-10276 - Rio Abaixo, Jacareí - SP, Brasil - Rio Abaixo, Jacareí - SP, 12334-400, Brasil;00:01:19;7;06:06:00;06:12:00
7522;AMBEV, Vehicle, Diesel;16/02/2026;00:03:08;16/02/2026;0,018078704;Estr. Mun. do Jaguari, 9876-10276 - Rio Abaixo, Jacareí - SP, Brasil - Rio Abaixo, Jacareí - SP, 12334-400, Brasil;Estr. Mun. do Jaguari, 9876-10276 - Rio Abaixo, Jacareí - SP, Brasil - Rio Abaixo, Jacareí - SP, 12334-400, Brasil;00:26:02;0;06:12:00;06:38:03
7522;AMBEV, Vehicle, Diesel;16/02/2026;00:03:44;16/02/2026;0,036412037;Estr. Mun. do Jaguari, 9876-10276 - Rio Abaixo, Jacareí - SP, Brasil - Rio Abaixo, Jacareí - SP, 12334-400, Brasil;Estrada Sem Nome - Jacareí, SP, Brasil;00:42:22;22;06:38:03;07:25:17
7522;AMBEV, Vehicle, Diesel;16/02/2026;00:03:25;16/02/2026;0,002453704;Estrada Sem Nome - Jacareí, SP, Brasil;Estrada Sem Nome - Jacareí, SP, Brasil;00:03:32;14;07:25:17;07:32:14
7522;AMBEV, Vehicle, Diesel;16/02/2026;00:00:52;16/02/2026;0,0708589;Estrada Sem Nome - Jacareí, SP, Brasil;Estrada Sem Nome - Jacareí, SP, Brasil;00:04:08;3;07:32:14;07:36:00
7522;AMBEV, Vehicle, Diesel;16/02/2026;00:07:30;16/02/2026;0,008215602;Estrada Sem Nome - Jacareí, SP, Brasil;Estr. Mun. do Jaguari, 9876-10276 - Rio Abaixo, Jacareí - SP, Brasil - Rio Abaixo, Jacareí - SP, 12334-400, Brasil;00:00:36;22;07:36:00;07:48:00
7522;AMBEV, Vehicle, Diesel;16/02/2026;00:01:26;16/02/2026;0,002592847;Estr. Mun. do Jaguari, 9876-10276 - Rio Abaixo, Jacareí - SP, Brasil - Rio Abaixo, Jacareí - SP, 12334-400, Brasil;Estr. Mun. do Jaguari, 9876-10276 - Rio Abaixo, Jacareí - SP, Brasil - Rio Abaixo, Jacareí - SP, 12334-400, Brasil;00:00:55;9;07:48:00;07:48:00
7522;AMBEV, Vehicle, Diesel;16/02/2026;00:08:02;16/02/2026;0,034449745;Estr. Mun. do Jaguari, 9876-10276 - Rio Abaixo, Jacareí - SP, Brasil - Rio Abaixo, Jacareí - SP, 12334-400, Brasil;Estrada Sem Nome - Jacareí, SP, Brasil;00:18:05;22;07:48:00;08:15:24
7522;AMBEV, Vehicle, Diesel;16/02/2026;00:04:34;16/02/2026;0,095304375;Estrada Sem Nome - Jacareí, SP, Brasil;Estrada Sem Nome - Jacareí, SP, Brasil;00:37:19;8;08:15:24;08:55:19
7522;AMBEV, Vehicle, Diesel;16/02/2026;00:04:29;16/02/2026;0,003556539;Estrada Sem Nome - Jacareí, SP, Brasil;Estr. Mun. do Jaguari, 9876-10276 - Rio Abaixo, Jacareí - SP, Brasil - Rio Abaixo, Jacareí - SP, 12334-400, Brasil;00:01:37;4;08:55:19;09:00:00
7522;AMBEV, Vehicle, Diesel;16/02/2026;00:01:23;16/02/2026;0,092718345;Estr. Mun. do Jaguari, 9876-10276 - Rio Abaixo, Jacareí - SP, Brasil - Rio Abaixo, Jacareí - SP, 12334-400, Brasil;Estr. Mun. do Jaguari, 9876-10276 - Rio Abaixo, Jacareí - SP, Brasil - Rio Abaixo, Jacareí - SP, 12334-400, Brasil;00:01:14;7;09:00:00;09:06:00
7522;AMBEV, Vehicle, Diesel;16/02/2026;00:01:36;16/02/2026;0,026490509;Estr. Mun. do Jaguari, 9876-10276 - Rio Abaixo, Jacareí - SP, Brasil - Rio Abaixo, Jacareí - SP, 12334-400, Brasil;Estr. Mun. do Jaguari, 9876-10276 - Rio Abaixo, Jacareí - SP, Brasil - Rio Abaixo, Jacareí - SP, 12334-400, Brasil;00:00:54;7;09:06:00;09:06:00
7522;AMBEV, Vehicle, Diesel;17/02/2026;00:01:58;17/02/2026;0,003195729;Estr. Mun. do Jaguari, 9876-10276 - Rio Abaixo, Jacareí - SP, Brasil - Rio Abaixo, Jacareí - SP, 12334-400, Brasil;Estr. Mun. do Jaguari, 9876-10276 - Rio Abaixo, Jacareí - SP, Brasil - Rio Abaixo, Jacareí - SP, 12334-400, Brasil;00:00:03;11;09:06:00;09:06:00
7522;AMBEV, Vehicle, Diesel;17/02/2026;00:02:32;17/02/2026;0,004155093;Estr. Mun. do Jaguari, 9876-10276 - Rio Abaixo, Jacareí - SP, Brasil - Rio Abaixo, Jacareí - SP, 12334-400, Brasil;Estr. Mun. do Jaguari, 9876-10276 - Rio Abaixo, Jacareí - SP, Brasil - Rio Abaixo, Jacareí - SP, 12334-400, Brasil;00:05:59;5;09:06:00;09:14:31
7522;AMBEV, Vehicle, Diesel;17/02/2026;00:02:20;17/02/2026;0,003576053;Estr. Mun. do Jaguari, 9876-10276 - Rio Abaixo, Jacareí - SP, Brasil - Rio Abaixo, Jacareí - SP, 12334-400, Brasil;Estrada Sem Nome - Jacareí, SP, Brasil;00:04:53;26;09:14:31;09:24:00
7522;AMBEV, Vehicle, Diesel;17/02/2026;00:00:23;17/02/2026;0,040467141;Estrada Sem Nome - Jacareí, SP, Brasil;Estrada Sem Nome - Jacareí, SP, Brasil;00:00:07;1;09:24:00;09:24:00
7522;AMBEV, Vehicle, Diesel;17/02/2026;00:03:45;17/02/2026;0,025990903;Estrada Sem Nome - Jacareí, SP, Brasil;Estrada Sem Nome - Jacareí, SP, Brasil;00:00:33;5;09:24:00;09:30:00
7522;AMBEV, Vehicle, Diesel;17/02/2026;00:10:06;17/02/2026;0,00349537;Estrada Sem Nome - Jacareí, SP, Brasil;Estr. Mun. do Jaguari, 10255 - Rio Abaixo, Jacareí - SP, 12334-400, Brasil;00:05:02;26;09:30:00;09:45:08
7522;AMBEV, Vehicle, Diesel;17/02/2026;00:02:00;17/02/2026;0,008258056;Estr. Mun. do Jaguari, 10255 - Rio Abaixo, Jacareí - SP, 12334-400, Brasil;Estr. Mun. do Jaguari, 10255 - Rio Abaixo, Jacareí - SP, 12334-400, Brasil;00:01:39;3;09:45:08;09:48:00
7522;AMBEV, Vehicle, Diesel;17/02/2026;00:07:46;17/02/2026;0,003460648;Estr. Mun. do Jaguari, 10255 - Rio Abaixo, Jacareí - SP, 12334-400, Brasil;Estrada Sem Nome - Jacareí, SP, Brasil;00:04:59;16;09:48:00;10:00:45
7522;AMBEV, Vehicle, Diesel;17/02/2026;00:03:12;17/02/2026;0,003057685;Estrada Sem Nome - Jacareí, SP, Brasil;Estrada Sem Nome - Jacareí, SP, 12309, Brasil;00:00:04;26;10:00:45;10:06:00
7522;AMBEV, Vehicle, Diesel;17/02/2026;00:04:13;17/02/2026;0,013787095;Estrada Sem Nome - Jacareí, SP, 12309, Brasil;Estr. Mun. do Jaguari, 9876-10276 - Rio Abaixo, Jacareí - SP, Brasil - Rio Abaixo, Jacareí - SP, 12334-400, Brasil;00:08:15;22;10:06:00;10:19:05
7522;AMBEV, Vehicle, Diesel;17/02/2026;00:07:32;17/02/2026;0,022924861;Estr. Mun. do Jaguari, 9876-10276 - Rio Abaixo, Jacareí - SP, Brasil - Rio Abaixo, Jacareí - SP, 12334-400, Brasil;Estrada Sem Nome - Jacareí, SP, Brasil;00:00:02;20;10:19:05;10:24:00
7522;AMBEV, Vehicle, Diesel;17/02/2026;00:04:43;17/02/2026;0,004837963;Estrada Sem Nome - Jacareí, SP, Brasil;Estr. Mun. do Jaguari, 9876-10276 - Rio Abaixo, Jacareí - SP, Brasil - Rio Abaixo, Jacareí - SP, 12334-400, Brasil;00:06:58;8;10:24:00;10:35:41
7522;AMBEV, Vehicle, Diesel;17/02/2026;00:01:14;17/02/2026;0,066831285;Estr. Mun. do Jaguari, 9876-10276 - Rio Abaixo, Jacareí - SP, Brasil - Rio Abaixo, Jacareí - SP, 12334-400, Brasil;Estr. Mun. do Jaguari, 9876-10276 - Rio Abaixo, Jacareí - SP, Brasil - Rio Abaixo, Jacareí - SP, 12334-400, Brasil;00:00:12;7;10:35:41;10:36:00
7522;AMBEV, Vehicle, Diesel;17/02/2026;00:12:15;17/02/2026;0,015612627;Estr. Mun. do Jaguari, 9876-10276 - Rio Abaixo, Jacareí - SP, Brasil - Rio Abaixo, Jacareí - SP, 12334-400, Brasil;Estr. Mun. do Jaguari, 9876-10276 - Rio Abaixo, Jacareí - SP, Brasil - Rio Abaixo, Jacareí - SP, 12334-400, Brasil;00:00:08;20;10:36:00;10:48:00
7522;AMBEV, Vehicle, Diesel;17/02/2026;00:00:18;17/02/2026;0,002046123;Estr. Mun. do Jaguari, 9876-10276 - Rio Abaixo, Jacareí - SP, Brasil - Rio Abaixo, Jacareí - SP, 12334-400, Brasil;Estr. Mun. do Jaguari, 9876-10276 - Rio Abaixo, Jacareí - SP, Brasil - Rio Abaixo, Jacareí - SP, 12334-400, Brasil;00:00:47;1;10:48:00;10:48:00
7522;AMBEV, Vehicle, Diesel;17/02/2026;00:03:53;17/02/2026;0,056226852;Estr. Mun. do Jaguari, 9876-10276 - Rio Abaixo, Jacareí - SP, Brasil - Rio Abaixo, Jacareí - SP, 12334-400, Brasil;Estr. Mun. do Jaguari, 9876-10276 - Rio Abaixo, Jacareí - SP, Brasil - Rio Abaixo, Jacareí - SP, 12334-400, Brasil;00:00:36;7;10:48:00;10:54:33
7522;AMBEV, Vehicle, Diesel;17/02/2026;00:06:18;17/02/2026;0,045639398;Estr. Mun. do Jaguari, 9876-10276 - Rio Abaixo, Jacareí - SP, Brasil - Rio Abaixo, Jacareí - SP, 12334-400, Brasil;Estrada Sem Nome - Jacareí, SP, Brasil;00:02:29;16;10:54:33;11:06:00
7522;AMBEV, Vehicle, Diesel;17/02/2026;00:04:55;17/02/2026;0,001424213;Estrada Sem Nome - Jacareí, SP, Brasil;Estr. Mun. do Jaguari, 9876-10276 - Rio Abaixo, Jacareí - SP, Brasil - Rio Abaixo, Jacareí - SP, 12334-400, Brasil;00:00:27;9;11:06:00;11:12:00
7522;AMBEV, Vehicle, Diesel;17/02/2026;00:00:07;17/02/2026;0,024258565;Estr. Mun. do Jaguari, 9876-10276 - Rio Abaixo, Jacareí - SP, Brasil - Rio Abaixo, Jacareí - SP, 12334-400, Brasil;Estr. Mun. do Jaguari, 9876-10276 - Rio Abaixo, Jacareí - SP, Brasil - Rio Abaixo, Jacareí - SP, 12334-400, Brasil;00:02:23;0;11:12:00;11:12:00
7522;AMBEV, Vehicle, Diesel;17/02/2026;00:02:12;17/02/2026;0,005428241;Estr. Mun. do Jaguari, 9876-10276 - Rio Abaixo, Jacareí - SP, Brasil - Rio Abaixo, Jacareí - SP, 12334-400, Brasil;Estr. Mun. do Jaguari, 9876-10276 - Rio Abaixo, Jacareí - SP, Brasil - Rio Abaixo, Jacareí - SP, 12334-400, Brasil;00:07:49;14;11:12:00;11:22:01
7522;AMBEV, Vehicle, Diesel;17/02/2026;00:00:58;17/02/2026;0,001222338;Estr. Mun. do Jaguari, 9876-10276 - Rio Abaixo, Jacareí - SP, Brasil - Rio Abaixo, Jacareí - SP, 12334-400, Brasil;Estr. Mun. do Jaguari, 9876-10276 - Rio Abaixo, Jacareí - SP, Brasil - Rio Abaixo, Jacareí - SP, 12334-400, Brasil;00:01:10;6;11:22:01;11:24:00
7522;AMBEV, Vehicle, Diesel;17/02/2026;00:04:14;17/02/2026;0,004837813;Estr. Mun. do Jaguari, 9876-10276 - Rio Abaixo, Jacareí - SP, Brasil - Rio Abaixo, Jacareí - SP, 12334-400, Brasil;Estrada Sem Nome - Jacareí, SP, Brasil;00:00:05;13;11:24:00;11:30:00
7522;AMBEV, Vehicle, Diesel;17/02/2026;00:01:47;17/02/2026;0,022440625;Estrada Sem Nome - Jacareí, SP, Brasil;Estrada Sem Nome - Jacareí, SP, Brasil;00:00:36;5;11:30:00;11:30:00
7522;AMBEV, Vehicle, Diesel;17/02/2026;00:07:21;17/02/2026;0,002591308;Estrada Sem Nome - Jacareí, SP, Brasil;Estrada Sem Nome - Jacareí, SP, Brasil;00:03:43;13;11:30:00;11:41:05
7522;AMBEV, Vehicle, Diesel;17/02/2026;00:03:29;17/02/2026;0,154058044;Estrada Sem Nome - Jacareí, SP, Brasil;Estr. Mun. do Jaguari, 9876-10276 - Rio Abaixo, Jacareí - SP, Brasil - Rio Abaixo, Jacareí - SP, 12334-400, Brasil;00:20:18;13;11:41:05;12:06:00
7522;AMBEV, Vehicle, Diesel;17/02/2026;00:01:11;17/02/2026;0,022842095;Estr. Mun. do Jaguari, 9876-10276 - Rio Abaixo, Jacareí - SP, Brasil - Rio Abaixo, Jacareí - SP, 12334-400, Brasil;Estr. Mun. do Jaguari, 9876-10276 - Rio Abaixo, Jacareí - SP, Brasil - Rio Abaixo, Jacareí - SP, 12334-400, Brasil;00:00:11;5;12:06:00;12:06:00
7522;AMBEV, Vehicle, Diesel;17/02/2026;00:02:47;17/02/2026;0,009143519;Estr. Mun. do Jaguari, 9876-10276 - Rio Abaixo, Jacareí - SP, Brasil - Rio Abaixo, Jacareí - SP, 12334-400, Brasil;Estr. Mun. do Jaguari, 9876-10276 - Rio Abaixo, Jacareí - SP, Brasil - Rio Abaixo, Jacareí - SP, 12334-400, Brasil;00:04:29;7;12:06:00;12:14:39
7522;AMBEV, Vehicle, Diesel;17/02/2026;00:05:50;17/02/2026;0,016573264;Estr. Mun. do Jaguari, 9876-10276 - Rio Abaixo, Jacareí - SP, Brasil - Rio Abaixo, Jacareí - SP, 12334-400, Brasil;Estrada Sem Nome - Jacareí, SP, Brasil;00:01:03;18;12:14:39;12:24:00
7522;AMBEV, Vehicle, Diesel;17/02/2026;00:04:40;17/02/2026;0,002303241;Estrada Sem Nome - Jacareí, SP, Brasil;Estrada Sem Nome - Jacareí, SP, Brasil;00:03:19;7;12:24:00;12:31:59
7522;AMBEV, Vehicle, Diesel;17/02/2026;00:02:05;17/02/2026;0,010042616;Estrada Sem Nome - Jacareí, SP, Brasil;Estrada Sem Nome - Jacareí, SP, Brasil;00:09:40;5;12:31:59;12:42:00
7522;AMBEV, Vehicle, Diesel;17/02/2026;00:09:27;17/02/2026;0,039611725;Estrada Sem Nome - Jacareí, SP, Brasil;Estrada Sem Nome - Jacareí, SP, Brasil;00:00:34;9;12:42:00;12:54:00
7522;AMBEV, Vehicle, Diesel;17/02/2026;00:06:53;17/02/2026;0,004039352;Estrada Sem Nome - Jacareí, SP, Brasil;Estrada Sem Nome - Jacareí, SP, Brasil;00:05:17;14;12:54:00;13:04:58
7522;AMBEV, Vehicle, Diesel;17/02/2026;00:15:55;17/02/2026;0,010508218;Estrada Sem Nome - Jacareí, SP, Brasil;Estr. Mun. do Jaguari, 9876-10276 - Rio Abaixo, Jacareí - SP, Brasil - Rio Abaixo, Jacareí - SP, 12334-400, Brasil;00:01:47;20;13:04:58;13:24:00
7522;AMBEV, Vehicle, Diesel;17/02/2026;00:03:54;17/02/2026;0,012372685;Estr. Mun. do Jaguari, 9876-10276 - Rio Abaixo, Jacareí - SP, Brasil - Rio Abaixo, Jacareí - SP, 12334-400, Brasil;Estr. Mun. do Jaguari, 9876-10276 - Rio Abaixo, Jacareí - SP, Brasil - Rio Abaixo, Jacareí - SP, 12334-400, Brasil;00:11:10;7;13:24:00;13:36:45
7522;AMBEV, Vehicle, Diesel;17/02/2026;00:09:20;17/02/2026;0,073497211;Estr. Mun. do Jaguari, 9876-10276 - Rio Abaixo, Jacareí - SP, Brasil - Rio Abaixo, Jacareí - SP, 12334-400, Brasil;Estrada Sem Nome - Jacareí, SP, Brasil;00:00:18;17;13:36:45;13:48:00
7522;AMBEV, Vehicle, Diesel;17/02/2026;00:08:49;17/02/2026;0,006758032;Estrada Sem Nome - Jacareí, SP, Brasil;Estr. Mun. do Jaguari, 9876-10276 - Rio Abaixo, Jacareí - SP, Brasil - Rio Abaixo, Jacareí - SP, 12334-400, Brasil;00:00:45;7;13:48:00;13:54:00
7522;AMBEV, Vehicle, Diesel;17/02/2026;00:05:03;17/02/2026;0,006053796;Estr. Mun. do Jaguari, 9876-10276 - Rio Abaixo, Jacareí - SP, Brasil - Rio Abaixo, Jacareí - SP, 12334-400, Brasil;Estrada Sem Nome - Jacareí, SP, Brasil;00:00:45;16;13:54:00;14:00:00
7522;AMBEV, Vehicle, Diesel;17/02/2026;00:03:40;17/02/2026;0,12415125;Estrada Sem Nome - Jacareí, SP, Brasil;Estrada Sem Nome - Jacareí, SP, Brasil;00:00:00;7;14:00:00;14:06:00
7522;AMBEV, Vehicle, Diesel;18/02/2026;00:10:44;18/02/2026;0,00217338;Estrada Sem Nome - Jacareí, SP, Brasil;Estr. Mun. do Jaguari, 9876-10276 - Rio Abaixo, Jacareí - SP, Brasil - Rio Abaixo, Jacareí - SP, 12334-400, Brasil;00:00:29;20;14:06:00;14:18:00
7522;AMBEV, Vehicle, Diesel;18/02/2026;00:01:51;18/02/2026;0,025103218;Estr. Mun. do Jaguari, 9876-10276 - Rio Abaixo, Jacareí - SP, Brasil - Rio Abaixo, Jacareí - SP, 12334-400, Brasil;Estr. Mun. do Jaguari, 9876-10276 - Rio Abaixo, Jacareí - SP, Brasil - Rio Abaixo, Jacareí - SP, 12334-400, Brasil;00:04:28;7;14:18:00;14:24:00
7522;AMBEV, Vehicle, Diesel;18/02/2026;00:03:31;18/02/2026;0,015548449;Estr. Mun. do Jaguari, 9876-10276 - Rio Abaixo, Jacareí - SP, Brasil - Rio Abaixo, Jacareí - SP, 12334-400, Brasil;Estrada Sem Nome - Jacareí, SP, Brasil;00:01:48;24;14:24:00;14:30:00
7522;AMBEV, Vehicle, Diesel;18/02/2026;00:03:59;18/02/2026;0,002535417;Estrada Sem Nome - Jacareí, SP, Brasil;Estrada Sem Nome - Jacareí, SP, Brasil;00:03:39;8;14:30:00;14:37:38
7522;AMBEV, Vehicle, Diesel;18/02/2026;00:01:01;18/02/2026;0,041207523;Estrada Sem Nome - Jacareí, SP, Brasil;Estrada Sem Nome - Jacareí, SP, Brasil;00:00:11;2;14:37:38;14:36:00
7522;AMBEV, Vehicle, Diesel;18/02/2026;00:05:44;18/02/2026;0,002596042;Estrada Sem Nome - Jacareí, SP, Brasil;Estrada Sem Nome - Jacareí, SP, Brasil;00:00:23;22;14:36:00;14:42:00
7522;AMBEV, Vehicle, Diesel;18/02/2026;00:03:43;18/02/2026;0,008579861;Estrada Sem Nome - Jacareí, SP, Brasil;Estr. Mun. do Jaguari, 9876-10276 - Rio Abaixo, Jacareí - SP, Brasil - Rio Abaixo, Jacareí - SP, 12334-400, Brasil;00:00:10;26;14:42:00;14:48:00
7522;AMBEV, Vehicle, Diesel;18/02/2026;00:10:35;18/02/2026;0,007395833;Estr. Mun. do Jaguari, 9876-10276 - Rio Abaixo, Jacareí - SP, Brasil - Rio Abaixo, Jacareí - SP, 12334-400, Brasil;Estr. Mun. do Jaguari, 10255 - Rio Abaixo, Jacareí - SP, 12334-400, Brasil;00:06:23;28;14:48:00;15:04:18
7522;AMBEV, Vehicle, Diesel;18/02/2026;00:07:52;18/02/2026;0,001662674;Estr. Mun. do Jaguari, 10255 - Rio Abaixo, Jacareí - SP, 12334-400, Brasil;Estr. Mun. do Jaguari, 9876-10276 - Rio Abaixo, Jacareí - SP, Brasil - Rio Abaixo, Jacareí - SP, 12334-400, Brasil;00:00:28;20;15:04:18;15:12:00
7522;AMBEV, Vehicle, Diesel;18/02/2026;00:08:42;18/02/2026;0,054479167;Estr. Mun. do Jaguari, 9876-10276 - Rio Abaixo, Jacareí - SP, Brasil - Rio Abaixo, Jacareí - SP, 12334-400, Brasil;Estrada Sem Nome - Jacareí, SP, Brasil;00:31:54;26;15:12:00;15:55:09
7522;AMBEV, Vehicle, Diesel;18/02/2026;00:02:43;18/02/2026;0,005372315;Estrada Sem Nome - Jacareí, SP, Brasil;Estrada Sem Nome - Jacareí, SP, Brasil;00:04:00;0;15:55:09;16:00:00
7522;AMBEV, Vehicle, Diesel;18/02/2026;00:02:03;18/02/2026;0,001503947;Estrada Sem Nome - Jacareí, SP, Brasil;Estr. Mun. do Jaguari, 9876-10276 - Rio Abaixo, Jacareí - SP, Brasil - Rio Abaixo, Jacareí - SP, 12334-400, Brasil;00:00:00;0;16:00:00;16:00:00
7522;AMBEV, Vehicle, Diesel;18/02/2026;00:01:45;18/02/2026;0,001636366;Estr. Mun. do Jaguari, 9876-10276 - Rio Abaixo, Jacareí - SP, Brasil - Rio Abaixo, Jacareí - SP, 12334-400, Brasil;Estrada Sem Nome - Jacareí, SP, Brasil;00:00:07;22;16:00:00;16:06:00
7522;AMBEV, Vehicle, Diesel;18/02/2026;00:06:10;18/02/2026;0,04505485;Estrada Sem Nome - Jacareí, SP, Brasil;Estr. Mun. do Jaguari, 9876-10276 - Rio Abaixo, Jacareí - SP, Brasil - Rio Abaixo, Jacareí - SP, 12334-400, Brasil;00:00:10;26;16:06:00;16:12:00
7522;AMBEV, Vehicle, Diesel;18/02/2026;00:02:08;18/02/2026;0,020952986;Estr. Mun. do Jaguari, 9876-10276 - Rio Abaixo, Jacareí - SP, Brasil - Rio Abaixo, Jacareí - SP, 12334-400, Brasil;Estr. Mun. do Jaguari, 9876-10276 - Rio Abaixo, Jacareí - SP, Brasil - Rio Abaixo, Jacareí - SP, 12334-400, Brasil;00:00:06;3;16:12:00;16:12:00
7522;AMBEV, Vehicle, Diesel;18/02/2026;00:21:59;18/02/2026;0,003313345;Estr. Mun. do Jaguari, 9876-10276 - Rio Abaixo, Jacareí - SP, Brasil - Rio Abaixo, Jacareí - SP, 12334-400, Brasil;Estr. Mun. do Jaguari, 9876-10276 - Rio Abaixo, Jacareí - SP, Brasil - Rio Abaixo, Jacareí - SP, 12334-400, Brasil;00:04:46;16;16:12:00;16:38:45
7522;AMBEV, Vehicle, Diesel;18/02/2026;00:01:35;18/02/2026;0,005740741;Estr. Mun. do Jaguari, 9876-10276 - Rio Abaixo, Jacareí - SP, Brasil - Rio Abaixo, Jacareí - SP, 12334-400, Brasil;Estr. Mun. do Jaguari, 9876-10276 - Rio Abaixo, Jacareí - SP, Brasil - Rio Abaixo, Jacareí - SP, 12334-400, Brasil;00:08:16;2;16:38:45;16:48:36
7522;AMBEV, Vehicle, Diesel;18/02/2026;00:00:45;18/02/2026;0,014294861;Estr. Mun. do Jaguari, 9876-10276 - Rio Abaixo, Jacareí - SP, Brasil - Rio Abaixo, Jacareí - SP, 12334-400, Brasil;Estr. Mun. do Jaguari, 9876-10276 - Rio Abaixo, Jacareí - SP, Brasil - Rio Abaixo, Jacareí - SP, 12334-400, Brasil;00:10:08;10;16:48:36;17:01:04
7522;AMBEV, Vehicle, Diesel;18/02/2026;00:05:01;18/02/2026;0,005110174;Estr. Mun. do Jaguari, 9876-10276 - Rio Abaixo, Jacareí - SP, Brasil - Rio Abaixo, Jacareí - SP, 12334-400, Brasil;Estrada Sem Nome - Jacareí, SP, Brasil;00:00:03;22;17:01:04;17:06:00
7522;AMBEV, Vehicle, Diesel;18/02/2026;00:02:28;18/02/2026;0,035343426;Estrada Sem Nome - Jacareí, SP, Brasil;Estrada Sem Nome - Jacareí, SP, Brasil;00:00:02;6;17:06:00;17:06:00
7522;AMBEV, Vehicle, Diesel;18/02/2026;00:09:38;18/02/2026;0,00571515;Estrada Sem Nome - Jacareí, SP, Brasil;Estr. Mun. do Jaguari, 9876-10276 - Rio Abaixo, Jacareí - SP, Brasil - Rio Abaixo, Jacareí - SP, 12334-400, Brasil;00:01:10;16;17:06:00;17:18:00
7522;AMBEV, Vehicle, Diesel;18/02/2026;00:06:10;18/02/2026;0,005856481;Estr. Mun. do Jaguari, 9876-10276 - Rio Abaixo, Jacareí - SP, Brasil - Rio Abaixo, Jacareí - SP, 12334-400, Brasil;Estr. Mun. do Jaguari, 10255 - Rio Abaixo, Jacareí - SP, 12334-400, Brasil;00:08:26;14;17:18:00;17:32:36
7522;AMBEV, Vehicle, Diesel;18/02/2026;00:06:25;18/02/2026;0,0039925;Estr. Mun. do Jaguari, 10255 - Rio Abaixo, Jacareí - SP, 12334-400, Brasil;Estr. Mun. do Jaguari, 9876-10276 - Rio Abaixo, Jacareí - SP, Brasil - Rio Abaixo, Jacareí - SP, 12334-400, Brasil;00:00:05;16;17:32:36;17:36:00
7522;AMBEV, Vehicle, Diesel;18/02/2026;00:00:57;18/02/2026;0,028112106;Estr. Mun. do Jaguari, 9876-10276 - Rio Abaixo, Jacareí - SP, Brasil - Rio Abaixo, Jacareí - SP, 12334-400, Brasil;Estr. Mun. do Jaguari, 9876-10276 - Rio Abaixo, Jacareí - SP, Brasil - Rio Abaixo, Jacareí - SP, 12334-400, Brasil;00:01:28;9;17:36:00;17:42:00
7522;AMBEV, Vehicle, Diesel;18/02/2026;00:03:11;18/02/2026;0,01257294;Estr. Mun. do Jaguari, 9876-10276 - Rio Abaixo, Jacareí - SP, Brasil - Rio Abaixo, Jacareí - SP, 12334-400, Brasil;Estrada Sem Nome - Jacareí, SP, Brasil;00:00:16;13;17:42:00;17:42:00
7522;AMBEV, Vehicle, Diesel;18/02/2026;00:03:16;18/02/2026;0,017303241;Estrada Sem Nome - Jacareí, SP, Brasil;Estrada Sem Nome - Jacareí, SP, Brasil;00:24:55;4;17:42:00;18:10:11
7522;AMBEV, Vehicle, Diesel;18/02/2026;00:01:13;18/02/2026;0,005878715;Estrada Sem Nome - Jacareí, SP, Brasil;Estrada Sem Nome - Jacareí, SP, Brasil;00:00:25;11;18:10:11;18:12:00
7522;AMBEV, Vehicle, Diesel;18/02/2026;00:02:48;18/02/2026;0,047249664;Estrada Sem Nome - Jacareí, SP, Brasil;Estrada Sem Nome - Jacareí, SP, Brasil;00:01:53;7;18:12:00;18:18:00
7522;AMBEV, Vehicle, Diesel;18/02/2026;00:05:20;18/02/2026;0,00423772;Estrada Sem Nome - Jacareí, SP, Brasil;Estr. Mun. do Jaguari, 9876-10276 - Rio Abaixo, Jacareí - SP, Brasil - Rio Abaixo, Jacareí - SP, 12334-400, Brasil;00:00:20;14;18:18:00;18:24:00
7522;AMBEV, Vehicle, Diesel;18/02/2026;00:03:12;18/02/2026;0,06744213;Estr. Mun. do Jaguari, 9876-10276 - Rio Abaixo, Jacareí - SP, Brasil - Rio Abaixo, Jacareí - SP, 12334-400, Brasil;Estr. Mun. do Jaguari, 9876-10276 - Rio Abaixo, Jacareí - SP, Brasil - Rio Abaixo, Jacareí - SP, 12334-400, Brasil;00:13:30;7;18:24:00;18:42:49
7522;AMBEV, Vehicle, Diesel;18/02/2026;00:07:07;18/02/2026;0,002314815;Estr. Mun. do Jaguari, 9876-10276 - Rio Abaixo, Jacareí - SP, Brasil - Rio Abaixo, Jacareí - SP, 12334-400, Brasil;Estr. Mun. do Jaguari, 9876-10276 - Rio Abaixo, Jacareí - SP, Brasil - Rio Abaixo, Jacareí - SP, 12334-400, Brasil;00:03:20;17;18:42:49;18:53:16
7522;AMBEV, Vehicle, Diesel;18/02/2026;00:02:42;18/02/2026;0,003813924;Estr. Mun. do Jaguari, 9876-10276 - Rio Abaixo, Jacareí - SP, Brasil - Rio Abaixo, Jacareí - SP, 12334-400, Brasil;Estr. Mun. do Jaguari, 9876-10276 - Rio Abaixo, Jacareí - SP, Brasil - Rio Abaixo, Jacareí - SP, 12334-400, Brasil;00:00:06;8;18:53:16;18:54:00
7522;AMBEV, Vehicle, Diesel;18/02/2026;00:29:53;18/02/2026;0,023964769;Estr. Mun. do Jaguari, 9876-10276 - Rio Abaixo, Jacareí - SP, Brasil - Rio Abaixo, Jacareí - SP, 12334-400, Brasil;Estr. Mun. Biagino Chieffi, 9800 - Rio Abaixo, Jacareí - SP, 12334-480, Brasil;00:34:30;26;18:54:00;19:58:25
7522;AMBEV, Vehicle, Diesel;18/02/2026;00:01:19;18/02/2026;0,003564815;Estr. Mun. Biagino Chieffi, 9800 - Rio Abaixo, Jacareí - SP, 12334-480, Brasil;Estr. Mun. Biagino Chieffi, 9800 - Rio Abaixo, Jacareí - SP, 12334-480, Brasil;00:05:08;3;19:58:25;20:04:52
7522;AMBEV, Vehicle, Diesel;18/02/2026;00:03:54;18/02/2026;0,006550926;Estr. Mun. Biagino Chieffi, 9800 - Rio Abaixo, Jacareí - SP, 12334-480, Brasil;Estr. Mun. do Jaguari, 10255 - Rio Abaixo, Jacareí - SP, 12334-400, Brasil;00:09:26;24;20:04:52;20:18:12
7522;AMBEV, Vehicle, Diesel;18/02/2026;00:00:31;18/02/2026;0,007439734;Estr. Mun. do Jaguari, 10255 - Rio Abaixo, Jacareí - SP, 12334-400, Brasil;Estr. Mun. do Jaguari, 9876-10276 - Rio Abaixo, Jacareí - SP, Brasil - Rio Abaixo, Jacareí - SP, 12334-400, Brasil;00:00:08;7;20:18:12;20:18:00
7522;AMBEV, Vehicle, Diesel;18/02/2026;00:04:03;18/02/2026;0,018032407;Estr. Mun. do Jaguari, 9876-10276 - Rio Abaixo, Jacareí - SP, Brasil - Rio Abaixo, Jacareí - SP, 12334-400, Brasil;Estrada Sem Nome - Jacareí, SP, Brasil;00:25:58;22;20:18:00;20:48:01
7522;AMBEV, Vehicle, Diesel;18/02/2026;00:01:15;18/02/2026;0,019457106;Estrada Sem Nome - Jacareí, SP, Brasil;Estrada Sem Nome - Jacareí, SP, Brasil;00:23:16;12;20:48:01;21:12:00
7522;AMBEV, Vehicle, Diesel;18/02/2026;00:03:49;18/02/2026;0,094564896;Estrada Sem Nome - Jacareí, SP, Brasil;Estrada Sem Nome - Jacareí, SP, Brasil;00:13:34;10;21:12:00;21:30:00
7522;AMBEV, Vehicle, Diesel;18/02/2026;00:03:19;18/02/2026;0,006097512;Estrada Sem Nome - Jacareí, SP, Brasil;Estr. Mun. do Jaguari, 9876-10276 - Rio Abaixo, Jacareí - SP, Brasil - Rio Abaixo, Jacareí - SP, 12334-400, Brasil;00:02:53;2;21:30:00;21:36:00
7522;AMBEV, Vehicle, Diesel;18/02/2026;00:05:29;18/02/2026;0,003726852;Estr. Mun. do Jaguari, 9876-10276 - Rio Abaixo, Jacareí - SP, Brasil - Rio Abaixo, Jacareí - SP, 12334-400, Brasil;Estr. Mun. do Jaguari, 10001 - Pagador de Andrade, Jacareí - SP, 12334-400, Brasil;00:05:22;16;21:36:00;21:46:51
7522;AMBEV, Vehicle, Diesel;18/02/2026;00:02:42;18/02/2026;0,000811597;Estr. Mun. do Jaguari, 10001 - Pagador de Andrade, Jacareí - SP, 12334-400, Brasil;Estr. Mun. do Jaguari, 9876-10276 - Rio Abaixo, Jacareí - SP, Brasil - Rio Abaixo, Jacareí - SP, 12334-400, Brasil;00:00:02;18;21:46:51;21:54:00
7522;AMBEV, Vehicle, Diesel;18/02/2026;00:02:57;18/02/2026;0,009047049;Estr. Mun. do Jaguari, 9876-10276 - Rio Abaixo, Jacareí - SP, Brasil - Rio Abaixo, Jacareí - SP, 12334-400, Brasil;Estrada Sem Nome - Jacareí, SP, Brasil;00:13:01;18;21:54:00;22:09:59
7522;AMBEV, Vehicle, Diesel;18/02/2026;00:08:45;18/02/2026;0,053532766;Estrada Sem Nome - Jacareí, SP, Brasil;Estrada Sem Nome - Jacareí, SP, Brasil;00:02:41;8;22:09:59;22:18:00
7522;AMBEV, Vehicle, Diesel;18/02/2026;00:05:36;18/02/2026;0,003483796;Estrada Sem Nome - Jacareí, SP, Brasil;Estr. Mun. do Jaguari, 9876-10276 - Rio Abaixo, Jacareí - SP, Brasil - Rio Abaixo, Jacareí - SP, 12334-400, Brasil;00:05:01;8;22:18:00;22:28:37
7522;AMBEV, Vehicle, Diesel;18/02/2026;00:00:48;18/02/2026;0,043325266;Estr. Mun. do Jaguari, 9876-10276 - Rio Abaixo, Jacareí - SP, Brasil - Rio Abaixo, Jacareí - SP, 12334-400, Brasil;Estr. Mun. do Jaguari, 9876-10276 - Rio Abaixo, Jacareí - SP, Brasil - Rio Abaixo, Jacareí - SP, 12334-400, Brasil;00:01:44;16;22:28:37;22:31:40
7522;AMBEV, Vehicle, Diesel;18/02/2026;00:12:20;18/02/2026;0,005740741;Estr. Mun. do Jaguari, 9876-10276 - Rio Abaixo, Jacareí - SP, Brasil - Rio Abaixo, Jacareí - SP, 12334-400, Brasil;Estr. Mun. do Jaguari, 1285 - Rio Abaixo, Jacareí - SP, 12334-400, Brasil;00:08:16;20;22:31:40;22:52:16
7522;AMBEV, Vehicle, Diesel;18/02/2026;00:04:03;18/02/2026;0,004606481;Estr. Mun. do Jaguari, 1285 - Rio Abaixo, Jacareí - SP, 12334-400, Brasil;Estrada Sem Nome - Jacareí, SP, Brasil;00:06:38;16;22:52:16;23:02:57
7522;AMBEV, Vehicle, Diesel;18/02/2026;00:01:53;19/02/2026;0,04497963;Estrada Sem Nome - Jacareí, SP, Brasil;Estrada Sem Nome - Jacareí, SP, Brasil;00:00:31;8;23:02:57;23:06:00
7522;AMBEV, Vehicle, Diesel;19/02/2026;00:04:57;19/02/2026;0,006527778;Estrada Sem Nome - Jacareí, SP, Brasil;Estrada Sem Nome - Jacareí, SP, Brasil;00:09:24;14;23:06:00;23:20:21
7522;AMBEV, Vehicle, Diesel;19/02/2026;00:03:00;19/02/2026;0,005034722;Estrada Sem Nome - Jacareí, SP, Brasil;Estr. Mun. do Jaguari, 9876-10276 - Rio Abaixo, Jacareí - SP, Brasil - Rio Abaixo, Jacareí - SP, 12334-400, Brasil;00:00:11;24;23:20:21;23:24:00
7522;AMBEV, Vehicle, Diesel;19/02/2026;00:00:36;19/02/2026;0,093628391;Estr. Mun. do Jaguari, 9876-10276 - Rio Abaixo, Jacareí - SP, Brasil - Rio Abaixo, Jacareí - SP, 12334-400, Brasil;Estr. Mun. do Jaguari, 9876-10276 - Rio Abaixo, Jacareí - SP, Brasil - Rio Abaixo, Jacareí - SP, 12334-400, Brasil;00:00:15;12;23:24:00;23:24:00
7522;AMBEV, Vehicle, Diesel;19/02/2026;00:07:51;19/02/2026;0,007361111;Estr. Mun. do Jaguari, 9876-10276 - Rio Abaixo, Jacareí - SP, Brasil - Rio Abaixo, Jacareí - SP, 12334-400, Brasil;Estr. Mun. do Jaguari, 10001 - Pagador de Andrade, Jacareí - SP, 12334-400, Brasil;00:10:36;28;23:24:00;23:42:27
7522;AMBEV, Vehicle, Diesel;19/02/2026;00:04:40;19/02/2026;0,009301493;Estr. Mun. do Jaguari, 10001 - Pagador de Andrade, Jacareí - SP, 12334-400, Brasil;Estr. Mun. do Jaguari, 9876-10276 - Rio Abaixo, Jacareí - SP, Brasil - Rio Abaixo, Jacareí - SP, 12334-400, Brasil;00:00:18;16;23:42:27;23:48:00
7522;AMBEV, Vehicle, Diesel;19/02/2026;00:02:47;19/02/2026;0,002303241;Estr. Mun. do Jaguari, 9876-10276 - Rio Abaixo, Jacareí - SP, Brasil - Rio Abaixo, Jacareí - SP, 12334-400, Brasil;Estrada Sem Nome - Jacareí, SP, Brasil;00:03:19;24;23:48:00;23:54:06
7522;AMBEV, Vehicle, Diesel;19/02/2026;00:03:36;19/02/2026;0,054623542;Estrada Sem Nome - Jacareí, SP, Brasil;Estrada Sem Nome - Jacareí, SP, Brasil;00:00:23;8;23:54:06;00:00:00
7522;AMBEV, Vehicle, Diesel;19/02/2026;00:06:55;19/02/2026;0,020428241;Estrada Sem Nome - Jacareí, SP, Brasil;Estr. Mun. do Jaguari, 9876-10276 - Rio Abaixo, Jacareí - SP, Brasil - Rio Abaixo, Jacareí - SP, 12334-400, Brasil;00:12:25;0;00:00:00;00:19:02
7522;AMBEV, Vehicle, Diesel;19/02/2026;00:03:33;19/02/2026;0,002702813;Estr. Mun. do Jaguari, 9876-10276 - Rio Abaixo, Jacareí - SP, Brasil - Rio Abaixo, Jacareí - SP, 12334-400, Brasil;Estr. Mun. do Jaguari, 9876-10276 - Rio Abaixo, Jacareí - SP, Brasil - Rio Abaixo, Jacareí - SP, 12334-400, Brasil;00:00:49;7;00:19:02;00:18:00
7522;AMBEV, Vehicle, Diesel;19/02/2026;00:03:06;19/02/2026;0,062466782;Estr. Mun. do Jaguari, 9876-10276 - Rio Abaixo, Jacareí - SP, Brasil - Rio Abaixo, Jacareí - SP, 12334-400, Brasil;Estr. Mun. do Jaguari, 9876-10276 - Rio Abaixo, Jacareí - SP, Brasil - Rio Abaixo, Jacareí - SP, 12334-400, Brasil;00:00:23;4;00:18:00;00:24:00
7522;AMBEV, Vehicle, Diesel;19/02/2026;00:00:56;19/02/2026;0,002345081;Estr. Mun. do Jaguari, 9876-10276 - Rio Abaixo, Jacareí - SP, Brasil - Rio Abaixo, Jacareí - SP, 12334-400, Brasil;Estr. Mun. do Jaguari, 9876-10276 - Rio Abaixo, Jacareí - SP, Brasil - Rio Abaixo, Jacareí - SP, 12334-400, Brasil;00:03:22;9;00:24:00;00:28:19
7522;AMBEV, Vehicle, Diesel;19/02/2026;00:01:39;19/02/2026;0,005705694;Estr. Mun. do Jaguari, 9876-10276 - Rio Abaixo, Jacareí - SP, Brasil - Rio Abaixo, Jacareí - SP, 12334-400, Brasil;Estr. Mun. do Jaguari, 9876-10276 - Rio Abaixo, Jacareí - SP, Brasil - Rio Abaixo, Jacareí - SP, 12334-400, Brasil;00:00:05;4;00:28:19;00:30:00
7522;AMBEV, Vehicle, Diesel;19/02/2026;00:01:42;19/02/2026;0,003599537;Estr. Mun. do Jaguari, 9876-10276 - Rio Abaixo, Jacareí - SP, Brasil - Rio Abaixo, Jacareí - SP, 12334-400, Brasil;Estr. Mun. do Jaguari, 1285 - Rio Abaixo, Jacareí - SP, 12334-400, Brasil;00:05:11;15;00:30:00;00:36:53
7522;AMBEV, Vehicle, Diesel;19/02/2026;00:04:59;19/02/2026;0,010483519;Estr. Mun. do Jaguari, 1285 - Rio Abaixo, Jacareí - SP, 12334-400, Brasil;Estrada Sem Nome - Jacareí, SP, Brasil;00:00:08;15;00:36:53;00:42:00
7522;AMBEV, Vehicle, Diesel;19/02/2026;00:01:41;19/02/2026;0,009143519;Estrada Sem Nome - Jacareí, SP, Brasil;Estrada Sem Nome - Jacareí, SP, Brasil;00:13:10;2;00:42:00;00:56:51
7522;AMBEV, Vehicle, Diesel;19/02/2026;00:03:32;19/02/2026;0,033233403;Estrada Sem Nome - Jacareí, SP, Brasil;Estrada Sem Nome - Jacareí, SP, Brasil;00:00:12;3;00:56:51;01:00:00
7522;AMBEV, Vehicle, Diesel;19/02/2026;00:04:27;19/02/2026;0,018321539;Estrada Sem Nome - Jacareí, SP, Brasil;Estr. Mun. do Jaguari, 9876-10276 - Rio Abaixo, Jacareí - SP, Brasil - Rio Abaixo, Jacareí - SP, 12334-400, Brasil;00:06:53;3;01:00:00;01:12:00
7522;AMBEV, Vehicle, Diesel;19/02/2026;00:03:19;19/02/2026;0,004474861;Estr. Mun. do Jaguari, 9876-10276 - Rio Abaixo, Jacareí - SP, Brasil - Rio Abaixo, Jacareí - SP, 12334-400, Brasil;Estrada Sem Nome - Jacareí, SP, Brasil;00:02:33;11;01:12:00;01:18:00
7522;AMBEV, Vehicle, Diesel;19/02/2026;00:07:18;19/02/2026;0,010270116;Estrada Sem Nome - Jacareí, SP, Brasil;Estrada Sem Nome - Jacareí, SP, Brasil;00:12:58;5;01:18:00;01:36:00
7522;AMBEV, Vehicle, Diesel;19/02/2026;00:00:35;19/02/2026;0,004730718;Estrada Sem Nome - Jacareí, SP, Brasil;Estrada Sem Nome - Jacareí, SP, Brasil;00:06:48;6;01:36:00;01:43:23
7522;AMBEV, Vehicle, Diesel;19/02/2026;00:04:02;19/02/2026;0,020435984;Estrada Sem Nome - Jacareí, SP, Brasil;Estrada Sem Nome - Jacareí, SP, Brasil;00:06:04;5;01:43:23;01:54:00
7522;AMBEV, Vehicle, Diesel;19/02/2026;00:01:16;19/02/2026;0,099714676;Estrada Sem Nome - Jacareí, SP, Brasil;Estrada Sem Nome - Jacareí, SP, Brasil;00:00:07;7;01:54:00;02:00:00
7522;AMBEV, Vehicle, Diesel;19/02/2026;00:05:39;19/02/2026;0,003449074;Estrada Sem Nome - Jacareí, SP, Brasil;Estr. Mun. do Jaguari, 9876-10276 - Rio Abaixo, Jacareí - SP, Brasil - Rio Abaixo, Jacareí - SP, 12334-400, Brasil;00:04:58;1;02:00:00;02:10:37
7522;AMBEV, Vehicle, Diesel;19/02/2026;00:01:35;19/02/2026;0,005491296;Estr. Mun. do Jaguari, 9876-10276 - Rio Abaixo, Jacareí - SP, Brasil - Rio Abaixo, Jacareí - SP, 12334-400, Brasil;Estr. Mun. do Jaguari, 9876-10276 - Rio Abaixo, Jacareí - SP, Brasil - Rio Abaixo, Jacareí - SP, 12334-400, Brasil;00:00:44;11;02:10:37;02:12:00
7522;AMBEV, Vehicle, Diesel;19/02/2026;00:02:05;19/02/2026;0,020501435;Estr. Mun. do Jaguari, 9876-10276 - Rio Abaixo, Jacareí - SP, Brasil - Rio Abaixo, Jacareí - SP, 12334-400, Brasil;Estr. Mun. do Jaguari, 9876-10276 - Rio Abaixo, Jacareí - SP, Brasil - Rio Abaixo, Jacareí - SP, 12334-400, Brasil;00:01:29;7;02:12:00;02:13:12
7522;AMBEV, Vehicle, Diesel;19/02/2026;00:05:32;19/02/2026;0,017395833;Estr. Mun. do Jaguari, 9876-10276 - Rio Abaixo, Jacareí - SP, Brasil - Rio Abaixo, Jacareí - SP, 12334-400, Brasil;Estr. Mun. do Jaguari, 9876-10276 - Rio Abaixo, Jacareí - SP, Brasil - Rio Abaixo, Jacareí - SP, 12334-400, Brasil;00:16:23;12;02:13:12;02:38:30
7522;AMBEV, Vehicle, Diesel;19/02/2026;00:02:09;19/02/2026;0,004616134;Estr. Mun. do Jaguari, 9876-10276 - Rio Abaixo, Jacareí - SP, Brasil - Rio Abaixo, Jacareí - SP, 12334-400, Brasil;Estr. Mun. do Jaguari, 9876-10276 - Rio Abaixo, Jacareí - SP, Brasil - Rio Abaixo, Jacareí - SP, 12334-400, Brasil;00:00:05;16;02:38:30;02:36:00
7522;AMBEV, Vehicle, Diesel;19/02/2026;00:01:54;19/02/2026;0,005983796;Estr. Mun. do Jaguari, 9876-10276 - Rio Abaixo, Jacareí - SP, Brasil - Rio Abaixo, Jacareí - SP, 12334-400, Brasil;Estrada Sem Nome - Jacareí, SP, Brasil;00:08:37;26;02:36:00;02:46:31
7522;AMBEV, Vehicle, Diesel;19/02/2026;00:01:14;19/02/2026;0,034946609;Estrada Sem Nome - Jacareí, SP, Brasil;Estrada Sem Nome - Jacareí, SP, Brasil;00:40:38;17;02:46:31;03:30:00
7522;AMBEV, Vehicle, Diesel;19/02/2026;00:01:31;19/02/2026;0,083526782;Estrada Sem Nome - Jacareí, SP, Brasil;Estrada Sem Nome - Jacareí, SP, Brasil;00:11:58;11;03:30:00;03:42:00
7522;AMBEV, Vehicle, Diesel;19/02/2026;00:04:14;19/02/2026;0,009394641;Estrada Sem Nome - Jacareí, SP, Brasil;Estr. Mun. do Jaguari, 9876-10276 - Rio Abaixo, Jacareí - SP, Brasil - Rio Abaixo, Jacareí - SP, 12334-400, Brasil;00:03:12;10;03:42:00;03:54:00
7522;AMBEV, Vehicle, Diesel;19/02/2026;00:02:21;19/02/2026;0,005925926;Estr. Mun. do Jaguari, 9876-10276 - Rio Abaixo, Jacareí - SP, Brasil - Rio Abaixo, Jacareí - SP, 12334-400, Brasil;Estr. Mun. do Jaguari, 9876-10276 - Rio Abaixo, Jacareí - SP, Brasil - Rio Abaixo, Jacareí - SP, 12334-400, Brasil;00:08:32;18;03:54:00;04:04:53
7522;AMBEV, Vehicle, Diesel;19/02/2026;00:01:28;19/02/2026;0,001186678;Estr. Mun. do Jaguari, 9876-10276 - Rio Abaixo, Jacareí - SP, Brasil - Rio Abaixo, Jacareí - SP, 12334-400, Brasil;Estr. Mun. do Jaguari, 9876-10276 - Rio Abaixo, Jacareí - SP, Brasil - Rio Abaixo, Jacareí - SP, 12334-400, Brasil;00:00:08;13;04:04:53;04:06:00
7522;AMBEV, Vehicle, Diesel;19/02/2026;00:02:23;19/02/2026;0,017797604;Estr. Mun. do Jaguari, 9876-10276 - Rio Abaixo, Jacareí - SP, Brasil - Rio Abaixo, Jacareí - SP, 12334-400, Brasil;Estrada Sem Nome - Jacareí, SP, Brasil;00:25:37;22;04:06:00;04:34:01
7522;AMBEV, Vehicle, Diesel;19/02/2026;00:02:35;19/02/2026;0,003541667;Estrada Sem Nome - Jacareí, SP, Brasil;Estrada Sem Nome - Jacareí, SP, Brasil;00:05:06;14;04:34:01;04:41:42
7522;AMBEV, Vehicle, Diesel;19/02/2026;00:05:20;19/02/2026;0,0815625;Estrada Sem Nome - Jacareí, SP, Brasil;Estrada Sem Nome - Jacareí, SP, Brasil;00:03:13;15;04:41:42;04:51:04
7522;AMBEV, Vehicle, Diesel;19/02/2026;00:09:52;19/02/2026;0,002291667;Estrada Sem Nome - Jacareí, SP, Brasil;Estr. Mun. do Jaguari, 9876-10276 - Rio Abaixo, Jacareí - SP, Brasil - Rio Abaixo, Jacareí - SP, 12334-400, Brasil;00:03:18;12;04:51:04;05:04:14
7522;AMBEV, Vehicle, Diesel;19/02/2026;00:02:13;19/02/2026;0,058391204;Estr. Mun. do Jaguari, 9876-10276 - Rio Abaixo, Jacareí - SP, Brasil - Rio Abaixo, Jacareí - SP, 12334-400, Brasil;Estr. Mun. do Jaguari, 9876-10276 - Rio Abaixo, Jacareí - SP, Brasil - Rio Abaixo, Jacareí - SP, 12334-400, Brasil;00:05:03;14;05:04:14;05:10:41
7522;AMBEV, Vehicle, Diesel;19/02/2026;00:26:31;19/02/2026;0,009116991;Estr. Mun. do Jaguari, 9876-10276 - Rio Abaixo, Jacareí - SP, Brasil - Rio Abaixo, Jacareí - SP, 12334-400, Brasil;Estr. Mun. do Jaguari, 9876-10276 - Rio Abaixo, Jacareí - SP, Brasil - Rio Abaixo, Jacareí - SP, 12334-400, Brasil;00:00:03;22;05:10:41;05:36:00
7522;AMBEV, Vehicle, Diesel;20/02/2026;00:02:13;20/02/2026;0,004321632;Estr. Mun. do Jaguari, 9876-10276 - Rio Abaixo, Jacareí - SP, Brasil - Rio Abaixo, Jacareí - SP, 12334-400, Brasil;Estr. Mun. do Jaguari, 9876-10276 - Rio Abaixo, Jacareí - SP, Brasil - Rio Abaixo, Jacareí - SP, 12334-400, Brasil;00:00:22;5;05:36:00;05:36:00
7522;AMBEV, Vehicle, Diesel;20/02/2026;00:07:24;20/02/2026;0,00260772;Estr. Mun. do Jaguari, 9876-10276 - Rio Abaixo, Jacareí - SP, Brasil - Rio Abaixo, Jacareí - SP, 12334-400, Brasil;Estrada Sem Nome - Jacareí, SP, Brasil;00:01:08;18;05:36:00;05:48:00
7522;AMBEV, Vehicle, Diesel;20/02/2026;00:00:40;20/02/2026;0,009203125;Estrada Sem Nome - Jacareí, SP, Brasil;Estrada Sem Nome - Jacareí, SP, Brasil;00:00:43;7;05:48:00;05:48:00
7522;AMBEV, Vehicle, Diesel;20/02/2026;00:01:08;20/02/2026;0,008830984;Estrada Sem Nome - Jacareí, SP, Brasil;Estrada Sem Nome - Jacareí, SP, Brasil;00:00:13;7;05:48:00;05:48:00
7522;AMBEV, Vehicle, Diesel;20/02/2026;00:02:04;20/02/2026;0,003368056;Estrada Sem Nome - Jacareí, SP, Brasil;Estrada Sem Nome - Jacareí, SP, Brasil;00:04:51;8;05:48:00;05:54:55
7522;AMBEV, Vehicle, Diesel;20/02/2026;00:00:42;20/02/2026;0,0355614;Estrada Sem Nome - Jacareí, SP, Brasil;Estrada Sem Nome - Jacareí, SP, Brasil;00:00:18;5;05:54:55;06:00:00
7522;AMBEV, Vehicle, Diesel;20/02/2026;00:04:02;20/02/2026;0,002314815;Estrada Sem Nome - Jacareí, SP, Brasil;Estrada Sem Nome - Jacareí, SP, Brasil;00:03:20;20;06:00:00;06:07:23
7522;AMBEV, Vehicle, Diesel;20/02/2026;00:02:54;20/02/2026;0,005162731;Estrada Sem Nome - Jacareí, SP, Brasil;Estr. Mun. do Jaguari, 9876-10276 - Rio Abaixo, Jacareí - SP, Brasil - Rio Abaixo, Jacareí - SP, 12334-400, Brasil;00:00:05;22;06:07:23;06:06:00
7522;AMBEV, Vehicle, Diesel;20/02/2026;00:19:07;20/02/2026;0,005972222;Estr. Mun. do Jaguari, 9876-10276 - Rio Abaixo, Jacareí - SP, Brasil - Rio Abaixo, Jacareí - SP, 12334-400, Brasil;Estr. Mun. do Jaguari, 9876-10276 - Rio Abaixo, Jacareí - SP, Brasil - Rio Abaixo, Jacareí - SP, 12334-400, Brasil;00:08:36;29;06:06:00;06:33:43
7522;AMBEV, Vehicle, Diesel;20/02/2026;00:10:18;20/02/2026;0,009110243;Estr. Mun. do Jaguari, 9876-10276 - Rio Abaixo, Jacareí - SP, Brasil - Rio Abaixo, Jacareí - SP, 12334-400, Brasil;Estrada Sem Nome - Jacareí, SP, Brasil;00:00:13;22;06:33:43;06:48:00
7522;AMBEV, Vehicle, Diesel;20/02/2026;00:01:17;20/02/2026;0,023687269;Estrada Sem Nome - Jacareí, SP, Brasil;Estrada Sem Nome - Jacareí, SP, Brasil;00:01:31;7;06:48:00;06:48:00
7522;AMBEV, Vehicle, Diesel;20/02/2026;00:04:28;20/02/2026;0,024068218;Estrada Sem Nome - Jacareí, SP, Brasil;Estrada Sem Nome - Jacareí, SP, Brasil;00:00:21;5;06:48:00;06:54:00
7522;AMBEV, Vehicle, Diesel;20/02/2026;00:14:46;20/02/2026;0,006898148;Estrada Sem Nome - Jacareí, SP, Brasil;Estrada Sem Nome - Jacareí, SP, Brasil;00:09:56;26;06:54:00;07:18:42
7522;AMBEV, Vehicle, Diesel;20/02/2026;00:01:47;20/02/2026;0,022798137;Estrada Sem Nome - Jacareí, SP, Brasil;Estrada Sem Nome - Jacareí, SP, Brasil;00:00:06;2;07:18:42;07:18:00
7522;AMBEV, Vehicle, Diesel;20/02/2026;00:05:48;20/02/2026;0,00173066;Estrada Sem Nome - Jacareí, SP, Brasil;Estr. Mun. do Jaguari, 10255 - Rio Abaixo, Jacareí - SP, 12334-400, Brasil;00:00:05;5;07:18:00;07:24:00
7522;AMBEV, Vehicle, Diesel;20/02/2026;00:03:37;20/02/2026;0,009143519;Estr. Mun. do Jaguari, 10255 - Rio Abaixo, Jacareí - SP, 12334-400, Brasil;Estrada Sem Nome - Jacareí, SP, Brasil;00:13:10;20;07:24:00;07:40:47
7522;AMBEV, Vehicle, Diesel;20/02/2026;00:02:28;20/02/2026;0,033601377;Estrada Sem Nome - Jacareí, SP, Brasil;Estr. Mun. do Jaguari, 9876-10276 - Rio Abaixo, Jacareí - SP, Brasil - Rio Abaixo, Jacareí - SP, 12334-400, Brasil;00:00:14;28;07:40:47;07:48:00
7522;AMBEV, Vehicle, Diesel;20/02/2026;00:04:15;20/02/2026;0,004774722;Estr. Mun. do Jaguari, 9876-10276 - Rio Abaixo, Jacareí - SP, Brasil - Rio Abaixo, Jacareí - SP, 12334-400, Brasil;Estr. Mun. do Jaguari, 10001 - Pagador de Andrade, Jacareí - SP, 12334-400, Brasil;00:01:19;18;07:48:00;07:48:00
7522;AMBEV, Vehicle, Diesel;20/02/2026;00:05:50;20/02/2026;0,042605637;Estr. Mun. do Jaguari, 10001 - Pagador de Andrade, Jacareí - SP, 12334-400, Brasil;Estr. Mun. do Jaguari, 9876-10276 - Rio Abaixo, Jacareí - SP, Brasil - Rio Abaixo, Jacareí - SP, 12334-400, Brasil;00:00:03;12;07:48:00;07:54:00
7522;AMBEV, Vehicle, Diesel;20/02/2026;00:01:38;20/02/2026;0,036353958;Estr. Mun. do Jaguari, 9876-10276 - Rio Abaixo, Jacareí - SP, Brasil - Rio Abaixo, Jacareí - SP, 12334-400, Brasil;Estr. Mun. do Jaguari, 9876-10276 - Rio Abaixo, Jacareí - SP, Brasil - Rio Abaixo, Jacareí - SP, 12334-400, Brasil;00:00:43;10;07:54:00;08:00:00
7522;AMBEV, Vehicle, Diesel;20/02/2026;00:02:25;20/02/2026;0,021509583;Estr. Mun. do Jaguari, 9876-10276 - Rio Abaixo, Jacareí - SP, Brasil - Rio Abaixo, Jacareí - SP, 12334-400, Brasil;Estr. Mun. do Jaguari, 9876-10276 - Rio Abaixo, Jacareí - SP, Brasil - Rio Abaixo, Jacareí - SP, 12334-400, Brasil;00:04:07;9;08:00:00;08:06:00
7522;AMBEV, Vehicle, Diesel;20/02/2026;00:05:10;20/02/2026;0,037122998;Estr. Mun. do Jaguari, 9876-10276 - Rio Abaixo, Jacareí - SP, Brasil - Rio Abaixo, Jacareí - SP, 12334-400, Brasil;Estrada Sem Nome - Jacareí, SP, Brasil;00:02:18;18;08:06:00;08:12:00
7522;AMBEV, Vehicle, Diesel;20/02/2026;00:01:31;20/02/2026;0,016094873;Estrada Sem Nome - Jacareí, SP, Brasil;Estrada Sem Nome - Jacareí, SP, Brasil;00:00:53;11;08:12:00;08:18:00
7522;AMBEV, Vehicle, Diesel;20/02/2026;00:01:18;20/02/2026;0,022973657;Estrada Sem Nome - Jacareí, SP, Brasil;Estrada Sem Nome - Jacareí, SP, Brasil;00:00:07;0;08:18:00;08:18:00
7522;AMBEV, Vehicle, Diesel;20/02/2026;00:01:11;20/02/2026;0,002291667;Estrada Sem Nome - Jacareí, SP, Brasil;Estrada Sem Nome - Jacareí, SP, Brasil;00:03:18;0;08:18:00;08:22:29
7522;AMBEV, Vehicle, Diesel;20/02/2026;00:07:09;20/02/2026;0,002531921;Estrada Sem Nome - Jacareí, SP, Brasil;Estrada Sem Nome - Jacareí, SP, Brasil;00:00:28;15;08:22:29;08:30:00
7522;AMBEV, Vehicle, Diesel;20/02/2026;00:08:30;20/02/2026;0,004145602;Estrada Sem Nome - Jacareí, SP, Brasil;Estr. Mun. do Jaguari, 9876-10276 - Rio Abaixo, Jacareí - SP, Brasil - Rio Abaixo, Jacareí - SP, 12334-400, Brasil;00:00:15;24;08:30:00;08:36:00
7522;AMBEV, Vehicle, Diesel;20/02/2026;00:07:35;20/02/2026;0,001956354;Estr. Mun. do Jaguari, 9876-10276 - Rio Abaixo, Jacareí - SP, Brasil - Rio Abaixo, Jacareí - SP, 12334-400, Brasil;Estr. Mun. do Jaguari, 9876-10276 - Rio Abaixo, Jacareí - SP, Brasil - Rio Abaixo, Jacareí - SP, 12334-400, Brasil;00:00:29;24;08:36:00;08:48:00
7522;AMBEV, Vehicle, Diesel;20/02/2026;00:08:36;20/02/2026;0,003627072;Estr. Mun. do Jaguari, 9876-10276 - Rio Abaixo, Jacareí - SP, Brasil - Rio Abaixo, Jacareí - SP, 12334-400, Brasil;Estrada Sem Nome - Jacareí, SP, Brasil;00:00:06;24;08:48:00;08:54:00
7522;AMBEV, Vehicle, Diesel;20/02/2026;00:01:39;20/02/2026;0,001645162;Estrada Sem Nome - Jacareí, SP, Brasil;Estrada Sem Nome - Jacareí, SP, Brasil;00:01:25;3;08:54:00;09:00:00
7522;AMBEV, Vehicle, Diesel;20/02/2026;00:04:55;20/02/2026;0,018227593;Estrada Sem Nome - Jacareí, SP, Brasil;Estrada Sem Nome - Jacareí, SP, Brasil;00:23:18;6;09:00:00;09:24:00
7522;AMBEV, Vehicle, Diesel;20/02/2026;00:02:06;20/02/2026;0,095673611;Estrada Sem Nome - Jacareí, SP, Brasil;Estrada Sem Nome - Jacareí, SP, Brasil;00:00:00;7;09:24:00;09:30:00
7522;AMBEV, Vehicle, Diesel;20/02/2026;00:08:03;20/02/2026;0,007118738;Estrada Sem Nome - Jacareí, SP, Brasil;Estr. Mun. do Jaguari, 9876-10276 - Rio Abaixo, Jacareí - SP, Brasil - Rio Abaixo, Jacareí - SP, 12334-400, Brasil;00:01:07;18;09:30:00;09:36:00
7522;AMBEV, Vehicle, Diesel;20/02/2026;00:11:43;20/02/2026;0,003449074;Estr. Mun. do Jaguari, 9876-10276 - Rio Abaixo, Jacareí - SP, Brasil - Rio Abaixo, Jacareí - SP, 12334-400, Brasil;Estr. Mun. do Jaguari, 9876-10276 - Rio Abaixo, Jacareí - SP, Brasil - Rio Abaixo, Jacareí - SP, 12334-400, Brasil;00:04:58;18;09:36:00;09:52:41
7522;AMBEV, Vehicle, Diesel;20/02/2026;00:06:37;20/02/2026;0,006560567;Estr. Mun. do Jaguari, 9876-10276 - Rio Abaixo, Jacareí - SP, Brasil - Rio Abaixo, Jacareí - SP, 12334-400, Brasil;Estr. Mun. do Jaguari, 10255 - Rio Abaixo, Jacareí - SP, 12334-400, Brasil;00:09:26;20;09:52:41;10:08:45
7522;AMBEV, Vehicle, Diesel;20/02/2026;00:03:51;20/02/2026;0,044762269;Estr. Mun. do Jaguari, 10255 - Rio Abaixo, Jacareí - SP, 12334-400, Brasil;Estr. Mun. do Jaguari, 9876-10276 - Rio Abaixo, Jacareí - SP, Brasil - Rio Abaixo, Jacareí - SP, 12334-400, Brasil;00:00:03;7;10:08:45;10:12:00
7522;AMBEV, Vehicle, Diesel;20/02/2026;00:03:52;20/02/2026;0,003969907;Estr. Mun. do Jaguari, 9876-10276 - Rio Abaixo, Jacareí - SP, Brasil - Rio Abaixo, Jacareí - SP, 12334-400, Brasil;Estrada Sem Nome - Jacareí, SP, Brasil;00:05:43;22;10:12:00;10:21:35
7522;AMBEV, Vehicle, Diesel;20/02/2026;00:01:32;20/02/2026;0,060934306;Estrada Sem Nome - Jacareí, SP, Brasil;Estrada Sem Nome - Jacareí, SP, Brasil;00:12:27;12;10:21:35;10:36:00
7522;AMBEV, Vehicle, Diesel;20/02/2026;00:03:50;20/02/2026;0,010346481;Estrada Sem Nome - Jacareí, SP, Brasil;Estr. Mun. do Jaguari, 9876-10276 - Rio Abaixo, Jacareí - SP, Brasil - Rio Abaixo, Jacareí - SP, 12334-400, Brasil;00:02:47;9;10:36:00;10:42:00
7522;AMBEV, Vehicle, Diesel;20/02/2026;00:12:03;20/02/2026;0,006354167;Estr. Mun. do Jaguari, 9876-10276 - Rio Abaixo, Jacareí - SP, Brasil - Rio Abaixo, Jacareí - SP, 12334-400, Brasil;Estr. Mun. do Jaguari, 10081 - Pagador de Andrade, Jacareí - SP, 12334-400, Brasil;00:09:09;22;10:42:00;11:03:12
7522;AMBEV, Vehicle, Diesel;20/02/2026;00:02:01;20/02/2026;0,004482951;Estr. Mun. do Jaguari, 10081 - Pagador de Andrade, Jacareí - SP, 12334-400, Brasil;Estr. Mun. do Jaguari, 9876-10276 - Rio Abaixo, Jacareí - SP, Brasil - Rio Abaixo, Jacareí - SP, 12334-400, Brasil;00:00:03;16;11:03:12;11:06:00
7522;AMBEV, Vehicle, Diesel;20/02/2026;00:02:44;20/02/2026;0,002986111;Estr. Mun. do Jaguari, 9876-10276 - Rio Abaixo, Jacareí - SP, Brasil - Rio Abaixo, Jacareí - SP, 12334-400, Brasil;Estrada Sem Nome - Jacareí, SP, Brasil;00:04:18;20;11:06:00;11:13:02
7522;AMBEV, Vehicle, Diesel;20/02/2026;00:01:30;20/02/2026;0,00435728;Estrada Sem Nome - Jacareí, SP, Brasil;Estrada Sem Nome - Jacareí, SP, Brasil;00:00:18;12;11:13:02;11:18:00
7522;AMBEV, Vehicle, Diesel;20/02/2026;00:00:39;20/02/2026;0,005787037;Estrada Sem Nome - Jacareí, SP, Brasil;Estrada Sem Nome - Jacareí, SP, Brasil;00:08:20;14;11:18:00;11:26:59
7522;AMBEV, Vehicle, Diesel;20/02/2026;00:01:49;20/02/2026;0,054311956;Estrada Sem Nome - Jacareí, SP, Brasil;Estrada Sem Nome - Jacareí, SP, Brasil;00:00:00;2;11:26:59;11:30:00
7522;AMBEV, Vehicle, Diesel;20/02/2026;00:07:38;20/02/2026;0,084756944;Estrada Sem Nome - Jacareí, SP, Brasil;Estr. Mun. do Jaguari, 10255 - Rio Abaixo, Jacareí - SP, 12334-400, Brasil;00:03:57;17;11:30:00;11:38:59
7522;AMBEV, Vehicle, Diesel;20/02/2026;00:06:23;20/02/2026;0,01037037;Estr. Mun. do Jaguari, 10255 - Rio Abaixo, Jacareí - SP, 12334-400, Brasil;Estrada Sem Nome - Jacareí, SP, Brasil;00:14:56;7;11:38:59;12:00:18
7522;AMBEV, Vehicle, Diesel;20/02/2026;00:01:13;20/02/2026;0,041975093;Estrada Sem Nome - Jacareí, SP, Brasil;Estrada Sem Nome - Jacareí, SP, Brasil;00:09:43;7;12:00:18;12:12:00
7522;AMBEV, Vehicle, Diesel;21/02/2026;00:00:18;21/02/2026;0,003888889;Estrada Sem Nome - Jacareí, SP, Brasil;Estrada Sem Nome - Jacareí, SP, Brasil;00:05:36;0;12:12:00;12:17:54
7522;AMBEV, Vehicle, Diesel;21/02/2026;00:04:26;21/02/2026;0,015660046;Estrada Sem Nome - Jacareí, SP, Brasil;Estrada Sem Nome - Jacareí, SP, Brasil;00:00:11;8;12:17:54;12:24:00
7522;AMBEV, Vehicle, Diesel;21/02/2026;00:04:03;21/02/2026;0,0034375;Estrada Sem Nome - Jacareí, SP, Brasil;Estr. Mun. do Jaguari, 9876-10276 - Rio Abaixo, Jacareí - SP, Brasil - Rio Abaixo, Jacareí - SP, 12334-400, Brasil;00:04:57;14;12:24:00;12:33:00
7522;AMBEV, Vehicle, Diesel;21/02/2026;00:03:25;21/02/2026;0,005996111;Estr. Mun. do Jaguari, 9876-10276 - Rio Abaixo, Jacareí - SP, Brasil - Rio Abaixo, Jacareí - SP, 12334-400, Brasil;Estr. Mun. do Jaguari, 9876-10276 - Rio Abaixo, Jacareí - SP, Brasil - Rio Abaixo, Jacareí - SP, 12334-400, Brasil;00:00:12;7;12:33:00;12:36:00
7522;AMBEV, Vehicle, Diesel;21/02/2026;00:05:16;21/02/2026;0,005975706;Estr. Mun. do Jaguari, 9876-10276 - Rio Abaixo, Jacareí - SP, Brasil - Rio Abaixo, Jacareí - SP, 12334-400, Brasil;Estrada Sem Nome - Jacareí, SP, 12309, Brasil;00:00:08;35;12:36:00;12:42:00
7522;AMBEV, Vehicle, Diesel;21/02/2026;00:10:00;21/02/2026;0,005902778;Estrada Sem Nome - Jacareí, SP, 12309, Brasil;Estr. Mun. do Jaguari, 9876-10276 - Rio Abaixo, Jacareí - SP, Brasil - Rio Abaixo, Jacareí - SP, 12334-400, Brasil;00:08:30;28;12:42:00;13:00:30
7522;AMBEV, Vehicle, Diesel;21/02/2026;00:00:53;21/02/2026;0,004751713;Estr. Mun. do Jaguari, 9876-10276 - Rio Abaixo, Jacareí - SP, Brasil - Rio Abaixo, Jacareí - SP, 12334-400, Brasil;Estr. Mun. do Jaguari, 9876-10276 - Rio Abaixo, Jacareí - SP, Brasil - Rio Abaixo, Jacareí - SP, 12334-400, Brasil;00:00:15;8;13:00:30;13:00:00
7522;AMBEV, Vehicle, Diesel;21/02/2026;00:02:06;21/02/2026;0,005613426;Estr. Mun. do Jaguari, 9876-10276 - Rio Abaixo, Jacareí - SP, Brasil - Rio Abaixo, Jacareí - SP, 12334-400, Brasil;Estrada Sem Nome - Jacareí, SP, Brasil;00:08:05;20;13:00:00;13:10:11
7522;AMBEV, Vehicle, Diesel;21/02/2026;00:05:58;21/02/2026;0,044916979;Estrada Sem Nome - Jacareí, SP, Brasil;Estrada Sem Nome - Jacareí, SP, Brasil;00:08:01;22;13:10:11;13:24:00
7522;AMBEV, Vehicle, Diesel;21/02/2026;00:07:24;21/02/2026;0,008277975;Estrada Sem Nome - Jacareí, SP, Brasil;Estrada Sem Nome - Jacareí, SP, Brasil;00:00:00;3;13:24:00;13:30:00
7522;AMBEV, Vehicle, Diesel;21/02/2026;00:08:17;21/02/2026;0,020221632;Estrada Sem Nome - Jacareí, SP, Brasil;Estr. Mun. do Jaguari, 10255 - Rio Abaixo, Jacareí - SP, 12334-400, Brasil;00:22:43;26;13:30:00;14:01:04
7522;AMBEV, Vehicle, Diesel;21/02/2026;00:03:56;21/02/2026;0,030689178;Estr. Mun. do Jaguari, 10255 - Rio Abaixo, Jacareí - SP, 12334-400, Brasil;Estrada Sem Nome - Jacareí, SP, Brasil;00:01:33;24;14:01:04;14:07:20
7522;AMBEV, Vehicle, Diesel;21/02/2026;00:02:24;21/02/2026;0,013583611;Estrada Sem Nome - Jacareí, SP, Brasil;Estrada Sem Nome - Jacareí, SP, Brasil;00:13:59;0;14:07:20;14:24:31
7522;AMBEV, Vehicle, Diesel;21/02/2026;00:03:23;21/02/2026;0,023506563;Estrada Sem Nome - Jacareí, SP, Brasil;Estrada Sem Nome - Jacareí, SP, Brasil;00:15:16;0;14:24:31;14:43:18
7522;AMBEV, Vehicle, Diesel;21/02/2026;00:03:06;21/02/2026;0,011658704;Estrada Sem Nome - Jacareí, SP, Brasil;Estr. Mun. do Jaguari, 10255 - Rio Abaixo, Jacareí - SP, 12334-400, Brasil;00:12:42;3;14:43:18;15:00:00
7522;AMBEV, Vehicle, Diesel;21/02/2026;00:04:04;21/02/2026;0,001802986;Estr. Mun. do Jaguari, 10255 - Rio Abaixo, Jacareí - SP, 12334-400, Brasil;Estr. Mun. do Jaguari, 9876-10276 - Rio Abaixo, Jacareí - SP, Brasil - Rio Abaixo, Jacareí - SP, 12334-400, Brasil;00:00:24;10;15:00:00;15:00:00
7522;AMBEV, Vehicle, Diesel;21/02/2026;00:03:44;21/02/2026;0,008367789;Estr. Mun. do Jaguari, 9876-10276 - Rio Abaixo, Jacareí - SP, Brasil - Rio Abaixo, Jacareí - SP, 12334-400, Brasil;Estr. Mun. do Jaguari, 9876-10276 - Rio Abaixo, Jacareí - SP, Brasil - Rio Abaixo, Jacareí - SP, 12334-400, Brasil;00:00:04;7;15:00:00;15:06:00
7522;AMBEV, Vehicle, Diesel;21/02/2026;00:05:06;21/02/2026;0,002395833;Estr. Mun. do Jaguari, 9876-10276 - Rio Abaixo, Jacareí - SP, Brasil - Rio Abaixo, Jacareí - SP, 12334-400, Brasil;Estr. Mun. do Jaguari, 10081 - Pagador de Andrade, Jacareí - SP, 12334-400, Brasil;00:03:27;7;15:06:00;15:14:33
7522;AMBEV, Vehicle, Diesel;21/02/2026;00:17:09;21/02/2026;0,006006817;Estr. Mun. do Jaguari, 10081 - Pagador de Andrade, Jacareí - SP, 12334-400, Brasil;Estrada Sem Nome - Jacareí, SP, Brasil;00:00:03;16;15:14:33;15:30:00
7522;AMBEV, Vehicle, Diesel;21/02/2026;00:08:03;21/02/2026;0,008039676;Estrada Sem Nome - Jacareí, SP, Brasil;Estr. Mun. do Jaguari, 10081 - Pagador de Andrade, Jacareí - SP, 12334-400, Brasil;00:11:34;8;15:30:00;15:49:38
7522;AMBEV, Vehicle, Diesel;21/02/2026;00:06:43;21/02/2026;0,018705266;Estr. Mun. do Jaguari, 10081 - Pagador de Andrade, Jacareí - SP, 12334-400, Brasil;Estr. Mun. do Jaguari, 9876-10276 - Rio Abaixo, Jacareí - SP, Brasil - Rio Abaixo, Jacareí - SP, 12334-400, Brasil;00:00:07;12;15:49:38;16:00:00
7522;AMBEV, Vehicle, Diesel;21/02/2026;00:00:44;21/02/2026;0,001663634;Estr. Mun. do Jaguari, 9876-10276 - Rio Abaixo, Jacareí - SP, Brasil - Rio Abaixo, Jacareí - SP, 12334-400, Brasil;Estr. Mun. do Jaguari, 9876-10276 - Rio Abaixo, Jacareí - SP, Brasil - Rio Abaixo, Jacareí - SP, 12334-400, Brasil;00:00:39;2;16:00:00;16:00:00
7522;AMBEV, Vehicle, Diesel;21/02/2026;00:02:41;21/02/2026;0,010234653;Estr. Mun. do Jaguari, 9876-10276 - Rio Abaixo, Jacareí - SP, Brasil - Rio Abaixo, Jacareí - SP, 12334-400, Brasil;Estr. Mun. do Jaguari, 9876-10276 - Rio Abaixo, Jacareí - SP, Brasil - Rio Abaixo, Jacareí - SP, 12334-400, Brasil;00:00:23;12;16:00:00;16:00:00
7522;AMBEV, Vehicle, Diesel;21/02/2026;00:01:04;21/02/2026;0,005902778;Estr. Mun. do Jaguari, 9876-10276 - Rio Abaixo, Jacareí - SP, Brasil - Rio Abaixo, Jacareí - SP, 12334-400, Brasil;Estr. Mun. do Jaguari, 9876-10276 - Rio Abaixo, Jacareí - SP, Brasil - Rio Abaixo, Jacareí - SP, 12334-400, Brasil;00:08:30;2;16:00:00;16:09:34
7522;AMBEV, Vehicle, Diesel;21/02/2026;00:11:10;21/02/2026;0,051095567;Estr. Mun. do Jaguari, 9876-10276 - Rio Abaixo, Jacareí - SP, Brasil - Rio Abaixo, Jacareí - SP, 12334-400, Brasil;Estrada Sem Nome - Jacareí, SP, Brasil;00:00:00;16;16:09:34;16:24:00
7522;AMBEV, Vehicle, Diesel;21/02/2026;00:11:16;21/02/2026;0,007149641;Estrada Sem Nome - Jacareí, SP, Brasil;Estrada Sem Nome - Jacareí, SP, Brasil;00:00:10;14;16:24:00;16:30:00
7522;AMBEV, Vehicle, Diesel;21/02/2026;00:02:41;21/02/2026;0,010657338;Estrada Sem Nome - Jacareí, SP, Brasil;Estrada Sem Nome - Jacareí, SP, Brasil;00:00:06;9;16:30:00;16:36:00
7522;AMBEV, Vehicle, Diesel;21/02/2026;00:08:25;21/02/2026;0,006076389;Estrada Sem Nome - Jacareí, SP, Brasil;Estr. Mun. do Jaguari, 9876-10276 - Rio Abaixo, Jacareí - SP, Brasil - Rio Abaixo, Jacareí - SP, 12334-400, Brasil;00:05:14;14;16:36:00;16:50:43
7522;AMBEV, Vehicle, Diesel;21/02/2026;00:05:27;21/02/2026;0,013243727;Estr. Mun. do Jaguari, 9876-10276 - Rio Abaixo, Jacareí - SP, Brasil - Rio Abaixo, Jacareí - SP, 12334-400, Brasil;Estr. Mun. do Jaguari, 9876-10276 - Rio Abaixo, Jacareí - SP, Brasil - Rio Abaixo, Jacareí - SP, 12334-400, Brasil;00:00:09;7;16:50:43;16:54:00
7522;AMBEV, Vehicle, Diesel;21/02/2026;00:01:42;21/02/2026;0,002296331;Estr. Mun. do Jaguari, 9876-10276 - Rio Abaixo, Jacareí - SP, Brasil - Rio Abaixo, Jacareí - SP, 12334-400, Brasil;Estr. Mun. do Jaguari, 9876-10276 - Rio Abaixo, Jacareí - SP, Brasil - Rio Abaixo, Jacareí - SP, 12334-400, Brasil;00:00:36;5;16:54:00;16:54:00
7522;AMBEV, Vehicle, Diesel;21/02/2026;00:03:35;21/02/2026;0,009293981;Estr. Mun. do Jaguari, 9876-10276 - Rio Abaixo, Jacareí - SP, Brasil - Rio Abaixo, Jacareí - SP, 12334-400, Brasil;Estr. Mun. do Jaguari, 9876-10276 - Rio Abaixo, Jacareí - SP, Brasil - Rio Abaixo, Jacareí - SP, 12334-400, Brasil;00:04:43;6;16:54:00;17:04:17
7522;AMBEV, Vehicle, Diesel;21/02/2026;00:01:26;21/02/2026;0,004368565;Estr. Mun. do Jaguari, 9876-10276 - Rio Abaixo, Jacareí - SP, Brasil - Rio Abaixo, Jacareí - SP, 12334-400, Brasil;Estrada Sem Nome - Jacareí, SP, Brasil;00:06:17;14;17:04:17;17:12:00
7522;AMBEV, Vehicle, Diesel;21/02/2026;00:01:20;21/02/2026;0,013694375;Estrada Sem Nome - Jacareí, SP, Brasil;Estrada Sem Nome - Jacareí, SP, Brasil;00:00:33;7;17:12:00;17:12:00
7522;AMBEV, Vehicle, Diesel;21/02/2026;00:05:19;21/02/2026;0,068664352;Estrada Sem Nome - Jacareí, SP, Brasil;Estr. Mun. do Jaguari, 9876-10276 - Rio Abaixo, Jacareí - SP, Brasil - Rio Abaixo, Jacareí - SP, 12334-400, Brasil;00:02:28;8;17:12:00;17:24:00
7522;AMBEV, Vehicle, Diesel;21/02/2026;00:03:37;21/02/2026;0,028055127;Estr. Mun. do Jaguari, 9876-10276 - Rio Abaixo, Jacareí - SP, Brasil - Rio Abaixo, Jacareí - SP, 12334-400, Brasil;Estrada Sem Nome - Jacareí, SP, Brasil;00:33:55;18;17:24:00;18:00:00
7522;AMBEV, Vehicle, Diesel;21/02/2026;00:01:35;21/02/2026;0,02755309;Estrada Sem Nome - Jacareí, SP, Brasil;Estrada Sem Nome - Jacareí, SP, Brasil;00:01:19;14;18:00:00;18:06:00
7522;AMBEV, Vehicle, Diesel;21/02/2026;00:06:48;21/02/2026;0,037310116;Estrada Sem Nome - Jacareí, SP, Brasil;Estrada Sem Nome - Jacareí, SP, Brasil;00:10:28;26;18:06:00;18:18:00
7522;AMBEV, Vehicle, Diesel;21/02/2026;00:01:03;21/02/2026;0,038398981;Estrada Sem Nome - Jacareí, SP, Brasil;Estrada Sem Nome - Jacareí, SP, Brasil;00:04:33;15;18:18:00;18:24:00
7522;AMBEV, Vehicle, Diesel;21/02/2026;00:01:03;21/02/2026;0,06723213;Estrada Sem Nome - Jacareí, SP, Brasil;Estrada Sem Nome - Jacareí, SP, Brasil;00:00:19;0;18:24:00;18:30:00
7522;AMBEV, Vehicle, Diesel;21/02/2026;00:09:02;21/02/2026;0,005595706;Estrada Sem Nome - Jacareí, SP, Brasil;Estr. Mun. do Jaguari, 9876-10276 - Rio Abaixo, Jacareí - SP, Brasil - Rio Abaixo, Jacareí - SP, 12334-400, Brasil;00:03:03;22;18:30:00;18:42:00
7522;AMBEV, Vehicle, Diesel;21/02/2026;00:02:15;21/02/2026;0,004502315;Estr. Mun. do Jaguari, 9876-10276 - Rio Abaixo, Jacareí - SP, Brasil - Rio Abaixo, Jacareí - SP, 12334-400, Brasil;Estr. Mun. do Jaguari, 9876-10276 - Rio Abaixo, Jacareí - SP, Brasil - Rio Abaixo, Jacareí - SP, 12334-400, Brasil;00:06:29;14;18:42:00;18:50:44
7522;AMBEV, Vehicle, Diesel;21/02/2026;00:00:44;21/02/2026;0,004624039;Estr. Mun. do Jaguari, 9876-10276 - Rio Abaixo, Jacareí - SP, Brasil - Rio Abaixo, Jacareí - SP, 12334-400, Brasil;Estr. Mun. do Jaguari, 9876-10276 - Rio Abaixo, Jacareí - SP, Brasil - Rio Abaixo, Jacareí - SP, 12334-400, Brasil;00:00:10;13;18:50:44;18:48:00
7522;AMBEV, Vehicle, Diesel;21/02/2026;00:02:39;21/02/2026;0,042266875;Estr. Mun. do Jaguari, 9876-10276 - Rio Abaixo, Jacareí - SP, Brasil - Rio Abaixo, Jacareí - SP, 12334-400, Brasil;Estrada Sem Nome - Jacareí, SP, Brasil;00:07:57;22;18:48:00;19:00:00
7522;AMBEV, Vehicle, Diesel;21/02/2026;00:04:50;21/02/2026;0,003703704;Estrada Sem Nome - Jacareí, SP, Brasil;Estr. Mun. do Jaguari, 9876-10276 - Rio Abaixo, Jacareí - SP, Brasil - Rio Abaixo, Jacareí - SP, 12334-400, Brasil;00:05:20;9;19:00:00;19:10:10
7522;AMBEV, Vehicle, Diesel;21/02/2026;00:05:53;21/02/2026;0,373039722;Estr. Mun. do Jaguari, 9876-10276 - Rio Abaixo, Jacareí - SP, Brasil - Rio Abaixo, Jacareí - SP, 12334-400, Brasil;Estr. Mun. do Jaguari, 9876-10276 - Rio Abaixo, Jacareí - SP, Brasil - Rio Abaixo, Jacareí - SP, 12334-400, Brasil;00:00:37;13;19:10:10;19:18:00
7522;AMBEV, Vehicle, Diesel;22/02/2026;00:09:14;22/02/2026;0,003546065;Estr. Mun. do Jaguari, 9876-10276 - Rio Abaixo, Jacareí - SP, Brasil - Rio Abaixo, Jacareí - SP, 12334-400, Brasil;Estrada Sem Nome - Jacareí, SP, Brasil;00:02:37;16;19:18:00;19:31:01
7522;AMBEV, Vehicle, Diesel;22/02/2026;00:04:28;22/02/2026;0,005998738;Estrada Sem Nome - Jacareí, SP, Brasil;Estrada Sem Nome - Jacareí, SP, Brasil;00:00:04;13;19:31:01;19:30:00
7522;AMBEV, Vehicle, Diesel;22/02/2026;00:00:32;22/02/2026;0,038968935;Estrada Sem Nome - Jacareí, SP, Brasil;Estrada Sem Nome - Jacareí, SP, Brasil;00:03:36;0;19:30:00;19:36:00
7522;AMBEV, Vehicle, Diesel;22/02/2026;00:02:26;22/02/2026;0,003263889;Estrada Sem Nome - Jacareí, SP, Brasil;Estrada Sem Nome - Jacareí, SP, Brasil;00:04:42;0;19:36:00;19:43:08
7522;AMBEV, Vehicle, Diesel;22/02/2026;00:04:12;22/02/2026;0,001493681;Estrada Sem Nome - Jacareí, SP, Brasil;Estrada Sem Nome - Jacareí, SP, Brasil;00:00:20;12;19:43:08;19:48:00
7522;AMBEV, Vehicle, Diesel;22/02/2026;00:03:36;22/02/2026;0,007802164;Estrada Sem Nome - Jacareí, SP, Brasil;Estr. Mun. do Jaguari, 9876-10276 - Rio Abaixo, Jacareí - SP, Brasil - Rio Abaixo, Jacareí - SP, 12334-400, Brasil;00:02:13;18;19:48:00;19:54:00
7522;AMBEV, Vehicle, Diesel;22/02/2026;00:09:21;22/02/2026;0,034703958;Estr. Mun. do Jaguari, 9876-10276 - Rio Abaixo, Jacareí - SP, Brasil - Rio Abaixo, Jacareí - SP, 12334-400, Brasil;Estr. Mun. do Jaguari, 9876-10276 - Rio Abaixo, Jacareí - SP, Brasil - Rio Abaixo, Jacareí - SP, 12334-400, Brasil;00:00:07;22;19:54:00;20:06:00
7522;AMBEV, Vehicle, Diesel;22/02/2026;00:02:18;22/02/2026;0,003703704;Estr. Mun. do Jaguari, 9876-10276 - Rio Abaixo, Jacareí - SP, Brasil - Rio Abaixo, Jacareí - SP, 12334-400, Brasil;Estrada Sem Nome - Jacareí, SP, Brasil;00:05:20;18;20:06:00;20:13:38
7522;AMBEV, Vehicle, Diesel;22/02/2026;00:03:10;22/02/2026;0,002160579;Estrada Sem Nome - Jacareí, SP, Brasil;Estrada Sem Nome - Jacareí, SP, Brasil;00:00:01;11;20:13:38;20:12:00
7522;AMBEV, Vehicle, Diesel;22/02/2026;00:00:38;22/02/2026;0,000458345;Estrada Sem Nome - Jacareí, SP, Brasil;Estrada Sem Nome - Jacareí, SP, Brasil;00:00:02;0;20:12:00;20:18:00
7522;AMBEV, Vehicle, Diesel;22/02/2026;00:02:48;22/02/2026;0,040092535;Estrada Sem Nome - Jacareí, SP, Brasil;Estrada Sem Nome - Jacareí, SP, Brasil;00:00:27;1;20:18:00;20:18:27
7522;AMBEV, Vehicle, Diesel;22/02/2026;00:05:30;22/02/2026;0,022951389;Estrada Sem Nome - Jacareí, SP, Brasil;Estr. Mun. do Jaguari, 9876-10276 - Rio Abaixo, Jacareí - SP, Brasil - Rio Abaixo, Jacareí - SP, 12334-400, Brasil;00:33:03;11;20:18:27;20:57:00
7522;AMBEV, Vehicle, Diesel;22/02/2026;00:00:03;22/02/2026;0,004973484;Estr. Mun. do Jaguari, 9876-10276 - Rio Abaixo, Jacareí - SP, Brasil - Rio Abaixo, Jacareí - SP, 12334-400, Brasil;Estr. Mun. do Jaguari, 9876-10276 - Rio Abaixo, Jacareí - SP, Brasil - Rio Abaixo, Jacareí - SP, 12334-400, Brasil;00:00:23;1;20:57:00;20:54:00
7522;AMBEV, Vehicle, Diesel;22/02/2026;00:01:54;22/02/2026;0,002053414;Estr. Mun. do Jaguari, 9876-10276 - Rio Abaixo, Jacareí - SP, Brasil - Rio Abaixo, Jacareí - SP, 12334-400, Brasil;Estr. Mun. do Jaguari, 9876-10276 - Rio Abaixo, Jacareí - SP, Brasil - Rio Abaixo, Jacareí - SP, 12334-400, Brasil;00:02:57;18;20:54:00;20:58:52
7522;AMBEV, Vehicle, Diesel;22/02/2026;00:02:23;22/02/2026;0,003758056;Estr. Mun. do Jaguari, 9876-10276 - Rio Abaixo, Jacareí - SP, Brasil - Rio Abaixo, Jacareí - SP, 12334-400, Brasil;Estr. Mun. do Jaguari, 9876-10276 - Rio Abaixo, Jacareí - SP, Brasil - Rio Abaixo, Jacareí - SP, 12334-400, Brasil;00:05:24;2;20:58:52;21:06:39
7522;AMBEV, Vehicle, Diesel;22/02/2026;00:05:10;22/02/2026;0,153984954;Estr. Mun. do Jaguari, 9876-10276 - Rio Abaixo, Jacareí - SP, Brasil - Rio Abaixo, Jacareí - SP, 12334-400, Brasil;Estrada Sem Nome - Jacareí, SP, Brasil;00:00:00;29;21:06:39;21:12:00
7522;AMBEV, Vehicle, Diesel;22/02/2026;00:01:46;22/02/2026;0,045929236;Estrada Sem Nome - Jacareí, SP, Brasil;Estrada Sem Nome - Jacareí, SP, Brasil;00:00:09;0;21:12:00;21:12:00
7522;AMBEV, Vehicle, Diesel;22/02/2026;00:02:43;22/02/2026;0,036596516;Estrada Sem Nome - Jacareí, SP, Brasil;Estrada Sem Nome - Jacareí, SP, Brasil;00:00:05;0;21:12:00;21:18:00
7522;AMBEV, Vehicle, Diesel;22/02/2026;00:13:48;22/02/2026;0,019102095;Estrada Sem Nome - Jacareí, SP, Brasil;Estr. Mun. do Jaguari, 9876-10276 - Rio Abaixo, Jacareí - SP, Brasil - Rio Abaixo, Jacareí - SP, 12334-400, Brasil;00:21:17;16;21:18:00;21:55:04
7522;AMBEV, Vehicle, Diesel;22/02/2026;00:00:47;22/02/2026;0,002303241;Estr. Mun. do Jaguari, 9876-10276 - Rio Abaixo, Jacareí - SP, Brasil - Rio Abaixo, Jacareí - SP, 12334-400, Brasil;Estr. Mun. do Jaguari, 9876-10276 - Rio Abaixo, Jacareí - SP, Brasil - Rio Abaixo, Jacareí - SP, 12334-400, Brasil;00:03:19;3;21:55:04;21:59:09
7522;AMBEV, Vehicle, Diesel;22/02/2026;00:00:30;22/02/2026;0,005971713;Estr. Mun. do Jaguari, 9876-10276 - Rio Abaixo, Jacareí - SP, Brasil - Rio Abaixo, Jacareí - SP, 12334-400, Brasil;Estr. Mun. do Jaguari, 9876-10276 - Rio Abaixo, Jacareí - SP, Brasil - Rio Abaixo, Jacareí - SP, 12334-400, Brasil;00:00:13;9;21:59:09;22:00:00
7522;AMBEV, Vehicle, Diesel;22/02/2026;00:04:09;22/02/2026;0,004628438;Estr. Mun. do Jaguari, 9876-10276 - Rio Abaixo, Jacareí - SP, Brasil - Rio Abaixo, Jacareí - SP, 12334-400, Brasil;Estr. Mun. do Jaguari, 9876-10276 - Rio Abaixo, Jacareí - SP, Brasil - Rio Abaixo, Jacareí - SP, 12334-400, Brasil;00:02:12;6;22:00:00;22:06:00
7522;AMBEV, Vehicle, Diesel;22/02/2026;00:07:27;22/02/2026;0,067405891;Estr. Mun. do Jaguari, 9876-10276 - Rio Abaixo, Jacareí - SP, Brasil - Rio Abaixo, Jacareí - SP, 12334-400, Brasil;Estrada Sem Nome - Jacareí, SP, Brasil;00:00:27;15;22:06:00;22:12:00
7522;AMBEV, Vehicle, Diesel;22/02/2026;00:05:32;22/02/2026;0,004606481;Estrada Sem Nome - Jacareí, SP, Brasil;Estr. Mun. do Jaguari, 9876-10276 - Rio Abaixo, Jacareí - SP, Brasil - Rio Abaixo, Jacareí - SP, 12334-400, Brasil;00:06:38;7;22:12:00;22:24:10
7522;AMBEV, Vehicle, Diesel;22/02/2026;00:01:52;22/02/2026;0,02508015;Estr. Mun. do Jaguari, 9876-10276 - Rio Abaixo, Jacareí - SP, Brasil - Rio Abaixo, Jacareí - SP, 12334-400, Brasil;Estr. Mun. do Jaguari, 9876-10276 - Rio Abaixo, Jacareí - SP, Brasil - Rio Abaixo, Jacareí - SP, 12334-400, Brasil;00:00:51;9;22:24:10;22:24:00
7522;AMBEV, Vehicle, Diesel;22/02/2026;00:09:11;22/02/2026;0,006309722;Estr. Mun. do Jaguari, 9876-10276 - Rio Abaixo, Jacareí - SP, Brasil - Rio Abaixo, Jacareí - SP, 12334-400, Brasil;Estr. Mun. do Jaguari, 9876-10276 - Rio Abaixo, Jacareí - SP, Brasil - Rio Abaixo, Jacareí - SP, 12334-400, Brasil;00:03:04;14;22:24:00;22:36:59
7522;AMBEV, Vehicle, Diesel;22/02/2026;00:10:29;22/02/2026;0,000515081;Estr. Mun. do Jaguari, 9876-10276 - Rio Abaixo, Jacareí - SP, Brasil - Rio Abaixo, Jacareí - SP, 12334-400, Brasil;Estrada Sem Nome - Jacareí, SP, Brasil;00:00:06;17;22:36:59;22:48:00
7522;AMBEV, Vehicle, Diesel;22/02/2026;00:00:15;22/02/2026;0,039312465;Estrada Sem Nome - Jacareí, SP, Brasil;Estrada Sem Nome - Jacareí, SP, Brasil;00:00:09;1;22:48:00;22:48:00
7522;AMBEV, Vehicle, Diesel;22/02/2026;00:07:48;22/02/2026;0,005740741;Estrada Sem Nome - Jacareí, SP, Brasil;Estrada Sem Nome - Jacareí, SP, Brasil;00:08:16;12;22:48:00;23:04:04
7522;AMBEV, Vehicle, Diesel;22/02/2026;00:04:19;22/02/2026;0,035931296;Estrada Sem Nome - Jacareí, SP, Brasil;Estr. Mun. do Jaguari, 9876-10276 - Rio Abaixo, Jacareí - SP, Brasil - Rio Abaixo, Jacareí - SP, 12334-400, Brasil;00:05:50;22;23:04:04;23:18:00
7522;AMBEV, Vehicle, Diesel;22/02/2026;00:01:40;22/02/2026;0,021241134;Estr. Mun. do Jaguari, 9876-10276 - Rio Abaixo, Jacareí - SP, Brasil - Rio Abaixo, Jacareí - SP, 12334-400, Brasil;Estr. Mun. do Jaguari, 9876-10276 - Rio Abaixo, Jacareí - SP, Brasil - Rio Abaixo, Jacareí - SP, 12334-400, Brasil;00:02:00;10;23:18:00;23:18:00
IEV 1200T PLUS | RHT 6A49 | 2021;JAC, Vehicle, Battery Electric Vehicle, Manually Classified Powertrain, Relatório_Elétrico, Relatórios_Todos, FALSO, PESADOS;16/02/2026;00:42:43;16/02/2026;0,04056044;Estr. do Engenho d'Água, 655 - Anil, Rio de Janeiro - RJ, 22765-240, Brasil;2MV6+25 Cubo Kids - Anil, Rio de Janeiro - RJ, 22755, Brasil;00:00:00;42;16:27:33;17:10:16
IEV 1200T PLUS | RHT 6A49 | 2021;JAC, Vehicle, Battery Electric Vehicle, Manually Classified Powertrain, Relatório_Elétrico, Relatórios_Todos, FALSO, PESADOS;16/02/2026;00:03:00;16/02/2026;0,008184468;2MV6+25 Cubo Kids - Anil, Rio de Janeiro - RJ, 22755, Brasil;R. Amarílio Salgado, 62 - Anil, Rio de Janeiro - RJ, 22753-450, Brasil;00:00:29;16;17:10:16;17:13:46
IEV 1200T PLUS | RHT 6A49 | 2021;JAC, Vehicle, Battery Electric Vehicle, Manually Classified Powertrain, Relatório_Elétrico, Relatórios_Todos, FALSO, PESADOS;16/02/2026;00:01:05;16/02/2026;0,24275581;R. Amarílio Salgado, 62 - Anil, Rio de Janeiro - RJ, 22753-450, Brasil;R. Caminho do Cavaco, 16 - Anil, Rio de Janeiro - RJ, 22753-034, Brasil;00:00:00;3;17:13:46;17:14:51
IEV 1200T PLUS | RHT 6A49 | 2021;JAC, Vehicle, Battery Electric Vehicle, Manually Classified Powertrain, Relatório_Elétrico, Relatórios_Todos, FALSO, PESADOS;16/02/2026;00:01:48;16/02/2026;0,063118611;R. Caminho do Cavaco, 16 - Anil, Rio de Janeiro - RJ, 22753-034, Brasil;Estr. do Engenho d'Água, 655 - Anil, Rio de Janeiro - RJ, 22765-240, Brasil;00:00:08;0;17:14:51;17:16:47
IEV 1200T PLUS | RHT 6A49 | 2021;JAC, Vehicle, Battery Electric Vehicle, Manually Classified Powertrain, Relatório_Elétrico, Relatórios_Todos, FALSO, PESADOS;16/02/2026;00:01:19;16/02/2026;0,00074765;Estr. do Engenho d'Água, 655 - Anil, Rio de Janeiro - RJ, 22765-240, Brasil;Estr. de Jacarepaguá, 5895 - Anil, Rio de Janeiro - RJ, 22753-033, Brasil;00:00:00;29;17:16:47;17:18:06
IEV 1200T PLUS | RHT 6A49 | 2021;JAC, Vehicle, Battery Electric Vehicle, Manually Classified Powertrain, Relatório_Elétrico, Relatórios_Todos, FALSO, PESADOS;16/02/2026;00:02:31;16/02/2026;0,037975718;Estr. de Jacarepaguá, 5895 - Anil, Rio de Janeiro - RJ, 22753-033, Brasil;2MV6+25 Cubo Kids - Anil, Rio de Janeiro - RJ, 22755, Brasil;00:00:03;16;17:18:06;17:20:40
IEV 1200T PLUS | RHT 6A49 | 2021;JAC, Vehicle, Battery Electric Vehicle, Manually Classified Powertrain, Relatório_Elétrico, Relatórios_Todos, FALSO, PESADOS;16/02/2026;00:20:26;16/02/2026;0,008078704;2MV6+25 Cubo Kids - Anil, Rio de Janeiro - RJ, 22755, Brasil;Estr. do Engenho d'Água, 655 - Anil, Rio de Janeiro - RJ, 22765-240, Brasil;00:11:38;29;17:20:40;17:52:44
IEV 1200T PLUS | RHT 6A49 | 2021;JAC, Vehicle, Battery Electric Vehicle, Manually Classified Powertrain, Relatório_Elétrico, Relatórios_Todos, FALSO, PESADOS;16/02/2026;00:16:37;16/02/2026;0,002314815;Estr. do Engenho d'Água, 655 - Anil, Rio de Janeiro - RJ, 22765-240, Brasil;Estr. do Engenho d'Água, 655 - Anil, Rio de Janeiro - RJ, 22765-240, Brasil;00:03:20;33;17:52:44;18:12:41
IEV 1200T PLUS | RHT 6A49 | 2021;JAC, Vehicle, Battery Electric Vehicle, Manually Classified Powertrain, Relatório_Elétrico, Relatórios_Todos, FALSO, PESADOS;16/02/2026;00:34:13;16/02/2026;0,002314815;Estr. do Engenho d'Água, 655 - Anil, Rio de Janeiro - RJ, 22765-240, Brasil;Estr. do Engenho d'Água, 655 - Anil, Rio de Janeiro - RJ, 22765-240, Brasil;00:03:20;35;18:12:41;18:50:14
IEV 1200T PLUS | RHT 6A49 | 2021;JAC, Vehicle, Battery Electric Vehicle, Manually Classified Powertrain, Relatório_Elétrico, Relatórios_Todos, FALSO, PESADOS;16/02/2026;00:03:28;16/02/2026;0,002023507;Estr. do Engenho d'Água, 655 - Anil, Rio de Janeiro - RJ, 22765-240, Brasil;2MV6+25 Cubo Kids - Anil, Rio de Janeiro - RJ, 22755, Brasil;00:00:00;33;18:50:14;18:53:42
IEV 1200T PLUS | RHT 6A49 | 2021;JAC, Vehicle, Battery Electric Vehicle, Manually Classified Powertrain, Relatório_Elétrico, Relatórios_Todos, FALSO, PESADOS;16/02/2026;00:14:08;16/02/2026;0,0034375;2MV6+25 Cubo Kids - Anil, Rio de Janeiro - RJ, 22755, Brasil;Estr. do Engenho d'Água, 655 - Anil, Rio de Janeiro - RJ, 22765-240, Brasil;00:04:57;41;18:53:42;19:12:47
IEV 1200T PLUS | RHT 6A49 | 2021;JAC, Vehicle, Battery Electric Vehicle, Manually Classified Powertrain, Relatório_Elétrico, Relatórios_Todos, FALSO, PESADOS;16/02/2026;00:03:48;16/02/2026;0,002337963;Estr. do Engenho d'Água, 655 - Anil, Rio de Janeiro - RJ, 22765-240, Brasil;Estr. do Engenho d'Água, 655 - Anil, Rio de Janeiro - RJ, 22765-240, Brasil;00:03:22;31;19:12:47;19:19:57
IEV 1200T PLUS | RHT 6A49 | 2021;JAC, Vehicle, Battery Electric Vehicle, Manually Classified Powertrain, Relatório_Elétrico, Relatórios_Todos, FALSO, PESADOS;16/02/2026;00:05:21;16/02/2026;0,002530451;Estr. do Engenho d'Água, 655 - Anil, Rio de Janeiro - RJ, 22765-240, Brasil;Estr. do Engenho d'Água, 655 - Anil, Rio de Janeiro - RJ, 22765-240, Brasil;00:00:00;33;19:19:57;19:25:19
IEV 1200T PLUS | RHT 6A49 | 2021;JAC, Vehicle, Battery Electric Vehicle, Manually Classified Powertrain, Relatório_Elétrico, Relatórios_Todos, FALSO, PESADOS;16/02/2026;00:08:26;16/02/2026;0,001633391;Estr. do Engenho d'Água, 655 - Anil, Rio de Janeiro - RJ, 22765-240, Brasil;2MV6+25 Cubo Kids - Anil, Rio de Janeiro - RJ, 22755, Brasil;00:00:00;31;19:25:19;19:33:45
IEV 1200T PLUS | RHT 6A49 | 2021;JAC, Vehicle, Battery Electric Vehicle, Manually Classified Powertrain, Relatório_Elétrico, Relatórios_Todos, FALSO, PESADOS;16/02/2026;00:03:08;16/02/2026;0,002467477;2MV6+25 Cubo Kids - Anil, Rio de Janeiro - RJ, 22755, Brasil;R. Caminho do Cavaco, 16 - Anil, Rio de Janeiro - RJ, 22753-034, Brasil;00:00:00;28;19:33:45;19:36:52
IEV 1200T PLUS | RHT 6A49 | 2021;JAC, Vehicle, Battery Electric Vehicle, Manually Classified Powertrain, Relatório_Elétrico, Relatórios_Todos, FALSO, PESADOS;16/02/2026;00:10:53;16/02/2026;0,004594907;R. Caminho do Cavaco, 16 - Anil, Rio de Janeiro - RJ, 22753-034, Brasil;Estr. do Engenho d'Água, 655 - Anil, Rio de Janeiro - RJ, 22765-240, Brasil;00:06:37;33;19:36:52;19:54:22
IEV 1200T PLUS | RHT 6A49 | 2021;JAC, Vehicle, Battery Electric Vehicle, Manually Classified Powertrain, Relatório_Elétrico, Relatórios_Todos, FALSO, PESADOS;16/02/2026;00:16:06;16/02/2026;0,005740741;Estr. do Engenho d'Água, 655 - Anil, Rio de Janeiro - RJ, 22765-240, Brasil;Estr. do Engenho d'Água, 655 - Anil, Rio de Janeiro - RJ, 22765-240, Brasil;00:08:16;39;19:54:22;20:18:44
IEV 1200T PLUS | RHT 6A49 | 2021;JAC, Vehicle, Battery Electric Vehicle, Manually Classified Powertrain, Relatório_Elétrico, Relatórios_Todos, FALSO, PESADOS;16/02/2026;00:18:13;16/02/2026;0,0034375;Estr. do Engenho d'Água, 655 - Anil, Rio de Janeiro - RJ, 22765-240, Brasil;Estr. do Engenho d'Água, 655 - Anil, Rio de Janeiro - RJ, 22765-240, Brasil;00:04:57;35;20:18:44;20:41:54
IEV 1200T PLUS | RHT 6A49 | 2021;JAC, Vehicle, Battery Electric Vehicle, Manually Classified Powertrain, Relatório_Elétrico, Relatórios_Todos, FALSO, PESADOS;16/02/2026;00:16:12;16/02/2026;0,001387083;Estr. do Engenho d'Água, 655 - Anil, Rio de Janeiro - RJ, 22765-240, Brasil;Estr. de Jacarepaguá, 5895 - Anil, Rio de Janeiro - RJ, 22753-033, Brasil;00:00:00;29;20:41:54;20:58:07
IEV 1200T PLUS | RHT 6A49 | 2021;JAC, Vehicle, Battery Electric Vehicle, Manually Classified Powertrain, Relatório_Elétrico, Relatórios_Todos, FALSO, PESADOS;16/02/2026;00:23:36;16/02/2026;0,005081019;Estr. de Jacarepaguá, 5895 - Anil, Rio de Janeiro - RJ, 22753-033, Brasil;Estr. do Engenho d'Água, 655 - Anil, Rio de Janeiro - RJ, 22765-240, Brasil;00:07:19;33;20:58:07;21:29:01
IEV 1200T PLUS | RHT 6A49 | 2021;JAC, Vehicle, Battery Electric Vehicle, Manually Classified Powertrain, Relatório_Elétrico, Relatórios_Todos, FALSO, PESADOS;16/02/2026;00:04:21;16/02/2026;0,004386574;Estr. do Engenho d'Água, 655 - Anil, Rio de Janeiro - RJ, 22765-240, Brasil;2MV6+25 Cubo Kids - Anil, Rio de Janeiro - RJ, 22755, Brasil;00:06:19;31;21:29:01;21:39:41
IEV 1200T PLUS | RHT 6A49 | 2021;JAC, Vehicle, Battery Electric Vehicle, Manually Classified Powertrain, Relatório_Elétrico, Relatórios_Todos, FALSO, PESADOS;16/02/2026;01:04:34;16/02/2026;1,269761991;2MV6+25 Cubo Kids - Anil, Rio de Janeiro - RJ, 22755, Brasil;2MV6+25 Cubo Kids - Anil, Rio de Janeiro - RJ, 22755, Brasil;00:01:18;35;21:39:41;22:45:34
IEV 1200T PLUS | RHT 6A49 | 2021;JAC, Vehicle, Battery Electric Vehicle, Manually Classified Powertrain, Relatório_Elétrico, Relatórios_Todos, FALSO, PESADOS;18/02/2026;00:02:08;18/02/2026;2,80671E-05;2MV6+25 Cubo Kids - Anil, Rio de Janeiro - RJ, 22755, Brasil;Estr. do Engenho d'Água, 655 - Anil, Rio de Janeiro - RJ, 22765-240, Brasil;00:00:00;28;22:45:34;22:47:42
IEV 1200T PLUS | RHT 6A49 | 2021;JAC, Vehicle, Battery Electric Vehicle, Manually Classified Powertrain, Relatório_Elétrico, Relatórios_Todos, FALSO, PESADOS;18/02/2026;00:00:01;18/02/2026;0,007418993;Estr. do Engenho d'Água, 655 - Anil, Rio de Janeiro - RJ, 22765-240, Brasil;Estr. do Engenho d'Água, 655 - Anil, Rio de Janeiro - RJ, 22765-240, Brasil;00:00:00;17;22:47:42;22:47:42
IEV 1200T PLUS | RHT 6A49 | 2021;JAC, Vehicle, Battery Electric Vehicle, Manually Classified Powertrain, Relatório_Elétrico, Relatórios_Todos, FALSO, PESADOS;18/02/2026;00:01:18;18/02/2026;0,043700764;Estr. do Engenho d'Água, 655 - Anil, Rio de Janeiro - RJ, 22765-240, Brasil;2MV6+25 Cubo Kids - Anil, Rio de Janeiro - RJ, 22755, Brasil;00:00:02;26;22:47:42;22:49:02
IEV 1200T PLUS | RHT 6A49 | 2021;JAC, Vehicle, Battery Electric Vehicle, Manually Classified Powertrain, Relatório_Elétrico, Relatórios_Todos, FALSO, PESADOS;18/02/2026;00:00:43;18/02/2026;0,222311157;2MV6+25 Cubo Kids - Anil, Rio de Janeiro - RJ, 22755, Brasil;2MV6+25 Cubo Kids - Anil, Rio de Janeiro - RJ, 22755, Brasil;00:00:00;11;22:49:02;22:49:45
IEV 1200T PLUS | RHT 6A49 | 2021;JAC, Vehicle, Battery Electric Vehicle, Manually Classified Powertrain, Relatório_Elétrico, Relatórios_Todos, FALSO, PESADOS;18/02/2026;00:03:22;18/02/2026;0,010612431;2MV6+25 Cubo Kids - Anil, Rio de Janeiro - RJ, 22755, Brasil;R. Caminho do Cavaco, 1 - Anil, Rio de Janeiro - RJ, 22753-034, Brasil;00:00:03;0;22:49:45;22:53:11
IEV 1200T PLUS | RHT 6A49 | 2021;JAC, Vehicle, Battery Electric Vehicle, Manually Classified Powertrain, Relatório_Elétrico, Relatórios_Todos, FALSO, PESADOS;18/02/2026;00:01:42;18/02/2026;0,003070069;R. Caminho do Cavaco, 1 - Anil, Rio de Janeiro - RJ, 22753-034, Brasil;2MV6+25 Cubo Kids - Anil, Rio de Janeiro - RJ, 22755, Brasil;00:02:50;28;22:53:11;22:57:44
IEV 1200T PLUS | RHT 6A49 | 2021;JAC, Vehicle, Battery Electric Vehicle, Manually Classified Powertrain, Relatório_Elétrico, Relatórios_Todos, FALSO, PESADOS;18/02/2026;00:02:44;18/02/2026;0,003033576;2MV6+25 Cubo Kids - Anil, Rio de Janeiro - RJ, 22755, Brasil;Estr. de Jacarepaguá, 5895 - Freguesia (Jacarepaguá), Rio de Janeiro - RJ, 22753-033, Brasil;00:00:00;29;22:57:44;23:00:28
IEV 1200T PLUS | RHT 6A49 | 2021;JAC, Vehicle, Battery Electric Vehicle, Manually Classified Powertrain, Relatório_Elétrico, Relatórios_Todos, FALSO, PESADOS;18/02/2026;00:04:51;18/02/2026;0,003961817;Estr. de Jacarepaguá, 5895 - Freguesia (Jacarepaguá), Rio de Janeiro - RJ, 22753-033, Brasil;Estr. de Jacarepaguá, 5895 - Anil, Rio de Janeiro - RJ, 22753-033, Brasil;00:00:01;24;23:00:28;23:05:21
IEV 1200T PLUS | RHT 6A49 | 2021;JAC, Vehicle, Battery Electric Vehicle, Manually Classified Powertrain, Relatório_Elétrico, Relatórios_Todos, FALSO, PESADOS;18/02/2026;00:02:59;18/02/2026;0,002767627;Estr. de Jacarepaguá, 5895 - Anil, Rio de Janeiro - RJ, 22753-033, Brasil;Estr. de Jacarepaguá, 5895 - Freguesia (Jacarepaguá), Rio de Janeiro - RJ, 22753-033, Brasil;00:00:50;22;23:05:21;23:09:10
IEV 1200T PLUS | RHT 6A49 | 2021;JAC, Vehicle, Battery Electric Vehicle, Manually Classified Powertrain, Relatório_Elétrico, Relatórios_Todos, FALSO, PESADOS;18/02/2026;00:02:41;18/02/2026;2,81366E-05;Estr. de Jacarepaguá, 5895 - Freguesia (Jacarepaguá), Rio de Janeiro - RJ, 22753-033, Brasil;R. Caminho do Cavaco, 16 - Anil, Rio de Janeiro - RJ, 22753-034, Brasil;00:00:00;24;23:09:10;23:11:52
IEV 1200T PLUS | RHT 6A49 | 2021;JAC, Vehicle, Battery Electric Vehicle, Manually Classified Powertrain, Relatório_Elétrico, Relatórios_Todos, FALSO, PESADOS;18/02/2026;00:00:01;18/02/2026;0,031419178;R. Caminho do Cavaco, 16 - Anil, Rio de Janeiro - RJ, 22753-034, Brasil;R. Caminho do Cavaco, 16 - Anil, Rio de Janeiro - RJ, 22753-034, Brasil;00:00:00;6;23:11:52;23:11:52
IEV 1200T PLUS | RHT 6A49 | 2021;JAC, Vehicle, Battery Electric Vehicle, Manually Classified Powertrain, Relatório_Elétrico, Relatórios_Todos, FALSO, PESADOS;18/02/2026;00:01:39;18/02/2026;0,004142442;R. Caminho do Cavaco, 16 - Anil, Rio de Janeiro - RJ, 22753-034, Brasil;R. Caminho do Cavaco, 4 - Anil, Rio de Janeiro - RJ, 22753-034, Brasil;00:00:00;22;23:11:52;23:13:31
IEV 1200T PLUS | RHT 6A49 | 2021;JAC, Vehicle, Battery Electric Vehicle, Manually Classified Powertrain, Relatório_Elétrico, Relatórios_Todos, FALSO, PESADOS;18/02/2026;00:01:36;18/02/2026;3,0081E-05;R. Caminho do Cavaco, 4 - Anil, Rio de Janeiro - RJ, 22753-034, Brasil;Estr. de Jacarepaguá, 5895 - Anil, Rio de Janeiro - RJ, 22753-033, Brasil;00:00:00;26;23:13:31;23:15:06
IEV 1200T PLUS | RHT 6A49 | 2021;JAC, Vehicle, Battery Electric Vehicle, Manually Classified Powertrain, Relatório_Elétrico, Relatórios_Todos, FALSO, PESADOS;18/02/2026;00:00:01;18/02/2026;0,008440729;Estr. de Jacarepaguá, 5895 - Anil, Rio de Janeiro - RJ, 22753-033, Brasil;Estr. de Jacarepaguá, 5895 - Anil, Rio de Janeiro - RJ, 22753-033, Brasil;00:00:00;8;23:15:06;23:15:06
IEV 1200T PLUS | RHT 6A49 | 2021;JAC, Vehicle, Battery Electric Vehicle, Manually Classified Powertrain, Relatório_Elétrico, Relatórios_Todos, FALSO, PESADOS;18/02/2026;00:03:54;18/02/2026;0,021440463;Estr. de Jacarepaguá, 5895 - Anil, Rio de Janeiro - RJ, 22753-033, Brasil;2MV6+25 Cubo Kids - Anil, Rio de Janeiro - RJ, 22755, Brasil;00:00:07;29;23:15:06;23:19:08
IEV 1200T PLUS | RHT 6A49 | 2021;JAC, Vehicle, Battery Electric Vehicle, Manually Classified Powertrain, Relatório_Elétrico, Relatórios_Todos, FALSO, PESADOS;18/02/2026;00:00:57;18/02/2026;0,112603681;2MV6+25 Cubo Kids - Anil, Rio de Janeiro - RJ, 22755, Brasil;Estr. do Engenho d'Água, 655 - Anil, Rio de Janeiro - RJ, 22765-240, Brasil;00:00:01;7;23:19:08;23:20:05
IEV 1200T PLUS | RHT 6A49 | 2021;JAC, Vehicle, Battery Electric Vehicle, Manually Classified Powertrain, Relatório_Elétrico, Relatórios_Todos, FALSO, PESADOS;18/02/2026;00:01:14;18/02/2026;0,021190914;Estr. do Engenho d'Água, 655 - Anil, Rio de Janeiro - RJ, 22765-240, Brasil;Estr. do Engenho d'Água, 655 - Anil, Rio de Janeiro - RJ, 22765-240, Brasil;00:00:00;0;23:20:05;23:21:05
IEV 1200T PLUS | RHT 6A49 | 2021;JAC, Vehicle, Battery Electric Vehicle, Manually Classified Powertrain, Relatório_Elétrico, Relatórios_Todos, FALSO, PESADOS;18/02/2026;00:37:30;18/02/2026;0,003009259;Estr. do Engenho d'Água, 655 - Anil, Rio de Janeiro - RJ, 22765-240, Brasil;Estr. do Engenho d'Água, 655 - Anil, Rio de Janeiro - RJ, 22765-240, Brasil;00:04:20;41;23:21:05;00:02:55
IEV 1200T PLUS | RHT 6A49 | 2021;JAC, Vehicle, Battery Electric Vehicle, Manually Classified Powertrain, Relatório_Elétrico, Relatórios_Todos, FALSO, PESADOS;18/02/2026;00:19:04;18/02/2026;0,004664352;Estr. do Engenho d'Água, 655 - Anil, Rio de Janeiro - RJ, 22765-240, Brasil;Estr. do Engenho d'Água, 655 - Anil, Rio de Janeiro - RJ, 22765-240, Brasil;00:06:43;33;00:02:55;00:28:42
IEV 1200T PLUS | RHT 6A49 | 2021;JAC, Vehicle, Battery Electric Vehicle, Manually Classified Powertrain, Relatório_Elétrico, Relatórios_Todos, FALSO, PESADOS;18/02/2026;00:11:50;18/02/2026;0,001921308;Estr. do Engenho d'Água, 655 - Anil, Rio de Janeiro - RJ, 22765-240, Brasil;2MV6+25 Cubo Kids - Anil, Rio de Janeiro - RJ, 22755, Brasil;00:00:11;33;00:28:42;00:40:43
IEV 1200T PLUS | RHT 6A49 | 2021;JAC, Vehicle, Battery Electric Vehicle, Manually Classified Powertrain, Relatório_Elétrico, Relatórios_Todos, FALSO, PESADOS;18/02/2026;00:06:13;18/02/2026;7,6713E-05;2MV6+25 Cubo Kids - Anil, Rio de Janeiro - RJ, 22755, Brasil;R. O Tempo e O Vento, 54 - Anil, Rio de Janeiro - RJ, 22753-340, Brasil;00:00:00;20;00:40:43;00:46:57
IEV 1200T PLUS | RHT 6A49 | 2021;JAC, Vehicle, Battery Electric Vehicle, Manually Classified Powertrain, Relatório_Elétrico, Relatórios_Todos, FALSO, PESADOS;18/02/2026;00:31:08;18/02/2026;0,003530093;R. O Tempo e O Vento, 54 - Anil, Rio de Janeiro - RJ, 22753-340, Brasil;Estr. do Engenho d'Água, 655 - Anil, Rio de Janeiro - RJ, 22765-240, Brasil;00:05:05;37;00:46:57;01:20:28
IEV 1200T PLUS | RHT 6A49 | 2021;JAC, Vehicle, Battery Electric Vehicle, Manually Classified Powertrain, Relatório_Elétrico, Relatórios_Todos, FALSO, PESADOS;18/02/2026;00:05:13;18/02/2026;0,0017014;Estr. do Engenho d'Água, 655 - Anil, Rio de Janeiro - RJ, 22765-240, Brasil;2MV6+25 Cubo Kids - Anil, Rio de Janeiro - RJ, 22755, Brasil;00:00:04;29;01:20:28;01:25:46
IEV 1200T PLUS | RHT 6A49 | 2021;JAC, Vehicle, Battery Electric Vehicle, Manually Classified Powertrain, Relatório_Elétrico, Relatórios_Todos, FALSO, PESADOS;18/02/2026;00:20:49;18/02/2026;6,4838E-05;2MV6+25 Cubo Kids - Anil, Rio de Janeiro - RJ, 22755, Brasil;R. Amarílio Salgado, 62 - Anil, Rio de Janeiro - RJ, 22753-450, Brasil;00:00:00;39;01:25:46;01:46:36
IEV 1200T PLUS | RHT 6A49 | 2021;JAC, Vehicle, Battery Electric Vehicle, Manually Classified Powertrain, Relatório_Elétrico, Relatórios_Todos, FALSO, PESADOS;18/02/2026;00:06:14;18/02/2026;0,006273148;R. Amarílio Salgado, 62 - Anil, Rio de Janeiro - RJ, 22753-450, Brasil;Estr. do Engenho d'Água, 655 - Anil, Rio de Janeiro - RJ, 22765-240, Brasil;00:09:02;24;01:46:36;01:58:56
IEV 1200T PLUS | RHT 6A49 | 2021;JAC, Vehicle, Battery Electric Vehicle, Manually Classified Powertrain, Relatório_Elétrico, Relatórios_Todos, FALSO, PESADOS;18/02/2026;00:03:21;18/02/2026;0,003518519;Estr. do Engenho d'Água, 655 - Anil, Rio de Janeiro - RJ, 22765-240, Brasil;Estr. do Engenho d'Água, 655 - Anil, Rio de Janeiro - RJ, 22765-240, Brasil;00:05:04;29;01:58:56;02:07:21
IEV 1200T PLUS | RHT 6A49 | 2021;JAC, Vehicle, Battery Electric Vehicle, Manually Classified Powertrain, Relatório_Elétrico, Relatórios_Todos, FALSO, PESADOS;18/02/2026;00:05:24;18/02/2026;0,003252315;Estr. do Engenho d'Água, 655 - Anil, Rio de Janeiro - RJ, 22765-240, Brasil;Estr. do Engenho d'Água, 655 - Anil, Rio de Janeiro - RJ, 22765-240, Brasil;00:04:41;24;02:07:21;02:17:26
IEV 1200T PLUS | RHT 6A49 | 2021;JAC, Vehicle, Battery Electric Vehicle, Manually Classified Powertrain, Relatório_Elétrico, Relatórios_Todos, FALSO, PESADOS;18/02/2026;00:42:04;18/02/2026;0,004594907;Estr. do Engenho d'Água, 655 - Anil, Rio de Janeiro - RJ, 22765-240, Brasil;Estr. do Engenho d'Água, 655 - Anil, Rio de Janeiro - RJ, 22765-240, Brasil;00:06:37;33;02:17:26;03:06:07
IEV 1200T PLUS | RHT 6A49 | 2021;JAC, Vehicle, Battery Electric Vehicle, Manually Classified Powertrain, Relatório_Elétrico, Relatórios_Todos, FALSO, PESADOS;18/02/2026;00:04:09;18/02/2026;0,004155093;Estr. do Engenho d'Água, 655 - Anil, Rio de Janeiro - RJ, 22765-240, Brasil;Estr. do Engenho d'Água, 655 - Anil, Rio de Janeiro - RJ, 22765-240, Brasil;00:05:59;29;03:06:07;03:16:15
IEV 1200T PLUS | RHT 6A49 | 2021;JAC, Vehicle, Battery Electric Vehicle, Manually Classified Powertrain, Relatório_Elétrico, Relatórios_Todos, FALSO, PESADOS;18/02/2026;00:35:03;18/02/2026;0,115097373;Estr. do Engenho d'Água, 655 - Anil, Rio de Janeiro - RJ, 22765-240, Brasil;2MV6+25 Cubo Kids - Anil, Rio de Janeiro - RJ, 22755, Brasil;00:00:05;35;03:16:15;03:51:24
IEV 1200T PLUS | RHT 6A49 | 2021;JAC, Vehicle, Battery Electric Vehicle, Manually Classified Powertrain, Relatório_Elétrico, Relatórios_Todos, FALSO, PESADOS;18/02/2026;00:02:02;18/02/2026;0,03993985;2MV6+25 Cubo Kids - Anil, Rio de Janeiro - RJ, 22755, Brasil;Estr. do Engenho d'Água, 655 - Anil, Rio de Janeiro - RJ, 22765-240, Brasil;00:00:05;26;03:51:24;03:53:31
IEV 1200T PLUS | RHT 6A49 | 2021;JAC, Vehicle, Battery Electric Vehicle, Manually Classified Powertrain, Relatório_Elétrico, Relatórios_Todos, FALSO, PESADOS;18/02/2026;00:02:08;18/02/2026;0,35650463;Estr. do Engenho d'Água, 655 - Anil, Rio de Janeiro - RJ, 22765-240, Brasil;Estr. do Engenho d'Água, 655 - Anil, Rio de Janeiro - RJ, 22765-240, Brasil;00:06:15;29;03:53:31;04:01:54
IEV 1200T PLUS | RHT 6A49 | 2021;JAC, Vehicle, Battery Electric Vehicle, Manually Classified Powertrain, Relatório_Elétrico, Relatórios_Todos, FALSO, PESADOS;19/02/2026;00:33:51;19/02/2026;8,21759E-05;Estr. do Engenho d'Água, 655 - Anil, Rio de Janeiro - RJ, 22765-240, Brasil;Av. das Américas, 6001 - Barra da Tijuca, Rio de Janeiro - RJ, 22630-012, Brasil;00:00:00;53;04:01:54;04:35:45
IEV 1200T PLUS | RHT 6A49 | 2021;JAC, Vehicle, Battery Electric Vehicle, Manually Classified Powertrain, Relatório_Elétrico, Relatórios_Todos, FALSO, PESADOS;19/02/2026;00:00:05;19/02/2026;0,09374412;Av. das Américas, 6001 - Barra da Tijuca, Rio de Janeiro - RJ, 22630-012, Brasil;Av. das Américas, 7647 - Barra da Tijuca, Rio de Janeiro - RJ, 22793-081, Brasil;00:02:36;18;04:35:45;04:38:39
IEV 1200T PLUS | RHT 6A49 | 2021;JAC, Vehicle, Battery Electric Vehicle, Manually Classified Powertrain, Relatório_Elétrico, Relatórios_Todos, FALSO, PESADOS;19/02/2026;00:07:55;19/02/2026;0,026334537;Av. das Américas, 7647 - Barra da Tijuca, Rio de Janeiro - RJ, 22793-081, Brasil;Av. das Américas, 4997 - Barra da Tijuca, Rio de Janeiro - RJ, 22631-004, Brasil;00:03:40;2;04:38:39;04:50:13
IEV 1200T PLUS | RHT 6A49 | 2021;JAC, Vehicle, Battery Electric Vehicle, Manually Classified Powertrain, Relatório_Elétrico, Relatórios_Todos, FALSO, PESADOS;19/02/2026;00:40:59;19/02/2026;0,012685185;Av. das Américas, 4997 - Barra da Tijuca, Rio de Janeiro - RJ, 22631-004, Brasil;Avenida Lucio da Costa 3360 entre posto 4 e 5 - Barra da Tijuca, Rio de Janeiro - RJ, 22630-010, Brasil;00:18:16;48;04:50:13;05:49:28
IEV 1200T PLUS | RHT 6A49 | 2021;JAC, Vehicle, Battery Electric Vehicle, Manually Classified Powertrain, Relatório_Elétrico, Relatórios_Todos, FALSO, PESADOS;19/02/2026;00:01:14;19/02/2026;0,004606481;Avenida Lucio da Costa 3360 entre posto 4 e 5 - Barra da Tijuca, Rio de Janeiro - RJ, 22630-010, Brasil;Avenida Lucio da Costa 3360 entre posto 4 e 5 - Barra da Tijuca, Rio de Janeiro - RJ, 22630-010, Brasil;00:06:38;1;05:49:28;05:57:20
IEV 1200T PLUS | RHT 6A49 | 2021;JAC, Vehicle, Battery Electric Vehicle, Manually Classified Powertrain, Relatório_Elétrico, Relatórios_Todos, FALSO, PESADOS;19/02/2026;00:08:48;19/02/2026;0,004270833;Avenida Lucio da Costa 3360 entre posto 4 e 5 - Barra da Tijuca, Rio de Janeiro - RJ, 22630-010, Brasil;Av. Lúcio Costa, 28a - Barra da Tijuca, Rio de Janeiro - RJ, 22620-172, Brasil;00:06:09;42;05:57:20;06:12:17
IEV 1200T PLUS | RHT 6A49 | 2021;JAC, Vehicle, Battery Electric Vehicle, Manually Classified Powertrain, Relatório_Elétrico, Relatórios_Todos, FALSO, PESADOS;19/02/2026;00:06:13;19/02/2026;0,00212963;Av. Lúcio Costa, 28a - Barra da Tijuca, Rio de Janeiro - RJ, 22620-172, Brasil;Av. Lúcio Costa, 28a - Barra da Tijuca, Rio de Janeiro - RJ, 22620-172, Brasil;00:03:04;2;06:12:17;06:21:34
IEV 1200T PLUS | RHT 6A49 | 2021;JAC, Vehicle, Battery Electric Vehicle, Manually Classified Powertrain, Relatório_Elétrico, Relatórios_Todos, FALSO, PESADOS;19/02/2026;00:03:18;19/02/2026;0,005324074;Av. Lúcio Costa, 28a - Barra da Tijuca, Rio de Janeiro - RJ, 22620-172, Brasil;Av. Lúcio Costa, 28a - Barra da Tijuca, Rio de Janeiro - RJ, 22620-172, Brasil;00:07:40;1;06:21:34;06:32:32
IEV 1200T PLUS | RHT 6A49 | 2021;JAC, Vehicle, Battery Electric Vehicle, Manually Classified Powertrain, Relatório_Elétrico, Relatórios_Todos, FALSO, PESADOS;19/02/2026;00:00:01;19/02/2026;0,003888889;Av. Lúcio Costa, 28a - Barra da Tijuca, Rio de Janeiro - RJ, 22620-172, Brasil;Av. Lúcio Costa, 28a - Barra da Tijuca, Rio de Janeiro - RJ, 22620-172, Brasil;00:05:36;1;06:32:32;06:38:09
IEV 1200T PLUS | RHT 6A49 | 2021;JAC, Vehicle, Battery Electric Vehicle, Manually Classified Powertrain, Relatório_Elétrico, Relatórios_Todos, FALSO, PESADOS;19/02/2026;00:00:25;19/02/2026;0,010335648;Av. Lúcio Costa, 28a - Barra da Tijuca, Rio de Janeiro - RJ, 22620-172, Brasil;Av. Lúcio Costa, 28a - Barra da Tijuca, Rio de Janeiro - RJ, 22620-172, Brasil;00:14:53;1;06:38:09;06:53:27
IEV 1200T PLUS | RHT 6A49 | 2021;JAC, Vehicle, Battery Electric Vehicle, Manually Classified Powertrain, Relatório_Elétrico, Relatórios_Todos, FALSO, PESADOS;19/02/2026;00:00:40;19/02/2026;0,011354167;Av. Lúcio Costa, 28a - Barra da Tijuca, Rio de Janeiro - RJ, 22620-172, Brasil;Av. Lúcio Costa, 28a - Barra da Tijuca, Rio de Janeiro - RJ, 22620-172, Brasil;00:16:21;1;06:53:27;07:10:28
IEV 1200T PLUS | RHT 6A49 | 2021;JAC, Vehicle, Battery Electric Vehicle, Manually Classified Powertrain, Relatório_Elétrico, Relatórios_Todos, FALSO, PESADOS;19/02/2026;00:03:45;19/02/2026;0,020844907;Av. Lúcio Costa, 28a - Barra da Tijuca, Rio de Janeiro - RJ, 22620-172, Brasil;Av. Lúcio Costa, 24a - Barra da Tijuca, Rio de Janeiro - RJ, 22620-172, Brasil;00:30:01;41;07:10:28;07:44:14
IEV 1200T PLUS | RHT 6A49 | 2021;JAC, Vehicle, Battery Electric Vehicle, Manually Classified Powertrain, Relatório_Elétrico, Relatórios_Todos, FALSO, PESADOS;19/02/2026;00:00:06;19/02/2026;0,003368056;Av. Lúcio Costa, 24a - Barra da Tijuca, Rio de Janeiro - RJ, 22620-172, Brasil;Av. Lúcio Costa, 24a - Barra da Tijuca, Rio de Janeiro - RJ, 22620-172, Brasil;00:04:51;1;07:44:14;07:49:11
IEV 1200T PLUS | RHT 6A49 | 2021;JAC, Vehicle, Battery Electric Vehicle, Manually Classified Powertrain, Relatório_Elétrico, Relatórios_Todos, FALSO, PESADOS;19/02/2026;00:02:15;19/02/2026;0,016412037;Av. Lúcio Costa, 24a - Barra da Tijuca, Rio de Janeiro - RJ, 22620-172, Brasil;Avenida Sernambetiba, 23 - Barra da Tijuca, Rio de Janeiro - RJ, 22620-172, Brasil;00:23:38;26;07:49:11;08:15:04
IEV 1200T PLUS | RHT 6A49 | 2021;JAC, Vehicle, Battery Electric Vehicle, Manually Classified Powertrain, Relatório_Elétrico, Relatórios_Todos, FALSO, PESADOS;19/02/2026;00:12:52;19/02/2026;0,032305556;Avenida Sernambetiba, 23 - Barra da Tijuca, Rio de Janeiro - RJ, 22620-172, Brasil;R. Martinho de Mesquita, 105 - Barra da Tijuca, Rio de Janeiro - RJ, 22620-220, Brasil;00:46:25;31;08:15:04;09:14:21
IEV 1200T PLUS | RHT 6A49 | 2021;JAC, Vehicle, Battery Electric Vehicle, Manually Classified Powertrain, Relatório_Elétrico, Relatórios_Todos, FALSO, PESADOS;19/02/2026;00:07:10;19/02/2026;0,005381944;R. Martinho de Mesquita, 105 - Barra da Tijuca, Rio de Janeiro - RJ, 22620-220, Brasil;RUA DEP. JOSE DA ROCHA RIBAS 111 BL.4 LJ. C - Barra da Tijuca, Rio de Janeiro - RJ, 22630-000, Brasil;00:07:45;41;09:14:21;09:29:16
IEV 1200T PLUS | RHT 6A49 | 2021;JAC, Vehicle, Battery Electric Vehicle, Manually Classified Powertrain, Relatório_Elétrico, Relatórios_Todos, FALSO, PESADOS;19/02/2026;00:00:49;19/02/2026;0,016724537;RUA DEP. JOSE DA ROCHA RIBAS 111 BL.4 LJ. C - Barra da Tijuca, Rio de Janeiro - RJ, 22630-000, Brasil;RUA DEP. JOSE DA ROCHA RIBAS 111 BL.4 LJ. C - Barra da Tijuca, Rio de Janeiro - RJ, 22630-000, Brasil;00:24:05;1;09:29:16;09:54:10
IEV 1200T PLUS | RHT 6A49 | 2021;JAC, Vehicle, Battery Electric Vehicle, Manually Classified Powertrain, Relatório_Elétrico, Relatórios_Todos, FALSO, PESADOS;19/02/2026;00:08:04;19/02/2026;0,012662037;RUA DEP. JOSE DA ROCHA RIBAS 111 BL.4 LJ. C - Barra da Tijuca, Rio de Janeiro - RJ, 22630-000, Brasil;Av. Eugênio Lyra Neto, 3 - Barra da Tijuca, Rio de Janeiro - RJ, 22630-120, Brasil;00:18:14;42;09:54:10;10:20:28
IEV 1200T PLUS | RHT 6A49 | 2021;JAC, Vehicle, Battery Electric Vehicle, Manually Classified Powertrain, Relatório_Elétrico, Relatórios_Todos, FALSO, PESADOS;19/02/2026;00:14:58;19/02/2026;0,005520833;Av. Eugênio Lyra Neto, 3 - Barra da Tijuca, Rio de Janeiro - RJ, 22630-120, Brasil;Avenida Ruy Frazão Soares, 191 - Lojas R & T - Barra da Tijuca, Rio de Janeiro - RJ, 22793-074, Brasil;00:07:57;44;10:20:28;10:43:23
IEV 1200T PLUS | RHT 6A49 | 2021;JAC, Vehicle, Battery Electric Vehicle, Manually Classified Powertrain, Relatório_Elétrico, Relatórios_Todos, FALSO, PESADOS;19/02/2026;00:49:03;19/02/2026;0,561784306;Avenida Ruy Frazão Soares, 191 - Lojas R & T - Barra da Tijuca, Rio de Janeiro - RJ, 22793-074, Brasil;2MV6+25 Cubo Kids - Anil, Rio de Janeiro - RJ, 22755, Brasil;00:00:04;57;10:43:23;11:32:30
IEV 1200T PLUS | RHT 6A49 | 2021;JAC, Vehicle, Battery Electric Vehicle, Manually Classified Powertrain, Relatório_Elétrico, Relatórios_Todos, FALSO, PESADOS;20/02/2026;00:38:02;20/02/2026;0,009189815;2MV6+25 Cubo Kids - Anil, Rio de Janeiro - RJ, 22755, Brasil;Av. Lúcio Costa, 5170 - Barra da Tijuca, Rio de Janeiro - RJ, 22630-012, Brasil;00:13:14;55;11:32:30;12:23:46
IEV 1200T PLUS | RHT 6A49 | 2021;JAC, Vehicle, Battery Electric Vehicle, Manually Classified Powertrain, Relatório_Elétrico, Relatórios_Todos, FALSO, PESADOS;20/02/2026;00:00:43;20/02/2026;0,020196759;Av. Lúcio Costa, 5170 - Barra da Tijuca, Rio de Janeiro - RJ, 22630-012, Brasil;Av. Lúcio Costa, 5170 - Barra da Tijuca, Rio de Janeiro - RJ, 22630-012, Brasil;00:29:05;2;12:23:46;12:53:34
IEV 1200T PLUS | RHT 6A49 | 2021;JAC, Vehicle, Battery Electric Vehicle, Manually Classified Powertrain, Relatório_Elétrico, Relatórios_Todos, FALSO, PESADOS;20/02/2026;00:06:38;20/02/2026;0,009259259;Av. Lúcio Costa, 5170 - Barra da Tijuca, Rio de Janeiro - RJ, 22630-012, Brasil;Av. Lúcio Costa, 3616 - Barra da Tijuca, Rio de Janeiro - RJ, 22630-010, Brasil;00:13:20;41;12:53:34;13:13:32
IEV 1200T PLUS | RHT 6A49 | 2021;JAC, Vehicle, Battery Electric Vehicle, Manually Classified Powertrain, Relatório_Elétrico, Relatórios_Todos, FALSO, PESADOS;20/02/2026;00:01:19;20/02/2026;0,008032407;Av. Lúcio Costa, 3616 - Barra da Tijuca, Rio de Janeiro - RJ, 22630-010, Brasil;Av. Lúcio Costa, 3700 - Barra da Tijuca, Rio de Janeiro - RJ, 22630-011, Brasil;00:11:34;31;13:13:32;13:26:25
IEV 1200T PLUS | RHT 6A49 | 2021;JAC, Vehicle, Battery Electric Vehicle, Manually Classified Powertrain, Relatório_Elétrico, Relatórios_Todos, FALSO, PESADOS;20/02/2026;00:01:23;20/02/2026;0,015868056;Av. Lúcio Costa, 3700 - Barra da Tijuca, Rio de Janeiro - RJ, 22630-011, Brasil;Av. Lúcio Costa, s/n - Barra da Tijuca, Rio de Janeiro - RJ, 22630-010, Brasil;00:22:51;28;13:26:25;13:50:39
IEV 1200T PLUS | RHT 6A49 | 2021;JAC, Vehicle, Battery Electric Vehicle, Manually Classified Powertrain, Relatório_Elétrico, Relatórios_Todos, FALSO, PESADOS;20/02/2026;00:25:56;20/02/2026;0,009178241;Av. Lúcio Costa, s/n - Barra da Tijuca, Rio de Janeiro - RJ, 22630-010, Brasil;R. Ulisses Alcântara, 336 - Barra da Tijuca, Rio de Janeiro - RJ, 22630-100, Brasil;00:13:13;50;13:50:39;14:29:48
IEV 1200T PLUS | RHT 6A49 | 2021;JAC, Vehicle, Battery Electric Vehicle, Manually Classified Powertrain, Relatório_Elétrico, Relatórios_Todos, FALSO, PESADOS;20/02/2026;00:18:47;20/02/2026;0,006145833;R. Ulisses Alcântara, 336 - Barra da Tijuca, Rio de Janeiro - RJ, 22630-100, Brasil;Av. Lúcio Costa, 4900 - Barra da Tijuca, Rio de Janeiro - RJ, 22630-011, Brasil;00:08:51;33;14:29:48;14:57:26
IEV 1200T PLUS | RHT 6A49 | 2021;JAC, Vehicle, Battery Electric Vehicle, Manually Classified Powertrain, Relatório_Elétrico, Relatórios_Todos, FALSO, PESADOS;20/02/2026;00:00:19;20/02/2026;0,003240741;Av. Lúcio Costa, 4900 - Barra da Tijuca, Rio de Janeiro - RJ, 22630-011, Brasil;Av. Lúcio Costa, 4900 - Barra da Tijuca, Rio de Janeiro - RJ, 22630-011, Brasil;00:04:40;2;14:57:26;15:02:25
IEV 1200T PLUS | RHT 6A49 | 2021;JAC, Vehicle, Battery Electric Vehicle, Manually Classified Powertrain, Relatório_Elétrico, Relatórios_Todos, FALSO, PESADOS;20/02/2026;00:09:24;20/02/2026;0,005752315;Av. Lúcio Costa, 4900 - Barra da Tijuca, Rio de Janeiro - RJ, 22630-011, Brasil;Avenida Lucio da Costa 3360 entre posto 4 e 5 - Barra da Tijuca, Rio de Janeiro - RJ, 22630-010, Brasil;00:08:17;50;15:02:25;15:20:06
IEV 1200T PLUS | RHT 6A49 | 2021;JAC, Vehicle, Battery Electric Vehicle, Manually Classified Powertrain, Relatório_Elétrico, Relatórios_Todos, FALSO, PESADOS;20/02/2026;00:09:37;20/02/2026;0,016580012;Avenida Lucio da Costa 3360 entre posto 4 e 5 - Barra da Tijuca, Rio de Janeiro - RJ, 22630-010, Brasil;Av. Peregrino Junior, 380 - Barra da Tijuca, Rio de Janeiro - RJ, 22631-460, Brasil;00:00:07;44;15:20:06;15:29:50
IEV 1200T PLUS | RHT 6A49 | 2021;JAC, Vehicle, Battery Electric Vehicle, Manually Classified Powertrain, Relatório_Elétrico, Relatórios_Todos, FALSO, PESADOS;20/02/2026;00:06:05;20/02/2026;0,006122685;Av. Peregrino Junior, 380 - Barra da Tijuca, Rio de Janeiro - RJ, 22631-460, Brasil;Av. Lúcio Costa, 625 - Barra da Tijuca, Rio de Janeiro - RJ, 22630-012, Brasil;00:08:49;50;15:29:50;15:44:45
IEV 1200T PLUS | RHT 6A49 | 2021;JAC, Vehicle, Battery Electric Vehicle, Manually Classified Powertrain, Relatório_Elétrico, Relatórios_Todos, FALSO, PESADOS;20/02/2026;00:01:38;20/02/2026;0,01089765;Av. Lúcio Costa, 625 - Barra da Tijuca, Rio de Janeiro - RJ, 22630-012, Brasil;Av. Lúcio Costa, 625 - Barra da Tijuca, Rio de Janeiro - RJ, 22630-012, Brasil;00:01:16;2;15:44:45;15:47:40
IEV 1200T PLUS | RHT 6A49 | 2021;JAC, Vehicle, Battery Electric Vehicle, Manually Classified Powertrain, Relatório_Elétrico, Relatórios_Todos, FALSO, PESADOS;20/02/2026;00:06:19;20/02/2026;0,006145833;Av. Lúcio Costa, 625 - Barra da Tijuca, Rio de Janeiro - RJ, 22630-012, Brasil;Av. Lúcio Costa, 184 - Barra da Tijuca, Rio de Janeiro - RJ, 22795-007, Brasil;00:08:51;53;15:47:40;16:02:50
IEV 1200T PLUS | RHT 6A49 | 2021;JAC, Vehicle, Battery Electric Vehicle, Manually Classified Powertrain, Relatório_Elétrico, Relatórios_Todos, FALSO, PESADOS;20/02/2026;00:17:29;20/02/2026;0,013609063;Av. Lúcio Costa, 184 - Barra da Tijuca, Rio de Janeiro - RJ, 22795-007, Brasil;R. Gen. Landri Gonçalves, 182 - Recreio dos Bandeirantes, Rio de Janeiro - RJ, 22795-410, Brasil;00:00:03;55;16:02:50;16:20:22
IEV 1200T PLUS | RHT 6A49 | 2021;JAC, Vehicle, Battery Electric Vehicle, Manually Classified Powertrain, Relatório_Elétrico, Relatórios_Todos, FALSO, PESADOS;20/02/2026;00:11:03;20/02/2026;0,016072778;R. Gen. Landri Gonçalves, 182 - Recreio dos Bandeirantes, Rio de Janeiro - RJ, 22795-410, Brasil;R. G W, 42 - Recreio dos Bandeirantes, Rio de Janeiro - RJ, 22795-584, Brasil;00:00:08;29;16:20:22;16:31:34
IEV 1200T PLUS | RHT 6A49 | 2021;JAC, Vehicle, Battery Electric Vehicle, Manually Classified Powertrain, Relatório_Elétrico, Relatórios_Todos, FALSO, PESADOS;20/02/2026;00:04:18;20/02/2026;0,010916655;R. G W, 42 - Recreio dos Bandeirantes, Rio de Janeiro - RJ, 22795-584, Brasil;R. HW, 190 - Recreio dos Bandeirantes, Rio de Janeiro - RJ, 22795-150, Brasil;00:00:09;20;16:31:34;16:36:02
IEV 1200T PLUS | RHT 6A49 | 2021;JAC, Vehicle, Battery Electric Vehicle, Manually Classified Powertrain, Relatório_Elétrico, Relatórios_Todos, FALSO, PESADOS;20/02/2026;00:07:12;20/02/2026;0,020781806;R. HW, 190 - Recreio dos Bandeirantes, Rio de Janeiro - RJ, 22795-150, Brasil;R. Clementina de Jesus, 25 - Recreio dos Bandeirantes, Rio de Janeiro - RJ, 22795-320, Brasil;00:00:13;29;16:36:02;16:43:28
IEV 1200T PLUS | RHT 6A49 | 2021;JAC, Vehicle, Battery Electric Vehicle, Manually Classified Powertrain, Relatório_Elétrico, Relatórios_Todos, FALSO, PESADOS;20/02/2026;00:09:41;20/02/2026;0,017863056;R. Clementina de Jesus, 25 - Recreio dos Bandeirantes, Rio de Janeiro - RJ, 22795-320, Brasil;Estr. do Pontal, 59 - Recreio dos Bandeirantes, Rio de Janeiro - RJ, 22790-877, Brasil;00:01:01;41;16:43:28;16:54:11
IEV 1200T PLUS | RHT 6A49 | 2021;JAC, Vehicle, Battery Electric Vehicle, Manually Classified Powertrain, Relatório_Elétrico, Relatórios_Todos, FALSO, PESADOS;20/02/2026;00:00:27;20/02/2026;0,003598519;Estr. do Pontal, 59 - Recreio dos Bandeirantes, Rio de Janeiro - RJ, 22790-877, Brasil;Estr. do Pontal, 59 - Recreio dos Bandeirantes, Rio de Janeiro - RJ, 22790-877, Brasil;00:00:07;1;16:54:11;16:54:45
IEV 1200T PLUS | RHT 6A49 | 2021;JAC, Vehicle, Battery Electric Vehicle, Manually Classified Powertrain, Relatório_Elétrico, Relatórios_Todos, FALSO, PESADOS;20/02/2026;00:51:48;20/02/2026;0,155587789;Estr. do Pontal, 59 - Recreio dos Bandeirantes, Rio de Janeiro - RJ, 22790-877, Brasil;Estr. do Engenho d'Água, 655 - Anil, Rio de Janeiro - RJ, 22765-240, Brasil;00:00:03;72;16:54:45;17:46:36
IEV 1200T PLUS | RHT 6A49 | 2021;JAC, Vehicle, Battery Electric Vehicle, Manually Classified Powertrain, Relatório_Elétrico, Relatórios_Todos, FALSO, PESADOS;20/02/2026;00:02:35;20/02/2026;0,00742375;Estr. do Engenho d'Água, 655 - Anil, Rio de Janeiro - RJ, 22765-240, Brasil;Av. Canal do Anil, 25 - Anil, Rio de Janeiro - RJ, 22765-430, Brasil;00:00:00;0;17:46:36;17:48:15
IEV 1200T PLUS | RHT 6A49 | 2021;JAC, Vehicle, Battery Electric Vehicle, Manually Classified Powertrain, Relatório_Elétrico, Relatórios_Todos, FALSO, PESADOS;20/02/2026;00:01:58;20/02/2026;0,268183588;Av. Canal do Anil, 25 - Anil, Rio de Janeiro - RJ, 22765-430, Brasil;2MV6+25 Cubo Kids - Anil, Rio de Janeiro - RJ, 22755, Brasil;00:00:00;37;17:48:15;17:50:14
IEV 1200T PLUS | RHT 6A49 | 2021;JAC, Vehicle, Battery Electric Vehicle, Manually Classified Powertrain, Relatório_Elétrico, Relatórios_Todos, FALSO, PESADOS;21/02/2026;00:12:30;21/02/2026;0,027116817;2MV6+25 Cubo Kids - Anil, Rio de Janeiro - RJ, 22755, Brasil;Estr. do Engenho d'Água, 655 - Anil, Rio de Janeiro - RJ, 22765-240, Brasil;00:00:10;37;17:50:14;18:02:54
IEV 1200T PLUS | RHT 6A49 | 2021;JAC, Vehicle, Battery Electric Vehicle, Manually Classified Powertrain, Relatório_Elétrico, Relatórios_Todos, FALSO, PESADOS;21/02/2026;00:03:13;21/02/2026;6,40509E-05;Estr. do Engenho d'Água, 655 - Anil, Rio de Janeiro - RJ, 22765-240, Brasil;Estr. do Engenho d'Água, 655 - Anil, Rio de Janeiro - RJ, 22765-240, Brasil;00:00:00;26;18:02:54;18:06:07
IEV 1200T PLUS | RHT 6A49 | 2021;JAC, Vehicle, Battery Electric Vehicle, Manually Classified Powertrain, Relatório_Elétrico, Relatórios_Todos, FALSO, PESADOS;21/02/2026;00:00:01;21/02/2026;0,175208333;Estr. do Engenho d'Água, 655 - Anil, Rio de Janeiro - RJ, 22765-240, Brasil;Estr. do Engenho d'Água, 655 - Anil, Rio de Janeiro - RJ, 22765-240, Brasil;00:02:15;7;18:06:07;18:08:23
IEV 1200T PLUS | RHT 6A49 | 2021;JAC, Vehicle, Battery Electric Vehicle, Manually Classified Powertrain, Relatório_Elétrico, Relatórios_Todos, FALSO, PESADOS;21/02/2026;00:54:41;21/02/2026;0,067388403;Estr. do Engenho d'Água, 655 - Anil, Rio de Janeiro - RJ, 22765-240, Brasil;Av. Célia Ribeiro da Silva Mendes 88, RJ, 22790-711, Brazil;00:00:00;61;18:08:23;19:03:04
IEV 1200T PLUS | RHT 6A49 | 2021;JAC, Vehicle, Battery Electric Vehicle, Manually Classified Powertrain, Relatório_Elétrico, Relatórios_Todos, FALSO, PESADOS;21/02/2026;00:07:51;21/02/2026;0,057486227;Av. Célia Ribeiro da Silva Mendes 88, RJ, 22790-711, Brazil;Av. Cėsar Morani Comendador 555, RJ, 22790-705, Brazil;00:00:00;24;19:03:04;19:10:55
IEV 1200T PLUS | RHT 6A49 | 2021;JAC, Vehicle, Battery Electric Vehicle, Manually Classified Powertrain, Relatório_Elétrico, Relatórios_Todos, FALSO, PESADOS;21/02/2026;00:07:17;21/02/2026;0,015733843;Av. Cėsar Morani Comendador 555, RJ, 22790-705, Brazil;R. Servidão G, 7 - Recreio dos Bandeirantes, Rio de Janeiro - RJ, 22790-711, Brasil;00:00:04;37;19:10:55;19:18:16
IEV 1200T PLUS | RHT 6A49 | 2021;JAC, Vehicle, Battery Electric Vehicle, Manually Classified Powertrain, Relatório_Elétrico, Relatórios_Todos, FALSO, PESADOS;21/02/2026;00:04:53;21/02/2026;4,20718E-05;R. Servidão G, 7 - Recreio dos Bandeirantes, Rio de Janeiro - RJ, 22790-711, Brasil;Av. das Américas, 13.750 - Recreio dos Bandeirantes, Rio de Janeiro - RJ, 22790-701, Brasil;00:00:00;37;19:18:16;19:23:09
IEV 1200T PLUS | RHT 6A49 | 2021;JAC, Vehicle, Battery Electric Vehicle, Manually Classified Powertrain, Relatório_Elétrico, Relatórios_Todos, FALSO, PESADOS;21/02/2026;00:00:01;21/02/2026;0,01195059;Av. das Américas, 13.750 - Recreio dos Bandeirantes, Rio de Janeiro - RJ, 22790-701, Brasil;Av. das Américas, 13.750 - Recreio dos Bandeirantes, Rio de Janeiro - RJ, 22790-701, Brasil;00:00:00;8;19:23:09;19:23:09
IEV 1200T PLUS | RHT 6A49 | 2021;JAC, Vehicle, Battery Electric Vehicle, Manually Classified Powertrain, Relatório_Elétrico, Relatórios_Todos, FALSO, PESADOS;21/02/2026;00:01:36;21/02/2026;5,01157E-05;Av. das Américas, 13.750 - Recreio dos Bandeirantes, Rio de Janeiro - RJ, 22790-701, Brasil;Av. das Américas, 13652 - Loja B - Recreio dos Bandeirantes, Rio de Janeiro - RJ, 22790-702, Brasil;00:00:00;33;19:23:09;19:24:45
IEV 1200T PLUS | RHT 6A49 | 2021;JAC, Vehicle, Battery Electric Vehicle, Manually Classified Powertrain, Relatório_Elétrico, Relatórios_Todos, FALSO, PESADOS;21/02/2026;00:00:01;21/02/2026;0,008167234;Av. das Américas, 13652 - Loja B - Recreio dos Bandeirantes, Rio de Janeiro - RJ, 22790-702, Brasil;Av. das Américas, 13652 - Loja B - Recreio dos Bandeirantes, Rio de Janeiro - RJ, 22790-702, Brasil;00:00:00;6;19:24:45;19:24:45
IEV 1200T PLUS | RHT 6A49 | 2021;JAC, Vehicle, Battery Electric Vehicle, Manually Classified Powertrain, Relatório_Elétrico, Relatórios_Todos, FALSO, PESADOS;21/02/2026;00:15:03;21/02/2026;4,5463E-05;Av. das Américas, 13652 - Loja B - Recreio dos Bandeirantes, Rio de Janeiro - RJ, 22790-702, Brasil;R. Silvia Pozzano, 2820 - Recreio dos Bandeirantes, Rio de Janeiro - RJ, 22790-671, Brasil;00:00:00;53;19:24:45;19:39:49
IEV 1200T PLUS | RHT 6A49 | 2021;JAC, Vehicle, Battery Electric Vehicle, Manually Classified Powertrain, Relatório_Elétrico, Relatórios_Todos, FALSO, PESADOS;21/02/2026;00:00:01;21/02/2026;0,024920197;R. Silvia Pozzano, 2820 - Recreio dos Bandeirantes, Rio de Janeiro - RJ, 22790-671, Brasil;R. Silvia Pozzano, 2820 - Recreio dos Bandeirantes, Rio de Janeiro - RJ, 22790-671, Brasil;00:00:00;7;19:39:49;19:39:49
IEV 1200T PLUS | RHT 6A49 | 2021;JAC, Vehicle, Battery Electric Vehicle, Manually Classified Powertrain, Relatório_Elétrico, Relatórios_Todos, FALSO, PESADOS;21/02/2026;00:15:41;21/02/2026;0,036245336;R. Silvia Pozzano, 2820 - Recreio dos Bandeirantes, Rio de Janeiro - RJ, 22790-671, Brasil;R. Cartunista Millor Fernandes 1001, RJ, 22790-691, Brazil;00:00:00;24;19:39:49;19:55:30
IEV 1200T PLUS | RHT 6A49 | 2021;JAC, Vehicle, Battery Electric Vehicle, Manually Classified Powertrain, Relatório_Elétrico, Relatórios_Todos, FALSO, PESADOS;21/02/2026;00:28:05;21/02/2026;0,004218333;R. Cartunista Millor Fernandes 1001, RJ, 22790-691, Brazil;R. Silvia Pozzano, 3003 - Bl 03 Ap 305 - Recreio dos Bandeirantes, Rio de Janeiro - RJ, 22790-671, Brasil;00:01:00;2;19:55:30;20:24:36
IEV 1200T PLUS | RHT 6A49 | 2021;JAC, Vehicle, Battery Electric Vehicle, Manually Classified Powertrain, Relatório_Elétrico, Relatórios_Todos, FALSO, PESADOS;21/02/2026;00:00:22;21/02/2026;5,43287E-05;R. Silvia Pozzano, 3003 - Bl 03 Ap 305 - Recreio dos Bandeirantes, Rio de Janeiro - RJ, 22790-671, Brasil;R. Silvia Pozzano, 3040 - Recreio dos Bandeirantes, Rio de Janeiro - RJ, 22790-671, Brasil;00:00:00;9;20:24:36;20:24:57
IEV 1200T PLUS | RHT 6A49 | 2021;JAC, Vehicle, Battery Electric Vehicle, Manually Classified Powertrain, Relatório_Elétrico, Relatórios_Todos, FALSO, PESADOS;21/02/2026;00:00:01;21/02/2026;0,009166667;R. Silvia Pozzano, 3040 - Recreio dos Bandeirantes, Rio de Janeiro - RJ, 22790-671, Brasil;R. Silvia Pozzano, 3040 - Recreio dos Bandeirantes, Rio de Janeiro - RJ, 22790-671, Brasil;00:04:47;7;20:24:57;20:29:45
IEV 1200T PLUS | RHT 6A49 | 2021;JAC, Vehicle, Battery Electric Vehicle, Manually Classified Powertrain, Relatório_Elétrico, Relatórios_Todos, FALSO, PESADOS;21/02/2026;00:16:17;21/02/2026;0,019824271;R. Silvia Pozzano, 3040 - Recreio dos Bandeirantes, Rio de Janeiro - RJ, 22790-671, Brasil;Estr. Ver. Alceu de Carvalho, 665 - Vargem Grande, Rio de Janeiro - RJ, 22785-620, Brasil;00:00:14;44;20:29:45;20:46:16
IEV 1200T PLUS | RHT 6A49 | 2021;JAC, Vehicle, Battery Electric Vehicle, Manually Classified Powertrain, Relatório_Elétrico, Relatórios_Todos, FALSO, PESADOS;21/02/2026;00:53:51;21/02/2026;0,000128669;Estr. Ver. Alceu de Carvalho, 665 - Vargem Grande, Rio de Janeiro - RJ, 22785-620, Brasil;Av. Otávio Malta, 819 - Anil, Rio de Janeiro - RJ, 22765-820, Brasil;00:00:00;61;20:46:16;21:40:07
IEV 1200T PLUS | RHT 6A49 | 2021;JAC, Vehicle, Battery Electric Vehicle, Manually Classified Powertrain, Relatório_Elétrico, Relatórios_Todos, FALSO, PESADOS;21/02/2026;00:00:01;21/02/2026;0,008742662;Av. Otávio Malta, 819 - Anil, Rio de Janeiro - RJ, 22765-820, Brasil;Av. Otávio Malta, 819 - Anil, Rio de Janeiro - RJ, 22765-820, Brasil;00:00:00;10;21:40:07;21:40:07
IEV 1200T PLUS | RHT 6A49 | 2021;JAC, Vehicle, Battery Electric Vehicle, Manually Classified Powertrain, Relatório_Elétrico, Relatórios_Todos, FALSO, PESADOS;21/02/2026;00:01:45;21/02/2026;0,022863252;Av. Otávio Malta, 819 - Anil, Rio de Janeiro - RJ, 22765-820, Brasil;Av. Canal do Anil, 25 - Anil, Rio de Janeiro - RJ, 22765-430, Brasil;00:00:05;24;21:40:07;21:41:58
IEV 1200T PLUS | RHT 6A49 | 2021;JAC, Vehicle, Battery Electric Vehicle, Manually Classified Powertrain, Relatório_Elétrico, Relatórios_Todos, FALSO, PESADOS;21/02/2026;00:00:35;21/02/2026;0,01013853;Av. Canal do Anil, 25 - Anil, Rio de Janeiro - RJ, 22765-430, Brasil;Estr. do Engenho d'Água, 687 - Anil, Rio de Janeiro - RJ, 22675-240, Brasil;00:00:00;0;21:41:58;21:42:16
IEV 1200T PLUS | RHT 6A49 | 2021;JAC, Vehicle, Battery Electric Vehicle, Manually Classified Powertrain, Relatório_Elétrico, Relatórios_Todos, FALSO, PESADOS;21/02/2026;00:01:38;21/02/2026;0,598060463;Estr. do Engenho d'Água, 687 - Anil, Rio de Janeiro - RJ, 22675-240, Brasil;Estr. do Engenho d'Água, 655 - Anil, Rio de Janeiro - RJ, 22765-240, Brasil;00:00:00;33;21:42:16;21:43:54
IEV 1200T PLUS | RHT 6A49 | 2021;JAC, Vehicle, Battery Electric Vehicle, Manually Classified Powertrain, Relatório_Elétrico, Relatórios_Todos, FALSO, PESADOS;22/02/2026;00:01:00;22/02/2026;0,65589713;Estr. do Engenho d'Água, 655 - Anil, Rio de Janeiro - RJ, 22765-240, Brasil;Estr. do Engenho d'Água, 655 - Anil, Rio de Janeiro - RJ, 22765-240, Brasil;00:00:06;1;21:43:54;21:45:00
MB Axor | DML 0B93| UREADER GNV;Vehicle, MERCEDES BENZ, FALSO, PESADOS;16/02/2026;00:07:09;16/02/2026;0,004143519;Av. Alberto J. Byington, 1896 - Jd S Rita De Cassia, Osasco - SP, 06276-000, Brasil;Av. Alberto J. Byington, 1896 - Jd S Rita De Cassia, Osasco - SP, 06276-000, Brasil;00:00:28;12;01:30:44;01:38:22
MB Axor | DML 0B93| UREADER GNV;Vehicle, MERCEDES BENZ, FALSO, PESADOS;16/02/2026;00:01:51;16/02/2026;0,048139838;Av. Alberto J. Byington, 1896 - Jd S Rita De Cassia, Osasco - SP, 06276-000, Brasil;Av. Alberto J. Byington, 1894 - Chacara Anhanguera, Osasco - SP, 06276-000, Brasil;00:00:11;0;01:38:22;01:40:25
MB Axor | DML 0B93| UREADER GNV;Vehicle, MERCEDES BENZ, FALSO, PESADOS;16/02/2026;00:00:24;16/02/2026;0,134135868;Av. Alberto J. Byington, 1894 - Chacara Anhanguera, Osasco - SP, 06276-000, Brasil;Av. Alberto J. Byington, 1896 - Jd S Rita De Cassia, Osasco - SP, 06276-000, Brasil;00:03:59;0;01:40:25;01:44:48
MB Axor | DML 0B93| UREADER GNV;Vehicle, MERCEDES BENZ, FALSO, PESADOS;16/02/2026;00:03:21;16/02/2026;0,029463229;Av. Alberto J. Byington, 1896 - Jd S Rita De Cassia, Osasco - SP, 06276-000, Brasil;Av. Alberto J. Byington, 1896 - Jd S Rita De Cassia, Osasco - SP, 06276-000, Brasil;00:04:36;1;01:44:48;01:52:13
MB Axor | DML 0B93| UREADER GNV;Vehicle, MERCEDES BENZ, FALSO, PESADOS;16/02/2026;00:05:32;16/02/2026;0,037261424;Av. Alberto J. Byington, 1896 - Jd S Rita De Cassia, Osasco - SP, 06276-000, Brasil;Av. Alberto J. Byington, 1896 - Jd S Rita De Cassia, Osasco - SP, 06276-000, Brasil;00:00:43;2;01:52:13;01:58:28
MB Axor | DML 0B93| UREADER GNV;Vehicle, MERCEDES BENZ, FALSO, PESADOS;16/02/2026;00:01:05;16/02/2026;0,087152951;Av. Alberto J. Byington, 1896 - Jd S Rita De Cassia, Osasco - SP, 06276-000, Brasil;Av. Alberto J. Byington, 1896 - Jd S Rita De Cassia, Osasco - SP, 06276-000, Brasil;00:23:12;0;01:58:28;02:22:46
MB Axor | DML 0B93| UREADER GNV;Vehicle, MERCEDES BENZ, FALSO, PESADOS;16/02/2026;00:03:49;16/02/2026;0,050482535;Av. Alberto J. Byington, 1896 - Jd S Rita De Cassia, Osasco - SP, 06276-000, Brasil;Av. Alberto J. Byington, 1896 - Jd S Rita De Cassia, Osasco - SP, 06276-000, Brasil;00:02:51;0;02:22:46;02:29:26
MB Axor | DML 0B93| UREADER GNV;Vehicle, MERCEDES BENZ, FALSO, PESADOS;16/02/2026;00:04:34;16/02/2026;0,280219873;Av. Alberto J. Byington, 1896 - Jd S Rita De Cassia, Osasco - SP, 06276-000, Brasil;Av. Alberto J. Byington, 1896 - Jd S Rita De Cassia, Osasco - SP, 06276-000, Brasil;00:02:52;1;02:29:26;02:36:53
MB Axor | DML 0B93| UREADER GNV;Vehicle, MERCEDES BENZ, FALSO, PESADOS;17/02/2026;00:04:58;17/02/2026;0,021226701;Av. Alberto J. Byington, 1896 - Jd S Rita De Cassia, Osasco - SP, 06276-000, Brasil;Av. Alberto J. Byington, 1896 - Jd S Rita De Cassia, Osasco - SP, 06276-000, Brasil;00:00:14;7;02:36:53;02:42:06
MB Axor | DML 0B93| UREADER GNV;Vehicle, MERCEDES BENZ, FALSO, PESADOS;17/02/2026;00:00:40;17/02/2026;0,005686574;Av. Alberto J. Byington, 1896 - Jd S Rita De Cassia, Osasco - SP, 06276-000, Brasil;Av. Alberto J. Byington, 1896 - Jd S Rita De Cassia, Osasco - SP, 06276-000, Brasil;00:00:08;1;02:42:06;02:42:55
MB Axor | DML 0B93| UREADER GNV;Vehicle, MERCEDES BENZ, FALSO, PESADOS;17/02/2026;00:55:36;17/02/2026;0,149710648;Av. Alberto J. Byington, 1896 - Jd S Rita De Cassia, Osasco - SP, 06276-000, Brasil;CD AMBEV JUNDIAI: R. Pietro Antonio Leo, 201 - St. Industrial, Jundiaí - SP, 13213-007, Brasil;00:00:45;88;02:42:55;03:39:16
MB Axor | DML 0B93| UREADER GNV;Vehicle, MERCEDES BENZ, FALSO, PESADOS;17/02/2026;00:04:58;17/02/2026;0,02216044;CD AMBEV JUNDIAI: R. Pietro Antonio Leo, 201 - St. Industrial, Jundiaí - SP, 13213-007, Brasil;CD AMBEV JUNDIAI: R. Pietro Antonio Leo, 50 - St. Industrial, Jundiaí - SP, 13213-007, Brasil;00:00:10;15;03:39:16;03:44:25
MB Axor | DML 0B93| UREADER GNV;Vehicle, MERCEDES BENZ, FALSO, PESADOS;17/02/2026;00:03:29;17/02/2026;0,009302384;CD AMBEV JUNDIAI: R. Pietro Antonio Leo, 50 - St. Industrial, Jundiaí - SP, 13213-007, Brasil;CD AMBEV JUNDIAI: R. Pietro Antonio Leo, 50 - St. Industrial, Jundiaí - SP, 13213-007, Brasil;00:00:02;3;03:44:25;03:46:05
MB Axor | DML 0B93| UREADER GNV;Vehicle, MERCEDES BENZ, FALSO, PESADOS;17/02/2026;00:01:46;17/02/2026;0,02297662;CD AMBEV JUNDIAI: R. Pietro Antonio Leo, 50 - St. Industrial, Jundiaí - SP, 13213-007, Brasil;CD AMBEV JUNDIAI: R. Pietro Antonio Leo, 201 - St. Industrial, Jundiaí - SP, 13213-007, Brasil;00:00:01;13;03:46:05;03:47:52
MB Axor | DML 0B93| UREADER GNV;Vehicle, MERCEDES BENZ, FALSO, PESADOS;17/02/2026;00:04:14;17/02/2026;0,013268657;CD AMBEV JUNDIAI: R. Pietro Antonio Leo, 201 - St. Industrial, Jundiaí - SP, 13213-007, Brasil;CD AMBEV JUNDIAI: R. Pietro Antonio Leo, 201 - St. Industrial, Jundiaí - SP, 13213-007, Brasil;00:00:02;2;03:47:52;03:52:08
MB Axor | DML 0B93| UREADER GNV;Vehicle, MERCEDES BENZ, FALSO, PESADOS;17/02/2026;00:10:48;17/02/2026;0,077798438;CD AMBEV JUNDIAI: R. Pietro Antonio Leo, 201 - St. Industrial, Jundiaí - SP, 13213-007, Brasil;CD AMBEV JUNDIAI: R. Pietro Antonio Leo, 201 - St. Industrial, Jundiaí - SP, 13213-007, Brasil;00:00:03;16;03:52:08;04:02:59
MB Axor | DML 0B93| UREADER GNV;Vehicle, MERCEDES BENZ, FALSO, PESADOS;17/02/2026;00:03:43;17/02/2026;0,019488912;CD AMBEV JUNDIAI: R. Pietro Antonio Leo, 201 - St. Industrial, Jundiaí - SP, 13213-007, Brasil;CD AMBEV JUNDIAI: R. Pietro Antonio Leo, 201 - St. Industrial, Jundiaí - SP, 13213-007, Brasil;00:00:03;5;04:02:59;04:06:46
MB Axor | DML 0B93| UREADER GNV;Vehicle, MERCEDES BENZ, FALSO, PESADOS;17/02/2026;00:15:00;17/02/2026;0,002684479;CD AMBEV JUNDIAI: R. Pietro Antonio Leo, 201 - St. Industrial, Jundiaí - SP, 13213-007, Brasil;CD AMBEV JUNDIAI: Av. Marginal, 66 - St. Industrial, Jundiaí - SP, 13212-240, Brasil;00:00:05;81;04:06:46;04:21:51
MB Axor | DML 0B93| UREADER GNV;Vehicle, MERCEDES BENZ, FALSO, PESADOS;17/02/2026;00:00:48;17/02/2026;0,003324583;CD AMBEV JUNDIAI: Av. Marginal, 66 - St. Industrial, Jundiaí - SP, 13212-240, Brasil;CD AMBEV JUNDIAI: Rod. Dom Gabriel Paulino Bueno Couto 66, SP, 13317-204, Brazil;00:00:15;10;04:21:51;04:22:55
MB Axor | DML 0B93| UREADER GNV;Vehicle, MERCEDES BENZ, FALSO, PESADOS;17/02/2026;00:04:28;17/02/2026;0,004095289;CD AMBEV JUNDIAI: Rod. Dom Gabriel Paulino Bueno Couto 66, SP, 13317-204, Brazil;R. Waldomiro Camillo de Camargo, 453 - Fazenda Grande, Jundiaí - SP, 13212-430, Brasil;00:00:17;13;04:22:55;04:27:40
MB Axor | DML 0B93| UREADER GNV;Vehicle, MERCEDES BENZ, FALSO, PESADOS;17/02/2026;00:00:58;17/02/2026;0,012331389;R. Waldomiro Camillo de Camargo, 453 - Fazenda Grande, Jundiaí - SP, 13212-430, Brasil;R. Waldomiro Camillo de Camargo, 453 - Fazenda Grande, Jundiaí - SP, 13212-430, Brasil;00:01:09;5;04:27:40;04:29:48
MB Axor | DML 0B93| UREADER GNV;Vehicle, MERCEDES BENZ, FALSO, PESADOS;17/02/2026;00:04:09;17/02/2026;0,022307269;R. Waldomiro Camillo de Camargo, 453 - Fazenda Grande, Jundiaí - SP, 13212-430, Brasil;R. Waldomiro Camillo de Camargo, 455 - St. Industrial, Jundiaí - SP, 13212-430, Brasil;00:09:21;7;04:29:48;04:43:18
MB Axor | DML 0B93| UREADER GNV;Vehicle, MERCEDES BENZ, FALSO, PESADOS;17/02/2026;00:02:12;17/02/2026;0,01849537;R. Waldomiro Camillo de Camargo, 455 - St. Industrial, Jundiaí - SP, 13212-430, Brasil;CD AMBEV JUNDIAI: R. Waldomiro Camillo de Camargo, 455 - St. Industrial, Jundiaí - SP, 13212-430, Brasil;00:04:54;0;04:43:18;04:49:45
MB Axor | DML 0B93| UREADER GNV;Vehicle, MERCEDES BENZ, FALSO, PESADOS;17/02/2026;00:00:16;17/02/2026;0,002708113;CD AMBEV JUNDIAI: R. Waldomiro Camillo de Camargo, 455 - St. Industrial, Jundiaí - SP, 13212-430, Brasil;CD AMBEV JUNDIAI: Rod. Dom Gabriel Paulino Bueno Couto 66, SP, 13317-204, Brazil;00:00:00;10;04:49:45;04:50:01
MB Axor | DML 0B93| UREADER GNV;Vehicle, MERCEDES BENZ, FALSO, PESADOS;17/02/2026;00:01:43;17/02/2026;0,018714722;CD AMBEV JUNDIAI: Rod. Dom Gabriel Paulino Bueno Couto 66, SP, 13317-204, Brazil;CD AMBEV JUNDIAI: Av. Marginal, 66 - St. Industrial, Jundiaí - SP, 13212-240, Brasil;00:00:04;7;04:50:01;04:51:49
MB Axor | DML 0B93| UREADER GNV;Vehicle, MERCEDES BENZ, FALSO, PESADOS;17/02/2026;01:05:02;17/02/2026;0,027151644;CD AMBEV JUNDIAI: Av. Marginal, 66 - St. Industrial, Jundiaí - SP, 13212-240, Brasil;Estr. de Pirapora, 2 - Anhanguera, São Paulo - SP, 05275-010, Brasil;00:00:04;87;04:51:49;05:56:56
MB Axor | DML 0B93| UREADER GNV;Vehicle, MERCEDES BENZ, FALSO, PESADOS;17/02/2026;00:06:53;17/02/2026;0,044618657;Estr. de Pirapora, 2 - Anhanguera, São Paulo - SP, 05275-010, Brasil;Estr. de Pirapora, 2 - Anhanguera, São Paulo - SP, 05275-010, Brasil;00:00:25;1;05:56:56;06:04:14
MB Axor | DML 0B93| UREADER GNV;Vehicle, MERCEDES BENZ, FALSO, PESADOS;17/02/2026;00:00:05;17/02/2026;0,001076736;Estr. de Pirapora, 2 - Anhanguera, São Paulo - SP, 05275-010, Brasil;H6G2+C8 - Jardim Jaragua, São Paulo - SP, Brasil;00:00:00;0;06:04:14;06:04:19
MB Axor | DML 0B93| UREADER GNV;Vehicle, MERCEDES BENZ, FALSO, PESADOS;17/02/2026;00:02:36;17/02/2026;0,266449456;H6G2+C8 - Jardim Jaragua, São Paulo - SP, Brasil;Estr. de Pirapora, 2 - Anhanguera, São Paulo - SP, 05275-010, Brasil;00:00:21;2;06:04:19;06:07:17
MB Axor | DML 0B93| UREADER GNV;Vehicle, MERCEDES BENZ, FALSO, PESADOS;17/02/2026;00:03:14;17/02/2026;0,355723426;Estr. de Pirapora, 2 - Anhanguera, São Paulo - SP, 05275-010, Brasil;Estr. de Pirapora, 2 - Anhanguera, São Paulo - SP, 05275-010, Brasil;00:01:56;2;06:07:17;06:12:27
MB Axor | DML 0B93| UREADER GNV;Vehicle, MERCEDES BENZ, FALSO, PESADOS;18/02/2026;00:02:09;18/02/2026;0,005815278;Estr. de Pirapora, 2 - Anhanguera, São Paulo - SP, 05275-010, Brasil;H6G2+C8 - Jardim Jaragua, São Paulo - SP, Brasil;00:00:31;1;06:12:27;06:15:08
MB Axor | DML 0B93| UREADER GNV;Vehicle, MERCEDES BENZ, FALSO, PESADOS;18/02/2026;00:01:52;18/02/2026;0,033951875;H6G2+C8 - Jardim Jaragua, São Paulo - SP, Brasil;Estr. de Pirapora, 2 - Anhanguera, São Paulo - SP, 05275-010, Brasil;00:01:17;1;06:15:08;06:18:16
MB Axor | DML 0B93| UREADER GNV;Vehicle, MERCEDES BENZ, FALSO, PESADOS;18/02/2026;00:00:49;18/02/2026;0,044867384;Estr. de Pirapora, 2 - Anhanguera, São Paulo - SP, 05275-010, Brasil;H6G2+C8 - Jardim Jaragua, São Paulo - SP, Brasil;00:00:14;1;06:18:16;06:19:19
MB Axor | DML 0B93| UREADER GNV;Vehicle, MERCEDES BENZ, FALSO, PESADOS;18/02/2026;00:08:15;18/02/2026;0,163439375;H6G2+C8 - Jardim Jaragua, São Paulo - SP, Brasil;Estr. de Pirapora, 2 - Anhanguera, São Paulo - SP, 05275-010, Brasil;00:03:48;2;06:19:19;06:31:23
MB Axor | DML 0B93| UREADER GNV;Vehicle, MERCEDES BENZ, FALSO, PESADOS;18/02/2026;00:02:38;18/02/2026;0,001591169;Estr. de Pirapora, 2 - Anhanguera, São Paulo - SP, 05275-010, Brasil;Estr. de Pirapora, 2 - Anhanguera, São Paulo - SP, 05275-010, Brasil;00:01:40;1;06:31:23;06:35:41
MB Axor | DML 0B93| UREADER GNV;Vehicle, MERCEDES BENZ, FALSO, PESADOS;18/02/2026;00:04:00;18/02/2026;0,029139595;Estr. de Pirapora, 2 - Anhanguera, São Paulo - SP, 05275-010, Brasil;Estr. de Pirapora, 2 - Anhanguera, São Paulo - SP, 05275-010, Brasil;00:00:25;2;06:35:41;06:40:06
MB Axor | DML 0B93| UREADER GNV;Vehicle, MERCEDES BENZ, FALSO, PESADOS;18/02/2026;00:00:10;18/02/2026;0,078611111;Estr. de Pirapora, 2 - Anhanguera, São Paulo - SP, 05275-010, Brasil;Estr. de Pirapora, 2 - Anhanguera, São Paulo - SP, 05275-010, Brasil;00:00:00;2;06:40:06;06:40:06
MB Axor | DML 0B93| UREADER GNV;Vehicle, MERCEDES BENZ, FALSO, PESADOS;18/02/2026;00:14:09;18/02/2026;0,008148148;Estr. de Pirapora, 2 - Anhanguera, São Paulo - SP, 05275-010, Brasil;Rod. Anhanguera, 710 - Industrial Anhangüera, Osasco - SP, Brasil;00:00:00;74;06:40:06;06:40:06
MB Axor | DML 0B93| UREADER GNV;Vehicle, MERCEDES BENZ, FALSO, PESADOS;18/02/2026;00:07:39;18/02/2026;0,198113426;Rod. Anhanguera, 710 - Industrial Anhangüera, Osasco - SP, Brasil;Av. Alberto J. Byington, 1896 - Jd S Rita De Cassia, Osasco - SP, 06276-000, Brasil;00:00:00;20;06:40:06;06:40:06
MB Axor | DML 0B93| UREADER GNV;Vehicle, MERCEDES BENZ, FALSO, PESADOS;18/02/2026;00:01:33;18/02/2026;0,115902778;Av. Alberto J. Byington, 1896 - Jd S Rita De Cassia, Osasco - SP, 06276-000, Brasil;Av. Alberto J. Byington, 1896 - Jd S Rita De Cassia, Osasco - SP, 06276-000, Brasil;00:00:00;6;06:40:06;06:40:06
MB Axor | DML 0B93| UREADER GNV;Vehicle, MERCEDES BENZ, FALSO, PESADOS;19/02/2026;00:52:47;19/02/2026;0,005497685;Av. Alberto J. Byington, 1896 - Jd S Rita De Cassia, Osasco - SP, 06276-000, Brasil;Rod. Dom Gabriel Paulino Bueno Couto, 50 - Distrito Industrial, Jundiaí - SP, 13212-240, Brasil;00:00:00;87;06:40:06;06:40:06
MB Axor | DML 0B93| UREADER GNV;Vehicle, MERCEDES BENZ, FALSO, PESADOS;19/02/2026;00:11:00;19/02/2026;0,891608796;Rod. Dom Gabriel Paulino Bueno Couto, 50 - Distrito Industrial, Jundiaí - SP, 13212-240, Brasil;CD AMBEV JUNDIAI: R. Pietro Antonio Leo, 201 - St. Industrial, Jundiaí - SP, 13213-007, Brasil;00:00:00;83;06:40:06;06:40:06
MB Axor | DML 0B93| UREADER GNV;Vehicle, MERCEDES BENZ, FALSO, PESADOS;19/02/2026;00:11:20;19/02/2026;0,011863426;CD AMBEV JUNDIAI: R. Pietro Antonio Leo, 201 - St. Industrial, Jundiaí - SP, 13213-007, Brasil;CD AMBEV JUNDIAI: Av. Marginal, 66 - St. Industrial, Jundiaí - SP, 13212-240, Brasil;00:00:00;85;06:40:06;06:40:06
MB Axor | DML 0B93| UREADER GNV;Vehicle, MERCEDES BENZ, FALSO, PESADOS;19/02/2026;00:09:45;19/02/2026;0,059131944;CD AMBEV JUNDIAI: Av. Marginal, 66 - St. Industrial, Jundiaí - SP, 13212-240, Brasil;CD AMBEV JUNDIAI: R. Waldomiro Camillo de Camargo, 455 - St. Industrial, Jundiaí - SP, 13212-430, Brasil;00:00:00;15;06:40:06;06:40:06
MB Axor | DML 0B93| UREADER GNV;Vehicle, MERCEDES BENZ, FALSO, PESADOS;20/02/2026;00:00:20;20/02/2026;0,0075;CD AMBEV JUNDIAI: R. Waldomiro Camillo de Camargo, 455 - St. Industrial, Jundiaí - SP, 13212-430, Brasil;CD AMBEV JUNDIAI: Rod. Dom Gabriel Paulino Bueno Couto, 66 - Distrito Industrial, Jundiaí - SP, 13317-204, Brasil;00:00:00;10;06:40:06;06:40:06
MB Axor | DML 0B93| UREADER GNV;Vehicle, MERCEDES BENZ, FALSO, PESADOS;20/02/2026;00:01:49;20/02/2026;0,020405093;CD AMBEV JUNDIAI: Rod. Dom Gabriel Paulino Bueno Couto, 66 - Distrito Industrial, Jundiaí - SP, 13317-204, Brasil;CD AMBEV JUNDIAI: Av. Marginal, 66 - St. Industrial, Jundiaí - SP, 13212-240, Brasil;00:00:00;8;06:40:06;06:40:06
MB Axor | DML 0B93| UREADER GNV;Vehicle, MERCEDES BENZ, FALSO, PESADOS;20/02/2026;01:26:37;20/02/2026;0,195613426;CD AMBEV JUNDIAI: Av. Marginal, 66 - St. Industrial, Jundiaí - SP, 13212-240, Brasil;Av. Amâncio Gaioli, 152 - Água Chata, Guarulhos - SP, Brasil;00:00:00;88;06:40:06;06:40:06
MB Axor | DML 0B93| UREADER GNV;Vehicle, MERCEDES BENZ, FALSO, PESADOS;20/02/2026;00:01:57;20/02/2026;0,28775463;Av. Amâncio Gaioli, 152 - Água Chata, Guarulhos - SP, Brasil;R. Toufic El Khouri Saad, 2 - Cidade Aracília, Guarulhos - SP, 07251-400, Brasil;00:00:00;7;06:40:06;06:40:06
MB Axor | DML 0B93| UREADER GNV;Vehicle, MERCEDES BENZ, FALSO, PESADOS;20/02/2026;00:03:08;20/02/2026;0,013831019;R. Toufic El Khouri Saad, 2 - Cidade Aracília, Guarulhos - SP, 07251-400, Brasil;Av. Amâncio Gaioli, 1717 - Água Chata, Guarulhos - SP, 07251-250, Brasil;00:00:00;18;06:40:06;06:40:06
MB Axor | DML 0B93| UREADER GNV;Vehicle, MERCEDES BENZ, FALSO, PESADOS;20/02/2026;02:17:44;20/02/2026;0,5990625;Av. Amâncio Gaioli, 1717 - Água Chata, Guarulhos - SP, 07251-250, Brasil;CD AMBEV JUNDIAI: R. Pietro Antonio Leo, 201 - St. Industrial, Jundiaí - SP, 13213-007, Brasil;00:00:00;85;06:40:06;06:40:06
MB Axor | DML 0B93| UREADER GNV;Vehicle, MERCEDES BENZ, FALSO, PESADOS;21/02/2026;00:12:20;21/02/2026;0,005092593;CD AMBEV JUNDIAI: R. Pietro Antonio Leo, 201 - St. Industrial, Jundiaí - SP, 13213-007, Brasil;CD AMBEV JUNDIAI: Av. Marginal, 66 - St. Industrial, Jundiaí - SP, 13212-240, Brasil;00:00:00;70;06:40:06;06:40:06
MB Axor | DML 0B93| UREADER GNV;Vehicle, MERCEDES BENZ, FALSO, PESADOS;21/02/2026;00:02:02;21/02/2026;0,029699074;CD AMBEV JUNDIAI: Av. Marginal, 66 - St. Industrial, Jundiaí - SP, 13212-240, Brasil;CD AMBEV JUNDIAI: Rod. Dom Gabriel Paulino Bueno Couto, 66 - Distrito Industrial, Jundiaí - SP, 13317-204, Brasil;00:00:00;7;06:40:06;06:40:06
MB Axor | DML 0B93| UREADER GNV;Vehicle, MERCEDES BENZ, FALSO, PESADOS;21/02/2026;00:26:18;21/02/2026;0,04869213;CD AMBEV JUNDIAI: Rod. Dom Gabriel Paulino Bueno Couto, 66 - Distrito Industrial, Jundiaí - SP, 13317-204, Brasil;Rua Atílio Biscuola, 1831 - Terra Nobre, Louveira - SP, 13290-000, Brasil;00:00:00;85;06:40:06;06:40:06
MB Axor | DML 0B93| UREADER GNV;Vehicle, MERCEDES BENZ, FALSO, PESADOS;21/02/2026;00:07:46;21/02/2026;0,041956019;Rua Atílio Biscuola, 1831 - Terra Nobre, Louveira - SP, 13290-000, Brasil;Estr. Mun. Louveira | Bairro Antônio, 2217-2483 - Terra Nobre, Louveira - SP, 13290-000, Brasil;00:00:00;15;06:40:06;06:40:06
MB Axor | DML 0B93| UREADER GNV;Vehicle, MERCEDES BENZ, FALSO, PESADOS;21/02/2026;00:24:50;21/02/2026;0,004814815;Estr. Mun. Louveira | Bairro Antônio, 2217-2483 - Terra Nobre, Louveira - SP, 13290-000, Brasil;Av. Marginal, 105 - St. Industrial, Jundiaí - SP, 13214-515, Brasil;00:00:00;81;06:40:06;06:40:06
MB Axor | DML 0B93| UREADER GNV;Vehicle, MERCEDES BENZ, FALSO, PESADOS;21/02/2026;00:05:37;21/02/2026;0,030578704;Av. Marginal, 105 - St. Industrial, Jundiaí - SP, 13214-515, Brasil;CD AMBEV JUNDIAI: Rod. Dom Gabriel Paulino Bueno Couto, 66 - Distrito Industrial, Jundiaí - SP, 13317-204, Brasil;00:00:00;20;06:40:06;06:40:06
MB Axor | DML 0B93| UREADER GNV;Vehicle, MERCEDES BENZ, FALSO, PESADOS;21/02/2026;00:55:36;21/02/2026;0,007453704;CD AMBEV JUNDIAI: Rod. Dom Gabriel Paulino Bueno Couto, 66 - Distrito Industrial, Jundiaí - SP, 13317-204, Brasil;SP-330, 1068 - Jd S Joao Bela Vista, Osasco - SP, 06278-000, Brasil;00:00:00;85;06:40:06;06:40:06
MB Axor | DML 0B93| UREADER GNV;Vehicle, MERCEDES BENZ, FALSO, PESADOS;21/02/2026;00:05:23;21/02/2026;0,03099537;SP-330, 1068 - Jd S Joao Bela Vista, Osasco - SP, 06278-000, Brasil;CD AMBEV OSASCO: R. Américo Vespúcio, 900 - Vila Menck, Osasco - SP, 06273-070, Brasil;00:00:00;11;06:40:06;06:40:06
MB Axor | DML 0B93| UREADER GNV;Vehicle, MERCEDES BENZ, FALSO, PESADOS;21/02/2026;00:01:39;21/02/2026;0,005740741;CD AMBEV OSASCO: R. Américo Vespúcio, 900 - Vila Menck, Osasco - SP, 06273-070, Brasil;CD AMBEV OSASCO: R. Duarte da Costa, 114 - Platina, São Paulo - SP, 06273-070, Brasil;00:00:00;0;06:40:06;06:40:06
MB Axor | DML 0B93| UREADER GNV;Vehicle, MERCEDES BENZ, FALSO, PESADOS;21/02/2026;00:02:30;21/02/2026;0,0053125;CD AMBEV OSASCO: R. Duarte da Costa, 114 - Platina, São Paulo - SP, 06273-070, Brasil;SP-330, 1068 - Jd S Joao Bela Vista, Osasco - SP, 06278-000, Brasil;00:00:00;11;06:40:06;06:40:06
MB Axor | DML 0B93| UREADER GNV;Vehicle, MERCEDES BENZ, FALSO, PESADOS;21/02/2026;00:00:47;21/02/2026;0,012934734;SP-330, 1068 - Jd S Joao Bela Vista, Osasco - SP, 06278-000, Brasil;R. Américo Vespúcio, 85 - Platina, Osasco - SP, 06273-070, Brasil;00:00:00;12;06:40:06;06:40:06
MB Axor | DML 0B93| UREADER GNV;Vehicle, MERCEDES BENZ, FALSO, PESADOS;21/02/2026;01:10:50;21/02/2026;1,323263889;R. Américo Vespúcio, 85 - Platina, Osasco - SP, 06273-070, Brasil;CD AMBEV JUNDIAI: R. Pietro Antonio Leo, 201 - St. Industrial, Jundiaí - SP, 13213-007, Brasil;00:00:00;83;06:40:06;06:40:06
QSZ3D66;AMBEV, Vehicle, Diesel;16/02/2026;01:26:24;16/02/2026;0,021016134;R. Georg Rexroth, 31 - Piraporinha, Diadema - SP, 09951-270, Brasil;Rod. Pres. Dutra, 3761 - Jardim Luiza, Guararema - SP, 08900-000, Brasil;00:01:05;83;14:19:40;15:48:00
QSZ3D66;AMBEV, Vehicle, Diesel;16/02/2026;00:33:09;16/02/2026;0,001586042;Rod. Pres. Dutra, 3761 - Jardim Luiza, Guararema - SP, 08900-000, Brasil;Estr. Mun. do Jaguari, 10255 - Rio Abaixo, Jacareí - SP, 12334-400, Brasil;00:00:07;83;15:48:00;16:24:00
QSZ3D66;AMBEV, Vehicle, Diesel;16/02/2026;00:03:54;16/02/2026;0,012231725;Estr. Mun. do Jaguari, 10255 - Rio Abaixo, Jacareí - SP, 12334-400, Brasil;Estr. Mun. do Jaguari, 1285 - Rio Abaixo, Jacareí - SP, 12334-400, Brasil;00:02:23;7;16:24:00;16:30:00
QSZ3D66;AMBEV, Vehicle, Diesel;16/02/2026;00:00:15;16/02/2026;0,013033819;Estr. Mun. do Jaguari, 1285 - Rio Abaixo, Jacareí - SP, 12334-400, Brasil;Estr. Mun. do Jaguari, 1285 - Rio Abaixo, Jacareí - SP, 12334-400, Brasil;00:00:45;0;16:30:00;16:30:00
QSZ3D66;AMBEV, Vehicle, Diesel;16/02/2026;00:01:23;16/02/2026;0,02037037;Estr. Mun. do Jaguari, 1285 - Rio Abaixo, Jacareí - SP, 12334-400, Brasil;Estr. Mun. do Jaguari, 1285 - Rio Abaixo, Jacareí - SP, 12334-400, Brasil;00:21:41;3;16:30:00;16:54:11
QSZ3D66;AMBEV, Vehicle, Diesel;16/02/2026;00:03:45;16/02/2026;0,011643519;Estr. Mun. do Jaguari, 1285 - Rio Abaixo, Jacareí - SP, 12334-400, Brasil;Estrada Sem Nome - Jacareí, SP, Brasil;00:16:46;24;16:54:11;17:14:42
QSZ3D66;AMBEV, Vehicle, Diesel;16/02/2026;00:05:45;16/02/2026;0,002698796;Estrada Sem Nome - Jacareí, SP, Brasil;Estr. Mun. do Jaguari, 10236 - Rio Abaixo, Jacareí - SP, 12334-400, Brasil;00:00:10;20;17:14:42;17:18:00
QSZ3D66;AMBEV, Vehicle, Diesel;16/02/2026;00:05:17;16/02/2026;0,017662037;Estr. Mun. do Jaguari, 10236 - Rio Abaixo, Jacareí - SP, 12334-400, Brasil;Estr. Mun. do Jaguari, 9876-10276 - Rio Abaixo, Jacareí - SP, Brasil - Rio Abaixo, Jacareí - SP, 12334-400, Brasil;00:04:50;7;17:18:00;17:28:24
QSZ3D66;AMBEV, Vehicle, Diesel;16/02/2026;00:05:32;16/02/2026;0,001974676;Estr. Mun. do Jaguari, 9876-10276 - Rio Abaixo, Jacareí - SP, Brasil - Rio Abaixo, Jacareí - SP, 12334-400, Brasil;Estr. Mun. do Jaguari, 9876-10276 - Rio Abaixo, Jacareí - SP, Brasil - Rio Abaixo, Jacareí - SP, 12334-400, Brasil;00:00:04;7;17:28:24;17:36:00
QSZ3D66;AMBEV, Vehicle, Diesel;16/02/2026;00:02:07;16/02/2026;0,004606481;Estr. Mun. do Jaguari, 9876-10276 - Rio Abaixo, Jacareí - SP, Brasil - Rio Abaixo, Jacareí - SP, 12334-400, Brasil;Estr. Mun. do Jaguari, 10255 - Rio Abaixo, Jacareí - SP, 12334-400, Brasil;00:06:38;13;17:36:00;17:44:45
QSZ3D66;AMBEV, Vehicle, Diesel;16/02/2026;00:01:14;16/02/2026;0,018780093;Estr. Mun. do Jaguari, 10255 - Rio Abaixo, Jacareí - SP, 12334-400, Brasil;Estr. Mun. do Jaguari, 10081 - Pagador de Andrade, Jacareí - SP, 12334-400, Brasil;00:26:21;20;17:44:45;18:12:00
QSZ3D66;AMBEV, Vehicle, Diesel;16/02/2026;01:07:36;16/02/2026;0,005778206;Estr. Mun. do Jaguari, 10081 - Pagador de Andrade, Jacareí - SP, 12334-400, Brasil;SP-021 - Mandi, Itaquaquecetuba - SP, 08599, Brasil;00:07:42;81;18:12:00;19:24:00
QSZ3D66;AMBEV, Vehicle, Diesel;16/02/2026;00:31:01;16/02/2026;0,002036539;SP-021 - Mandi, Itaquaquecetuba - SP, 08599, Brasil;SPA-086/21 - RP2 (Regiões de Planejamento), Mauá - SP, Brasil;00:00:03;81;19:24:00;19:54:00
QSZ3D66;AMBEV, Vehicle, Diesel;16/02/2026;00:10:53;16/02/2026;0,006768403;SPA-086/21 - RP2 (Regiões de Planejamento), Mauá - SP, Brasil;R. Rinaldo Chiarotti, 576 - Lot. Industrial Coral, Mauá - SP, 09372-060, Brasil;00:00:18;59;19:54:00;20:06:00
QSZ3D66;AMBEV, Vehicle, Diesel;16/02/2026;00:06:13;16/02/2026;0,008618472;R. Rinaldo Chiarotti, 576 - Lot. Industrial Coral, Mauá - SP, 09372-060, Brasil;R. Rinaldo Chiarotti, 493 - Lot. Industrial Coral, Mauá - SP, 09370-843, Brasil;00:00:11;2;20:06:00;20:12:00
QSZ3D66;AMBEV, Vehicle, Diesel;16/02/2026;00:00:54;16/02/2026;0,025046667;R. Rinaldo Chiarotti, 493 - Lot. Industrial Coral, Mauá - SP, 09370-843, Brasil;R. Rinaldo Chiarotti, 624 - Lot. Industrial Coral, Mauá - SP, 09370-843, Brasil;00:00:09;11;20:12:00;20:18:00
QSZ3D66;AMBEV, Vehicle, Diesel;16/02/2026;00:03:30;16/02/2026;0,049023947;R. Rinaldo Chiarotti, 624 - Lot. Industrial Coral, Mauá - SP, 09370-843, Brasil;R. Dr. Ulysses Guimarães, 504 - Lot. Industrial Coral, Mauá - SP, 09372-050, Brasil;00:00:10;14;20:18:00;20:18:00
QSZ3D66;AMBEV, Vehicle, Diesel;16/02/2026;00:03:50;16/02/2026;0,000905845;R. Dr. Ulysses Guimarães, 504 - Lot. Industrial Coral, Mauá - SP, 09372-050, Brasil;R. Rinaldo Chiarotti, 624 - Lot. Industrial Coral, Mauá - SP, 09370-843, Brasil;00:00:08;12;20:18:00;20:24:00
QSZ3D66;AMBEV, Vehicle, Diesel;16/02/2026;00:00:45;16/02/2026;0,007113171;R. Rinaldo Chiarotti, 624 - Lot. Industrial Coral, Mauá - SP, 09370-843, Brasil;R. Rinaldo Chiarotti, 624 - Lot. Industrial Coral, Mauá - SP, 09370-843, Brasil;00:00:07;7;20:24:00;20:24:00
QSZ3D66;AMBEV, Vehicle, Diesel;16/02/2026;00:01:56;16/02/2026;0,004774641;R. Rinaldo Chiarotti, 624 - Lot. Industrial Coral, Mauá - SP, 09370-843, Brasil;R. Dr. Ulysses Guimarães, 648 a - Lot. Industrial Coral, Mauá - SP, 09370-843, Brasil;00:00:06;9;20:24:00;20:24:00
QSZ3D66;AMBEV, Vehicle, Diesel;16/02/2026;01:09:54;16/02/2026;0,00980647;R. Dr. Ulysses Guimarães, 648 a - Lot. Industrial Coral, Mauá - SP, 09370-843, Brasil;Rod. Pres. Dutra, 3761 - Jardim Luiza, Guararema - SP, 08900-000, Brasil;00:00:26;83;20:24:00;21:36:02
QSZ3D66;AMBEV, Vehicle, Diesel;16/02/2026;00:35:18;16/02/2026;0,006034039;Rod. Pres. Dutra, 3761 - Jardim Luiza, Guararema - SP, 08900-000, Brasil;Estr. Mun. do Jaguari, 1285 - Rio Abaixo, Jacareí - SP, 12334-400, Brasil;00:00:12;79;21:36:02;22:12:00
QSZ3D66;AMBEV, Vehicle, Diesel;16/02/2026;00:00:55;16/02/2026;0,003090278;Estr. Mun. do Jaguari, 1285 - Rio Abaixo, Jacareí - SP, 12334-400, Brasil;Estr. Mun. do Jaguari, 9876-10276 - Rio Abaixo, Jacareí - SP, Brasil - Rio Abaixo, Jacareí - SP, 12334-400, Brasil;00:04:27;14;22:12:00;22:17:22
QSZ3D66;AMBEV, Vehicle, Diesel;16/02/2026;00:03:16;16/02/2026;0,003078704;Estr. Mun. do Jaguari, 9876-10276 - Rio Abaixo, Jacareí - SP, Brasil - Rio Abaixo, Jacareí - SP, 12334-400, Brasil;Estr. Mun. do Jaguari, 9876-10276 - Rio Abaixo, Jacareí - SP, Brasil - Rio Abaixo, Jacareí - SP, 12334-400, Brasil;00:04:26;8;22:17:22;22:25:04
QSZ3D66;AMBEV, Vehicle, Diesel;16/02/2026;00:00:25;16/02/2026;0,018685046;Estr. Mun. do Jaguari, 9876-10276 - Rio Abaixo, Jacareí - SP, Brasil - Rio Abaixo, Jacareí - SP, 12334-400, Brasil;Estr. Mun. do Jaguari, 9876-10276 - Rio Abaixo, Jacareí - SP, Brasil - Rio Abaixo, Jacareí - SP, 12334-400, Brasil;00:04:25;7;22:25:04;22:28:01
QSZ3D66;AMBEV, Vehicle, Diesel;16/02/2026;00:03:32;16/02/2026;0,021672014;Estr. Mun. do Jaguari, 9876-10276 - Rio Abaixo, Jacareí - SP, Brasil - Rio Abaixo, Jacareí - SP, 12334-400, Brasil;Estr. Mun. do Jaguari, 10462 - Rio Abaixo, Jacareí - SP, 12334-400, Brasil;00:01:29;20;22:28:01;22:36:00
QSZ3D66;AMBEV, Vehicle, Diesel;17/02/2026;00:03:17;17/02/2026;0,128777708;Estr. Mun. do Jaguari, 10462 - Rio Abaixo, Jacareí - SP, 12334-400, Brasil;Estr. Mun. Abade Biagino Chieffi, 9002 - Rio Abaixo, Jacareí - SP, 12334-480, Brasil;00:00:27;42;22:36:00;22:36:00
QSZ3D66;AMBEV, Vehicle, Diesel;17/02/2026;00:04:56;17/02/2026;0,006362303;Estr. Mun. Abade Biagino Chieffi, 9002 - Rio Abaixo, Jacareí - SP, 12334-480, Brasil;Estr. Mun. do Jaguari, 9876-10276 - Rio Abaixo, Jacareí - SP, Brasil - Rio Abaixo, Jacareí - SP, 12334-400, Brasil;00:00:09;42;22:36:00;22:42:00
QSZ3D66;AMBEV, Vehicle, Diesel;17/02/2026;00:01:34;17/02/2026;0,008229167;Estr. Mun. do Jaguari, 9876-10276 - Rio Abaixo, Jacareí - SP, Brasil - Rio Abaixo, Jacareí - SP, 12334-400, Brasil;Estrada Sem Nome - Jacareí, SP, Brasil;00:11:51;24;22:42:00;22:55:25
QSZ3D66;AMBEV, Vehicle, Diesel;17/02/2026;00:04:47;17/02/2026;0,017041308;Estrada Sem Nome - Jacareí, SP, Brasil;Estr. Mun. do Jaguari, 9876-10276 - Rio Abaixo, Jacareí - SP, Brasil - Rio Abaixo, Jacareí - SP, 12334-400, Brasil;00:02:15;15;22:55:25;23:02:09
QSZ3D66;AMBEV, Vehicle, Diesel;17/02/2026;00:02:57;17/02/2026;0,015357338;Estr. Mun. do Jaguari, 9876-10276 - Rio Abaixo, Jacareí - SP, Brasil - Rio Abaixo, Jacareí - SP, 12334-400, Brasil;Estr. Mun. do Jaguari, 9876-10276 - Rio Abaixo, Jacareí - SP, Brasil - Rio Abaixo, Jacareí - SP, 12334-400, Brasil;00:00:11;13;23:02:09;23:06:00
QSZ3D66;AMBEV, Vehicle, Diesel;17/02/2026;00:02:25;17/02/2026;0,006509549;Estr. Mun. do Jaguari, 9876-10276 - Rio Abaixo, Jacareí - SP, Brasil - Rio Abaixo, Jacareí - SP, 12334-400, Brasil;Estr. Mun. do Jaguari, 10428-10460 - Rio Abaixo, Jacareí - SP, Brasil - Rio Abaixo, Jacareí - SP, 12334-400, Brasil;00:00:09;14;23:06:00;23:12:00
QSZ3D66;AMBEV, Vehicle, Diesel;17/02/2026;00:13:32;17/02/2026;0,000823692;Estr. Mun. do Jaguari, 10428-10460 - Rio Abaixo, Jacareí - SP, Brasil - Rio Abaixo, Jacareí - SP, 12334-400, Brasil;R. Antonio Alves, 9230 - Jardim Paraiso, Jacareí - SP, 12316-370, Brasil;00:00:24;61;23:12:00;23:24:00
QSZ3D66;AMBEV, Vehicle, Diesel;17/02/2026;00:01:46;17/02/2026;0,000305833;R. Antonio Alves, 9230 - Jardim Paraiso, Jacareí - SP, 12316-370, Brasil;Estr. Mun. Abade Biagino Chieffi, 2301 - Pagador de Andrade, Jacareí - SP, 12334-480, Brasil;00:00:04;7;23:24:00;23:24:00
QSZ3D66;AMBEV, Vehicle, Diesel;17/02/2026;01:28:37;17/02/2026;0,0083925;Estr. Mun. Abade Biagino Chieffi, 2301 - Pagador de Andrade, Jacareí - SP, 12334-480, Brasil;R. Ernesto Joaquim de Souza, 232 - Chácaras Ceres, Suzano - SP, 08655-805, Brasil;00:00:10;81;23:24:00;00:54:00
QSZ3D66;AMBEV, Vehicle, Diesel;17/02/2026;00:01:10;17/02/2026;0,002895752;R. Ernesto Joaquim de Souza, 232 - Chácaras Ceres, Suzano - SP, 08655-805, Brasil;R. Rafael da Anunciação Fontes, 241 - Chácaras Ceres, Suzano - SP, 08655-243, Brasil;00:00:04;6;00:54:00;00:54:00
QSZ3D66;AMBEV, Vehicle, Diesel;17/02/2026;00:03:16;17/02/2026;0,034214826;R. Rafael da Anunciação Fontes, 241 - Chácaras Ceres, Suzano - SP, 08655-243, Brasil;R. Rafael da Anunciação Fontes, 235 - Chácaras Ceres, Suzano - SP, 08655-243, Brasil;00:00:27;10;00:54:00;01:00:00
QSZ3D66;AMBEV, Vehicle, Diesel;17/02/2026;00:07:35;17/02/2026;0,015410394;R. Rafael da Anunciação Fontes, 235 - Chácaras Ceres, Suzano - SP, 08655-243, Brasil;R. Ernesto Joaquim de Souza, 221 - Chácara Primavera, Suzano - SP, 08655-805, Brasil;00:02:41;8;01:00:00;01:12:00
QSZ3D66;AMBEV, Vehicle, Diesel;17/02/2026;00:59:32;17/02/2026;0,011423333;R. Ernesto Joaquim de Souza, 221 - Chácara Primavera, Suzano - SP, 08655-805, Brasil;Rod. Pres. Dutra, 3761 - Jardim Luiza, Guararema - SP, 08900-000, Brasil;00:00:14;81;01:12:00;02:06:00
QSZ3D66;AMBEV, Vehicle, Diesel;17/02/2026;00:34:29;17/02/2026;0,01411235;Rod. Pres. Dutra, 3761 - Jardim Luiza, Guararema - SP, 08900-000, Brasil;Estr. Mun. do Jaguari, 10428-10460 - Rio Abaixo, Jacareí - SP, Brasil - Rio Abaixo, Jacareí - SP, 12334-400, Brasil;00:00:21;81;02:06:00;02:42:00
QSZ3D66;AMBEV, Vehicle, Diesel;17/02/2026;00:05:00;17/02/2026;0,016648472;Estr. Mun. do Jaguari, 10428-10460 - Rio Abaixo, Jacareí - SP, Brasil - Rio Abaixo, Jacareí - SP, 12334-400, Brasil;Estr. Mun. do Jaguari, 9876-10276 - Rio Abaixo, Jacareí - SP, Brasil - Rio Abaixo, Jacareí - SP, 12334-400, Brasil;00:00:03;20;02:42:00;02:48:00
QSZ3D66;AMBEV, Vehicle, Diesel;17/02/2026;00:00:35;17/02/2026;0,005925718;Estr. Mun. do Jaguari, 9876-10276 - Rio Abaixo, Jacareí - SP, Brasil - Rio Abaixo, Jacareí - SP, 12334-400, Brasil;Estr. Mun. do Jaguari, 9876-10276 - Rio Abaixo, Jacareí - SP, Brasil - Rio Abaixo, Jacareí - SP, 12334-400, Brasil;00:04:41;0;02:48:00;02:54:00
QSZ3D66;AMBEV, Vehicle, Diesel;17/02/2026;00:01:11;17/02/2026;0,020926968;Estr. Mun. do Jaguari, 9876-10276 - Rio Abaixo, Jacareí - SP, Brasil - Rio Abaixo, Jacareí - SP, 12334-400, Brasil;Estr. Mun. do Jaguari, 9876-10276 - Rio Abaixo, Jacareí - SP, Brasil - Rio Abaixo, Jacareí - SP, 12334-400, Brasil;00:00:09;9;02:54:00;02:54:00
QSZ3D66;AMBEV, Vehicle, Diesel;17/02/2026;00:04:24;17/02/2026;0,001594907;Estr. Mun. do Jaguari, 9876-10276 - Rio Abaixo, Jacareí - SP, Brasil - Rio Abaixo, Jacareí - SP, 12334-400, Brasil;Estrada Sem Nome - Jacareí, SP, Brasil;00:00:07;20;02:54:00;03:00:00
QSZ3D66;AMBEV, Vehicle, Diesel;17/02/2026;00:00:27;17/02/2026;0,05524162;Estrada Sem Nome - Jacareí, SP, Brasil;Estrada Sem Nome - Jacareí, SP, Brasil;00:00:05;5;03:00:00;03:00:00
QSZ3D66;AMBEV, Vehicle, Diesel;17/02/2026;00:04:17;17/02/2026;0,066343229;Estrada Sem Nome - Jacareí, SP, Brasil;Estrada Sem Nome - Jacareí, SP, Brasil;00:00:29;5;03:00:00;03:06:00
QSZ3D66;AMBEV, Vehicle, Diesel;17/02/2026;00:06:06;17/02/2026;0,004583333;Estrada Sem Nome - Jacareí, SP, Brasil;Estr. Mun. do Jaguari, 9876-10276 - Rio Abaixo, Jacareí - SP, Brasil - Rio Abaixo, Jacareí - SP, 12334-400, Brasil;00:06:36;9;03:06:00;03:18:42
QSZ3D66;AMBEV, Vehicle, Diesel;17/02/2026;00:01:27;17/02/2026;0,01593603;Estr. Mun. do Jaguari, 9876-10276 - Rio Abaixo, Jacareí - SP, Brasil - Rio Abaixo, Jacareí - SP, 12334-400, Brasil;Estr. Mun. do Jaguari, 9876-10276 - Rio Abaixo, Jacareí - SP, Brasil - Rio Abaixo, Jacareí - SP, 12334-400, Brasil;00:00:28;7;03:18:42;03:18:00
QSZ3D66;AMBEV, Vehicle, Diesel;17/02/2026;00:01:26;17/02/2026;0,002758345;Estr. Mun. do Jaguari, 9876-10276 - Rio Abaixo, Jacareí - SP, Brasil - Rio Abaixo, Jacareí - SP, 12334-400, Brasil;Estr. Mun. do Jaguari, 10001 - Pagador de Andrade, Jacareí - SP, 12334-400, Brasil;00:01:00;20;03:18:00;03:24:58
QSZ3D66;AMBEV, Vehicle, Diesel;17/02/2026;01:11:20;17/02/2026;0,011500405;Estr. Mun. do Jaguari, 10001 - Pagador de Andrade, Jacareí - SP, 12334-400, Brasil;R. Guglielmo Marconi, 101 - Lot. Industrial, Taubaté - SP, 12032-160, Brasil;00:00:03;85;03:24:58;04:36:00
QSZ3D66;AMBEV, Vehicle, Diesel;17/02/2026;00:05:44;17/02/2026;0,060140093;R. Guglielmo Marconi, 101 - Lot. Industrial, Taubaté - SP, 12032-160, Brasil;R. Projetada Três, 1 - Lot. Industrial, Taubaté - SP, 12032-000, Brasil;00:00:05;11;04:36:00;04:42:00
QSZ3D66;AMBEV, Vehicle, Diesel;17/02/2026;00:03:07;17/02/2026;0,015983484;R. Projetada Três, 1 - Lot. Industrial, Taubaté - SP, 12032-000, Brasil;R. Guglielmo Marconi, 790 - Independência, Taubaté - SP, 12032-160, Brasil;00:00:05;14;04:42:00;04:42:00
QSZ3D66;AMBEV, Vehicle, Diesel;17/02/2026;01:03:44;17/02/2026;0,008258785;R. Guglielmo Marconi, 790 - Independência, Taubaté - SP, 12032-160, Brasil;Estr. Mun. do Jaguari, 1285 - Rio Abaixo, Jacareí - SP, 12334-400, Brasil;00:00:06;83;04:42:00;05:48:00
QSZ3D66;AMBEV, Vehicle, Diesel;17/02/2026;00:01:26;17/02/2026;0,002675058;Estr. Mun. do Jaguari, 1285 - Rio Abaixo, Jacareí - SP, 12334-400, Brasil;Estr. Mun. do Jaguari, 9876-10276 - Rio Abaixo, Jacareí - SP, Brasil - Rio Abaixo, Jacareí - SP, 12334-400, Brasil;00:00:05;7;05:48:00;05:48:00
QSZ3D66;AMBEV, Vehicle, Diesel;17/02/2026;00:04:08;17/02/2026;0,002294491;Estr. Mun. do Jaguari, 9876-10276 - Rio Abaixo, Jacareí - SP, Brasil - Rio Abaixo, Jacareí - SP, 12334-400, Brasil;Estr. Mun. do Jaguari, 9876-10276 - Rio Abaixo, Jacareí - SP, Brasil - Rio Abaixo, Jacareí - SP, 12334-400, Brasil;00:03:18;11;05:48:00;05:55:26
QSZ3D66;AMBEV, Vehicle, Diesel;17/02/2026;00:00:18;17/02/2026;0,017341632;Estr. Mun. do Jaguari, 9876-10276 - Rio Abaixo, Jacareí - SP, Brasil - Rio Abaixo, Jacareí - SP, 12334-400, Brasil;Estr. Mun. do Jaguari, 9876-10276 - Rio Abaixo, Jacareí - SP, Brasil - Rio Abaixo, Jacareí - SP, 12334-400, Brasil;00:00:38;2;05:55:26;05:54:00
QSZ3D66;AMBEV, Vehicle, Diesel;17/02/2026;00:05:51;17/02/2026;0,025865035;Estr. Mun. do Jaguari, 9876-10276 - Rio Abaixo, Jacareí - SP, Brasil - Rio Abaixo, Jacareí - SP, 12334-400, Brasil;Estr. Mun. do Jaguari, 9876-10276 - Rio Abaixo, Jacareí - SP, Brasil - Rio Abaixo, Jacareí - SP, 12334-400, Brasil;00:00:11;18;05:54:00;06:00:00
QSZ3D66;AMBEV, Vehicle, Diesel;17/02/2026;00:01:40;17/02/2026;0,00806713;Estr. Mun. do Jaguari, 9876-10276 - Rio Abaixo, Jacareí - SP, Brasil - Rio Abaixo, Jacareí - SP, 12334-400, Brasil;Estr. Mun. do Jaguari, 9876-10276 - Rio Abaixo, Jacareí - SP, Brasil - Rio Abaixo, Jacareí - SP, 12334-400, Brasil;00:11:37;8;06:00:00;06:13:17
QSZ3D66;AMBEV, Vehicle, Diesel;17/02/2026;00:00:27;17/02/2026;0,009921331;Estr. Mun. do Jaguari, 9876-10276 - Rio Abaixo, Jacareí - SP, Brasil - Rio Abaixo, Jacareí - SP, 12334-400, Brasil;Estr. Mun. do Jaguari, 9876-10276 - Rio Abaixo, Jacareí - SP, Brasil - Rio Abaixo, Jacareí - SP, 12334-400, Brasil;00:00:11;15;06:13:17;06:18:00
QSZ3D66;AMBEV, Vehicle, Diesel;17/02/2026;00:01:16;17/02/2026;0,000389005;Estr. Mun. do Jaguari, 9876-10276 - Rio Abaixo, Jacareí - SP, Brasil - Rio Abaixo, Jacareí - SP, 12334-400, Brasil;Estr. Mun. do Jaguari, 10255 - Rio Abaixo, Jacareí - SP, 12334-400, Brasil;00:00:04;9;06:18:00;06:18:00
QSZ3D66;AMBEV, Vehicle, Diesel;17/02/2026;00:01:51;17/02/2026;0,034982581;Estr. Mun. do Jaguari, 10255 - Rio Abaixo, Jacareí - SP, 12334-400, Brasil;Estr. Mun. do Jaguari, 10462 - Rio Abaixo, Jacareí - SP, 12334-400, Brasil;00:00:07;22;06:18:00;06:18:00
QSZ3D66;AMBEV, Vehicle, Diesel;17/02/2026;01:50:08;18/02/2026;0,007824352;Estr. Mun. do Jaguari, 10462 - Rio Abaixo, Jacareí - SP, 12334-400, Brasil;R. Rinaldo Chiarotti, 624 - Lot. Industrial Coral, Mauá - SP, 09370-843, Brasil;00:00:17;83;06:18:00;08:12:00
QSZ3D66;AMBEV, Vehicle, Diesel;18/02/2026;00:03:02;18/02/2026;0,026977789;R. Rinaldo Chiarotti, 624 - Lot. Industrial Coral, Mauá - SP, 09370-843, Brasil;R. Dr. Ulysses Guimarães, 504 - Lot. Industrial Coral, Mauá - SP, 09372-050, Brasil;00:00:16;11;08:12:00;08:12:00
QSZ3D66;AMBEV, Vehicle, Diesel;18/02/2026;00:01:51;18/02/2026;0,01610963;R. Dr. Ulysses Guimarães, 504 - Lot. Industrial Coral, Mauá - SP, 09372-050, Brasil;R. Rinaldo Chiarotti, 624 - Lot. Industrial Coral, Mauá - SP, 09370-843, Brasil;00:00:06;12;08:12:00;08:18:00
QSZ3D66;AMBEV, Vehicle, Diesel;18/02/2026;00:02:58;18/02/2026;0,008917153;R. Rinaldo Chiarotti, 624 - Lot. Industrial Coral, Mauá - SP, 09370-843, Brasil;R. Dr. Ulysses Guimarães, 694 - Lot. Industrial Coral, Mauá - SP, 09372-050, Brasil;00:00:30;13;08:18:00;08:18:00
QSZ3D66;AMBEV, Vehicle, Diesel;18/02/2026;00:02:15;18/02/2026;0,151759259;R. Dr. Ulysses Guimarães, 694 - Lot. Industrial Coral, Mauá - SP, 09372-050, Brasil;R. Rinaldo Chiarotti, 614 - Lot. Industrial Coral, Mauá - SP, 09372-060, Brasil;00:19:47;16;08:18:00;08:43:23
QSZ3D66;AMBEV, Vehicle, Diesel;18/02/2026;00:04:22;18/02/2026;0,003832188;R. Rinaldo Chiarotti, 614 - Lot. Industrial Coral, Mauá - SP, 09372-060, Brasil;R. das Acácias, 226-464 - Rp2 (Regiões de Planejamento) - RP2 (Regiões de Planejamento), Mauá - SP, 09370-445, Brasil;00:05:11;31;08:43:23;08:48:00
QSZ3D66;AMBEV, Vehicle, Diesel;18/02/2026;01:05:02;18/02/2026;0,012406111;R. das Acácias, 226-464 - Rp2 (Regiões de Planejamento) - RP2 (Regiões de Planejamento), Mauá - SP, 09370-445, Brasil;Rod. Pres. Dutra, 3761 - Jardim Luiza, Guararema - SP, 08900-000, Brasil;00:00:44;85;08:48:00;09:54:00
QSZ3D66;AMBEV, Vehicle, Diesel;18/02/2026;00:33:55;18/02/2026;0,000734942;Rod. Pres. Dutra, 3761 - Jardim Luiza, Guararema - SP, 08900-000, Brasil;Estr. Mun. do Jaguari, 10081 - Pagador de Andrade, Jacareí - SP, 12334-400, Brasil;00:00:07;79;09:54:00;10:30:00
QSZ3D66;AMBEV, Vehicle, Diesel;18/02/2026;00:00:58;18/02/2026;0,0065625;Estr. Mun. do Jaguari, 10081 - Pagador de Andrade, Jacareí - SP, 12334-400, Brasil;Estr. Mun. do Jaguari, 10081 - Pagador de Andrade, Jacareí - SP, 12334-400, Brasil;00:09:27;8;10:30:00;10:40:25
QSZ3D66;AMBEV, Vehicle, Diesel;18/02/2026;00:00:29;18/02/2026;0,009178241;Estr. Mun. do Jaguari, 10081 - Pagador de Andrade, Jacareí - SP, 12334-400, Brasil;Estr. Mun. do Jaguari, 10255 - Rio Abaixo, Jacareí - SP, 12334-400, Brasil;00:13:13;8;10:40:25;10:54:07
QSZ3D66;AMBEV, Vehicle, Diesel;18/02/2026;00:09:39;18/02/2026;0,002868345;Estr. Mun. do Jaguari, 10255 - Rio Abaixo, Jacareí - SP, 12334-400, Brasil;Estr. Mun. do Jaguari, 10255 - Rio Abaixo, Jacareí - SP, 12334-400, Brasil;00:01:23;9;10:54:07;11:06:00
QSZ3D66;AMBEV, Vehicle, Diesel;18/02/2026;00:02:08;18/02/2026;0,022823322;Estr. Mun. do Jaguari, 10255 - Rio Abaixo, Jacareí - SP, 12334-400, Brasil;Estr. Mun. do Jaguari, 9876-10276 - Rio Abaixo, Jacareí - SP, Brasil - Rio Abaixo, Jacareí - SP, 12334-400, Brasil;00:00:09;13;11:06:00;11:06:00
QSZ3D66;AMBEV, Vehicle, Diesel;18/02/2026;00:01:00;18/02/2026;0,029552419;Estr. Mun. do Jaguari, 9876-10276 - Rio Abaixo, Jacareí - SP, Brasil - Rio Abaixo, Jacareí - SP, 12334-400, Brasil;Estr. Mun. do Jaguari, 9876-10276 - Rio Abaixo, Jacareí - SP, Brasil - Rio Abaixo, Jacareí - SP, 12334-400, Brasil;00:00:10;9;11:06:00;11:06:00
QSZ3D66;AMBEV, Vehicle, Diesel;18/02/2026;00:04:00;18/02/2026;0,014895833;Estr. Mun. do Jaguari, 9876-10276 - Rio Abaixo, Jacareí - SP, Brasil - Rio Abaixo, Jacareí - SP, 12334-400, Brasil;Estr. Mun. do Jaguari, 1285 - Rio Abaixo, Jacareí - SP, 12334-400, Brasil;00:08:27;16;11:06:00;11:18:26
QSZ3D66;AMBEV, Vehicle, Diesel;18/02/2026;00:03:17;18/02/2026;0,015034722;Estr. Mun. do Jaguari, 1285 - Rio Abaixo, Jacareí - SP, 12334-400, Brasil;Estr. Mun. do Jaguari, 10001 - Pagador de Andrade, Jacareí - SP, 12334-400, Brasil;00:07:49;22;11:18:26;11:31:40
QSZ3D66;AMBEV, Vehicle, Diesel;18/02/2026;02:07:58;18/02/2026;0,005440799;Estr. Mun. do Jaguari, 10001 - Pagador de Andrade, Jacareí - SP, 12334-400, Brasil;R. João Guidi, 76 - Vila Sul Americana, Carapicuíba - SP, 06397-080, Brasil;00:00:18;83;11:31:40;13:42:00
QSZ3D66;AMBEV, Vehicle, Diesel;18/02/2026;00:05:20;18/02/2026;0,002303241;R. João Guidi, 76 - Vila Sul Americana, Carapicuíba - SP, 06397-080, Brasil;R. Novo Hamburgo, 300 - Vila Sul Americana, Carapicuíba - SP, 06397-110, Brasil;00:03:19;7;13:42:00;13:50:39
QSZ3D66;AMBEV, Vehicle, Diesel;18/02/2026;00:02:16;18/02/2026;0,024808472;R. Novo Hamburgo, 300 - Vila Sul Americana, Carapicuíba - SP, 06397-110, Brasil;R. Novo Hamburgo, 300 - Vila Sul Americana, Carapicuíba - SP, 06397-110, Brasil;00:01:06;2;13:50:39;13:54:00
QSZ3D66;AMBEV, Vehicle, Diesel;18/02/2026;00:01:39;18/02/2026;0,006090972;R. Novo Hamburgo, 300 - Vila Sul Americana, Carapicuíba - SP, 06397-110, Brasil;R. Novo Hamburgo, 300 - Vila Sul Americana, Carapicuíba - SP, 06397-110, Brasil;00:02:07;5;13:54:00;13:54:00
QSZ3D66;AMBEV, Vehicle, Diesel;18/02/2026;00:04:12;18/02/2026;0,010743194;R. Novo Hamburgo, 300 - Vila Sul Americana, Carapicuíba - SP, 06397-110, Brasil;R. João Guidi, 106 - Vila Sul Americana, Carapicuíba - SP, 06397-080, Brasil;00:05:34;9;13:54:00;14:06:00
QSZ3D66;AMBEV, Vehicle, Diesel;18/02/2026;01:13:52;18/02/2026;0,003449074;R. João Guidi, 106 - Vila Sul Americana, Carapicuíba - SP, 06397-080, Brasil;Rod. Pres. Dutra, 199 - Jardim Real, Arujá - SP, 07402-790, Brasil;00:04:58;81;14:06:00;15:24:51
QSZ3D66;AMBEV, Vehicle, Diesel;18/02/2026;00:28:00;18/02/2026;0,053757442;Rod. Pres. Dutra, 199 - Jardim Real, Arujá - SP, 07402-790, Brasil;Rod. Pres. Dutra, 3761 - Jardim Luiza, Guararema - SP, 08900-000, Brasil;00:00:42;83;15:24:51;15:54:00
QSZ3D66;AMBEV, Vehicle, Diesel;18/02/2026;00:34:49;18/02/2026;0,008573877;Rod. Pres. Dutra, 3761 - Jardim Luiza, Guararema - SP, 08900-000, Brasil;Estr. Mun. do Jaguari, 10461-10977 - Rio Abaixo, Jacareí - SP, Brasil - Rio Abaixo, Jacareí - SP, 12334-400, Brasil;00:00:20;81;15:54:00;16:30:00
QSZ3D66;AMBEV, Vehicle, Diesel;18/02/2026;00:04:28;18/02/2026;0,001032257;Estr. Mun. do Jaguari, 10461-10977 - Rio Abaixo, Jacareí - SP, Brasil - Rio Abaixo, Jacareí - SP, 12334-400, Brasil;Estr. Mun. do Jaguari, 10255 - Rio Abaixo, Jacareí - SP, 12334-400, Brasil;00:00:07;20;16:30:00;16:36:00
QSZ3D66;AMBEV, Vehicle, Diesel;18/02/2026;00:01:20;18/02/2026;0,017574676;Estr. Mun. do Jaguari, 10255 - Rio Abaixo, Jacareí - SP, 12334-400, Brasil;Estr. Mun. do Jaguari, 1285 - Rio Abaixo, Jacareí - SP, 12334-400, Brasil;00:00:28;4;16:36:00;16:36:00
QSZ3D66;AMBEV, Vehicle, Diesel;18/02/2026;00:00:51;18/02/2026;0,001638495;Estr. Mun. do Jaguari, 1285 - Rio Abaixo, Jacareí - SP, 12334-400, Brasil;Estr. Mun. do Jaguari, 9876-10276 - Rio Abaixo, Jacareí - SP, Brasil - Rio Abaixo, Jacareí - SP, 12334-400, Brasil;00:00:04;9;16:36:00;16:36:00
QSZ3D66;AMBEV, Vehicle, Diesel;18/02/2026;00:02:59;18/02/2026;0,043336412;Estr. Mun. do Jaguari, 9876-10276 - Rio Abaixo, Jacareí - SP, Brasil - Rio Abaixo, Jacareí - SP, 12334-400, Brasil;Estrada Sem Nome - Jacareí, SP, Brasil;00:00:04;24;16:36:00;16:36:00
QSZ3D66;AMBEV, Vehicle, Diesel;18/02/2026;00:00:29;18/02/2026;0,031121991;Estrada Sem Nome - Jacareí, SP, Brasil;Estrada Sem Nome - Jacareí, SP, Brasil;00:00:21;0;16:36:00;16:42:00
QSZ3D66;AMBEV, Vehicle, Diesel;18/02/2026;00:03:20;18/02/2026;0,051606308;Estrada Sem Nome - Jacareí, SP, Brasil;Estrada Sem Nome - Jacareí, SP, Brasil;00:05:15;5;16:42:00;16:48:00
QSZ3D66;AMBEV, Vehicle, Diesel;18/02/2026;00:04:32;18/02/2026;0,014337558;Estrada Sem Nome - Jacareí, SP, Brasil;Estrada Sem Nome - Jacareí, SP, Brasil;00:00:10;16;16:48:00;16:54:00
QSZ3D66;AMBEV, Vehicle, Diesel;18/02/2026;00:02:18;18/02/2026;0,001607512;Estrada Sem Nome - Jacareí, SP, Brasil;Estrada Sem Nome - Jacareí, SP, Brasil;00:00:04;12;16:54:00;16:54:00
QSZ3D66;AMBEV, Vehicle, Diesel;18/02/2026;00:03:42;18/02/2026;0,008325556;Estrada Sem Nome - Jacareí, SP, Brasil;Estrada Sem Nome - Jacareí, SP, Brasil;00:00:19;7;16:54:00;17:00:00
QSZ3D66;AMBEV, Vehicle, Diesel;18/02/2026;00:08:55;18/02/2026;0,018842593;Estrada Sem Nome - Jacareí, SP, Brasil;Estrada Sem Nome - Jacareí, SP, Brasil;00:02:10;16;17:00:00;17:07:57
QSZ3D66;AMBEV, Vehicle, Diesel;18/02/2026;00:10:13;18/02/2026;0,115596273;Estrada Sem Nome - Jacareí, SP, Brasil;Estr. Mun. do Jaguari, 9876-10276 - Rio Abaixo, Jacareí - SP, Brasil - Rio Abaixo, Jacareí - SP, 12334-400, Brasil;00:06:26;7;17:07:57;17:30:00
QSZ3D66;AMBEV, Vehicle, Diesel;19/02/2026;00:19:06;19/02/2026;0,006429595;Estr. Mun. do Jaguari, 9876-10276 - Rio Abaixo, Jacareí - SP, Brasil - Rio Abaixo, Jacareí - SP, 12334-400, Brasil;Estr. Mun. do Jaguari, 9876-10276 - Rio Abaixo, Jacareí - SP, Brasil - Rio Abaixo, Jacareí - SP, 12334-400, Brasil;00:00:03;28;17:30:00;17:48:00
QSZ3D66;AMBEV, Vehicle, Diesel;19/02/2026;00:01:39;19/02/2026;0,003753843;Estr. Mun. do Jaguari, 9876-10276 - Rio Abaixo, Jacareí - SP, Brasil - Rio Abaixo, Jacareí - SP, 12334-400, Brasil;Estr. Mun. do Jaguari, 9876-10276 - Rio Abaixo, Jacareí - SP, Brasil - Rio Abaixo, Jacareí - SP, 12334-400, Brasil;00:05:24;9;17:48:00;17:55:03
QSZ3D66;AMBEV, Vehicle, Diesel;19/02/2026;00:06:35;19/02/2026;0,008748924;Estr. Mun. do Jaguari, 9876-10276 - Rio Abaixo, Jacareí - SP, Brasil - Rio Abaixo, Jacareí - SP, 12334-400, Brasil;Estrada Sem Nome - Jacareí, SP, Brasil;00:00:12;20;17:55:03;18:00:00
QSZ3D66;AMBEV, Vehicle, Diesel;19/02/2026;00:01:54;19/02/2026;0,051252708;Estrada Sem Nome - Jacareí, SP, Brasil;Estrada Sem Nome - Jacareí, SP, Brasil;00:00:00;8;18:00:00;18:00:00
QSZ3D66;AMBEV, Vehicle, Diesel;19/02/2026;00:04:53;19/02/2026;0,008842593;Estrada Sem Nome - Jacareí, SP, Brasil;Estr. Mun. do Jaguari, 9876-10276 - Rio Abaixo, Jacareí - SP, Brasil - Rio Abaixo, Jacareí - SP, 12334-400, Brasil;00:12:44;6;18:00:00;18:17:37
QSZ3D66;AMBEV, Vehicle, Diesel;19/02/2026;00:00:37;19/02/2026;0,01740081;Estr. Mun. do Jaguari, 9876-10276 - Rio Abaixo, Jacareí - SP, Brasil - Rio Abaixo, Jacareí - SP, 12334-400, Brasil;Estr. Mun. do Jaguari, 9876-10276 - Rio Abaixo, Jacareí - SP, Brasil - Rio Abaixo, Jacareí - SP, 12334-400, Brasil;00:00:05;7;18:17:37;18:18:00
QSZ3D66;AMBEV, Vehicle, Diesel;19/02/2026;00:02:52;19/02/2026;0,004495822;Estr. Mun. do Jaguari, 9876-10276 - Rio Abaixo, Jacareí - SP, Brasil - Rio Abaixo, Jacareí - SP, 12334-400, Brasil;Estr. Mun. do Jaguari, 9876-10276 - Rio Abaixo, Jacareí - SP, Brasil - Rio Abaixo, Jacareí - SP, 12334-400, Brasil;00:00:55;3;18:18:00;18:24:00
QSZ3D66;AMBEV, Vehicle, Diesel;19/02/2026;00:02:19;19/02/2026;0,182990347;Estr. Mun. do Jaguari, 9876-10276 - Rio Abaixo, Jacareí - SP, Brasil - Rio Abaixo, Jacareí - SP, 12334-400, Brasil;Estr. Mun. do Jaguari, 9876-10276 - Rio Abaixo, Jacareí - SP, Brasil - Rio Abaixo, Jacareí - SP, 12334-400, Brasil;00:00:23;7;18:24:00;18:30:00
QSZ3D66;AMBEV, Vehicle, Diesel;19/02/2026;00:04:55;19/02/2026;0,003118067;Estr. Mun. do Jaguari, 9876-10276 - Rio Abaixo, Jacareí - SP, Brasil - Rio Abaixo, Jacareí - SP, 12334-400, Brasil;Estr. Mun. do Jaguari, 10255 - Rio Abaixo, Jacareí - SP, 12334-400, Brasil;00:04:29;14;18:30:00;18:39:24
QSZ3D66;AMBEV, Vehicle, Diesel;19/02/2026;00:00:47;19/02/2026;0,000879954;Estr. Mun. do Jaguari, 10255 - Rio Abaixo, Jacareí - SP, 12334-400, Brasil;Estr. Mun. do Jaguari, 10255 - Rio Abaixo, Jacareí - SP, 12334-400, Brasil;00:00:03;2;18:39:24;18:36:00
QSZ3D66;AMBEV, Vehicle, Diesel;19/02/2026;00:01:37;19/02/2026;0,000237998;Estr. Mun. do Jaguari, 10255 - Rio Abaixo, Jacareí - SP, 12334-400, Brasil;Estr. Mun. do Jaguari, 10081 - Pagador de Andrade, Jacareí - SP, 12334-400, Brasil;00:00:03;20;18:36:00;18:36:00
QSZ3D66;AMBEV, Vehicle, Diesel;19/02/2026;00:02:56;19/02/2026;0,003761574;Estr. Mun. do Jaguari, 10081 - Pagador de Andrade, Jacareí - SP, 12334-400, Brasil;Estr. Mun. do Jaguari, 1285 - Rio Abaixo, Jacareí - SP, 12334-400, Brasil;00:05:25;15;18:36:00;18:44:21
QSZ3D66;AMBEV, Vehicle, Diesel;19/02/2026;00:02:58;19/02/2026;0,016023102;Estr. Mun. do Jaguari, 1285 - Rio Abaixo, Jacareí - SP, 12334-400, Brasil;Estr. Mun. do Jaguari, 9876-10276 - Rio Abaixo, Jacareí - SP, Brasil - Rio Abaixo, Jacareí - SP, 12334-400, Brasil;00:00:05;9;18:44:21;18:48:00
QSZ3D66;AMBEV, Vehicle, Diesel;19/02/2026;00:03:42;19/02/2026;0,010217083;Estr. Mun. do Jaguari, 9876-10276 - Rio Abaixo, Jacareí - SP, Brasil - Rio Abaixo, Jacareí - SP, 12334-400, Brasil;Estrada Sem Nome - Jacareí, SP, Brasil;00:02:46;22;18:48:00;18:54:00
QSZ3D66;AMBEV, Vehicle, Diesel;19/02/2026;00:00:26;19/02/2026;0,009855359;Estrada Sem Nome - Jacareí, SP, Brasil;Estrada Sem Nome - Jacareí, SP, Brasil;00:00:08;6;18:54:00;19:00:00
QSZ3D66;AMBEV, Vehicle, Diesel;19/02/2026;00:00:32;19/02/2026;0,00495397;Estrada Sem Nome - Jacareí, SP, Brasil;Estrada Sem Nome - Jacareí, SP, Brasil;00:00:10;9;19:00:00;19:00:00
QSZ3D66;AMBEV, Vehicle, Diesel;19/02/2026;00:04:46;19/02/2026;0,036471968;Estrada Sem Nome - Jacareí, SP, Brasil;Estrada Sem Nome - Jacareí, SP, Brasil;00:06:50;10;19:00:00;19:12:00
QSZ3D66;AMBEV, Vehicle, Diesel;19/02/2026;00:02:08;19/02/2026;0,031057998;Estrada Sem Nome - Jacareí, SP, Brasil;Estr. Mun. do Jaguari, 9876-10276 - Rio Abaixo, Jacareí - SP, Brasil - Rio Abaixo, Jacareí - SP, 12334-400, Brasil;00:00:06;13;19:12:00;19:12:00
QSZ3D66;AMBEV, Vehicle, Diesel;19/02/2026;00:04:42;19/02/2026;0,028123021;Estr. Mun. do Jaguari, 9876-10276 - Rio Abaixo, Jacareí - SP, Brasil - Rio Abaixo, Jacareí - SP, 12334-400, Brasil;Estr. Mun. do Jaguari, 9876-10276 - Rio Abaixo, Jacareí - SP, Brasil - Rio Abaixo, Jacareí - SP, 12334-400, Brasil;00:12:39;5;19:12:00;19:30:00
QSZ3D66;AMBEV, Vehicle, Diesel;19/02/2026;02:07:33;19/02/2026;0,000277616;Estr. Mun. do Jaguari, 9876-10276 - Rio Abaixo, Jacareí - SP, Brasil - Rio Abaixo, Jacareí - SP, 12334-400, Brasil;Rua Robert Bosch, 65 - Platina, Osasco - SP, 06273-072, Brasil;00:00:01;85;19:30:00;21:36:00
QSZ3D66;AMBEV, Vehicle, Diesel;19/02/2026;00:03:43;19/02/2026;0,006782407;Rua Robert Bosch, 65 - Platina, Osasco - SP, 06273-072, Brasil;SP-330, 1068 - Jd S Joao Bela Vista, Osasco - SP, 06278-000, Brasil;00:09:46;16;21:36:00;21:49:29
QSZ3D66;AMBEV, Vehicle, Diesel;19/02/2026;00:02:25;19/02/2026;0,060520023;SP-330, 1068 - Jd S Joao Bela Vista, Osasco - SP, 06278-000, Brasil;CD AMBEV OSASCO: R. Américo Vespúcio, 900 - Vila Menck, Osasco - SP, 06273-070, Brasil;00:00:05;13;21:49:29;21:54:00
QSZ3D66;AMBEV, Vehicle, Diesel;19/02/2026;00:02:34;19/02/2026;0,000496285;CD AMBEV OSASCO: R. Américo Vespúcio, 900 - Vila Menck, Osasco - SP, 06273-070, Brasil;CD AMBEV OSASCO: R. Américo Vespúcio, 900 - Vila Menck, Osasco - SP, 06273-070, Brasil;00:00:12;10;21:54:00;21:54:00
QSZ3D66;AMBEV, Vehicle, Diesel;19/02/2026;00:04:56;19/02/2026;0,023854317;CD AMBEV OSASCO: R. Américo Vespúcio, 900 - Vila Menck, Osasco - SP, 06273-070, Brasil;CD AMBEV OSASCO: R. Américo Vespúcio, 900 - Vila Menck, Osasco - SP, 06273-070, Brasil;00:00:06;9;21:54:00;22:00:02
QSZ3D66;AMBEV, Vehicle, Diesel;19/02/2026;00:02:55;19/02/2026;0,001505984;CD AMBEV OSASCO: R. Américo Vespúcio, 900 - Vila Menck, Osasco - SP, 06273-070, Brasil;SP-330, 1068 - Jd S Joao Bela Vista, Osasco - SP, 06278-000, Brasil;00:00:05;18;22:00:02;22:06:00
QSZ3D66;AMBEV, Vehicle, Diesel;19/02/2026;00:01:07;19/02/2026;0,015416667;SP-330, 1068 - Jd S Joao Bela Vista, Osasco - SP, 06278-000, Brasil;SP-330, 1068 - Jd S Joao Bela Vista, Osasco - SP, 06278-000, Brasil;00:22:12;15;22:06:00;22:29:19
QSZ3D66;AMBEV, Vehicle, Diesel;19/02/2026;00:01:13;19/02/2026;0,001791493;SP-330, 1068 - Jd S Joao Bela Vista, Osasco - SP, 06278-000, Brasil;SP-330, 1068 - Jd S Joao Bela Vista, Osasco - SP, 06278-000, Brasil;00:00:02;9;22:29:19;22:30:00
QSZ3D66;AMBEV, Vehicle, Diesel;19/02/2026;01:08:18;19/02/2026;0,014639329;SP-330, 1068 - Jd S Joao Bela Vista, Osasco - SP, 06278-000, Brasil;Rod. Pres. Dutra, 3761 - Jardim Luiza, Guararema - SP, 08900-000, Brasil;00:00:43;83;22:30:00;23:36:00
QSZ3D66;AMBEV, Vehicle, Diesel;19/02/2026;00:40:05;19/02/2026;0,006180556;Rod. Pres. Dutra, 3761 - Jardim Luiza, Guararema - SP, 08900-000, Brasil;Estr. Mun. do Jaguari, 10081 - Pagador de Andrade, Jacareí - SP, 12334-400, Brasil;00:08:33;81;23:36:00;00:26:16
QSZ3D66;AMBEV, Vehicle, Diesel;19/02/2026;00:05:34;19/02/2026;0,031582697;Estr. Mun. do Jaguari, 10081 - Pagador de Andrade, Jacareí - SP, 12334-400, Brasil;Estr. Mun. do Jaguari, 9876-10276 - Rio Abaixo, Jacareí - SP, Brasil - Rio Abaixo, Jacareí - SP, 12334-400, Brasil;00:01:24;15;00:26:16;00:36:00
QSZ3D66;AMBEV, Vehicle, Diesel;19/02/2026;00:09:08;19/02/2026;0,014604039;Estr. Mun. do Jaguari, 9876-10276 - Rio Abaixo, Jacareí - SP, Brasil - Rio Abaixo, Jacareí - SP, 12334-400, Brasil;Estr. Mun. do Jaguari, 10462 - Rio Abaixo, Jacareí - SP, 12334-400, Brasil;00:00:58;28;00:36:00;00:42:00
QSZ3D66;AMBEV, Vehicle, Diesel;19/02/2026;00:03:03;19/02/2026;0,00271735;Estr. Mun. do Jaguari, 10462 - Rio Abaixo, Jacareí - SP, 12334-400, Brasil;Estr. Mun. do Jaguari, 9032 - Rio Abaixo, Jacareí - SP, 12309, Brasil;00:00:16;55;00:42:00;00:48:00
QSZ3D66;AMBEV, Vehicle, Diesel;19/02/2026;00:04:17;19/02/2026;0,002314815;Estr. Mun. do Jaguari, 9032 - Rio Abaixo, Jacareí - SP, 12309, Brasil;Estr. Mun. do Jaguari, 10428-10460 - Rio Abaixo, Jacareí - SP, Brasil - Rio Abaixo, Jacareí - SP, 12334-400, Brasil;00:03:20;46;00:48:00;00:55:37
QSZ3D66;AMBEV, Vehicle, Diesel;19/02/2026;00:01:31;19/02/2026;0,007295822;Estr. Mun. do Jaguari, 10428-10460 - Rio Abaixo, Jacareí - SP, Brasil - Rio Abaixo, Jacareí - SP, 12334-400, Brasil;Estr. Mun. do Jaguari, 9876-10276 - Rio Abaixo, Jacareí - SP, Brasil - Rio Abaixo, Jacareí - SP, 12334-400, Brasil;00:00:17;28;00:55:37;00:54:00
QSZ3D66;AMBEV, Vehicle, Diesel;19/02/2026;00:01:59;19/02/2026;0,009675926;Estr. Mun. do Jaguari, 9876-10276 - Rio Abaixo, Jacareí - SP, Brasil - Rio Abaixo, Jacareí - SP, 12334-400, Brasil;Estr. Mun. do Jaguari, 9876-10276 - Rio Abaixo, Jacareí - SP, Brasil - Rio Abaixo, Jacareí - SP, 12334-400, Brasil;00:13:56;20;00:54:00;01:09:55
QSZ3D66;AMBEV, Vehicle, Diesel;19/02/2026;00:04:44;19/02/2026;0,026365741;Estr. Mun. do Jaguari, 9876-10276 - Rio Abaixo, Jacareí - SP, Brasil - Rio Abaixo, Jacareí - SP, 12334-400, Brasil;Estr. Mun. do Jaguari, 9876-10276 - Rio Abaixo, Jacareí - SP, Brasil - Rio Abaixo, Jacareí - SP, 12334-400, Brasil;00:19:50;5;01:09:55;01:37:39
QSZ3D66;AMBEV, Vehicle, Diesel;19/02/2026;00:02:44;19/02/2026;0,004560185;Estr. Mun. do Jaguari, 9876-10276 - Rio Abaixo, Jacareí - SP, Brasil - Rio Abaixo, Jacareí - SP, 12334-400, Brasil;Estr. Mun. do Jaguari, 9876-10276 - Rio Abaixo, Jacareí - SP, Brasil - Rio Abaixo, Jacareí - SP, 12334-400, Brasil;00:06:34;5;01:37:39;01:46:57
QSZ3D66;AMBEV, Vehicle, Diesel;19/02/2026;00:00:44;19/02/2026;0,037317766;Estr. Mun. do Jaguari, 9876-10276 - Rio Abaixo, Jacareí - SP, Brasil - Rio Abaixo, Jacareí - SP, 12334-400, Brasil;Estr. Mun. do Jaguari, 9876-10276 - Rio Abaixo, Jacareí - SP, Brasil - Rio Abaixo, Jacareí - SP, 12334-400, Brasil;00:00:02;3;01:46:57;01:48:00
QSZ3D66;AMBEV, Vehicle, Diesel;20/02/2026;00:01:02;20/02/2026;0,00772566;Estr. Mun. do Jaguari, 9876-10276 - Rio Abaixo, Jacareí - SP, Brasil - Rio Abaixo, Jacareí - SP, 12334-400, Brasil;Estr. Mun. do Jaguari, 1285 - Rio Abaixo, Jacareí - SP, 12334-400, Brasil;00:00:06;7;01:48:00;01:48:00
QSZ3D66;AMBEV, Vehicle, Diesel;20/02/2026;00:03:54;20/02/2026;0,05465838;Estr. Mun. do Jaguari, 1285 - Rio Abaixo, Jacareí - SP, 12334-400, Brasil;Estr. Mun. do Jaguari, 10255 - Rio Abaixo, Jacareí - SP, 12334-400, Brasil;00:03:18;7;01:48:00;01:54:00
QSZ3D66;AMBEV, Vehicle, Diesel;20/02/2026;00:02:03;20/02/2026;0,063273241;Estr. Mun. do Jaguari, 10255 - Rio Abaixo, Jacareí - SP, 12334-400, Brasil;Estr. Mun. do Jaguari, 10081 - Pagador de Andrade, Jacareí - SP, 12334-400, Brasil;00:00:49;2;01:54:00;02:00:00
QSZ3D66;AMBEV, Vehicle, Diesel;20/02/2026;00:00:51;20/02/2026;0,003150255;Estr. Mun. do Jaguari, 10081 - Pagador de Andrade, Jacareí - SP, 12334-400, Brasil;Estr. Mun. do Jaguari, 10081 - Pagador de Andrade, Jacareí - SP, 12334-400, Brasil;00:01:24;1;02:00:00;02:00:00
QSZ3D66;AMBEV, Vehicle, Diesel;20/02/2026;00:05:52;20/02/2026;0,054155081;Estr. Mun. do Jaguari, 10081 - Pagador de Andrade, Jacareí - SP, 12334-400, Brasil;Estr. Mun. do Jaguari, 9876-10276 - Rio Abaixo, Jacareí - SP, Brasil - Rio Abaixo, Jacareí - SP, 12334-400, Brasil;00:01:04;6;02:00:00;02:06:00
QSZ3D66;AMBEV, Vehicle, Diesel;20/02/2026;00:00:24;20/02/2026;0,00625;Estr. Mun. do Jaguari, 9876-10276 - Rio Abaixo, Jacareí - SP, Brasil - Rio Abaixo, Jacareí - SP, 12334-400, Brasil;Estr. Mun. do Jaguari, 9876-10276 - Rio Abaixo, Jacareí - SP, Brasil - Rio Abaixo, Jacareí - SP, 12334-400, Brasil;00:09:00;0;02:06:00;02:15:24
QSZ3D66;AMBEV, Vehicle, Diesel;20/02/2026;00:03:32;20/02/2026;0,053274826;Estr. Mun. do Jaguari, 9876-10276 - Rio Abaixo, Jacareí - SP, Brasil - Rio Abaixo, Jacareí - SP, 12334-400, Brasil;Estr. Mun. do Jaguari, 9876-10276 - Rio Abaixo, Jacareí - SP, Brasil - Rio Abaixo, Jacareí - SP, 12334-400, Brasil;00:02:34;12;02:15:24;02:24:00
QSZ3D66;AMBEV, Vehicle, Diesel;20/02/2026;00:02:18;20/02/2026;0,02965772;Estr. Mun. do Jaguari, 9876-10276 - Rio Abaixo, Jacareí - SP, Brasil - Rio Abaixo, Jacareí - SP, 12334-400, Brasil;Estr. Mun. do Jaguari, 9876-10276 - Rio Abaixo, Jacareí - SP, Brasil - Rio Abaixo, Jacareí - SP, 12334-400, Brasil;00:00:05;8;02:24:00;02:24:00
QSZ3D66;AMBEV, Vehicle, Diesel;20/02/2026;00:05:58;20/02/2026;0,063144306;Estr. Mun. do Jaguari, 9876-10276 - Rio Abaixo, Jacareí - SP, Brasil - Rio Abaixo, Jacareí - SP, 12334-400, Brasil;Estrada Sem Nome - Jacareí, SP, Brasil;00:00:03;22;02:24:00;02:30:00
QSZ3D66;AMBEV, Vehicle, Diesel;20/02/2026;00:07:13;20/02/2026;0,004198252;Estrada Sem Nome - Jacareí, SP, Brasil;Estrada Sem Nome - Jacareí, SP, Brasil;00:00:18;18;02:30:00;02:36:00
QSZ3D66;AMBEV, Vehicle, Diesel;20/02/2026;00:02:32;20/02/2026;0,037180868;Estrada Sem Nome - Jacareí, SP, Brasil;Estrada Sem Nome - Jacareí, SP, Brasil;00:00:08;10;02:36:00;02:42:00
QSZ3D66;AMBEV, Vehicle, Diesel;20/02/2026;00:08:19;20/02/2026;0,015779826;Estrada Sem Nome - Jacareí, SP, Brasil;Estr. Mun. do Jaguari, 9876-10276 - Rio Abaixo, Jacareí - SP, Brasil - Rio Abaixo, Jacareí - SP, 12334-400, Brasil;00:00:06;15;02:42:00;02:48:00
QSZ3D66;AMBEV, Vehicle, Diesel;20/02/2026;00:01:37;20/02/2026;0,003031979;Estr. Mun. do Jaguari, 9876-10276 - Rio Abaixo, Jacareí - SP, Brasil - Rio Abaixo, Jacareí - SP, 12334-400, Brasil;Estr. Mun. do Jaguari, 10081 - Pagador de Andrade, Jacareí - SP, 12334-400, Brasil;00:00:04;16;02:48:00;02:48:00
QSZ3D66;AMBEV, Vehicle, Diesel;20/02/2026;00:37:03;20/02/2026;0,010949074;Estr. Mun. do Jaguari, 10081 - Pagador de Andrade, Jacareí - SP, 12334-400, Brasil;R. Carlos Marcondes, 239 - Jardim Limoeiro, São José dos Campos - SP, 12230-002, Brasil;00:02:46;74;02:48:00;03:32:41
QSZ3D66;AMBEV, Vehicle, Diesel;20/02/2026;00:05:35;20/02/2026;0,006579699;R. Carlos Marcondes, 239 - Jardim Limoeiro, São José dos Campos - SP, 12230-002, Brasil;R. Carlos Marcondes, 315 - Jardim Limoeiro, São José dos Campos - SP, 12241-421, Brasil;00:03:28;12;03:32:41;03:42:00
QSZ3D66;AMBEV, Vehicle, Diesel;20/02/2026;00:00:57;20/02/2026;0,012397188;R. Carlos Marcondes, 315 - Jardim Limoeiro, São José dos Campos - SP, 12241-421, Brasil;R. Carlos Marcondes, 315 - Jardim Limoeiro, São José dos Campos - SP, 12241-421, Brasil;00:00:05;2;03:42:00;03:42:00
QSZ3D66;AMBEV, Vehicle, Diesel;20/02/2026;00:03:11;20/02/2026;0,029946157;R. Carlos Marcondes, 315 - Jardim Limoeiro, São José dos Campos - SP, 12241-421, Brasil;R. Carlos Marcondes, 1480 - Jardim Limoeiro, São José dos Campos - SP, 12230-002, Brasil;00:00:23;7;03:42:00;03:42:00
QSZ3D66;AMBEV, Vehicle, Diesel;20/02/2026;00:02:50;20/02/2026;0,001276817;R. Carlos Marcondes, 1480 - Jardim Limoeiro, São José dos Campos - SP, 12230-002, Brasil;R. Carlos Marcondes, 1622 - Jardim Limoeiro, São José dos Campos - SP, 12241-421, Brasil;00:00:04;11;03:42:00;03:48:00
QSZ3D66;AMBEV, Vehicle, Diesel;20/02/2026;00:09:31;20/02/2026;0,049176053;R. Carlos Marcondes, 1622 - Jardim Limoeiro, São José dos Campos - SP, 12241-421, Brasil;Estr. Mun. Abade Biagino Chieffi, 1434 - Pagador de Andrade, Jacareí - SP, 12334-480, Brasil;00:00:09;77;03:48:00;03:54:00
QSZ3D66;AMBEV, Vehicle, Diesel;20/02/2026;00:15:13;20/02/2026;0,044279537;Estr. Mun. Abade Biagino Chieffi, 1434 - Pagador de Andrade, Jacareí - SP, 12334-480, Brasil;Estr. Mun. do Jaguari, 1285 - Rio Abaixo, Jacareí - SP, 12334-400, Brasil;00:00:05;59;03:54:00;04:12:00
QSZ3D66;AMBEV, Vehicle, Diesel;20/02/2026;00:07:14;20/02/2026;0,006647535;Estr. Mun. do Jaguari, 1285 - Rio Abaixo, Jacareí - SP, 12334-400, Brasil;Estr. Mun. do Jaguari, 9876-10276 - Rio Abaixo, Jacareí - SP, Brasil - Rio Abaixo, Jacareí - SP, 12334-400, Brasil;00:00:20;12;04:12:00;04:18:00
QSZ3D66;AMBEV, Vehicle, Diesel;20/02/2026;00:04:36;20/02/2026;0,06309169;Estr. Mun. do Jaguari, 9876-10276 - Rio Abaixo, Jacareí - SP, Brasil - Rio Abaixo, Jacareí - SP, 12334-400, Brasil;Estr. Mun. do Jaguari, 10001 - Pagador de Andrade, Jacareí - SP, 12334-400, Brasil;00:08:46;24;04:18:00;04:36:00
QSZ3D66;AMBEV, Vehicle, Diesel;20/02/2026;00:00:11;20/02/2026;0,006085648;Estr. Mun. do Jaguari, 10001 - Pagador de Andrade, Jacareí - SP, 12334-400, Brasil;Estr. Mun. do Jaguari, 10428-10460 - Rio Abaixo, Jacareí - SP, Brasil - Rio Abaixo, Jacareí - SP, 12334-400, Brasil;00:08:11;0;04:36:00;04:42:00
QSZ3D66;AMBEV, Vehicle, Diesel;20/02/2026;00:00:00;20/02/2026;0,009369005;Estr. Mun. do Jaguari, 10428-10460 - Rio Abaixo, Jacareí - SP, Brasil - Rio Abaixo, Jacareí - SP, 12334-400, Brasil;Estr. Mun. do Jaguari, 10001 - Pagador de Andrade, Jacareí - SP, 12334-400, Brasil;00:13:05;0;04:42:00;04:54:00
QSZ3D66;AMBEV, Vehicle, Diesel;20/02/2026;02:01:42;20/02/2026;0,006139838;Estr. Mun. do Jaguari, 10001 - Pagador de Andrade, Jacareí - SP, 12334-400, Brasil;SP-065 Rod. Dom Pedro I, km 110,3 sul, Itatiba - SP, 13252-350, Brasil;00:08:05;85;04:54:00;07:06:00
QSZ3D66;AMBEV, Vehicle, Diesel;20/02/2026;00:43:14;20/02/2026;0,002303241;SP-065 Rod. Dom Pedro I, km 110,3 sul, Itatiba - SP, 13252-350, Brasil;Av. Sidnei Cardon de Oliveira, 2037 - Cascata, Paulínia - SP, 13146-052, Brasil;00:03:19;83;07:06:00;07:52:33
QSZ3D66;AMBEV, Vehicle, Diesel;20/02/2026;00:18:27;20/02/2026;0,007604167;Av. Sidnei Cardon de Oliveira, 2037 - Cascata, Paulínia - SP, 13146-052, Brasil;Av. Paris, 232 - João Aranha, Paulínia - SP, 13146-027, Brasil;00:10:17;65;07:52:33;08:21:54
QSZ3D66;AMBEV, Vehicle, Diesel;20/02/2026;00:07:40;20/02/2026;0,000774525;Av. Paris, 232 - João Aranha, Paulínia - SP, 13146-027, Brasil;Av. Paris, 96-700 - Cascata, Paulínia - SP, 13140-000, Brasil;00:00:20;10;08:21:54;08:30:00
QSZ3D66;AMBEV, Vehicle, Diesel;20/02/2026;00:00:37;20/02/2026;0,045307581;Av. Paris, 96-700 - Cascata, Paulínia - SP, 13140-000, Brasil;Av. Paris, 96-700 - Cascata, Paulínia - SP, 13140-000, Brasil;00:00:08;1;08:30:00;08:30:00
QSZ3D66;AMBEV, Vehicle, Diesel;20/02/2026;00:02:13;20/02/2026;0,016733866;Av. Paris, 96-700 - Cascata, Paulínia - SP, 13140-000, Brasil;Av. Paris, 96-700 - Cascata, Paulínia - SP, 13140-000, Brasil;00:00:20;10;08:30:00;08:30:00
QSZ3D66;AMBEV, Vehicle, Diesel;20/02/2026;00:01:47;20/02/2026;0,006818646;Av. Paris, 96-700 - Cascata, Paulínia - SP, 13140-000, Brasil;Av. Paris, 190 - Cascata, Paulínia - SP, 13146-027, Brasil;00:01:25;15;08:30:00;08:36:00
QSZ3D66;AMBEV, Vehicle, Diesel;20/02/2026;00:02:26;20/02/2026;0,045393519;Av. Paris, 190 - Cascata, Paulínia - SP, 13146-027, Brasil;Avenida Madrid, 500 - Cascata, Paulínia - SP, 13145-247, Brasil;01:05:01;13;08:36:00;09:40:57
QSZ3D66;AMBEV, Vehicle, Diesel;21/02/2026;01:08:16;21/02/2026;0,016567743;Avenida Madrid, 500 - Cascata, Paulínia - SP, 13145-247, Brasil;SP-065 - Pte. Alta, Jarinu - SP, 13240-000, Brasil;00:01:10;83;09:40:57;10:54:00
QSZ3D66;AMBEV, Vehicle, Diesel;21/02/2026;00:03:28;21/02/2026;0,093922049;SP-065 - Pte. Alta, Jarinu - SP, 13240-000, Brasil;SP-065 - Pte. Alta, Jarinu - SP, 13240-000, Brasil;00:03:39;7;10:54:00;11:00:00
QSZ3D66;AMBEV, Vehicle, Diesel;21/02/2026;01:40:34;21/02/2026;0,007261204;SP-065 - Pte. Alta, Jarinu - SP, 13240-000, Brasil;Estr. Mun. do Jaguari, 10255 - Rio Abaixo, Jacareí - SP, 12334-400, Brasil;00:00:07;85;11:00:00;12:42:00
QSZ3D66;AMBEV, Vehicle, Diesel;21/02/2026;00:01:42;21/02/2026;0,003548148;Estr. Mun. do Jaguari, 10255 - Rio Abaixo, Jacareí - SP, 12334-400, Brasil;Estr. Mun. do Jaguari, 9876-10276 - Rio Abaixo, Jacareí - SP, Brasil - Rio Abaixo, Jacareí - SP, 12334-400, Brasil;00:00:06;10;12:42:00;12:42:00
QSZ3D66;AMBEV, Vehicle, Diesel;21/02/2026;00:03:07;21/02/2026;0,002300984;Estr. Mun. do Jaguari, 9876-10276 - Rio Abaixo, Jacareí - SP, Brasil - Rio Abaixo, Jacareí - SP, 12334-400, Brasil;Estrada Sem Nome - Jacareí, SP, Brasil;00:03:18;16;12:42:00;12:48:25
QSZ3D66;AMBEV, Vehicle, Diesel;21/02/2026;00:03:57;21/02/2026;0,004438206;Estrada Sem Nome - Jacareí, SP, Brasil;Estrada Sem Nome - Jacareí, SP, Brasil;00:02:02;22;12:48:25;12:54:00
QSZ3D66;AMBEV, Vehicle, Diesel;21/02/2026;00:01:05;21/02/2026;0,117729803;Estrada Sem Nome - Jacareí, SP, Brasil;Estr. Mun. do Jaguari, 9876-10276 - Rio Abaixo, Jacareí - SP, Brasil - Rio Abaixo, Jacareí - SP, 12334-400, Brasil;00:02:09;10;12:54:00;12:54:00
QSZ3D66;AMBEV, Vehicle, Diesel;21/02/2026;00:04:53;21/02/2026;0,016017222;Estr. Mun. do Jaguari, 9876-10276 - Rio Abaixo, Jacareí - SP, Brasil - Rio Abaixo, Jacareí - SP, 12334-400, Brasil;Estrada Sem Nome - Jacareí, SP, Brasil;00:23:03;20;12:54:00;13:20:54
QSZ3D66;AMBEV, Vehicle, Diesel;21/02/2026;00:07:49;21/02/2026;0,024550995;Estrada Sem Nome - Jacareí, SP, Brasil;Estr. Mun. do Jaguari, 9876-10276 - Rio Abaixo, Jacareí - SP, Brasil - Rio Abaixo, Jacareí - SP, 12334-400, Brasil;00:00:07;7;13:20:54;13:30:00
QSZ3D66;AMBEV, Vehicle, Diesel;21/02/2026;00:02:59;21/02/2026;0,012773495;Estr. Mun. do Jaguari, 9876-10276 - Rio Abaixo, Jacareí - SP, Brasil - Rio Abaixo, Jacareí - SP, 12334-400, Brasil;Estr. Mun. do Jaguari, 10001 - Pagador de Andrade, Jacareí - SP, 12334-400, Brasil;00:06:04;10;13:30:00;13:42:00
QSZ3D66;AMBEV, Vehicle, Diesel;21/02/2026;00:38:32;21/02/2026;0,054085648;Estr. Mun. do Jaguari, 10001 - Pagador de Andrade, Jacareí - SP, 12334-400, Brasil;R. Carlos Marcondes, 239 - Jardim Limoeiro, São José dos Campos - SP, 12230-002, Brasil;00:07:10;68;13:42:00;14:24:49
QSZ3D66;AMBEV, Vehicle, Diesel;21/02/2026;00:06:30;21/02/2026;0,006910475;R. Carlos Marcondes, 239 - Jardim Limoeiro, São José dos Campos - SP, 12230-002, Brasil;R. Carlos Marcondes, 315 - Jardim Limoeiro, São José dos Campos - SP, 12241-421, Brasil;00:04:58;10;14:24:49;14:36:00
QSZ3D66;AMBEV, Vehicle, Diesel;21/02/2026;00:02:43;21/02/2026;0,021161377;R. Carlos Marcondes, 315 - Jardim Limoeiro, São José dos Campos - SP, 12241-421, Brasil;R. Carlos Marcondes, 315 - Jardim Limoeiro, São José dos Campos - SP, 12241-421, Brasil;00:00:21;4;14:36:00;14:42:00
QSZ3D66;AMBEV, Vehicle, Diesel;21/02/2026;00:01:43;21/02/2026;0,010296273;R. Carlos Marcondes, 315 - Jardim Limoeiro, São José dos Campos - SP, 12241-421, Brasil;R. Carlos Marcondes, 1480 - Jardim Limoeiro, São José dos Campos - SP, 12230-002, Brasil;00:02:18;6;14:42:00;14:42:00
QSZ3D66;AMBEV, Vehicle, Diesel;21/02/2026;00:08:31;21/02/2026;0,019034468;R. Carlos Marcondes, 1480 - Jardim Limoeiro, São José dos Campos - SP, 12230-002, Brasil;R. Carlos Marcondes, nº 309 - Jardim Limoeiro, São José dos Campos - SP, 12241-421, Brasil;00:10:14;13;14:42:00;15:06:00
QSZ3D66;AMBEV, Vehicle, Diesel;21/02/2026;00:02:57;21/02/2026;0,059334352;R. Carlos Marcondes, nº 309 - Jardim Limoeiro, São José dos Campos - SP, 12241-421, Brasil;R. Carlos Marcondes, 788 - Jardim Limoeiro, São José dos Campos - SP, 12241-421, Brasil;00:00:22;12;15:06:00;15:06:00
QSZ3D66;AMBEV, Vehicle, Diesel;21/02/2026;00:04:01;21/02/2026;0,022821875;R. Carlos Marcondes, 788 - Jardim Limoeiro, São José dos Campos - SP, 12241-421, Brasil;Rod. Pres. Dutra, Km 159 - s/n - Parque Meia Lua, Jacareí - SP, 12335-010, Brasil;00:00:17;68;15:06:00;15:12:00
QSZ3D66;AMBEV, Vehicle, Diesel;21/02/2026;00:28:36;21/02/2026;0,012508275;Rod. Pres. Dutra, Km 159 - s/n - Parque Meia Lua, Jacareí - SP, 12335-010, Brasil;Estr. Mun. do Jaguari, 10255 - Rio Abaixo, Jacareí - SP, 12334-400, Brasil;00:00:36;77;15:12:00;15:42:00
QSZ3D66;AMBEV, Vehicle, Diesel;21/02/2026;00:04:33;21/02/2026;0,007571412;Estr. Mun. do Jaguari, 10255 - Rio Abaixo, Jacareí - SP, 12334-400, Brasil;Estr. Mun. do Jaguari, 10001 - Pagador de Andrade, Jacareí - SP, 12334-400, Brasil;00:00:13;18;15:42:00;15:42:00
QSZ3D66;AMBEV, Vehicle, Diesel;21/02/2026;00:02:46;21/02/2026;0,573229167;Estr. Mun. do Jaguari, 10001 - Pagador de Andrade, Jacareí - SP, 12334-400, Brasil;Estr. Mun. do Jaguari, 9876-10276 - Rio Abaixo, Jacareí - SP, Brasil - Rio Abaixo, Jacareí - SP, 12334-400, Brasil;00:06:28;20;15:42:00;15:52:57
QSZ3D66;AMBEV, Vehicle, Diesel;22/02/2026;00:07:10;22/02/2026;0,012615741;Estr. Mun. do Jaguari, 9876-10276 - Rio Abaixo, Jacareí - SP, Brasil - Rio Abaixo, Jacareí - SP, 12334-400, Brasil;Estr. Mun. do Jaguari, 9032 - Rio Abaixo, Jacareí - SP, 12309, Brasil;00:18:10;37;15:52:57;16:18:17
QSZ3D66;AMBEV, Vehicle, Diesel;22/02/2026;00:03:45;22/02/2026;0,015784792;Estr. Mun. do Jaguari, 9032 - Rio Abaixo, Jacareí - SP, 12309, Brasil;Estr. Mun. do Jaguari, 9876-10276 - Rio Abaixo, Jacareí - SP, Brasil - Rio Abaixo, Jacareí - SP, 12334-400, Brasil;00:00:04;53;16:18:17;16:24:00
QSZ3D66;AMBEV, Vehicle, Diesel;22/02/2026;00:03:31;22/02/2026;0,008356481;Estr. Mun. do Jaguari, 9876-10276 - Rio Abaixo, Jacareí - SP, Brasil - Rio Abaixo, Jacareí - SP, 12334-400, Brasil;Estrada Sem Nome - Jacareí, SP, Brasil;00:12:02;16;16:24:00;16:39:33
QSZ3D66;AMBEV, Vehicle, Diesel;22/02/2026;00:02:14;22/02/2026;0,017688831;Estrada Sem Nome - Jacareí, SP, Brasil;Estr. Mun. do Jaguari, 9876-10276 - Rio Abaixo, Jacareí - SP, Brasil - Rio Abaixo, Jacareí - SP, 12334-400, Brasil;00:00:03;14;16:39:33;16:42:00
QSZ3D66;AMBEV, Vehicle, Diesel;22/02/2026;00:03:37;22/02/2026;0,036273148;Estr. Mun. do Jaguari, 9876-10276 - Rio Abaixo, Jacareí - SP, Brasil - Rio Abaixo, Jacareí - SP, 12334-400, Brasil;Estr. Mun. do Jaguari, 9876-10276 - Rio Abaixo, Jacareí - SP, Brasil - Rio Abaixo, Jacareí - SP, 12334-400, Brasil;00:51:43;14;16:42:00;17:37:39
QSZ3D66;AMBEV, Vehicle, Diesel;22/02/2026;00:16:57;22/02/2026;0,007523171;Estr. Mun. do Jaguari, 9876-10276 - Rio Abaixo, Jacareí - SP, Brasil - Rio Abaixo, Jacareí - SP, 12334-400, Brasil;Estr. Mun. Abade Biagino Chieffi, 1300 - Pagador de Andrade, Jacareí - SP, 12334-480, Brasil;00:00:06;59;17:37:39;17:54:00
QSZ3D66;AMBEV, Vehicle, Diesel;22/02/2026;02:32:53;22/02/2026;0,004799363;Estr. Mun. Abade Biagino Chieffi, 1300 - Pagador de Andrade, Jacareí - SP, 12334-480, Brasil;Rod. Pres. Castello Branco, Porto Feliz - SP, 18540-000, Brasil;00:06:30;87;17:54:00;20:30:00
QSZ3D66;AMBEV, Vehicle, Diesel;22/02/2026;01:57:06;22/02/2026;0,004013032;Rod. Pres. Castello Branco, Porto Feliz - SP, 18540-000, Brasil;Rod. Pres. Castello Branco - Lobo, Itatinga - SP, 18690-000, Brasil;00:05:27;87;20:30:00;22:36:00
QSZ3D66;AMBEV, Vehicle, Diesel;22/02/2026;00:25:53;22/02/2026;0,049214352;Rod. Pres. Castello Branco - Lobo, Itatinga - SP, 18690-000, Brasil;Rod. Pres. Castello Branco, km 265, Cerqueira César - SP, 18760-000, Brasil;01:05:58;85;22:36:00;00:06:00
QSZ3D66;AMBEV, Vehicle, Diesel;22/02/2026;01:06:38;22/02/2026;0,000446771;Rod. Pres. Castello Branco, km 265, Cerqueira César - SP, 18760-000, Brasil;SP-327 - Santa Cruz do Rio Pardo, SP, 18900-000, Brasil;00:00:03;85;00:06:00;01:12:00
QSZ3D66;AMBEV, Vehicle, Diesel;22/02/2026;00:08:14;22/02/2026;0,00081294;SP-327 - Santa Cruz do Rio Pardo, SP, 18900-000, Brasil;SP-327 - Santa Cruz do Rio Pardo, SP, 18900-000, Brasil;00:00:03;83;01:12:00;01:24:00
QSZ3D66;AMBEV, Vehicle, Diesel;22/02/2026;00:06:52;22/02/2026;0,01518772;SP-327 - Santa Cruz do Rio Pardo, SP, 18900-000, Brasil;37X5+6J - Santa Cruz do Rio Pardo, SP, 18900-000, Brasil;00:00:41;42;01:24:00;01:30:00
QSZ3D66;AMBEV, Vehicle, Diesel;22/02/2026;00:00:53;22/02/2026;0,010559873;37X5+6J - Santa Cruz do Rio Pardo, SP, 18900-000, Brasil;37X5+6J - Santa Cruz do Rio Pardo, SP, 18900-000, Brasil;00:00:16;12;01:30:00;01:30:00
QSZ3D66;AMBEV, Vehicle, Diesel;22/02/2026;01:24:56;22/02/2026;0,003258553;37X5+6J - Santa Cruz do Rio Pardo, SP, 18900-000, Brasil;Rod. Raposo Tavares, 6, Assis - SP, Brasil;00:04:16;85;01:30:00;03:00:00
QSZ3D66;AMBEV, Vehicle, Diesel;22/02/2026;01:21:56;22/02/2026;0,002518715;Rod. Raposo Tavares, 6, Assis - SP, Brasil;Praça de Pedágio km 541 - Rod. Raposo Tavares, 178 - Reg. Feijó, SP, 19570-000, Brasil;00:00:07;85;03:00:00;04:24:00
QSZ3D66;AMBEV, Vehicle, Diesel;22/02/2026;00:06:48;22/02/2026;0,002899063;Praça de Pedágio km 541 - Rod. Raposo Tavares, 178 - Reg. Feijó, SP, 19570-000, Brasil;R. José Félix, 252 - Reg. Feijó, SP, 19570-000, Brasil;00:00:29;76;04:24:00;04:30:00
QSZ3D66;AMBEV, Vehicle, Diesel;22/02/2026;00:00:29;22/02/2026;0,456269606;R. José Félix, 252 - Reg. Feijó, SP, 19570-000, Brasil;R. José Félix, 252 - Reg. Feijó, SP, 19570-000, Brasil;00:48:07;2;04:30:00;05:18:00
RPH1B50;AMBEV, Vehicle, Diesel;16/02/2026;02:05:16;16/02/2026;0,008062685;BR-222, 276, Açailândia - MA, 65930-000, Brasil;BR-010, 1860, Açailândia - MA, 65930-000, Brasil;00:00:08;74;14:03:41;16:12:00
RPH1B50;AMBEV, Vehicle, Diesel;16/02/2026;01:16:07;16/02/2026;0,00649566;BR-010, 1860, Açailândia - MA, 65930-000, Brasil;Av. Tropical Sul, 52 - Jardim Tropical, Imperatriz - MA, 65910-690, Brasil;00:00:15;79;16:12:00;17:30:00
RPH1B50;AMBEV, Vehicle, Diesel;16/02/2026;00:05:16;16/02/2026;0,041806852;Av. Tropical Sul, 52 - Jardim Tropical, Imperatriz - MA, 65910-690, Brasil;Av. Amazonas do Sul, 1098 - Jardim Tropical, Imperatriz - MA, 65911, Brasil;00:00:00;9;17:30:00;17:30:00
RPH1B50;AMBEV, Vehicle, Diesel;16/02/2026;00:05:51;16/02/2026;0,053449699;Av. Amazonas do Sul, 1098 - Jardim Tropical, Imperatriz - MA, 65911, Brasil;Av. Amazonas do Sul, 1098 - Jardim Tropical, Imperatriz - MA, 65911, Brasil;00:00:05;0;17:30:00;17:36:00
RPH1B50;AMBEV, Vehicle, Diesel;16/02/2026;00:01:51;16/02/2026;0,006493241;Av. Amazonas do Sul, 1098 - Jardim Tropical, Imperatriz - MA, 65911, Brasil;Av. Amazonas do Sul, 1098 - Jardim Tropical, Imperatriz - MA, 65911, Brasil;00:00:02;0;17:36:00;17:42:00
RPH1B50;AMBEV, Vehicle, Diesel;16/02/2026;01:05:19;16/02/2026;0,029847176;Av. Amazonas do Sul, 1098 - Jardim Tropical, Imperatriz - MA, 65911, Brasil;BR-010, Açailândia - MA, 65930-000, Brasil;00:01:25;81;17:42:00;18:48:00
RPH1B50;AMBEV, Vehicle, Diesel;16/02/2026;01:42:24;16/02/2026;0,007772014;BR-010, Açailândia - MA, 65930-000, Brasil;BR-222, 276, Açailândia - MA, 65930-000, Brasil;00:00:06;81;18:48:00;20:30:00
RPH1B50;AMBEV, Vehicle, Diesel;16/02/2026;01:35:02;16/02/2026;0,006609456;BR-222, 276, Açailândia - MA, 65930-000, Brasil;BR-222, Buriticupu - MA, 65393-000, Brasil;00:00:15;81;20:30:00;22:06:00
RPH1B50;AMBEV, Vehicle, Diesel;16/02/2026;00:35:32;16/02/2026;0,465833333;BR-222, Buriticupu - MA, 65393-000, Brasil;BR-222, Buriticupu - MA, 65393-000, Brasil;00:02:01;79;22:06:00;22:43:55
RPH1B50;AMBEV, Vehicle, Diesel;17/02/2026;00:53:52;17/02/2026;0,004509977;BR-222, Buriticupu - MA, 65393-000, Brasil;MA-006, 299, Santa Luzia - MA, 65390-000, Brasil;00:00:06;79;22:43:55;23:36:00
RPH1B50;AMBEV, Vehicle, Diesel;17/02/2026;01:33:23;17/02/2026;0,003101852;MA-006, 299, Santa Luzia - MA, 65390-000, Brasil;BR-222, Santa Inês - MA, 65300-000, Brasil;00:04:28;74;23:36:00;01:13:52
RPH1B50;AMBEV, Vehicle, Diesel;17/02/2026;00:32:00;17/02/2026;0,014575914;BR-222, Santa Inês - MA, 65300-000, Brasil;Rod. Cap. Pedro Teixeira, Bela Vista do Maranhão - MA, 65335-000, Brasil;00:00:11;77;01:13:52;01:48:00
RPH1B50;AMBEV, Vehicle, Diesel;17/02/2026;01:28:17;17/02/2026;0,037007905;Rod. Cap. Pedro Teixeira, Bela Vista do Maranhão - MA, 65335-000, Brasil;BR-222 - Arari, MA, 65480-000, Brasil;00:00:03;74;01:48:00;03:18:00
RPH1B50;AMBEV, Vehicle, Diesel;17/02/2026;00:47:02;17/02/2026;0,014046574;BR-222 - Arari, MA, 65480-000, Brasil;R. do Sol, 9, Miranda do Norte - MA, 65495-000, Brasil;00:00:17;74;03:18:00;04:00:00
RPH1B50;AMBEV, Vehicle, Diesel;17/02/2026;02:04:35;17/02/2026;0,010357326;R. do Sol, 9, Miranda do Norte - MA, 65495-000, Brasil;BR-135 | Ambev (sentido terminal), São Luís - MA, Brasil;00:00:28;76;04:00:00;06:06:00
RPH1B50;AMBEV, Vehicle, Diesel;17/02/2026;00:12:07;17/02/2026;0,002303241;BR-135 | Ambev (sentido terminal), São Luís - MA, Brasil;BR-135 | Restaurante Tempero Nordestino (sentido bairro), São Luís - MA, Brasil;00:03:19;53;06:06:00;06:21:26
RPH1B50;AMBEV, Vehicle, Diesel;17/02/2026;00:11:42;17/02/2026;0,024185729;BR-135 | Restaurante Tempero Nordestino (sentido bairro), São Luís - MA, Brasil;BR-135, 126 - Tibiri, São Luís - MA, Brasil;00:00:00;55;06:21:26;06:36:00
RPH1B50;AMBEV, Vehicle, Diesel;17/02/2026;00:23:05;17/02/2026;0,017018877;BR-135, 126 - Tibiri, São Luís - MA, Brasil;BR-135 | Ambev (sentido terminal), São Luís - MA, Brasil;00:00:08;57;06:36:00;07:00:00
RPH1B50;AMBEV, Vehicle, Diesel;17/02/2026;00:02:32;17/02/2026;0,012426563;BR-135 | Ambev (sentido terminal), São Luís - MA, Brasil;BR-135 | Ambev (sentido terminal), São Luís - MA, Brasil;00:00:13;15;07:00:00;07:00:00
RPH1B50;AMBEV, Vehicle, Diesel;17/02/2026;00:00:44;17/02/2026;0,00412662;BR-135 | Ambev (sentido terminal), São Luís - MA, Brasil;BR-135 | Ambev (sentido terminal), São Luís - MA, Brasil;00:01:40;5;07:00:00;07:06:00
RPH1B50;AMBEV, Vehicle, Diesel;17/02/2026;00:03:28;17/02/2026;0,001066007;BR-135 | Ambev (sentido terminal), São Luís - MA, Brasil;7MVR+C5, São Luís - MA, Brasil;00:00:04;18;07:06:00;07:06:00
RPH1B50;AMBEV, Vehicle, Diesel;17/02/2026;00:00:51;17/02/2026;0,002842338;7MVR+C5, São Luís - MA, Brasil;7MVR+C5, São Luís - MA, Brasil;00:00:06;9;07:06:00;07:06:00
RPH1B50;AMBEV, Vehicle, Diesel;17/02/2026;00:00:27;17/02/2026;0,012696771;7MVR+C5, São Luís - MA, Brasil;7MVR+C5, São Luís - MA, Brasil;00:00:05;3;07:06:00;07:06:00
RPH1B50;AMBEV, Vehicle, Diesel;17/02/2026;00:00:47;17/02/2026;0,011220648;7MVR+C5, São Luís - MA, Brasil;7MVR+C5, São Luís - MA, Brasil;00:00:07;14;07:06:00;07:12:00
RPH1B50;AMBEV, Vehicle, Diesel;17/02/2026;00:03:16;17/02/2026;0,016725648;7MVR+C5, São Luís - MA, Brasil;7MVR+C5, São Luís - MA, Brasil;00:00:48;4;07:12:00;07:12:00
RPH1B50;AMBEV, Vehicle, Diesel;17/02/2026;00:00:26;17/02/2026;0,019504097;7MVR+C5, São Luís - MA, Brasil;7MVR+C5, São Luís - MA, Brasil;00:05:20;4;07:12:00;07:18:00
RPH1B50;AMBEV, Vehicle, Diesel;17/02/2026;00:00:40;17/02/2026;0,003803495;7MVR+C5, São Luís - MA, Brasil;7MVR+C5, São Luís - MA, Brasil;00:00:13;3;07:18:00;07:18:00
RPH1B50;AMBEV, Vehicle, Diesel;17/02/2026;00:01:56;17/02/2026;0,03440706;7MVR+C5, São Luís - MA, Brasil;7MVR+C5, São Luís - MA, Brasil;00:00:14;2;07:18:00;07:24:00
RPH1B50;AMBEV, Vehicle, Diesel;17/02/2026;00:02:41;17/02/2026;0,020449063;7MVR+C5, São Luís - MA, Brasil;BR-135 | Ambev (sentido terminal), São Luís - MA, Brasil;00:00:27;6;07:24:00;07:24:00
RPH1B50;AMBEV, Vehicle, Diesel;17/02/2026;00:06:21;17/02/2026;0,011410938;BR-135 | Ambev (sentido terminal), São Luís - MA, Brasil;BR-135 | Ambev (sentido terminal), São Luís - MA, Brasil;00:00:15;6;07:24:00;07:30:00
RPH1B50;AMBEV, Vehicle, Diesel;17/02/2026;00:33:09;17/02/2026;0,047281736;BR-135 | Ambev (sentido terminal), São Luís - MA, Brasil;BR-135, 3206, São Luís - MA, Brasil;00:00:27;61;07:30:00;08:06:00
RPH1B50;AMBEV, Vehicle, Diesel;17/02/2026;00:47:26;17/02/2026;0,484376539;BR-135, 3206, São Luís - MA, Brasil;R. José Dasilva Calvet, 19 - Centro, Bacabeira - MA, 65143-000, Brasil;00:17:02;70;08:06:00;09:12:00
RPH1B50;AMBEV, Vehicle, Diesel;18/02/2026;00:07:41;18/02/2026;0,002384259;R. José Dasilva Calvet, 19 - Centro, Bacabeira - MA, 65143-000, Brasil;Av. Carlos Macieira, 51 - Cidade Nova, Bacabeira - MA, 65143-000, Brasil;00:03:26;39;09:12:00;09:23:07
RPH1B50;AMBEV, Vehicle, Diesel;18/02/2026;00:00:38;18/02/2026;0,003334363;Av. Carlos Macieira, 51 - Cidade Nova, Bacabeira - MA, 65143-000, Brasil;Av. Carlos Macieira, 51 - Cidade Nova, Bacabeira - MA, 65143-000, Brasil;00:04:48;2;09:23:07;09:28:33
RPH1B50;AMBEV, Vehicle, Diesel;18/02/2026;02:30:48;18/02/2026;0,046646412;Av. Carlos Macieira, 51 - Cidade Nova, Bacabeira - MA, 65143-000, Brasil;R. Primavera, 33, Vitória do Mearim - MA, 65350-000, Brasil;00:01:44;77;09:28:33;12:00:00
RPH1B50;AMBEV, Vehicle, Diesel;18/02/2026;02:20:48;18/02/2026;0,006159028;R. Primavera, 33, Vitória do Mearim - MA, 65350-000, Brasil;BR-222, 28, Santa Luzia - MA, 65390-000, Brasil;00:01:35;77;12:00:00;14:24:00
RPH1B50;AMBEV, Vehicle, Diesel;18/02/2026;01:33:09;18/02/2026;0,023163484;BR-222, 28, Santa Luzia - MA, 65390-000, Brasil;BR-222, 15, Santa Luzia - MA, 65390-000, Brasil;00:01:47;79;14:24:00;16:00:00
RPH1B50;AMBEV, Vehicle, Diesel;18/02/2026;02:41:00;18/02/2026;0,49380787;BR-222, 15, Santa Luzia - MA, 65390-000, Brasil;Av. Juscelino Kubitschek, 2029, Bom Jesus das Selvas - MA, 65395-000, Brasil;00:05:15;81;16:00:00;18:46:33
RPH1B50;AMBEV, Vehicle, Diesel;19/02/2026;03:03:59;19/02/2026;0,021666667;Av. Juscelino Kubitschek, 2029, Bom Jesus das Selvas - MA, 65395-000, Brasil;Av. Castelo Branco, 2121, Cidelândia - MA, 65929-000, Brasil;00:05:41;79;18:46:33;21:51:56
RPH1B50;AMBEV, Vehicle, Diesel;19/02/2026;00:44:06;19/02/2026;0,003180521;Av. Castelo Branco, 2121, Cidelândia - MA, 65929-000, Brasil;Estr. do Barra Grande, 690, Imperatriz - MA, 65900-001, Brasil;00:04:34;77;21:51:56;22:40:37
RPH1B50;AMBEV, Vehicle, Diesel;19/02/2026;00:01:37;19/02/2026;0,070719502;Estr. do Barra Grande, 690, Imperatriz - MA, 65900-001, Brasil;Estr. do Barra Grande, 690, Imperatriz - MA, 65900-001, Brasil;00:04:05;5;22:40:37;22:48:00
RPH1B50;AMBEV, Vehicle, Diesel;19/02/2026;00:00:57;19/02/2026;0,004555093;Estr. do Barra Grande, 690, Imperatriz - MA, 65900-001, Brasil;Estr. do Barra Grande, 690, Imperatriz - MA, 65900-001, Brasil;00:00:05;7;22:48:00;22:48:00
RPH1B50;AMBEV, Vehicle, Diesel;19/02/2026;00:18:15;19/02/2026;0,031924201;Estr. do Barra Grande, 690, Imperatriz - MA, 65900-001, Brasil;Av. Marginal Direita, 320-534 - Jardim Tropical, Imperatriz - MA, 65903-390, Brasil;00:00:09;57;22:48:00;23:06:00
RPH1B50;AMBEV, Vehicle, Diesel;19/02/2026;00:01:28;19/02/2026;0,005710938;Av. Marginal Direita, 320-534 - Jardim Tropical, Imperatriz - MA, 65903-390, Brasil;Av. Marginal Direita, 320-534 - Jardim Tropical, Imperatriz - MA, 65903-390, Brasil;00:00:07;7;23:06:00;23:06:00
RPH1B50;AMBEV, Vehicle, Diesel;19/02/2026;00:05:38;19/02/2026;0,060941782;Av. Marginal Direita, 320-534 - Jardim Tropical, Imperatriz - MA, 65903-390, Brasil;Av. Tropical Sul, 52 - Jardim Tropical, Imperatriz - MA, 65910-690, Brasil;00:00:20;7;23:06:00;23:12:00
RPH1B50;AMBEV, Vehicle, Diesel;19/02/2026;00:04:23;19/02/2026;0,020979606;Av. Tropical Sul, 52 - Jardim Tropical, Imperatriz - MA, 65910-690, Brasil;Av. Marginal Direita, 320-534 - Jardim Tropical, Imperatriz - MA, 65903-390, Brasil;00:00:00;0;23:12:00;23:18:00
RPH1B50;AMBEV, Vehicle, Diesel;19/02/2026;00:02:29;19/02/2026;0,003278241;Av. Marginal Direita, 320-534 - Jardim Tropical, Imperatriz - MA, 65903-390, Brasil;Av. Marginal Direita, 320-534 - Jardim Tropical, Imperatriz - MA, 65903-390, Brasil;00:00:04;3;23:18:00;23:24:00
RPH1B50;AMBEV, Vehicle, Diesel;19/02/2026;00:01:09;19/02/2026;0,006482234;Av. Marginal Direita, 320-534 - Jardim Tropical, Imperatriz - MA, 65903-390, Brasil;Av. Marginal Direita, 320-534 - Jardim Tropical, Imperatriz - MA, 65903-390, Brasil;00:05:38;3;23:24:00;23:30:00
RPH1B50;AMBEV, Vehicle, Diesel;19/02/2026;00:16:25;19/02/2026;0,491331019;Av. Marginal Direita, 320-534 - Jardim Tropical, Imperatriz - MA, 65903-390, Brasil;Estr. do Barra Grande, 690, Imperatriz - MA, 65900-001, Brasil;00:05:01;65;23:30:00;23:52:36
RPH1B50;AMBEV, Vehicle, Diesel;20/02/2026;00:02:56;20/02/2026;0,018476667;Estr. do Barra Grande, 690, Imperatriz - MA, 65900-001, Brasil;Estr. do Barra Grande, 690, Imperatriz - MA, 65900-001, Brasil;00:00:12;3;23:52:36;23:54:00
RPH1B50;AMBEV, Vehicle, Diesel;20/02/2026;00:05:32;20/02/2026;0,0081311;Estr. do Barra Grande, 690, Imperatriz - MA, 65900-001, Brasil;BR-010, 4540, Imperatriz - MA, Brasil;00:00:30;22;23:54:00;00:00:00
RPH1B50;AMBEV, Vehicle, Diesel;20/02/2026;02:00:56;20/02/2026;0,003388727;BR-010, 4540, Imperatriz - MA, Brasil;BR-222, Açailândia - MA, 65930-000, Brasil;00:00:10;79;00:00:00;02:00:00
RPH1B50;AMBEV, Vehicle, Diesel;20/02/2026;01:14:09;20/02/2026;0,047465243;BR-222, Açailândia - MA, 65930-000, Brasil;Av. Juscelino Kubitschek, 548, Bom Jesus das Selvas - MA, 65395-000, Brasil;00:01:03;81;02:00:00;03:18:00
RPH1B50;AMBEV, Vehicle, Diesel;20/02/2026;01:19:04;20/02/2026;0,022411528;Av. Juscelino Kubitschek, 548, Bom Jesus das Selvas - MA, 65395-000, Brasil;BR-222, 750, Buriticupu - MA, 65393-000, Brasil;00:01:09;79;03:18:00;04:36:00
RPH1B50;AMBEV, Vehicle, Diesel;20/02/2026;01:00:09;20/02/2026;0,023377106;BR-222, 750, Buriticupu - MA, 65393-000, Brasil;BR-222, 15, Santa Luzia - MA, 65390-000, Brasil;00:00:06;79;04:36:00;05:36:00
RPH1B50;AMBEV, Vehicle, Diesel;20/02/2026;02:38:12;20/02/2026;0,497905093;BR-222, 15, Santa Luzia - MA, 65390-000, Brasil;Rod. Cap. Pedro Teixeira, Bela Vista do Maranhão - MA, 65335-000, Brasil;00:03:16;77;05:36:00;08:14:39
RPH1B50;AMBEV, Vehicle, Diesel;21/02/2026;00:28:07;21/02/2026;0,009054583;Rod. Cap. Pedro Teixeira, Bela Vista do Maranhão - MA, 65335-000, Brasil;R. da Acampamento, 70 - Curva Da Camacaoca, Igarapé do Meio - MA, 65345-000, Brasil;00:00:13;63;08:14:39;08:48:00
RPH1B50;AMBEV, Vehicle, Diesel;21/02/2026;01:16:18;21/02/2026;0,035457847;R. da Acampamento, 70 - Curva Da Camacaoca, Igarapé do Meio - MA, 65345-000, Brasil;BR-222 - Arari, MA, 65480-000, Brasil;00:00:09;72;08:48:00;10:00:00
RPH1B50;AMBEV, Vehicle, Diesel;21/02/2026;00:38:57;21/02/2026;0,012717118;BR-222 - Arari, MA, 65480-000, Brasil;Av. do Comércio, 2330, Miranda do Norte - MA, 65495-000, Brasil;00:00:06;63;10:00:00;10:42:00
RPH1B50;AMBEV, Vehicle, Diesel;21/02/2026;00:37:38;21/02/2026;0,044893264;Av. do Comércio, 2330, Miranda do Norte - MA, 65495-000, Brasil;BR-222, 672, Itapecuru Mirim - MA, 65485-000, Brasil;00:00:26;65;10:42:00;11:18:00
RPH1B50;AMBEV, Vehicle, Diesel;21/02/2026;01:12:49;21/02/2026;0,006756007;BR-222, 672, Itapecuru Mirim - MA, 65485-000, Brasil;BR-135, 3206, São Luís - MA, Brasil;00:00:06;77;11:18:00;12:30:00
RPH1B50;AMBEV, Vehicle, Diesel;21/02/2026;00:16:33;21/02/2026;0,021898843;BR-135, 3206, São Luís - MA, Brasil;BR-135 | Ambev (sentido terminal), São Luís - MA, Brasil;00:01:14;55;12:30:00;12:48:00
RPH1B50;AMBEV, Vehicle, Diesel;21/02/2026;00:25:00;21/02/2026;0,022858796;BR-135 | Ambev (sentido terminal), São Luís - MA, Brasil;BR-135, 126 - Tibiri, São Luís - MA, Brasil;00:01:08;65;12:48:00;13:18:29
RPH1B50;AMBEV, Vehicle, Diesel;21/02/2026;00:21:06;21/02/2026;0,701686609;BR-135, 126 - Tibiri, São Luís - MA, Brasil;BR-135, 178, São Luís - MA, Brasil;00:02:42;65;13:18:29;13:42:00
RPH1B50;AMBEV, Vehicle, Diesel;22/02/2026;00:03:07;22/02/2026;0,697120914;BR-135, 178, São Luís - MA, Brasil;BR-135, 178, São Luís - MA, Brasil;00:08:39;5;13:42:00;13:54:00
RPH8B16-1;AMBEV, Vehicle, Diesel;16/02/2026;01:25:23;16/02/2026;0,030115613;R. Valdir Andrade Braga, 51 - Centro, Irauçuba - CE, 62620-000, Brasil;Br 222, Km 63,5 Croatá - Croatá, São Gonçalo do Amarante - CE, 62670-000, Brasil;00:00:32;79;09:37:06;11:06:00
RPH8B16-1;AMBEV, Vehicle, Diesel;16/02/2026;01:34:27;16/02/2026;0,010850706;Br 222, Km 63,5 Croatá - Croatá, São Gonçalo do Amarante - CE, 62670-000, Brasil;BR-116, 1080 - Justiniano de Serpa, Aquiraz - CE, 61700-000, Brasil;00:01:13;79;11:06:00;12:42:00
RPH8B16-1;AMBEV, Vehicle, Diesel;16/02/2026;00:02:24;16/02/2026;0,026383414;BR-116, 1080 - Justiniano de Serpa, Aquiraz - CE, 61700-000, Brasil;BR-116, 1080 - Justiniano de Serpa, Aquiraz - CE, 61700-000, Brasil;00:00:09;5;12:42:00;12:42:00
RPH8B16-1;AMBEV, Vehicle, Diesel;16/02/2026;00:00:41;16/02/2026;0,008395139;BR-116, 1080 - Justiniano de Serpa, Aquiraz - CE, 61700-000, Brasil;BR-116, 1080 - Justiniano de Serpa, Aquiraz - CE, 61700-000, Brasil;00:00:03;2;12:42:00;12:42:00
RPH8B16-1;AMBEV, Vehicle, Diesel;16/02/2026;00:02:37;16/02/2026;0,056796759;BR-116, 1080 - Justiniano de Serpa, Aquiraz - CE, 61700-000, Brasil;BR-116, 1080 - Justiniano de Serpa, Aquiraz - CE, 61700-000, Brasil;00:00:20;3;12:42:00;12:48:00
RPH8B16-1;AMBEV, Vehicle, Diesel;16/02/2026;00:13:18;16/02/2026;0,047002766;BR-116, 1080 - Justiniano de Serpa, Aquiraz - CE, 61700-000, Brasil;XF9P+C2 - Justiniano de Serpa, Aquiraz - CE, 61700-000, Brasil;00:00:05;16;12:48:00;13:00:00
RPH8B16-1;AMBEV, Vehicle, Diesel;16/02/2026;00:03:20;16/02/2026;0,022062604;XF9P+C2 - Justiniano de Serpa, Aquiraz - CE, 61700-000, Brasil;CE-350, 449 - Justiniano de Serpa, Aquiraz - CE, 61700-000, Brasil;00:01:03;6;13:00:00;13:06:00
RPH8B16-1;AMBEV, Vehicle, Diesel;16/02/2026;00:56:49;16/02/2026;0,005696968;CE-350, 449 - Justiniano de Serpa, Aquiraz - CE, 61700-000, Brasil;R. Amazonas, 1732 - Lago Verde, Caucaia - CE, 61604-500, Brasil;00:03:18;74;13:06:00;14:06:07
RPH8B16-1;AMBEV, Vehicle, Diesel;16/02/2026;00:36:34;16/02/2026;0,007709514;R. Amazonas, 1732 - Lago Verde, Caucaia - CE, 61604-500, Brasil;Umarituba BR-222 - Umarituba, São Gonçalo do Amarante - CE, 62670-000, Brasil;00:00:06;77;14:06:07;14:42:00
RPH8B16-1;AMBEV, Vehicle, Diesel;16/02/2026;00:03:02;16/02/2026;0,536549502;Umarituba BR-222 - Umarituba, São Gonçalo do Amarante - CE, 62670-000, Brasil;BR-222, 12 - Umarituba, São Gonçalo do Amarante - CE, 62670-000, Brasil;00:00:27;8;14:42:00;14:42:00
RPH8B16-1;AMBEV, Vehicle, Diesel;17/02/2026;00:21:44;17/02/2026;0,008669722;BR-222, 12 - Umarituba, São Gonçalo do Amarante - CE, 62670-000, Brasil;DE S/N - R. Porfírio Araújo - Croatá, São Gonçalo do Amarante - CE, 62670-000, Brasil;00:00:06;68;14:42:00;15:06:00
RPH8B16-1;AMBEV, Vehicle, Diesel;17/02/2026;01:54:35;17/02/2026;0,008257766;DE S/N - R. Porfírio Araújo - Croatá, São Gonçalo do Amarante - CE, 62670-000, Brasil;Vila Poço Verde, 5 - Caracará, Sobral - CE, 62112-000, Brasil;00:05:24;79;15:06:00;17:06:00
RPH8B16-1;AMBEV, Vehicle, Diesel;17/02/2026;00:32:39;17/02/2026;0,001877257;Vila Poço Verde, 5 - Caracará, Sobral - CE, 62112-000, Brasil;Rodovia Rota Turistica Serra da Ibiapaba 1504, CE, 62115-000, Brazil;00:01:48;77;17:06:00;17:42:00
RPH8B16-1;AMBEV, Vehicle, Diesel;17/02/2026;00:26:21;17/02/2026;0,00279765;Rodovia Rota Turistica Serra da Ibiapaba 1504, CE, 62115-000, Brazil;BR-222, 449 - Sobral, CE, Brasil;00:00:07;74;17:42:00;18:06:00
RPH8B16-1;AMBEV, Vehicle, Diesel;17/02/2026;00:57:35;17/02/2026;0,04622265;BR-222, 449 - Sobral, CE, Brasil;CE-313, 3682 - Bela Vista, Tianguá - CE, 62320-000, Brasil;00:00:27;77;18:06:00;19:06:00
RPH8B16-1;AMBEV, Vehicle, Diesel;17/02/2026;01:05:01;17/02/2026;0,015622373;CE-313, 3682 - Bela Vista, Tianguá - CE, 62320-000, Brasil;BR-222 - Jaburuna, Tianguá - CE, 62350-000, Brasil;00:01:13;77;19:06:00;20:12:00
RPH8B16-1;AMBEV, Vehicle, Diesel;17/02/2026;01:24:28;17/02/2026;0,002291667;BR-222 - Jaburuna, Tianguá - CE, 62350-000, Brasil;R. João Ximenes, 119 - Petecas, Piripiri - PI, 64260-000, Brasil;00:03:18;81;20:12:00;21:39:47
RPH8B16-1;AMBEV, Vehicle, Diesel;17/02/2026;00:28:38;17/02/2026;0,008495382;R. João Ximenes, 119 - Petecas, Piripiri - PI, 64260-000, Brasil;R. Santo Dumont, 261, Cap. de Campos - PI, 64270-000, Brasil;00:00:06;79;21:39:47;22:06:00
RPH8B16-1;AMBEV, Vehicle, Diesel;17/02/2026;00:15:21;17/02/2026;0,009220162;R. Santo Dumont, 261, Cap. de Campos - PI, 64270-000, Brasil;BR-343, 232 - Cocal De Telha, Cocal de Telha - PI, 64278-000, Brasil;00:00:12;76;22:06:00;22:24:00
RPH8B16-1;AMBEV, Vehicle, Diesel;17/02/2026;01:05:58;17/02/2026;0,056161632;BR-343, 232 - Cocal De Telha, Cocal de Telha - PI, 64278-000, Brasil;Posto titara Povoado, Campo Maior - PI, 64280-000, Brasil;00:01:32;76;22:24:00;23:30:00
RPH8B16-1;AMBEV, Vehicle, Diesel;17/02/2026;00:01:24;17/02/2026;0,04663397;Posto titara Povoado, Campo Maior - PI, 64280-000, Brasil;Posto titara Povoado, Campo Maior - PI, 64280-000, Brasil;00:00:11;2;23:30:00;23:30:00
RPH8B16-1;AMBEV, Vehicle, Diesel;17/02/2026;00:07:23;17/02/2026;0,409489572;Posto titara Povoado, Campo Maior - PI, 64280-000, Brasil;Posto titara Povoado, Campo Maior - PI, 64280-000, Brasil;00:00:17;6;23:30:00;23:42:00
RPH8B16-1;AMBEV, Vehicle, Diesel;18/02/2026;01:35:48;18/02/2026;0,009294363;Posto titara Povoado, Campo Maior - PI, 64280-000, Brasil;Av. Pres. Médici, 7833 - Parque Alvorada, Timon - MA, 65632, Brasil;00:01:18;77;23:42:00;01:18:00
RPH8B16-1;AMBEV, Vehicle, Diesel;18/02/2026;00:09:37;18/02/2026;0,021715938;Av. Pres. Médici, 7833 - Parque Alvorada, Timon - MA, 65632, Brasil;BR-226 - Jóia, Timon - MA, Brasil;00:00:05;52;01:18:00;01:30:00
RPH8B16-1;AMBEV, Vehicle, Diesel;18/02/2026;01:15:31;18/02/2026;0,003408368;BR-226 - Jóia, Timon - MA, Brasil;BR-316, 544 - Nova Caxias, Caxias - MA, 65609-635, Brasil;00:00:12;79;01:30:00;02:42:00
RPH8B16-1;AMBEV, Vehicle, Diesel;18/02/2026;00:22:45;18/02/2026;0,014846713;BR-316, 544 - Nova Caxias, Caxias - MA, 65609-635, Brasil;BR-316, Caxias - MA, Brasil;00:01:19;72;02:42:00;03:06:00
RPH8B16-1;AMBEV, Vehicle, Diesel;18/02/2026;02:12:56;18/02/2026;0,002150845;BR-316, Caxias - MA, Brasil;BR-316, 1004, Alto Alegre do Maranhão - MA, 65413-000, Brasil;00:03:05;77;03:06:00;05:22:03
RPH8B16-1;AMBEV, Vehicle, Diesel;18/02/2026;00:15:41;18/02/2026;0,053866435;BR-316, 1004, Alto Alegre do Maranhão - MA, 65413-000, Brasil;BR-135, 198 - Povoado Caxuxa, Alto Alegre do Maranhão - MA, 65413-000, Brasil;00:01:15;61;05:22:03;05:42:00
RPH8B16-1;AMBEV, Vehicle, Diesel;18/02/2026;01:26:55;18/02/2026;0,002349537;BR-135, 198 - Povoado Caxuxa, Alto Alegre do Maranhão - MA, 65413-000, Brasil;Av. do Comércio, 113, Miranda do Norte - MA, 65495-000, Brasil;00:03:23;74;05:42:00;07:12:18
RPH8B16-1;AMBEV, Vehicle, Diesel;18/02/2026;00:05:09;18/02/2026;0,01525809;Av. do Comércio, 113, Miranda do Norte - MA, 65495-000, Brasil;BR-135, 5080, Miranda do Norte - MA, 65495-000, Brasil;00:00:39;50;07:12:18;07:18:00
RPH8B16-1;AMBEV, Vehicle, Diesel;18/02/2026;00:34:15;18/02/2026;0,480228148;BR-135, 5080, Miranda do Norte - MA, 65495-000, Brasil;BR-222, 672, Itapecuru Mirim - MA, 65485-000, Brasil;00:01:10;72;07:18:00;07:54:00
RPH8B16-1;AMBEV, Vehicle, Diesel;19/02/2026;01:32:42;19/02/2026;0,004003079;BR-222, 672, Itapecuru Mirim - MA, 65485-000, Brasil;BR-135 | Ambev (sentido terminal), São Luís - MA, Brasil;00:00:04;74;07:54:00;09:24:00
RPH8B16-1;AMBEV, Vehicle, Diesel;19/02/2026;00:21:30;19/02/2026;0,03306912;BR-135 | Ambev (sentido terminal), São Luís - MA, Brasil;BR-135, 126 - Tibiri, São Luís - MA, Brasil;00:00:27;65;09:24:00;09:42:00
RPH8B16-1;AMBEV, Vehicle, Diesel;19/02/2026;00:24:56;19/02/2026;0,01409963;BR-135, 126 - Tibiri, São Luís - MA, Brasil;BR-135, 178, São Luís - MA, Brasil;00:01:30;59;09:42:00;10:12:00
RPH8B16-1;AMBEV, Vehicle, Diesel;19/02/2026;00:02:16;19/02/2026;0,047893322;BR-135, 178, São Luís - MA, Brasil;BR-135, 178, São Luís - MA, Brasil;00:05:29;9;10:12:00;10:18:00
RPH8B16-1;AMBEV, Vehicle, Diesel;19/02/2026;00:00:45;19/02/2026;0,044606181;BR-135, 178, São Luís - MA, Brasil;BR-135, 178, São Luís - MA, Brasil;00:03:21;2;10:18:00;10:24:00
RPH8B16-1;AMBEV, Vehicle, Diesel;19/02/2026;00:01:40;19/02/2026;0,0302275;BR-135, 178, São Luís - MA, Brasil;BR-135, 178, São Luís - MA, Brasil;00:07:02;2;10:24:00;10:30:00
RPH8B16-1;AMBEV, Vehicle, Diesel;19/02/2026;00:06:54;19/02/2026;0,009884051;BR-135, 178, São Luís - MA, Brasil;BR-135, 178, São Luís - MA, Brasil;00:05:04;4;10:30:00;10:40:49
RPH8B16-1;AMBEV, Vehicle, Diesel;19/02/2026;00:29:18;19/02/2026;0,010839618;BR-135, 178, São Luís - MA, Brasil;BR-135 | Ambev (sentido terminal), São Luís - MA, Brasil;00:04:31;57;10:40:49;11:16:27
RPH8B16-1;AMBEV, Vehicle, Diesel;19/02/2026;00:04:02;19/02/2026;0,003754259;BR-135 | Ambev (sentido terminal), São Luís - MA, Brasil;7MVR+C5, São Luís - MA, Brasil;00:00:03;16;11:16:27;11:24:00
RPH8B16-1;AMBEV, Vehicle, Diesel;19/02/2026;00:01:03;19/02/2026;0,026458519;7MVR+C5, São Luís - MA, Brasil;7MVR+C5, São Luís - MA, Brasil;00:00:05;14;11:24:00;11:24:00
RPH8B16-1;AMBEV, Vehicle, Diesel;19/02/2026;00:01:25;19/02/2026;0,001355336;7MVR+C5, São Luís - MA, Brasil;7MVR+C5, São Luís - MA, Brasil;00:00:09;6;11:24:00;11:24:00
RPH8B16-1;AMBEV, Vehicle, Diesel;19/02/2026;00:01:02;19/02/2026;0,020346921;7MVR+C5, São Luís - MA, Brasil;7MVR+C5, São Luís - MA, Brasil;00:10:31;5;11:24:00;11:36:00
RPH8B16-1;AMBEV, Vehicle, Diesel;19/02/2026;00:01:32;19/02/2026;0,023781354;7MVR+C5, São Luís - MA, Brasil;7MVR+C5, São Luís - MA, Brasil;00:00:57;8;11:36:00;11:36:00
RPH8B16-1;AMBEV, Vehicle, Diesel;19/02/2026;00:02:14;19/02/2026;0,029854363;7MVR+C5, São Luís - MA, Brasil;7MVR+C5, São Luís - MA, Brasil;00:00:07;0;11:36:00;11:42:00
RPH8B16-1;AMBEV, Vehicle, Diesel;19/02/2026;00:02:46;19/02/2026;0,032371921;7MVR+C5, São Luís - MA, Brasil;BR-135 | Ambev (sentido terminal), São Luís - MA, Brasil;00:00:21;11;11:42:00;11:42:00
RPH8B16-1;AMBEV, Vehicle, Diesel;19/02/2026;00:02:18;19/02/2026;0,001533194;BR-135 | Ambev (sentido terminal), São Luís - MA, Brasil;BR-135 | Ambev (sentido terminal), São Luís - MA, Brasil;00:00:10;7;11:42:00;11:48:00
RPH8B16-1;AMBEV, Vehicle, Diesel;19/02/2026;00:01:41;19/02/2026;0,006377708;BR-135 | Ambev (sentido terminal), São Luís - MA, Brasil;BR-135 | Ambev (sentido terminal), São Luís - MA, Brasil;00:00:06;3;11:48:00;11:48:00
RPH8B16-1;AMBEV, Vehicle, Diesel;19/02/2026;00:22:47;19/02/2026;0,020821759;BR-135 | Ambev (sentido terminal), São Luís - MA, Brasil;BR-135, 3206, São Luís - MA, Brasil;00:10:06;72;11:48:00;12:22:19
RPH8B16-1;AMBEV, Vehicle, Diesel;19/02/2026;01:56:24;19/02/2026;0,014565544;BR-135, 3206, São Luís - MA, Brasil;Av. do Comércio, 456-550, Miranda do Norte - MA, 65495-000, Brasil;00:00:05;77;12:22:19;14:18:00
RPH8B16-1;AMBEV, Vehicle, Diesel;19/02/2026;00:10:36;19/02/2026;0,005056319;Av. do Comércio, 456-550, Miranda do Norte - MA, 65495-000, Brasil;BR-222 - Arari, MA, 65480-000, Brasil;00:00:16;61;14:18:00;14:30:00
RPH8B16-1;AMBEV, Vehicle, Diesel;19/02/2026;02:39:32;19/02/2026;0,469259259;BR-222 - Arari, MA, 65480-000, Brasil;Rod. Cap. Pedro Teixeira, Bela Vista do Maranhão - MA, 65335-000, Brasil;00:20:18;74;14:30:00;17:31:06
RPH8B16-1;AMBEV, Vehicle, Diesel;20/02/2026;00:45:14;20/02/2026;0,005889641;Rod. Cap. Pedro Teixeira, Bela Vista do Maranhão - MA, 65335-000, Brasil;R. Rio Branco, 49, Bom Jardim - MA, 65380-000, Brasil;00:00:18;72;17:31:06;18:12:00
RPH8B16-1;AMBEV, Vehicle, Diesel;20/02/2026;03:31:18;20/02/2026;0,023117616;R. Rio Branco, 49, Bom Jardim - MA, 65380-000, Brasil;X29J+5P, Maracaçumé - MA, 65289-000, Brasil;00:01:22;77;18:12:00;21:48:00
RPH8B16-1;AMBEV, Vehicle, Diesel;20/02/2026;00:57:11;20/02/2026;0,003176551;X29J+5P, Maracaçumé - MA, 65289-000, Brasil;Av. Roseana Sarney, 28, Boa Vista do Gurupi - MA, 65292-000, Brasil;00:00:20;70;21:48:00;22:42:00
RPH8B16-1;AMBEV, Vehicle, Diesel;20/02/2026;00:06:33;20/02/2026;0,018406458;Av. Roseana Sarney, 28, Boa Vista do Gurupi - MA, 65292-000, Brasil;BR-316, 315, Cachoeira do Piriá - PA, 68617-000, Brasil;00:01:09;39;22:42:00;22:54:00
RPH8B16-1;AMBEV, Vehicle, Diesel;20/02/2026;01:24:28;20/02/2026;0,008440995;BR-316, 315, Cachoeira do Piriá - PA, 68617-000, Brasil;BR-316, 24, Santa Luzia do Pará - PA, 68644-000, Brasil;00:00:53;77;22:54:00;00:18:00
RPH8B16-1;AMBEV, Vehicle, Diesel;20/02/2026;00:57:42;20/02/2026;0,562951389;BR-316, 24, Santa Luzia do Pará - PA, 68644-000, Brasil;Rod. Cap. Pedro Teixeira, 242 - Inussun, Capanema - PA, Brasil;00:39:05;77;00:18:00;01:52:21
RPH8B16-1;AMBEV, Vehicle, Diesel;21/02/2026;00:05:27;21/02/2026;0,011475532;Rod. Cap. Pedro Teixeira, 242 - Inussun, Capanema - PA, Brasil;BR-316, Km 151, s/n - Capanema, PA, 68702-180, Brasil;00:00:29;6;01:52:21;02:24:00
RPH8B16-1;AMBEV, Vehicle, Diesel;21/02/2026;01:17:25;21/02/2026;0,011480324;BR-316, Km 151, s/n - Capanema, PA, 68702-180, Brasil;BR-010, 5137, São Francisco do Pará - PA, 68748-000, Brasil;00:01:21;77;02:24:00;03:42:00
RPH8B16-1;AMBEV, Vehicle, Diesel;21/02/2026;01:44:07;21/02/2026;0,016909722;BR-010, 5137, São Francisco do Pará - PA, 68748-000, Brasil;Passagem Ana Lúcia, 528 - Bairro do Uriboca, Marituba - PA, 67105-110, Brasil;00:11:18;77;03:42:00;05:39:11
RPH8B16-1;AMBEV, Vehicle, Diesel;21/02/2026;00:06:21;21/02/2026;0,073474537;Passagem Ana Lúcia, 528 - Bairro do Uriboca, Marituba - PA, 67105-110, Brasil;R. Nova Uriboca, 1828 - Bairro do Uriboca, Marituba - PA, 67105-080, Brasil;00:03:04;11;05:39:11;05:48:00
RPH8B16-1;AMBEV, Vehicle, Diesel;21/02/2026;00:03:14;21/02/2026;0,014476377;R. Nova Uriboca, 1828 - Bairro do Uriboca, Marituba - PA, 67105-080, Brasil;Passagem Ana Lúcia, 30 - Bairro do Uriboca, Marituba - PA, 67202-540, Brasil;00:10:55;20;05:48:00;06:00:00
RPH8B16-1;AMBEV, Vehicle, Diesel;21/02/2026;00:01:29;21/02/2026;0,014473241;Passagem Ana Lúcia, 30 - Bairro do Uriboca, Marituba - PA, 67202-540, Brasil;Passagem Ana Lúcia, 30 - Bairro do Uriboca, Marituba - PA, 67202-540, Brasil;00:00:06;7;06:00:00;06:06:00
RPH8B16-1;AMBEV, Vehicle, Diesel;21/02/2026;00:17:20;21/02/2026;0,015570347;Passagem Ana Lúcia, 30 - Bairro do Uriboca, Marituba - PA, 67202-540, Brasil;Av. Engenheiro Fernando Guilhom, 1738 - Benfica, Marituba - PA, 67105-290, Brasil;00:02:28;59;06:06:00;06:24:00
RPH8B16-1;AMBEV, Vehicle, Diesel;21/02/2026;01:27:33;21/02/2026;0,008631435;Av. Engenheiro Fernando Guilhom, 1738 - Benfica, Marituba - PA, 67105-290, Brasil;BR-316, 7 - Castanhal, São Francisco do Pará - PA, 68748-000, Brasil;00:00:05;76;06:24:00;07:54:00
RPH8B16-1;AMBEV, Vehicle, Diesel;21/02/2026;01:17:42;21/02/2026;0,038730544;BR-316, 7 - Castanhal, São Francisco do Pará - PA, 68748-000, Brasil;Rod. Cap. Pedro Teixeira, 242 - Inussun, Capanema - PA, Brasil;00:04:31;77;07:54:00;09:12:00
RPH8B16-1;AMBEV, Vehicle, Diesel;21/02/2026;00:04:31;21/02/2026;0,532470394;Rod. Cap. Pedro Teixeira, 242 - Inussun, Capanema - PA, Brasil;BR-316, Km 151, s/n - Capanema, PA, 68702-180, Brasil;00:36:06;15;09:12:00;09:54:00
RPH8B16-1;AMBEV, Vehicle, Diesel;22/02/2026;00:04:49;22/02/2026;0,011987141;BR-316, Km 151, s/n - Capanema, PA, 68702-180, Brasil;Rod. Cap. Pedro Teixeira, 242 - Inussun, Capanema - PA, Brasil;00:00:05;18;09:54:00;10:00:00
RPH8B16-1;AMBEV, Vehicle, Diesel;22/02/2026;02:22:45;22/02/2026;0,010491933;Rod. Cap. Pedro Teixeira, 242 - Inussun, Capanema - PA, Brasil;Av. Roseana Sarney, 28, Boa Vista do Gurupi - MA, 65292-000, Brasil;00:01:01;79;10:00:00;12:24:00
RPH8B16-1;AMBEV, Vehicle, Diesel;22/02/2026;00:53:35;22/02/2026;0,021944444;Av. Roseana Sarney, 28, Boa Vista do Gurupi - MA, 65292-000, Brasil;X29J+5P, Maracaçumé - MA, 65289-000, Brasil;00:03:20;72;12:24:00;13:19:54
RPH8B16-1;AMBEV, Vehicle, Diesel;22/02/2026;05:11:09;22/02/2026;0,002326389;X29J+5P, Maracaçumé - MA, 65289-000, Brasil;Rod. Duzentos Vinte Dois, 7 - Vitoria Do Mearim, Vitória do Mearim - MA, 65350-000, Brasil;00:03:21;77;13:19:54;18:34:25
RPH8B16-1;AMBEV, Vehicle, Diesel;22/02/2026;00:21:39;22/02/2026;0,041132685;Rod. Duzentos Vinte Dois, 7 - Vitoria Do Mearim, Vitória do Mearim - MA, 65350-000, Brasil;BR-222 - Arari, MA, 65480-000, Brasil;00:00:19;66;18:34:25;18:54:00
RPH8B16-1;AMBEV, Vehicle, Diesel;22/02/2026;01:13:39;22/02/2026;0,477152778;BR-222 - Arari, MA, 65480-000, Brasil;BR-222, 672, Itapecuru Mirim - MA, 65485-000, Brasil;00:04:37;74;18:54:00;20:15:48
TTM8F02;AMBEV, Vehicle, Diesel;16/02/2026;00:00:49;16/02/2026;0,004279155;R. O Tempo e O Vento, 54 - Anil, Rio de Janeiro - RJ, 22753-340, Brasil;Estr. do Engenho d'Água, 655 - Anil, Rio de Janeiro - RJ, 22765-240, Brasil;00:00:00;22;18:30:00;18:30:00
TTM8F02;AMBEV, Vehicle, Diesel;16/02/2026;00:01:02;16/02/2026;0,158084016;Estr. do Engenho d'Água, 655 - Anil, Rio de Janeiro - RJ, 22765-240, Brasil;Estr. do Engenho d'Água, 655 - Anil, Rio de Janeiro - RJ, 22765-240, Brasil;00:00:04;16;18:30:00;18:36:00
TTM8F02;AMBEV, Vehicle, Diesel;16/02/2026;00:01:56;16/02/2026;0,171171181;Estr. do Engenho d'Água, 655 - Anil, Rio de Janeiro - RJ, 22765-240, Brasil;Estr. do Engenho d'Água, 655 - Anil, Rio de Janeiro - RJ, 22765-240, Brasil;00:02:10;24;18:36:00;18:38:04
TTM8F02;AMBEV, Vehicle, Diesel;16/02/2026;00:02:56;16/02/2026;0,005729167;Estr. do Engenho d'Água, 655 - Anil, Rio de Janeiro - RJ, 22765-240, Brasil;Estr. do Engenho d'Água, 655 - Anil, Rio de Janeiro - RJ, 22765-240, Brasil;00:08:15;10;18:38:04;18:49:15
TTM8F02;AMBEV, Vehicle, Diesel;16/02/2026;00:43:29;16/02/2026;0,019206586;Estr. do Engenho d'Água, 655 - Anil, Rio de Janeiro - RJ, 22765-240, Brasil;Rua Claudino, 8 - Vargem Pequena, Rio de Janeiro - RJ, 22783-113, Brasil;00:02:23;68;18:49:15;19:32:15
TTM8F02;AMBEV, Vehicle, Diesel;16/02/2026;00:08:25;16/02/2026;0,02664478;Rua Claudino, 8 - Vargem Pequena, Rio de Janeiro - RJ, 22783-113, Brasil;Servidão Sete de Setembro, 16-a - Vargem Grande, Rio de Janeiro - RJ, 22783-415, Brasil;00:01:10;48;19:32:15;19:42:00
TTM8F02;AMBEV, Vehicle, Diesel;16/02/2026;00:02:54;16/02/2026;0,004355706;Servidão Sete de Setembro, 16-a - Vargem Grande, Rio de Janeiro - RJ, 22783-415, Brasil;Servidão Sete de Setembro, 16-a - Vargem Grande, Rio de Janeiro - RJ, 22783-415, Brasil;00:00:05;6;19:42:00;19:48:00
TTM8F02;AMBEV, Vehicle, Diesel;16/02/2026;00:14:03;16/02/2026;0,006614502;Servidão Sete de Setembro, 16-a - Vargem Grande, Rio de Janeiro - RJ, 22783-415, Brasil;Estr. do Sacarrão, 227 - Vargem Grande, Rio de Janeiro - RJ, 22785-085, Brasil;00:01:30;46;19:48:00;20:00:00
TTM8F02;AMBEV, Vehicle, Diesel;16/02/2026;00:02:44;16/02/2026;0,00519588;Estr. do Sacarrão, 227 - Vargem Grande, Rio de Janeiro - RJ, 22785-085, Brasil;R. Joao Pereira Ac R Cap Pedro Afo, 222 - Vargem Grande, Rio de Janeiro - RJ, 22785-620, Brasil;00:01:08;7;20:00:00;20:06:00
TTM8F02;AMBEV, Vehicle, Diesel;16/02/2026;00:02:49;16/02/2026;0,0099361;R. Joao Pereira Ac R Cap Pedro Afo, 222 - Vargem Grande, Rio de Janeiro - RJ, 22785-620, Brasil;Estr. do Rio Morto, 1002 - Vargem Grande, Rio de Janeiro - RJ, 22783-210, Brasil;00:01:27;22;20:06:00;20:12:00
TTM8F02;AMBEV, Vehicle, Diesel;16/02/2026;00:09:35;16/02/2026;0,005706019;Estr. do Rio Morto, 1002 - Vargem Grande, Rio de Janeiro - RJ, 22783-210, Brasil;Estr. dos Bandeirantes, 23480 - Vargem Grande, Rio de Janeiro - RJ, 22785-092, Brasil;00:08:13;44;20:12:00;20:29:48
TTM8F02;AMBEV, Vehicle, Diesel;16/02/2026;00:05:12;16/02/2026;0,008372627;Estr. dos Bandeirantes, 23480 - Vargem Grande, Rio de Janeiro - RJ, 22785-092, Brasil;R. Manhuaçu, 333b - Vargem Grande, Rio de Janeiro - RJ, 22785-600, Brasil;00:01:26;22;20:29:48;20:36:00
TTM8F02;AMBEV, Vehicle, Diesel;16/02/2026;00:09:42;16/02/2026;0,019778102;R. Manhuaçu, 333b - Vargem Grande, Rio de Janeiro - RJ, 22785-600, Brasil;Estrada do Pacuí, 143 - Vargem Grande, Rio de Janeiro - RJ, 22785-160, Brasil;00:00:05;22;20:36:00;20:48:00
TTM8F02;AMBEV, Vehicle, Diesel;16/02/2026;00:00:21;16/02/2026;0,000701447;Estrada do Pacuí, 143 - Vargem Grande, Rio de Janeiro - RJ, 22785-160, Brasil;Estrada do Pacuí, 143 - Vargem Grande, Rio de Janeiro - RJ, 22785-160, Brasil;00:00:28;1;20:48:00;20:48:00
TTM8F02;AMBEV, Vehicle, Diesel;16/02/2026;00:04:32;16/02/2026;0,011493056;Estrada do Pacuí, 143 - Vargem Grande, Rio de Janeiro - RJ, 22785-160, Brasil;Estr. Cabungui, 762 - Vargem Grande, Rio de Janeiro - RJ, 22785-020, Brasil;00:16:33;31;20:48:00;21:09:05
TTM8F02;AMBEV, Vehicle, Diesel;16/02/2026;00:15:43;16/02/2026;0,007152778;Estr. Cabungui, 762 - Vargem Grande, Rio de Janeiro - RJ, 22785-020, Brasil;Estr. dos Bandeirantes, 26794 - Vargem Grande, Rio de Janeiro - RJ, 22785-575, Brasil;00:10:18;61;21:09:05;21:35:06
TTM8F02;AMBEV, Vehicle, Diesel;16/02/2026;00:00:52;16/02/2026;0,00635103;Estr. dos Bandeirantes, 26794 - Vargem Grande, Rio de Janeiro - RJ, 22785-575, Brasil;Estr. dos Bandeirantes, 26754 - Vargem Grande, Rio de Janeiro - RJ, 22785-575, Brasil;00:00:14;22;21:35:06;21:36:00
TTM8F02;AMBEV, Vehicle, Diesel;16/02/2026;00:05:34;16/02/2026;0,010195046;Estr. dos Bandeirantes, 26754 - Vargem Grande, Rio de Janeiro - RJ, 22785-575, Brasil;Estr. dos Bandeirantes, 28178 - Vargem Grande, Rio de Janeiro - RJ, 22785-276, Brasil;00:00:46;53;21:36:00;21:42:00
TTM8F02;AMBEV, Vehicle, Diesel;16/02/2026;00:05:56;16/02/2026;0,005130127;Estr. dos Bandeirantes, 28178 - Vargem Grande, Rio de Janeiro - RJ, 22785-276, Brasil;R. Cleanto de Paiva Leite, 11 - Vargem Grande, Rio de Janeiro - RJ, 22785-070, Brasil;00:00:28;52;21:42:00;21:48:00
TTM8F02;AMBEV, Vehicle, Diesel;16/02/2026;00:09:50;16/02/2026;0,009189815;R. Cleanto de Paiva Leite, 11 - Vargem Grande, Rio de Janeiro - RJ, 22785-070, Brasil;Estr. dos Bandeirantes, 26794 - Vargem Grande, Rio de Janeiro - RJ, 22785-575, Brasil;00:13:14;48;21:48:00;22:11:04
TTM8F02;AMBEV, Vehicle, Diesel;16/02/2026;00:10:36;16/02/2026;0,002986111;Estr. dos Bandeirantes, 26794 - Vargem Grande, Rio de Janeiro - RJ, 22785-575, Brasil;Estr. do Rio Morto, 1002 - Vargem Grande, Rio de Janeiro - RJ, 22783-210, Brasil;00:04:18;52;22:11:04;22:25:58
TTM8F02;AMBEV, Vehicle, Diesel;16/02/2026;00:50:04;16/02/2026;0,012266424;Estr. do Rio Morto, 1002 - Vargem Grande, Rio de Janeiro - RJ, 22783-210, Brasil;Av. Canal do Anil, 22 - Gardênia Azul, Rio de Janeiro - RJ, 22765-430, Brasil;00:00:34;70;22:25:58;23:18:00
TTM8F02;AMBEV, Vehicle, Diesel;16/02/2026;00:01:47;16/02/2026;1,379640845;Av. Canal do Anil, 22 - Gardênia Azul, Rio de Janeiro - RJ, 22765-430, Brasil;Estr. do Engenho d'Água, 655 - Anil, Rio de Janeiro - RJ, 22765-240, Brasil;00:01:31;35;23:18:00;23:18:00
TTM8F02;AMBEV, Vehicle, Diesel;18/02/2026;00:01:04;18/02/2026;0,124071875;Estr. do Engenho d'Água, 655 - Anil, Rio de Janeiro - RJ, 22765-240, Brasil;Av. Otávio Malta, 1201 - Anil, Rio de Janeiro - RJ, 22765-820, Brasil;00:00:01;26;23:18:00;23:19:05
TTM8F02;AMBEV, Vehicle, Diesel;18/02/2026;00:02:37;18/02/2026;0,185156991;Av. Otávio Malta, 1201 - Anil, Rio de Janeiro - RJ, 22765-820, Brasil;Estr. do Engenho d'Água, 655 - Anil, Rio de Janeiro - RJ, 22765-240, Brasil;00:00:08;18;23:19:05;23:24:00
TTM8F02;AMBEV, Vehicle, Diesel;18/02/2026;00:47:02;18/02/2026;0,039363426;Estr. do Engenho d'Água, 655 - Anil, Rio de Janeiro - RJ, 22765-240, Brasil;Estr. dos Bandeirantes, 12993 - Vargem Pequena, Rio de Janeiro - RJ, 22783-117, Brasil;00:09:28;57;23:24:00;00:21:57
TTM8F02;AMBEV, Vehicle, Diesel;18/02/2026;00:06:28;18/02/2026;0,00404816;Estr. dos Bandeirantes, 12993 - Vargem Pequena, Rio de Janeiro - RJ, 22783-117, Brasil;Estr. dos Bandeirantes, 12993 - Vargem Pequena, Rio de Janeiro - RJ, 22783-117, Brasil;00:00:51;39;00:21:57;00:24:00
TTM8F02;AMBEV, Vehicle, Diesel;18/02/2026;00:14:38;18/02/2026;0,026863426;Estr. dos Bandeirantes, 12993 - Vargem Pequena, Rio de Janeiro - RJ, 22783-117, Brasil;Estr. do Sacarrão, 14 - Vargem Grande, Rio de Janeiro - RJ, 22785-085, Brasil;00:05:03;50;00:24:00;00:45:55
TTM8F02;AMBEV, Vehicle, Diesel;18/02/2026;00:05:40;18/02/2026;0,019741238;Estr. do Sacarrão, 14 - Vargem Grande, Rio de Janeiro - RJ, 22785-085, Brasil;Estr. dos Bandeirantes, 23548 - Vargem Grande, Rio de Janeiro - RJ, 22785-092, Brasil;00:01:26;17;00:45:55;00:54:00
TTM8F02;AMBEV, Vehicle, Diesel;18/02/2026;00:13:16;18/02/2026;0,03785662;Estr. dos Bandeirantes, 23548 - Vargem Grande, Rio de Janeiro - RJ, 22785-092, Brasil;R. Luiz Borracha, 939 - Vargem Grande, Rio de Janeiro - RJ, 22785-120, Brasil;00:00:36;41;00:54:00;01:06:00
TTM8F02;AMBEV, Vehicle, Diesel;18/02/2026;00:19:51;18/02/2026;0,00875;R. Luiz Borracha, 939 - Vargem Grande, Rio de Janeiro - RJ, 22785-120, Brasil;R. Paulo Duarte, 82 - Vargem Grande, Rio de Janeiro - RJ, 22785-510, Brasil;00:12:36;53;01:06:00;01:38:27
TTM8F02;AMBEV, Vehicle, Diesel;18/02/2026;00:09:05;18/02/2026;0,091279491;R. Paulo Duarte, 82 - Vargem Grande, Rio de Janeiro - RJ, 22785-510, Brasil;R. Nove de Julho, 28.135 - Vargem Grande, Rio de Janeiro - RJ, 22785, Brasil;00:17:13;42;01:38:27;02:06:00
TTM8F02;AMBEV, Vehicle, Diesel;18/02/2026;00:03:49;18/02/2026;0,006797708;R. Nove de Julho, 28.135 - Vargem Grande, Rio de Janeiro - RJ, 22785, Brasil;Estr. dos Bandeirantes, 28135 - Vargem Grande, Rio de Janeiro - RJ, 22785-276, Brasil;00:01:08;17;02:06:00;02:12:00
TTM8F02;AMBEV, Vehicle, Diesel;18/02/2026;00:18:30;18/02/2026;0,014907407;Estr. dos Bandeirantes, 28135 - Vargem Grande, Rio de Janeiro - RJ, 22785-276, Brasil;Rua Professor Silvio Elia, 78 - Vargem Grande, Rio de Janeiro - RJ, 22783-235, Brasil;00:21:28;52;02:12:00;02:51:58
TTM8F02;AMBEV, Vehicle, Diesel;18/02/2026;00:09:57;18/02/2026;0,015449086;Rua Professor Silvio Elia, 78 - Vargem Grande, Rio de Janeiro - RJ, 22783-235, Brasil;Estr. dos Bandeirantes, 12993 - Vargem Pequena, Rio de Janeiro - RJ, 22783-117, Brasil;00:00:34;48;02:51:58;03:00:00
TTM8F02;AMBEV, Vehicle, Diesel;18/02/2026;00:41:19;18/02/2026;0,009669502;Estr. dos Bandeirantes, 12993 - Vargem Pequena, Rio de Janeiro - RJ, 22783-117, Brasil;Estr. do Engenho d'Água, 655 - Anil, Rio de Janeiro - RJ, 22765-240, Brasil;00:00:13;55;03:00:00;03:42:00
TTM8F02;AMBEV, Vehicle, Diesel;18/02/2026;00:01:46;18/02/2026;0,003472222;Estr. do Engenho d'Água, 655 - Anil, Rio de Janeiro - RJ, 22765-240, Brasil;Estr. do Engenho d'Água, 687 - Anil, Rio de Janeiro - RJ, 22675-240, Brasil;00:05:00;29;03:42:00;03:48:46
TTM8F02;AMBEV, Vehicle, Diesel;18/02/2026;00:00:25;18/02/2026;0,039220023;Estr. do Engenho d'Água, 687 - Anil, Rio de Janeiro - RJ, 22675-240, Brasil;Estr. do Engenho d'Água, 687 - Anil, Rio de Janeiro - RJ, 22675-240, Brasil;00:00:01;9;03:48:46;03:48:00
TTM8F02;AMBEV, Vehicle, Diesel;18/02/2026;00:03:53;18/02/2026;0,007061505;Estr. do Engenho d'Água, 687 - Anil, Rio de Janeiro - RJ, 22675-240, Brasil;R. Caminho do Cavaco, 16 - Anil, Rio de Janeiro - RJ, 22753-034, Brasil;00:00:01;31;03:48:00;03:54:00
TTM8F02;AMBEV, Vehicle, Diesel;18/02/2026;00:04:02;18/02/2026;0,160526273;R. Caminho do Cavaco, 16 - Anil, Rio de Janeiro - RJ, 22753-034, Brasil;2MV6+25 Cubo Kids - Anil, Rio de Janeiro - RJ, 22755, Brasil;00:00:10;29;03:54:00;04:00:00
TTM8F02;AMBEV, Vehicle, Diesel;18/02/2026;00:01:12;18/02/2026;0,05842706;2MV6+25 Cubo Kids - Anil, Rio de Janeiro - RJ, 22755, Brasil;Estr. do Engenho d'Água, 655 - Anil, Rio de Janeiro - RJ, 22765-240, Brasil;00:00:04;26;04:00:00;04:00:00
TTM8F02;AMBEV, Vehicle, Diesel;19/02/2026;00:01:34;19/02/2026;0,249206817;Estr. do Engenho d'Água, 655 - Anil, Rio de Janeiro - RJ, 22765-240, Brasil;Estr. do Engenho d'Água, 655 - Anil, Rio de Janeiro - RJ, 22765-240, Brasil;00:00:08;35;04:00:00;04:00:00
TTM8F02;AMBEV, Vehicle, Diesel;19/02/2026;00:09:05;19/02/2026;0,000892361;Estr. do Engenho d'Água, 655 - Anil, Rio de Janeiro - RJ, 22765-240, Brasil;Estr. de Jacarepaguá, 5895 - Freguesia (Jacarepaguá), Rio de Janeiro - RJ, 22753-033, Brasil;00:00:02;26;04:00:00;04:12:00
TTM8F02;AMBEV, Vehicle, Diesel;19/02/2026;00:00:24;19/02/2026;0,028503576;Estr. de Jacarepaguá, 5895 - Freguesia (Jacarepaguá), Rio de Janeiro - RJ, 22753-033, Brasil;Estr. de Jacarepaguá, 5953 - Anil, Rio de Janeiro - RJ, 22753-030, Brasil;00:00:01;8;04:12:00;04:12:00
TTM8F02;AMBEV, Vehicle, Diesel;19/02/2026;00:40:58;19/02/2026;0,022093356;Estr. de Jacarepaguá, 5953 - Anil, Rio de Janeiro - RJ, 22753-030, Brasil;Av. Pref. Mendes de Morais, 1429-1499 - São Conrado, Rio de Janeiro - RJ, 22610-095, Brasil;00:00:05;55;04:12:00;04:54:00
TTM8F02;AMBEV, Vehicle, Diesel;19/02/2026;00:03:28;19/02/2026;0,020527894;Av. Pref. Mendes de Morais, 1429-1499 - São Conrado, Rio de Janeiro - RJ, 22610-095, Brasil;Av. Pref. Mendes de Morais, 125 - São Conrado, Rio de Janeiro - RJ, 22610-095, Brasil;00:00:01;44;04:54:00;04:54:00
TTM8F02;AMBEV, Vehicle, Diesel;19/02/2026;00:04:13;19/02/2026;0,017706956;Av. Pref. Mendes de Morais, 125 - São Conrado, Rio de Janeiro - RJ, 22610-095, Brasil;Av. Alm. Álvaro Alberto, 100 - São Conrado, Rio de Janeiro - RJ, 22610-070, Brasil;00:00:00;37;04:54:00;05:00:00
TTM8F02;AMBEV, Vehicle, Diesel;19/02/2026;00:18:27;19/02/2026;0,095297766;Av. Alm. Álvaro Alberto, 100 - São Conrado, Rio de Janeiro - RJ, 22610-070, Brasil;R. da Alegria, 827-799 - São Conrado, Rio de Janeiro - RJ, 22451-262, Brasil;00:10:26;46;05:00:00;05:30:00
TTM8F02;AMBEV, Vehicle, Diesel;19/02/2026;00:09:07;19/02/2026;0,008365833;R. da Alegria, 827-799 - São Conrado, Rio de Janeiro - RJ, 22451-262, Brasil;Estrada da Canoa, 507 - São Conrado, Rio de Janeiro - RJ, 22610-002, Brasil;00:00:03;42;05:30:00;05:36:00
TTM8F02;AMBEV, Vehicle, Diesel;19/02/2026;00:00:49;19/02/2026;0,010215197;Estrada da Canoa, 507 - São Conrado, Rio de Janeiro - RJ, 22610-002, Brasil;Estrada da Canoa, 561 - São Conrado, Rio de Janeiro - RJ, 22610-210, Brasil;00:00:00;12;05:36:00;05:36:00
TTM8F02;AMBEV, Vehicle, Diesel;19/02/2026;00:12:07;19/02/2026;0,00409059;Estrada da Canoa, 561 - São Conrado, Rio de Janeiro - RJ, 22610-210, Brasil;Estr. do Joá, 3599 - Joá, Rio de Janeiro - RJ, 22611-021, Brasil;00:00:06;41;05:36:00;05:48:00
TTM8F02;AMBEV, Vehicle, Diesel;19/02/2026;00:01:03;19/02/2026;0,003524618;Estr. do Joá, 3599 - Joá, Rio de Janeiro - RJ, 22611-021, Brasil;Av. Vitor Konder, 136 - Barra da Tijuca, Rio de Janeiro - RJ, 22611-250, Brasil;00:00:03;24;05:48:00;05:54:00
TTM8F02;AMBEV, Vehicle, Diesel;19/02/2026;00:34:52;19/02/2026;0,112517025;Av. Vitor Konder, 136 - Barra da Tijuca, Rio de Janeiro - RJ, 22611-250, Brasil;Estr. do Engenho d'Água, 655 - Anil, Rio de Janeiro - RJ, 22765-240, Brasil;00:00:01;50;05:54:00;06:24:00
TTM8F02;AMBEV, Vehicle, Diesel;19/02/2026;00:02:59;19/02/2026;0,012655208;Estr. do Engenho d'Água, 655 - Anil, Rio de Janeiro - RJ, 22765-240, Brasil;Estr. do Engenho d'Água, 687 - Anil, Rio de Janeiro - RJ, 22675-240, Brasil;00:00:05;20;06:24:00;06:30:00
TTM8F02;AMBEV, Vehicle, Diesel;19/02/2026;00:01:15;19/02/2026;0,309779977;Estr. do Engenho d'Água, 687 - Anil, Rio de Janeiro - RJ, 22675-240, Brasil;Estr. do Engenho d'Água, 655 - Anil, Rio de Janeiro - RJ, 22765-240, Brasil;00:01:41;29;06:30:00;06:30:00
TTM8F02;AMBEV, Vehicle, Diesel;20/02/2026;00:01:46;20/02/2026;0,05290169;Estr. do Engenho d'Água, 655 - Anil, Rio de Janeiro - RJ, 22765-240, Brasil;Estr. do Engenho d'Água, 655 - Anil, Rio de Janeiro - RJ, 22765-240, Brasil;00:00:12;20;06:30:00;06:36:00
TTM8F02;AMBEV, Vehicle, Diesel;20/02/2026;00:03:56;20/02/2026;0,25119213;Estr. do Engenho d'Água, 655 - Anil, Rio de Janeiro - RJ, 22765-240, Brasil;Estr. do Engenho d'Água, 655 - Anil, Rio de Janeiro - RJ, 22765-240, Brasil;00:01:56;15;06:36:00;06:37:54
TTM8F02;AMBEV, Vehicle, Diesel;20/02/2026;00:03:39;20/02/2026;0,003449074;Estr. do Engenho d'Água, 655 - Anil, Rio de Janeiro - RJ, 22765-240, Brasil;Estr. do Engenho d'Água, 655 - Anil, Rio de Janeiro - RJ, 22765-240, Brasil;00:04:58;20;06:37:54;06:46:31
TTM8F02;AMBEV, Vehicle, Diesel;20/02/2026;00:00:49;20/02/2026;0,005381944;Estr. do Engenho d'Água, 655 - Anil, Rio de Janeiro - RJ, 22765-240, Brasil;Estr. do Engenho d'Água, 655 - Anil, Rio de Janeiro - RJ, 22765-240, Brasil;00:07:45;18;06:46:31;06:55:05
TTM8F02;AMBEV, Vehicle, Diesel;20/02/2026;00:06:38;20/02/2026;0,005729167;Estr. do Engenho d'Água, 655 - Anil, Rio de Janeiro - RJ, 22765-240, Brasil;Estr. de Jacarepaguá, 6310 - Anil, Rio de Janeiro - RJ, 22755-145, Brasil;00:08:15;42;06:55:05;07:09:58
TTM8F02;AMBEV, Vehicle, Diesel;20/02/2026;00:01:53;20/02/2026;0,003839144;Estr. de Jacarepaguá, 6310 - Anil, Rio de Janeiro - RJ, 22755-145, Brasil;Estr. de Jacarepaguá, 6346 - Anil, Rio de Janeiro - RJ, 22755-145, Brasil;00:00:05;4;07:09:58;07:12:00
TTM8F02;AMBEV, Vehicle, Diesel;20/02/2026;00:52:07;20/02/2026;0,027244271;Estr. de Jacarepaguá, 6346 - Anil, Rio de Janeiro - RJ, 22755-145, Brasil;Estrada do Pacuí, 285 - Vargem Grande, Rio de Janeiro - RJ, 22785-160, Brasil;00:00:06;61;07:12:00;08:06:00
TTM8F02;AMBEV, Vehicle, Diesel;20/02/2026;00:01:45;20/02/2026;0,004594907;Estrada do Pacuí, 285 - Vargem Grande, Rio de Janeiro - RJ, 22785-160, Brasil;Estrada do Pacuí, 882 - Vargem Grande, Rio de Janeiro - RJ, 22785-160, Brasil;00:06:37;7;08:06:00;08:14:22
TTM8F02;AMBEV, Vehicle, Diesel;20/02/2026;00:01:12;20/02/2026;0,004074074;Estrada do Pacuí, 882 - Vargem Grande, Rio de Janeiro - RJ, 22785-160, Brasil;Estrada do Pacuí, 285 - Vargem Grande, Rio de Janeiro - RJ, 22785-160, Brasil;00:05:52;22;08:14:22;08:21:26
TTM8F02;AMBEV, Vehicle, Diesel;20/02/2026;00:04:46;20/02/2026;0,018409317;Estrada do Pacuí, 285 - Vargem Grande, Rio de Janeiro - RJ, 22785-160, Brasil;Estr. do Sacarrão, 85-854 - Vargem Grande, Rio de Janeiro - RJ, 22785-085, Brasil;00:01:08;24;08:21:26;08:30:00
TTM8F02;AMBEV, Vehicle, Diesel;20/02/2026;00:05:42;20/02/2026;0,002138403;Estr. do Sacarrão, 85-854 - Vargem Grande, Rio de Janeiro - RJ, 22785-085, Brasil;Estr. dos Bandeirantes, 24401 - Vargem Grande, Rio de Janeiro - RJ, 22785-091, Brasil;00:03:04;26;08:30:00;08:38:47
TTM8F02;AMBEV, Vehicle, Diesel;20/02/2026;00:00:48;20/02/2026;0,044074074;Estr. dos Bandeirantes, 24401 - Vargem Grande, Rio de Janeiro - RJ, 22785-091, Brasil;Estr. do Sacarrão, 14 - Vargem Grande, Rio de Janeiro - RJ, 22785-085, Brasil;00:05:53;1;08:38:47;08:41:43
TTM8F02;AMBEV, Vehicle, Diesel;20/02/2026;00:08:19;20/02/2026;0,007800926;Estr. do Sacarrão, 14 - Vargem Grande, Rio de Janeiro - RJ, 22785-085, Brasil;Estr. dos Bandeirantes, 26794 - Vargem Grande, Rio de Janeiro - RJ, 22785-575, Brasil;00:11:14;55;08:41:43;09:01:16
TTM8F02;AMBEV, Vehicle, Diesel;20/02/2026;00:00:17;20/02/2026;0,011234537;Estr. dos Bandeirantes, 26794 - Vargem Grande, Rio de Janeiro - RJ, 22785-575, Brasil;Estr. dos Bandeirantes, 26754 - Vargem Grande, Rio de Janeiro - RJ, 22785-575, Brasil;00:00:08;20;09:01:16;09:06:00
TTM8F02;AMBEV, Vehicle, Diesel;20/02/2026;00:11:45;20/02/2026;0,013917488;Estr. dos Bandeirantes, 26754 - Vargem Grande, Rio de Janeiro - RJ, 22785-575, Brasil;R. Nove de Julho, 28.135 - Vargem Grande, Rio de Janeiro - RJ, 22785, Brasil;00:00:22;52;09:06:00;09:18:00
TTM8F02;AMBEV, Vehicle, Diesel;20/02/2026;00:03:35;20/02/2026;0,006829178;R. Nove de Julho, 28.135 - Vargem Grande, Rio de Janeiro - RJ, 22785, Brasil;Estr. dos Bandeirantes, 28135A - Vargem Grande, Rio de Janeiro - RJ, 22785-276, Brasil;00:02:04;13;09:18:00;09:24:00
TTM8F02;AMBEV, Vehicle, Diesel;20/02/2026;00:02:09;20/02/2026;0,011915498;Estr. dos Bandeirantes, 28135A - Vargem Grande, Rio de Janeiro - RJ, 22785-276, Brasil;Estr. dos Bandeirantes, 28178 - Vargem Grande, Rio de Janeiro - RJ, 22785-276, Brasil;00:00:07;37;09:24:00;09:24:00
TTM8F02;AMBEV, Vehicle, Diesel;20/02/2026;00:01:23;20/02/2026;0,007546296;Estr. dos Bandeirantes, 28178 - Vargem Grande, Rio de Janeiro - RJ, 22785-276, Brasil;Estr. dos Bandeirantes, 28131 - Vargem Grande, Rio de Janeiro - RJ, 22785-276, Brasil;00:10:52;22;09:24:00;09:36:15
TTM8F02;AMBEV, Vehicle, Diesel;20/02/2026;00:02:16;20/02/2026;0,019448623;Estr. dos Bandeirantes, 28131 - Vargem Grande, Rio de Janeiro - RJ, 22785-276, Brasil;Estr. dos Bandeirantes, 27633 - D - Vargem Grande, Rio de Janeiro - RJ, 22785-091, Brasil;00:01:28;52;09:36:15;09:42:00
TTM8F02;AMBEV, Vehicle, Diesel;20/02/2026;00:06:17;20/02/2026;0,008020833;Estr. dos Bandeirantes, 27633 - D - Vargem Grande, Rio de Janeiro - RJ, 22785-091, Brasil;Estrada do Pacuí, 277 - Vargem Grande, Rio de Janeiro - RJ, 22785-160, Brasil;00:11:33;57;09:42:00;09:59:50
TTM8F02;AMBEV, Vehicle, Diesel;20/02/2026;00:12:26;20/02/2026;0,010721308;Estrada do Pacuí, 277 - Vargem Grande, Rio de Janeiro - RJ, 22785-160, Brasil;Estr. Ver. Alceu de Carvalho, 72 - Vargem Grande, Rio de Janeiro - RJ, 22785-620, Brasil;00:00:20;46;09:59:50;10:12:00
TTM8F02;AMBEV, Vehicle, Diesel;20/02/2026;00:53:00;20/02/2026;0,024844317;Estr. Ver. Alceu de Carvalho, 72 - Vargem Grande, Rio de Janeiro - RJ, 22785-620, Brasil;Estr. do Engenho d'Água, 655 - Anil, Rio de Janeiro - RJ, 22765-240, Brasil;00:00:11;70;10:12:00;11:00:00
TTM8F02;AMBEV, Vehicle, Diesel;20/02/2026;00:02:11;20/02/2026;0,006276169;Estr. do Engenho d'Água, 655 - Anil, Rio de Janeiro - RJ, 22765-240, Brasil;Estr. do Engenho d'Água, 655 - Anil, Rio de Janeiro - RJ, 22765-240, Brasil;00:00:02;37;11:00:00;11:06:00
TTM8F02;AMBEV, Vehicle, Diesel;20/02/2026;00:02:23;20/02/2026;0,224679688;Estr. do Engenho d'Água, 655 - Anil, Rio de Janeiro - RJ, 22765-240, Brasil;Estr. do Engenho d'Água, 655 - Anil, Rio de Janeiro - RJ, 22765-240, Brasil;00:00:06;35;11:06:00;11:06:00
TTM8F02;AMBEV, Vehicle, Diesel;20/02/2026;00:01:10;20/02/2026;0,153661169;Estr. do Engenho d'Água, 655 - Anil, Rio de Janeiro - RJ, 22765-240, Brasil;Estr. do Engenho d'Água, 655 - Anil, Rio de Janeiro - RJ, 22765-240, Brasil;00:00:06;28;11:06:00;11:12:00
TTM8F02;AMBEV, Vehicle, Diesel;21/02/2026;00:03:07;21/02/2026;0,266351273;Estr. do Engenho d'Água, 655 - Anil, Rio de Janeiro - RJ, 22765-240, Brasil;Estr. do Engenho d'Água, 655 - Anil, Rio de Janeiro - RJ, 22765-240, Brasil;00:00:02;31;11:12:00;11:12:00
TTM8F02;AMBEV, Vehicle, Diesel;21/02/2026;00:44:51;21/02/2026;0,076940741;Estr. do Engenho d'Água, 655 - Anil, Rio de Janeiro - RJ, 22765-240, Brasil;Estr. dos Bandeirantes, 8933 - Jacarepaguá, Rio de Janeiro - RJ, 22783-116, Brasil;00:00:15;57;11:12:00;12:00:00
TTM8F02;AMBEV, Vehicle, Diesel;21/02/2026;00:03:36;21/02/2026;0,003449074;Estr. dos Bandeirantes, 8933 - Jacarepaguá, Rio de Janeiro - RJ, 22783-116, Brasil;Estr. dos Bandeirantes, 9325 - Barra Olímpica, Rio de Janeiro - RJ, 22783-116, Brasil;00:04:58;7;12:00:00;12:08:34
TTM8F02;AMBEV, Vehicle, Diesel;21/02/2026;00:13:11;21/02/2026;0,040672245;Estr. dos Bandeirantes, 9325 - Barra Olímpica, Rio de Janeiro - RJ, 22783-116, Brasil;Rua Claudino, 8 - Vargem Pequena, Rio de Janeiro - RJ, 22783-113, Brasil;00:00:12;50;12:08:34;12:18:00
TTM8F02;AMBEV, Vehicle, Diesel;21/02/2026;00:07:48;21/02/2026;0,028958333;Rua Claudino, 8 - Vargem Pequena, Rio de Janeiro - RJ, 22783-113, Brasil;Estr. dos Bandeirantes, 13935 - Vargem Pequena, Rio de Janeiro - RJ, 22783-025, Brasil;00:07:52;41;12:18:00;12:37:18
TTM8F02;AMBEV, Vehicle, Diesel;21/02/2026;00:07:19;21/02/2026;0,041050671;Estr. dos Bandeirantes, 13935 - Vargem Pequena, Rio de Janeiro - RJ, 22783-025, Brasil;Estr. dos Bandeirantes, 12748 - Vargem Grande, Rio de Janeiro - RJ, 22783-112, Brasil;00:02:26;35;12:37:18;12:44:21
TTM8F02;AMBEV, Vehicle, Diesel;21/02/2026;00:11:26;21/02/2026;0,014918981;Estr. dos Bandeirantes, 12748 - Vargem Grande, Rio de Janeiro - RJ, 22783-112, Brasil;Estr. da Boca do Mato, 3 - Vargem Pequena, Rio de Janeiro - RJ, 22783-325, Brasil;00:15:16;46;12:44:21;13:09:58
TTM8F02;AMBEV, Vehicle, Diesel;21/02/2026;00:04:50;21/02/2026;0,003445891;Estr. da Boca do Mato, 3 - Vargem Pequena, Rio de Janeiro - RJ, 22783-325, Brasil;Estr. dos Bandeirantes, 21714 - Vargem Pequena, Rio de Janeiro - RJ, 22783-551, Brasil;00:00:29;44;13:09:58;13:18:00
TTM8F02;AMBEV, Vehicle, Diesel;21/02/2026;00:06:40;21/02/2026;0,01552059;Estr. dos Bandeirantes, 21714 - Vargem Pequena, Rio de Janeiro - RJ, 22783-551, Brasil;Estrada do Pacuí, 126 - Vargem Grande, Rio de Janeiro - RJ, 22785-160, Brasil;00:04:35;44;13:18:00;13:30:00
TTM8F02;AMBEV, Vehicle, Diesel;21/02/2026;00:09:01;21/02/2026;0,003019005;Estrada do Pacuí, 126 - Vargem Grande, Rio de Janeiro - RJ, 22785-160, Brasil;Rua Professor Silvio Elia, 384 - Vargem Grande, Rio de Janeiro - RJ, 22783-235, Brasil;00:01:44;59;13:30:00;13:36:00
TTM8F02;AMBEV, Vehicle, Diesel;21/02/2026;00:00:13;21/02/2026;0,002291667;Rua Professor Silvio Elia, 384 - Vargem Grande, Rio de Janeiro - RJ, 22783-235, Brasil;Servidão Sete de Setembro, 4 - Vargem Pequena, Rio de Janeiro - RJ, 22783-245, Brasil;00:03:18;0;13:36:00;13:39:31
TTM8F02;AMBEV, Vehicle, Diesel;21/02/2026;00:07:32;21/02/2026;0,012023519;Servidão Sete de Setembro, 4 - Vargem Pequena, Rio de Janeiro - RJ, 22783-245, Brasil;Rua José Duarte, 9 - Vargem Pequena, Rio de Janeiro - RJ, 22783-415, Brasil;00:00:05;50;13:39:31;13:48:00
TTM8F02;AMBEV, Vehicle, Diesel;21/02/2026;00:06:18;21/02/2026;0,024955845;Rua José Duarte, 9 - Vargem Pequena, Rio de Janeiro - RJ, 22783-415, Brasil;R. Paulo José Mahfud, 61A - Vargem Pequena, Rio de Janeiro - RJ, 22783-395, Brasil;00:02:34;44;13:48:00;14:00:00
TTM8F02;AMBEV, Vehicle, Diesel;21/02/2026;00:02:04;21/02/2026;0,006458333;R. Paulo José Mahfud, 61A - Vargem Pequena, Rio de Janeiro - RJ, 22783-395, Brasil;R. Paulo José Mahfud, 62 - Vargem Pequena, Rio de Janeiro - RJ, 22783-415, Brasil;00:09:18;18;14:00:00;14:11:22
TTM8F02;AMBEV, Vehicle, Diesel;21/02/2026;00:50:10;21/02/2026;0,003811042;R. Paulo José Mahfud, 62 - Vargem Pequena, Rio de Janeiro - RJ, 22783-415, Brasil;Av. Otávio Malta, 819 - Anil, Rio de Janeiro - RJ, 22765-820, Brasil;00:02:23;57;14:11:22;15:00:00
TTM8F02;AMBEV, Vehicle, Diesel;21/02/2026;00:00:50;21/02/2026;0,015379167;Av. Otávio Malta, 819 - Anil, Rio de Janeiro - RJ, 22765-820, Brasil;Av. Canal do Anil, 25 - Anil, Rio de Janeiro - RJ, 22765-430, Brasil;00:00:03;20;15:00:00;15:06:00
TTM8F02;AMBEV, Vehicle, Diesel;21/02/2026;00:03:13;21/02/2026;1,400922905;Av. Canal do Anil, 25 - Anil, Rio de Janeiro - RJ, 22765-430, Brasil;Estr. do Engenho d'Água, 655 - Anil, Rio de Janeiro - RJ, 22765-240, Brasil;00:00:08;31;15:06:00;15:06:00
TTM8F04;AMBEV, Vehicle, Diesel;16/02/2026;00:03:43;16/02/2026;0,006691481;Estr. do Engenho d'Água, 655 - Anil, Rio de Janeiro - RJ, 22765-240, Brasil;Av. Otávio Malta, 1201 - Anil, Rio de Janeiro - RJ, 22765-820, Brasil;00:00:22;20;17:48:00;17:54:00
TTM8F04;AMBEV, Vehicle, Diesel;16/02/2026;00:06:41;16/02/2026;0,00443287;Av. Otávio Malta, 1201 - Anil, Rio de Janeiro - RJ, 22765-820, Brasil;Estr. de Jacarepaguá, 5895 - Anil, Rio de Janeiro - RJ, 22753-033, Brasil;00:06:23;26;17:54:00;18:07:04
TTM8F04;AMBEV, Vehicle, Diesel;16/02/2026;00:20:40;16/02/2026;0,004989699;Estr. de Jacarepaguá, 5895 - Anil, Rio de Janeiro - RJ, 22753-033, Brasil;Estr. Rodrigues Caldas, 257 - Taquara, Rio de Janeiro - RJ, 22713-372, Brasil;00:00:04;50;18:07:04;18:24:00
TTM8F04;AMBEV, Vehicle, Diesel;16/02/2026;00:01:29;16/02/2026;0,005127315;Estr. Rodrigues Caldas, 257 - Taquara, Rio de Janeiro - RJ, 22713-372, Brasil;R. Macembu, 175 - Taquara, Rio de Janeiro - RJ, 22710-241, Brasil;00:07:23;26;18:24:00;18:32:52
TTM8F04;AMBEV, Vehicle, Diesel;16/02/2026;00:08:13;16/02/2026;0,010417477;R. Macembu, 175 - Taquara, Rio de Janeiro - RJ, 22710-241, Brasil;R. da Comunidade, 4 - Taquara, Rio de Janeiro - RJ, 22713-570, Brasil;00:00:05;35;18:32:52;18:42:00
TTM8F04;AMBEV, Vehicle, Diesel;16/02/2026;00:01:35;16/02/2026;0,014987766;R. da Comunidade, 4 - Taquara, Rio de Janeiro - RJ, 22713-570, Brasil;R. da Comunidade, 4 - Taquara, Rio de Janeiro - RJ, 22713-570, Brasil;00:00:41;8;18:42:00;18:42:00
TTM8F04;AMBEV, Vehicle, Diesel;16/02/2026;00:15:30;16/02/2026;0,043984074;R. da Comunidade, 4 - Taquara, Rio de Janeiro - RJ, 22713-570, Brasil;R. Tenente José Jerônimo de Mesquita, 46 - Irajá, Rio de Janeiro - RJ, 22770-250, Brasil;00:00:30;44;18:42:00;19:00:00
TTM8F04;AMBEV, Vehicle, Diesel;16/02/2026;00:21:26;16/02/2026;0,017180255;R. Tenente José Jerônimo de Mesquita, 46 - Irajá, Rio de Janeiro - RJ, 22770-250, Brasil;R. André Rocha, 4602 - Curicica, Rio de Janeiro - RJ, 22713-567, Brasil;00:00:07;52;19:00:00;19:24:00
TTM8F04;AMBEV, Vehicle, Diesel;16/02/2026;00:06:35;16/02/2026;0,029104537;R. André Rocha, 4602 - Curicica, Rio de Janeiro - RJ, 22713-567, Brasil;R. Manoel Gomes Ferreira, 55 - Jacarepaguá, Rio de Janeiro - RJ, 22713-555, Brasil;00:00:23;29;19:24:00;19:30:00
TTM8F04;AMBEV, Vehicle, Diesel;16/02/2026;00:14:13;16/02/2026;0,017744653;R. Manoel Gomes Ferreira, 55 - Jacarepaguá, Rio de Janeiro - RJ, 22713-555, Brasil;R. Dr. Odim Góis, 282 - Jacarepaguá, Rio de Janeiro - RJ, 22713-510, Brasil;00:00:15;44;19:30:00;19:42:00
TTM8F04;AMBEV, Vehicle, Diesel;16/02/2026;00:07:57;16/02/2026;0,005271516;R. Dr. Odim Góis, 282 - Jacarepaguá, Rio de Janeiro - RJ, 22713-510, Brasil;R. Treze, 4 - Taquara, Rio de Janeiro - RJ, 22723-414, Brasil;00:00:05;42;19:42:00;19:54:00
TTM8F04;AMBEV, Vehicle, Diesel;16/02/2026;00:07:33;16/02/2026;0,013129757;R. Treze, 4 - Taquara, Rio de Janeiro - RJ, 22723-414, Brasil;R. Macembu, 175 - Taquara, Rio de Janeiro - RJ, 22710-241, Brasil;00:00:02;44;19:54:00;20:00:00
TTM8F04;AMBEV, Vehicle, Diesel;16/02/2026;00:07:11;16/02/2026;0,025833333;R. Macembu, 175 - Taquara, Rio de Janeiro - RJ, 22710-241, Brasil;Estrada do Guerenguê, 2118 - Jacarepaguá, Rio de Janeiro - RJ, 22713-001, Brasil;00:02:41;37;20:00:00;20:08:03
TTM8F04;AMBEV, Vehicle, Diesel;16/02/2026;00:27:05;16/02/2026;0,001007465;Estrada do Guerenguê, 2118 - Jacarepaguá, Rio de Janeiro - RJ, 22713-001, Brasil;R. Amarílio Salgado, 58 - Anil, Rio de Janeiro - RJ, 22753-450, Brasil;00:00:01;48;20:08:03;20:36:00
TTM8F04;AMBEV, Vehicle, Diesel;16/02/2026;00:03:01;16/02/2026;0,034533044;R. Amarílio Salgado, 58 - Anil, Rio de Janeiro - RJ, 22753-450, Brasil;Av. Canal do Anil, 22 - Gardênia Azul, Rio de Janeiro - RJ, 22765-430, Brasil;00:00:04;33;20:36:00;20:36:00
TTM8F04;AMBEV, Vehicle, Diesel;16/02/2026;00:01:30;16/02/2026;1,259497176;Av. Canal do Anil, 22 - Gardênia Azul, Rio de Janeiro - RJ, 22765-430, Brasil;Estr. do Engenho d'Água, 655 - Anil, Rio de Janeiro - RJ, 22765-240, Brasil;00:00:07;39;20:36:00;20:42:00
TTM8F04;AMBEV, Vehicle, Diesel;17/02/2026;00:01:05;17/02/2026;0,106950625;Estr. do Engenho d'Água, 655 - Anil, Rio de Janeiro - RJ, 22765-240, Brasil;Av. Otávio Malta, 1201 - Anil, Rio de Janeiro - RJ, 22765-820, Brasil;00:00:00;0;20:42:00;20:42:00
TTM8F04;AMBEV, Vehicle, Diesel;18/02/2026;00:01:47;18/02/2026;0,29926515;Av. Otávio Malta, 1201 - Anil, Rio de Janeiro - RJ, 22765-820, Brasil;Estr. do Engenho d'Água, 655 - Anil, Rio de Janeiro - RJ, 22765-240, Brasil;00:01:39;17;20:42:00;20:43:33
TTM8F04;AMBEV, Vehicle, Diesel;18/02/2026;00:04:03;18/02/2026;0,004032801;Estr. do Engenho d'Água, 655 - Anil, Rio de Janeiro - RJ, 22765-240, Brasil;2MV6+25 Cubo Kids - Anil, Rio de Janeiro - RJ, 22755, Brasil;00:01:58;11;20:43:33;20:54:00
TTM8F04;AMBEV, Vehicle, Diesel;18/02/2026;00:00:48;18/02/2026;0,007522731;2MV6+25 Cubo Kids - Anil, Rio de Janeiro - RJ, 22755, Brasil;R. Caminho do Cavaco, 177 - Anil, Rio de Janeiro - RJ, 22753-034, Brasil;00:00:02;18;20:54:00;20:54:00
TTM8F04;AMBEV, Vehicle, Diesel;18/02/2026;00:03:20;18/02/2026;0,005448206;R. Caminho do Cavaco, 177 - Anil, Rio de Janeiro - RJ, 22753-034, Brasil;Estr. de Jacarepaguá, 5895 - Freguesia (Jacarepaguá), Rio de Janeiro - RJ, 22753-033, Brasil;00:07:50;13;20:54:00;21:05:11
TTM8F04;AMBEV, Vehicle, Diesel;18/02/2026;00:06:44;18/02/2026;0,003472558;Estr. de Jacarepaguá, 5895 - Freguesia (Jacarepaguá), Rio de Janeiro - RJ, 22753-033, Brasil;Estr. de Jacarepaguá, 6346 - Anil, Rio de Janeiro - RJ, 22755-145, Brasil;00:00:03;48;21:05:11;21:12:00
TTM8F04;AMBEV, Vehicle, Diesel;18/02/2026;00:21:45;18/02/2026;0,009564803;Estr. de Jacarepaguá, 6346 - Anil, Rio de Janeiro - RJ, 22755-145, Brasil;Rua sargento Luís da Silva, 384 - Taquara, Rio de Janeiro - RJ, 22710-241, Brasil;00:01:16;42;21:12:00;21:36:00
TTM8F04;AMBEV, Vehicle, Diesel;18/02/2026;00:10:29;18/02/2026;0,005729167;Rua sargento Luís da Silva, 384 - Taquara, Rio de Janeiro - RJ, 22710-241, Brasil;Estr. da Ligação, 730 - Jacarepaguá, Rio de Janeiro - RJ, 22713-470, Brasil;00:08:15;39;21:36:00;21:54:44
TTM8F04;AMBEV, Vehicle, Diesel;18/02/2026;00:01:28;18/02/2026;0,046840278;Estr. da Ligação, 730 - Jacarepaguá, Rio de Janeiro - RJ, 22713-470, Brasil;Estr. da Ligação, 730 - Jacarepaguá, Rio de Janeiro - RJ, 22713-470, Brasil;00:05:48;7;21:54:44;21:59:37
TTM8F04;AMBEV, Vehicle, Diesel;18/02/2026;00:10:42;18/02/2026;0,002303241;Estr. da Ligação, 730 - Jacarepaguá, Rio de Janeiro - RJ, 22713-470, Brasil;R. Sampaio Corrêa, 108b - Jacarepaguá, Rio de Janeiro - RJ, 22713-560, Brasil;00:03:19;44;21:59:37;22:13:38
TTM8F04;AMBEV, Vehicle, Diesel;18/02/2026;00:02:40;18/02/2026;0,004936377;R. Sampaio Corrêa, 108b - Jacarepaguá, Rio de Janeiro - RJ, 22713-560, Brasil;R. Sampaio Corrêa, 113 - Jacarepaguá, Rio de Janeiro - RJ, 22713-560, Brasil;00:00:20;4;22:13:38;22:18:00
TTM8F04;AMBEV, Vehicle, Diesel;18/02/2026;00:02:35;18/02/2026;0,003998657;R. Sampaio Corrêa, 113 - Jacarepaguá, Rio de Janeiro - RJ, 22713-560, Brasil;R. Sampaio Corrêa, 113 - Jacarepaguá, Rio de Janeiro - RJ, 22713-560, Brasil;00:00:31;14;22:18:00;22:18:00
TTM8F04;AMBEV, Vehicle, Diesel;18/02/2026;00:07:48;18/02/2026;0,020624757;R. Sampaio Corrêa, 113 - Jacarepaguá, Rio de Janeiro - RJ, 22713-560, Brasil;Estrada do Guerenguê, 2118 - Jacarepaguá, Rio de Janeiro - RJ, 22713-001, Brasil;00:00:27;22;22:18:00;22:30:00
TTM8F04;AMBEV, Vehicle, Diesel;18/02/2026;00:07:36;18/02/2026;0,012481956;Estrada do Guerenguê, 2118 - Jacarepaguá, Rio de Janeiro - RJ, 22713-001, Brasil;R. André Rocha, 3554 - Curicica, Rio de Janeiro - RJ, 22713-567, Brasil;00:01:02;35;22:30:00;22:36:00
TTM8F04;AMBEV, Vehicle, Diesel;18/02/2026;00:03:23;18/02/2026;0,013120648;R. André Rocha, 3554 - Curicica, Rio de Janeiro - RJ, 22713-567, Brasil;R. da Creche, 23 - Jacarepaguá, Rio de Janeiro - RJ, 22711-310, Brasil;00:01:06;29;22:36:00;22:42:00
TTM8F04;AMBEV, Vehicle, Diesel;18/02/2026;00:05:55;18/02/2026;0,020413368;R. da Creche, 23 - Jacarepaguá, Rio de Janeiro - RJ, 22711-310, Brasil;R. Álvaro Ramos, 14 - Jacarepaguá, Rio de Janeiro - RJ, 22713-584, Brasil;00:01:32;24;22:42:00;22:48:00
TTM8F04;AMBEV, Vehicle, Diesel;18/02/2026;00:16:07;18/02/2026;0,005852095;R. Álvaro Ramos, 14 - Jacarepaguá, Rio de Janeiro - RJ, 22713-584, Brasil;R. André Rocha, 2630a - Taquara, Rio de Janeiro - RJ, 22710-568, Brasil;00:00:03;39;22:48:00;23:06:00
TTM8F04;AMBEV, Vehicle, Diesel;18/02/2026;00:01:39;18/02/2026;0,008301551;R. André Rocha, 2630a - Taquara, Rio de Janeiro - RJ, 22710-568, Brasil;R. André Rocha, 750 - sala 325 - Taquara, Rio de Janeiro - RJ, 22710-561, Brasil;00:00:04;29;23:06:00;23:06:00
TTM8F04;AMBEV, Vehicle, Diesel;18/02/2026;00:03:18;18/02/2026;0,009976852;R. André Rocha, 750 - sala 325 - Taquara, Rio de Janeiro - RJ, 22710-561, Brasil;Porto Vitória - Taquara, Rio de Janeiro - RJ, 22710-483, Brasil;00:14:22;33;23:06:00;23:23:40
TTM8F04;AMBEV, Vehicle, Diesel;18/02/2026;00:03:00;18/02/2026;0,002314815;Porto Vitória - Taquara, Rio de Janeiro - RJ, 22710-483, Brasil;R. André Rocha, 3364 - Curicica, Rio de Janeiro - RJ, 22713-567, Brasil;00:03:20;29;23:23:40;23:30:00
TTM8F04;AMBEV, Vehicle, Diesel;18/02/2026;00:00:19;18/02/2026;0,005243634;R. André Rocha, 3364 - Curicica, Rio de Janeiro - RJ, 22713-567, Brasil;R. André Rocha, 3037 - Taquara, Rio de Janeiro - RJ, 22710-561, Brasil;00:07:33;1;23:30:00;23:37:52
TTM8F04;AMBEV, Vehicle, Diesel;18/02/2026;00:01:53;18/02/2026;0,031419988;R. André Rocha, 3037 - Taquara, Rio de Janeiro - RJ, 22710-561, Brasil;R. André Rocha, 3009 - Taquara, Rio de Janeiro - RJ, 22710-483, Brasil;00:00:08;12;23:37:52;23:42:00
TTM8F04;AMBEV, Vehicle, Diesel;18/02/2026;00:06:43;18/02/2026;0,026010868;R. André Rocha, 3009 - Taquara, Rio de Janeiro - RJ, 22710-483, Brasil;Rua sargento Luís da Silva, 384 - Taquara, Rio de Janeiro - RJ, 22710-241, Brasil;00:00:10;42;23:42:00;23:48:00
TTM8F04;AMBEV, Vehicle, Diesel;18/02/2026;00:05:56;18/02/2026;0,030741238;Rua sargento Luís da Silva, 384 - Taquara, Rio de Janeiro - RJ, 22710-241, Brasil;R. Correio do Povo, 40 - Taquara, Rio de Janeiro - RJ, 22715-020, Brasil;00:00:26;37;23:48:00;23:54:00
TTM8F04;AMBEV, Vehicle, Diesel;18/02/2026;00:07:32;18/02/2026;0,011787442;R. Correio do Povo, 40 - Taquara, Rio de Janeiro - RJ, 22715-020, Brasil;Rua Dom - R. Tomas Balduino, 2 - Jacarepaguá, Rio de Janeiro - RJ, 22713-523, Brasil;00:00:02;46;23:54:00;00:00:00
TTM8F04;AMBEV, Vehicle, Diesel;18/02/2026;00:07:34;18/02/2026;0,001470104;Rua Dom - R. Tomas Balduino, 2 - Jacarepaguá, Rio de Janeiro - RJ, 22713-523, Brasil;R. Sampaio Corrêa, 106B - Jacarepaguá, Rio de Janeiro - RJ, 22713-560, Brasil;00:00:03;26;00:00:00;00:06:00
TTM8F04;AMBEV, Vehicle, Diesel;18/02/2026;00:00:21;18/02/2026;0,006090069;R. Sampaio Corrêa, 106B - Jacarepaguá, Rio de Janeiro - RJ, 22713-560, Brasil;R. Sampaio Corrêa, 112 - Jacarepaguá, Rio de Janeiro - RJ, 22713-566, Brasil;00:01:09;4;00:06:00;00:12:00
TTM8F04;AMBEV, Vehicle, Diesel;18/02/2026;00:10:53;18/02/2026;0,012469641;R. Sampaio Corrêa, 112 - Jacarepaguá, Rio de Janeiro - RJ, 22713-566, Brasil;Estr. dos Bandeirantes, 544 - Taquara, Rio de Janeiro - RJ, 22710-112, Brasil;00:00:07;42;00:12:00;00:24:00
TTM8F04;AMBEV, Vehicle, Diesel;18/02/2026;00:00:10;18/02/2026;0,002818125;Estr. dos Bandeirantes, 544 - Taquara, Rio de Janeiro - RJ, 22710-112, Brasil;Estr. dos Bandeirantes, 544 - Taquara, Rio de Janeiro - RJ, 22710-112, Brasil;00:00:03;0;00:24:00;00:24:00
TTM8F04;AMBEV, Vehicle, Diesel;18/02/2026;00:19:29;18/02/2026;0,002747627;Estr. dos Bandeirantes, 544 - Taquara, Rio de Janeiro - RJ, 22710-112, Brasil;Av. das Lagoas, 149 - Gardênia Azul, Rio de Janeiro - RJ, 22765-455, Brasil;00:00:14;50;00:24:00;00:42:00
TTM8F04;AMBEV, Vehicle, Diesel;18/02/2026;00:07:23;18/02/2026;0,000985856;Av. das Lagoas, 149 - Gardênia Azul, Rio de Janeiro - RJ, 22765-455, Brasil;R. O Tempo e O Vento, 54 - Anil, Rio de Janeiro - RJ, 22753-340, Brasil;00:00:03;44;00:42:00;00:48:00
TTM8F04;AMBEV, Vehicle, Diesel;18/02/2026;00:03:54;18/02/2026;0,024133426;R. O Tempo e O Vento, 54 - Anil, Rio de Janeiro - RJ, 22753-340, Brasil;Av. Otávio Malta, 819 - Anil, Rio de Janeiro - RJ, 22765-820, Brasil;00:00:03;33;00:48:00;00:54:00
TTM8F04;AMBEV, Vehicle, Diesel;18/02/2026;00:02:56;18/02/2026;0,003941852;Av. Otávio Malta, 819 - Anil, Rio de Janeiro - RJ, 22765-820, Brasil;Estr. do Engenho d'Água, 655 - Anil, Rio de Janeiro - RJ, 22765-240, Brasil;00:00:07;20;00:54:00;00:54:00
TTM8F04;AMBEV, Vehicle, Diesel;18/02/2026;00:00:58;18/02/2026;0,011980741;Estr. do Engenho d'Água, 655 - Anil, Rio de Janeiro - RJ, 22765-240, Brasil;R. Caminho do Cavaco, 177 - Anil, Rio de Janeiro - RJ, 22753-034, Brasil;00:00:02;26;00:54:00;00:54:00
TTM8F04;AMBEV, Vehicle, Diesel;18/02/2026;00:01:50;18/02/2026;0,110803356;R. Caminho do Cavaco, 177 - Anil, Rio de Janeiro - RJ, 22753-034, Brasil;R. O Tempo e O Vento, 54 - Anil, Rio de Janeiro - RJ, 22753-340, Brasil;00:00:13;24;00:54:00;01:00:00
TTM8F04;AMBEV, Vehicle, Diesel;18/02/2026;00:01:08;18/02/2026;0,099678657;R. O Tempo e O Vento, 54 - Anil, Rio de Janeiro - RJ, 22753-340, Brasil;Estr. do Engenho d'Água, 655 - Anil, Rio de Janeiro - RJ, 22765-240, Brasil;00:00:23;37;01:00:00;01:00:00
TTM8F04;AMBEV, Vehicle, Diesel;19/02/2026;00:03:22;19/02/2026;0,297048044;Estr. do Engenho d'Água, 655 - Anil, Rio de Janeiro - RJ, 22765-240, Brasil;Estr. do Engenho d'Água, 655 - Anil, Rio de Janeiro - RJ, 22765-240, Brasil;00:00:31;24;01:00:00;01:06:00
TTM8F04;AMBEV, Vehicle, Diesel;19/02/2026;00:01:04;19/02/2026;0,003149931;Estr. do Engenho d'Água, 655 - Anil, Rio de Janeiro - RJ, 22765-240, Brasil;R. Caminho do Cavaco, 177 - Anil, Rio de Janeiro - RJ, 22753-034, Brasil;00:00:00;20;01:06:00;01:06:00
TTM8F04;AMBEV, Vehicle, Diesel;19/02/2026;00:26:53;19/02/2026;0,043375787;R. Caminho do Cavaco, 177 - Anil, Rio de Janeiro - RJ, 22753-034, Brasil;R. José Perigault, 115 - Loja 213 - Taquara, Rio de Janeiro - RJ, 22710-385, Brasil;00:00:05;55;01:06:00;01:30:00
TTM8F04;AMBEV, Vehicle, Diesel;19/02/2026;00:06:43;19/02/2026;0,005646123;R. José Perigault, 115 - Loja 213 - Taquara, Rio de Janeiro - RJ, 22710-385, Brasil;R. Caçu, 590 - Taquara, Rio de Janeiro - RJ, 22710-074, Brasil;00:00:03;55;01:30:00;01:36:00
TTM8F04;AMBEV, Vehicle, Diesel;19/02/2026;00:05:06;19/02/2026;0,020091898;R. Caçu, 590 - Taquara, Rio de Janeiro - RJ, 22710-074, Brasil;R. André Rocha, 1817 - Taquara, Rio de Janeiro - RJ, 22710-567, Brasil;00:00:07;41;01:36:00;01:42:00
TTM8F04;AMBEV, Vehicle, Diesel;19/02/2026;00:07:53;19/02/2026;0,001354074;R. André Rocha, 1817 - Taquara, Rio de Janeiro - RJ, 22710-567, Brasil;Estrada Marechal Miguel Salazar Mendes de Moraes, 424 - Taquara, Rio de Janeiro - RJ, 22770-331, Brasil;00:00:13;50;01:42:00;01:54:00
TTM8F04;AMBEV, Vehicle, Diesel;19/02/2026;00:01:22;19/02/2026;0,025293056;Estrada Marechal Miguel Salazar Mendes de Moraes, 424 - Taquara, Rio de Janeiro - RJ, 22770-331, Brasil;Estrada Marechal Miguel Salazar Mendes de Moraes 450, RJ, 22770-665, Brazil;00:00:03;20;01:54:00;01:54:00
TTM8F04;AMBEV, Vehicle, Diesel;19/02/2026;00:05:07;19/02/2026;0,033230463;Estrada Marechal Miguel Salazar Mendes de Moraes 450, RJ, 22770-665, Brazil;Estrada Marechal Miguel Salazar Mendes de Moraes 1588, RJ, 22773, Brazil;00:00:06;37;01:54:00;02:00:00
TTM8F04;AMBEV, Vehicle, Diesel;19/02/2026;00:09:00;19/02/2026;0,022783993;Estrada Marechal Miguel Salazar Mendes de Moraes 1588, RJ, 22773, Brazil;R. Tenente José Jerônimo de Mesquita, 46 - Irajá, Rio de Janeiro - RJ, 22770-250, Brasil;00:00:24;42;02:00:00;02:06:00
TTM8F04;AMBEV, Vehicle, Diesel;19/02/2026;00:03:09;19/02/2026;0,020868009;R. Tenente José Jerônimo de Mesquita, 46 - Irajá, Rio de Janeiro - RJ, 22770-250, Brasil;R. Tenente José Jerônimo de Mesquita, 46 - Irajá, Rio de Janeiro - RJ, 22770-250, Brasil;00:00:13;18;02:06:00;02:12:00
TTM8F04;AMBEV, Vehicle, Diesel;19/02/2026;00:04:48;19/02/2026;0,003934016;R. Tenente José Jerônimo de Mesquita, 46 - Irajá, Rio de Janeiro - RJ, 22770-250, Brasil;R. Tenente José Jerônimo de Mesquita, 46 - Irajá, Rio de Janeiro - RJ, 22770-250, Brasil;00:00:06;33;02:12:00;02:18:00
TTM8F04;AMBEV, Vehicle, Diesel;19/02/2026;00:06:16;19/02/2026;0,031758495;R. Tenente José Jerônimo de Mesquita, 46 - Irajá, Rio de Janeiro - RJ, 22770-250, Brasil;R. Mal. José Beviláqua, 534 - Taquara, Rio de Janeiro - RJ, 22730-230, Brasil;00:00:11;42;02:18:00;02:24:00
TTM8F04;AMBEV, Vehicle, Diesel;19/02/2026;00:05:39;19/02/2026;0,002045729;R. Mal. José Beviláqua, 534 - Taquara, Rio de Janeiro - RJ, 22730-230, Brasil;R. Marquês de Jacarepaguá, 1200 - Taquara, Rio de Janeiro - RJ, 22730-290, Brasil;00:00:03;39;02:24:00;02:30:00
TTM8F04;AMBEV, Vehicle, Diesel;19/02/2026;00:02:27;19/02/2026;0,021426262;R. Marquês de Jacarepaguá, 1200 - Taquara, Rio de Janeiro - RJ, 22730-290, Brasil;Estr. do Tindiba, 53 - Taquara, Rio de Janeiro - RJ, 22740-362, Brasil;00:00:04;4;02:30:00;02:30:00
TTM8F04;AMBEV, Vehicle, Diesel;19/02/2026;00:06:10;19/02/2026;0,010592928;Estr. do Tindiba, 53 - Taquara, Rio de Janeiro - RJ, 22740-362, Brasil;R. Paço do Lumiar, 84 - Pechincha, Rio de Janeiro - RJ, 22770-080, Brasil;00:00:03;24;02:30:00;02:36:00
TTM8F04;AMBEV, Vehicle, Diesel;19/02/2026;00:06:28;19/02/2026;0,007178507;R. Paço do Lumiar, 84 - Pechincha, Rio de Janeiro - RJ, 22770-080, Brasil;R. Benevente, 46 - Pechincha, Rio de Janeiro - RJ, 22743-140, Brasil;00:00:05;26;02:36:00;02:42:00
TTM8F04;AMBEV, Vehicle, Diesel;19/02/2026;00:06:02;19/02/2026;0,012776991;R. Benevente, 46 - Pechincha, Rio de Janeiro - RJ, 22743-140, Brasil;Estr. do Pau-Ferro, 07 - Pechincha, Rio de Janeiro - RJ, 22743-050, Brasil;00:00:10;50;02:42:00;02:48:00
TTM8F04;AMBEV, Vehicle, Diesel;19/02/2026;00:04:28;19/02/2026;0,015976065;Estr. do Pau-Ferro, 07 - Pechincha, Rio de Janeiro - RJ, 22743-050, Brasil;Avenida Geremário Dantas Próximo Ao 878 - Pechincha, Rio de Janeiro - RJ, 22740-010, Brasil;00:00:03;35;02:48:00;02:54:00
TTM8F04;AMBEV, Vehicle, Diesel;19/02/2026;00:02:31;19/02/2026;0,006089063;Avenida Geremário Dantas Próximo Ao 878 - Pechincha, Rio de Janeiro - RJ, 22740-010, Brasil;Avenida Geremário Dantas Próximo Ao 878 - Pechincha, Rio de Janeiro - RJ, 22740-010, Brasil;00:00:12;37;02:54:00;03:00:00
TTM8F04;AMBEV, Vehicle, Diesel;19/02/2026;00:06:44;19/02/2026;0,001627211;Avenida Geremário Dantas Próximo Ao 878 - Pechincha, Rio de Janeiro - RJ, 22740-010, Brasil;R. Mal. José Beviláqua, 1280 - Taquara, Rio de Janeiro - RJ, 22730-230, Brasil;00:00:03;53;03:00:00;03:06:00
TTM8F04;AMBEV, Vehicle, Diesel;19/02/2026;00:04:14;19/02/2026;0,007811366;R. Mal. José Beviláqua, 1280 - Taquara, Rio de Janeiro - RJ, 22730-230, Brasil;R. Mal. José Beviláqua, 153 - Taquara, Rio de Janeiro - RJ, 22730-230, Brasil;00:00:04;33;03:06:00;03:06:00
TTM8F04;AMBEV, Vehicle, Diesel;19/02/2026;00:06:59;19/02/2026;0,002687002;R. Mal. José Beviláqua, 153 - Taquara, Rio de Janeiro - RJ, 22730-230, Brasil;Estr. do Tindiba, 1802 - Taquara, Rio de Janeiro - RJ, 22740-361, Brasil;00:00:03;33;03:06:00;03:18:00
TTM8F04;AMBEV, Vehicle, Diesel;19/02/2026;00:10:56;19/02/2026;0,003039398;Estr. do Tindiba, 1802 - Taquara, Rio de Janeiro - RJ, 22740-361, Brasil;Tv. dos Colibris, 2 - Taquara, Rio de Janeiro - RJ, 22713-320, Brasil;00:00:06;41;03:18:00;03:24:00
TTM8F04;AMBEV, Vehicle, Diesel;19/02/2026;00:04:06;19/02/2026;0,01352228;Tv. dos Colibris, 2 - Taquara, Rio de Janeiro - RJ, 22713-320, Brasil;R. Sampaio Corrêa, 113 - Jacarepaguá, Rio de Janeiro - RJ, 22713-560, Brasil;00:00:12;46;03:24:00;03:30:00
TTM8F04;AMBEV, Vehicle, Diesel;19/02/2026;00:11:31;19/02/2026;0,001260081;R. Sampaio Corrêa, 113 - Jacarepaguá, Rio de Janeiro - RJ, 22713-560, Brasil;R. André Rocha, 1707 - Taquara, Rio de Janeiro - RJ, 22710-567, Brasil;00:00:03;48;03:30:00;03:42:00
TTM8F04;AMBEV, Vehicle, Diesel;19/02/2026;00:10:59;19/02/2026;0,012984861;R. André Rocha, 1707 - Taquara, Rio de Janeiro - RJ, 22710-567, Brasil;R. José Perigault, 210 - Taquara, Rio de Janeiro - RJ, 22710-385, Brasil;00:00:07;53;03:42:00;03:54:00
TTM8F04;AMBEV, Vehicle, Diesel;19/02/2026;00:28:43;19/02/2026;0,001040984;R. José Perigault, 210 - Taquara, Rio de Janeiro - RJ, 22710-385, Brasil;R. O Tempo e O Vento, 54 - Anil, Rio de Janeiro - RJ, 22753-340, Brasil;00:01:15;65;03:54:00;04:24:00
TTM8F04;AMBEV, Vehicle, Diesel;19/02/2026;00:02:47;19/02/2026;0,021177373;R. O Tempo e O Vento, 54 - Anil, Rio de Janeiro - RJ, 22753-340, Brasil;Av. Canal do Anil, 22 - Gardênia Azul, Rio de Janeiro - RJ, 22765-430, Brasil;00:00:03;31;04:24:00;04:24:00
TTM8F04;AMBEV, Vehicle, Diesel;19/02/2026;00:01:41;19/02/2026;0,254676319;Av. Canal do Anil, 22 - Gardênia Azul, Rio de Janeiro - RJ, 22765-430, Brasil;Estr. do Engenho d'Água, 655 - Anil, Rio de Janeiro - RJ, 22765-240, Brasil;00:00:03;33;04:24:00;04:30:00
TTM8F04;AMBEV, Vehicle, Diesel;20/02/2026;00:01:11;20/02/2026;0,052220741;Estr. do Engenho d'Água, 655 - Anil, Rio de Janeiro - RJ, 22765-240, Brasil;Estr. do Engenho d'Água, 655 - Anil, Rio de Janeiro - RJ, 22765-240, Brasil;00:00:06;22;04:30:00;04:30:00
TTM8F04;AMBEV, Vehicle, Diesel;20/02/2026;00:00:40;20/02/2026;0,204085174;Estr. do Engenho d'Água, 655 - Anil, Rio de Janeiro - RJ, 22765-240, Brasil;Estr. do Engenho d'Água, 655 - Anil, Rio de Janeiro - RJ, 22765-240, Brasil;00:00:00;9;04:30:00;04:30:00
TTM8F04;AMBEV, Vehicle, Diesel;20/02/2026;00:37:22;20/02/2026;0,055851701;Estr. do Engenho d'Água, 655 - Anil, Rio de Janeiro - RJ, 22765-240, Brasil;R. Francisco de Paula, 5 - Barra Olímpica, Rio de Janeiro - RJ, 22775-120, Brasil;00:00:51;59;04:30:00;05:06:00
TTM8F04;AMBEV, Vehicle, Diesel;20/02/2026;00:14:19;20/02/2026;0,004459988;R. Francisco de Paula, 5 - Barra Olímpica, Rio de Janeiro - RJ, 22775-120, Brasil;R. André Rocha, 12a - Taquara, Rio de Janeiro - RJ, 22710-567, Brasil;00:01:04;46;05:06:00;05:24:00
TTM8F04;AMBEV, Vehicle, Diesel;20/02/2026;00:01:11;20/02/2026;0,015153113;R. André Rocha, 12a - Taquara, Rio de Janeiro - RJ, 22710-567, Brasil;R. André Rocha, 2334 - Taquara, Rio de Janeiro - RJ, 22710-568, Brasil;00:00:07;3;05:24:00;05:24:00
TTM8F04;AMBEV, Vehicle, Diesel;20/02/2026;00:02:42;20/02/2026;0,005806227;R. André Rocha, 2334 - Taquara, Rio de Janeiro - RJ, 22710-568, Brasil;R. André Rocha, 12a - Taquara, Rio de Janeiro - RJ, 22710-567, Brasil;00:00:07;5;05:24:00;05:30:00
TTM8F04;AMBEV, Vehicle, Diesel;20/02/2026;00:06:30;20/02/2026;0,004548611;R. André Rocha, 12a - Taquara, Rio de Janeiro - RJ, 22710-567, Brasil;R. Libero Badaró, 27 - Taquara, Rio de Janeiro - RJ, 22713-110, Brasil;00:06:33;31;05:30:00;05:43:03
TTM8F04;AMBEV, Vehicle, Diesel;20/02/2026;00:00:33;20/02/2026;0,058879444;R. Libero Badaró, 27 - Taquara, Rio de Janeiro - RJ, 22713-110, Brasil;R. Libero Badaró, 6 - Taquara, Rio de Janeiro - RJ, 22713-110, Brasil;00:00:06;7;05:43:03;05:42:00
TTM8F04;AMBEV, Vehicle, Diesel;20/02/2026;00:00:17;20/02/2026;0,004286794;R. Libero Badaró, 6 - Taquara, Rio de Janeiro - RJ, 22713-110, Brasil;R. Libero Badaró, 6 - Taquara, Rio de Janeiro - RJ, 22713-110, Brasil;00:00:05;0;05:42:00;05:42:00
TTM8F04;AMBEV, Vehicle, Diesel;20/02/2026;00:03:41;20/02/2026;0,027076586;R. Libero Badaró, 6 - Taquara, Rio de Janeiro - RJ, 22713-110, Brasil;Estrada do Guerenguê, 1851 - Taquara, Rio de Janeiro - RJ, 22713-001, Brasil;00:00:09;37;05:42:00;05:48:00
TTM8F04;AMBEV, Vehicle, Diesel;20/02/2026;00:06:00;20/02/2026;0,020578704;Estrada do Guerenguê, 1851 - Taquara, Rio de Janeiro - RJ, 22713-001, Brasil;R. Macembu, 175 - Taquara, Rio de Janeiro - RJ, 22710-241, Brasil;00:02:54;48;05:48:00;05:54:00
TTM8F04;AMBEV, Vehicle, Diesel;20/02/2026;00:07:25;20/02/2026;0,002303241;R. Macembu, 175 - Taquara, Rio de Janeiro - RJ, 22710-241, Brasil;R. André Rocha, 1713 - Taquara, Rio de Janeiro - RJ, 22710-567, Brasil;00:03:19;41;05:54:00;06:04:44
TTM8F04;AMBEV, Vehicle, Diesel;20/02/2026;00:12:54;20/02/2026;0,024919931;R. André Rocha, 1713 - Taquara, Rio de Janeiro - RJ, 22710-567, Brasil;Rua Camatiá, 27 - Freguesia (Jacarepaguá), Rio de Janeiro - RJ, 22743-360, Brasil;00:00:06;46;06:04:44;06:18:00
TTM8F04;AMBEV, Vehicle, Diesel;20/02/2026;00:19:11;20/02/2026;0,004056852;Rua Camatiá, 27 - Freguesia (Jacarepaguá), Rio de Janeiro - RJ, 22743-360, Brasil;Av. das Lagoas, 149 - Gardênia Azul, Rio de Janeiro - RJ, 22765-455, Brasil;00:01:40;55;06:18:00;06:42:00
TTM8F04;AMBEV, Vehicle, Diesel;20/02/2026;00:10:07;20/02/2026;0,00081434;Av. das Lagoas, 149 - Gardênia Azul, Rio de Janeiro - RJ, 22765-455, Brasil;R. O Tempo e O Vento, 54 - Anil, Rio de Janeiro - RJ, 22753-340, Brasil;00:00:01;46;06:42:00;06:48:00
TTM8F04;AMBEV, Vehicle, Diesel;20/02/2026;00:02:14;20/02/2026;0,029913067;R. O Tempo e O Vento, 54 - Anil, Rio de Janeiro - RJ, 22753-340, Brasil;Estr. do Engenho d'Água, 655 - Anil, Rio de Janeiro - RJ, 22765-240, Brasil;00:00:01;22;06:48:00;06:54:00
TTM8F04;AMBEV, Vehicle, Diesel;20/02/2026;00:02:05;20/02/2026;0,016163519;Estr. do Engenho d'Água, 655 - Anil, Rio de Janeiro - RJ, 22765-240, Brasil;Estr. do Engenho d'Água, 655 - Anil, Rio de Janeiro - RJ, 22765-240, Brasil;00:00:04;37;06:54:00;06:54:00
TTM8F04;AMBEV, Vehicle, Diesel;20/02/2026;00:02:53;20/02/2026;0,047572512;Estr. do Engenho d'Água, 655 - Anil, Rio de Janeiro - RJ, 22765-240, Brasil;Estr. do Engenho d'Água, 655 - Anil, Rio de Janeiro - RJ, 22765-240, Brasil;00:00:04;24;06:54:00;06:54:00
TTM8F04;AMBEV, Vehicle, Diesel;20/02/2026;00:00:13;20/02/2026;0,173824699;Estr. do Engenho d'Água, 655 - Anil, Rio de Janeiro - RJ, 22765-240, Brasil;R. O Tempo e O Vento, 54 - Anil, Rio de Janeiro - RJ, 22753-340, Brasil;00:00:03;2;06:54:00;06:54:00
TTM8F04;AMBEV, Vehicle, Diesel;20/02/2026;00:01:53;20/02/2026;0,102437106;R. O Tempo e O Vento, 54 - Anil, Rio de Janeiro - RJ, 22753-340, Brasil;Estr. do Engenho d'Água, 655 - Anil, Rio de Janeiro - RJ, 22765-240, Brasil;00:00:05;31;06:54:00;07:00:00
TTM8F04;AMBEV, Vehicle, Diesel;21/02/2026;00:04:23;21/02/2026;0,324325799;Estr. do Engenho d'Água, 655 - Anil, Rio de Janeiro - RJ, 22765-240, Brasil;Estr. do Engenho d'Água, 655 - Anil, Rio de Janeiro - RJ, 22765-240, Brasil;00:00:06;20;07:00:00;07:06:00
TTM8F04;AMBEV, Vehicle, Diesel;21/02/2026;00:28:40;21/02/2026;0,010092593;Estr. do Engenho d'Água, 655 - Anil, Rio de Janeiro - RJ, 22765-240, Brasil;R. André Rocha, 1738 - Taquara, Rio de Janeiro - RJ, 22710-568, Brasil;00:14:32;44;07:06:00;07:49:12
TTM8F04;AMBEV, Vehicle, Diesel;21/02/2026;00:00:35;21/02/2026;0,03896669;R. André Rocha, 1738 - Taquara, Rio de Janeiro - RJ, 22710-568, Brasil;R. André Rocha, 1815 - Loja B - Taquara, Rio de Janeiro - RJ, 22710-567, Brasil;00:00:19;16;07:49:12;07:48:00
TTM8F04;AMBEV, Vehicle, Diesel;21/02/2026;00:10:24;21/02/2026;0,049461528;R. André Rocha, 1815 - Loja B - Taquara, Rio de Janeiro - RJ, 22710-567, Brasil;R. Mal. José Beviláqua, 534 - Taquara, Rio de Janeiro - RJ, 22730-230, Brasil;00:00:02;39;07:48:00;08:00:00
TTM8F04;AMBEV, Vehicle, Diesel;21/02/2026;00:08:34;21/02/2026;0,007632778;R. Mal. José Beviláqua, 534 - Taquara, Rio de Janeiro - RJ, 22730-230, Brasil;R. André Rocha, 1815d - Taquara, Rio de Janeiro - RJ, 22710-567, Brasil;00:00:01;46;08:00:00;08:06:00
TTM8F04;AMBEV, Vehicle, Diesel;21/02/2026;00:01:38;21/02/2026;0,014996238;R. André Rocha, 1815d - Taquara, Rio de Janeiro - RJ, 22710-567, Brasil;R. André Rocha, 1707 - Taquara, Rio de Janeiro - RJ, 22710-567, Brasil;00:00:03;26;08:06:00;08:06:00
TTM8F04;AMBEV, Vehicle, Diesel;21/02/2026;00:07:45;21/02/2026;0,003740764;R. André Rocha, 1707 - Taquara, Rio de Janeiro - RJ, 22710-567, Brasil;Estr. dos Bandeirantes, 3560 - Jacarepaguá, Rio de Janeiro - RJ, 22775-110, Brasil;00:03:31;52;08:06:00;08:18:00
TTM8F04;AMBEV, Vehicle, Diesel;21/02/2026;00:01:47;21/02/2026;0,006511343;Estr. dos Bandeirantes, 3560 - Jacarepaguá, Rio de Janeiro - RJ, 22775-110, Brasil;Estr. dos Bandeirantes, 3560 - Jacarepaguá, Rio de Janeiro - RJ, 22775-110, Brasil;00:00:04;3;08:18:00;08:24:00
TTM8F04;AMBEV, Vehicle, Diesel;21/02/2026;00:00:57;21/02/2026;0,006410833;Estr. dos Bandeirantes, 3560 - Jacarepaguá, Rio de Janeiro - RJ, 22775-110, Brasil;Estr. dos Bandeirantes, 3458 - Curicica, Rio de Janeiro - RJ, 22775-110, Brasil;00:00:02;16;08:24:00;08:24:00
TTM8F04;AMBEV, Vehicle, Diesel;21/02/2026;00:00:25;21/02/2026;0,030484792;Estr. dos Bandeirantes, 3458 - Curicica, Rio de Janeiro - RJ, 22775-110, Brasil;Estr. dos Bandeirantes, 3458 - Curicica, Rio de Janeiro - RJ, 22775-110, Brasil;00:00:10;2;08:24:00;08:24:00
TTM8F04;AMBEV, Vehicle, Diesel;21/02/2026;00:03:07;21/02/2026;0,025253438;Estr. dos Bandeirantes, 3458 - Curicica, Rio de Janeiro - RJ, 22775-110, Brasil;R. Lobango, 171 - Curicica, Rio de Janeiro - RJ, 22775-470, Brasil;00:00:36;31;08:24:00;08:24:00
TTM8F04;AMBEV, Vehicle, Diesel;21/02/2026;00:04:52;21/02/2026;0,020321238;R. Lobango, 171 - Curicica, Rio de Janeiro - RJ, 22775-470, Brasil;R. Orli Teles, 93 - Jacarepaguá, Rio de Janeiro - RJ, 22775-110, Brasil;00:00:06;14;08:24:00;08:30:00
TTM8F04;AMBEV, Vehicle, Diesel;21/02/2026;00:18:45;21/02/2026;0,022282442;R. Orli Teles, 93 - Jacarepaguá, Rio de Janeiro - RJ, 22775-110, Brasil;Estrada do Guerenguê, 2040 - Jacarepaguá, Rio de Janeiro - RJ, 22713-001, Brasil;00:00:06;46;08:30:00;08:48:00
TTM8F04;AMBEV, Vehicle, Diesel;21/02/2026;00:04:52;21/02/2026;0,001445961;Estrada do Guerenguê, 2040 - Jacarepaguá, Rio de Janeiro - RJ, 22713-001, Brasil;R. André Rocha, 1713 - Taquara, Rio de Janeiro - RJ, 22710-567, Brasil;00:00:06;39;08:48:00;08:54:00
TTM8F04;AMBEV, Vehicle, Diesel;21/02/2026;00:04:06;21/02/2026;0,007409155;R. André Rocha, 1713 - Taquara, Rio de Janeiro - RJ, 22710-567, Brasil;R. Samuel das Neves, 435 - Pechincha, Rio de Janeiro - RJ, 22770-110, Brasil;00:01:40;59;08:54:00;09:00:00
TTM8F04;AMBEV, Vehicle, Diesel;21/02/2026;00:08:29;21/02/2026;0,011881933;R. Samuel das Neves, 435 - Pechincha, Rio de Janeiro - RJ, 22770-110, Brasil;R. Benevente, 68 - Pechincha, Rio de Janeiro - RJ, 22743-140, Brasil;00:01:06;39;09:00:00;09:12:00
TTM8F04;AMBEV, Vehicle, Diesel;21/02/2026;00:05:15;21/02/2026;0,009172963;R. Benevente, 68 - Pechincha, Rio de Janeiro - RJ, 22743-140, Brasil;Estr. do Pau-Ferro, 278 - Pechincha, Rio de Janeiro - RJ, 22743-051, Brasil;00:00:55;48;09:12:00;09:18:00
TTM8F04;AMBEV, Vehicle, Diesel;21/02/2026;00:27:22;21/02/2026;0,001236331;Estr. do Pau-Ferro, 278 - Pechincha, Rio de Janeiro - RJ, 22743-051, Brasil;R. O Tempo e O Vento, 54 - Anil, Rio de Janeiro - RJ, 22753-340, Brasil;00:00:01;50;09:18:00;09:42:00
TTM8F04;AMBEV, Vehicle, Diesel;21/02/2026;00:02:01;21/02/2026;0,003613866;R. O Tempo e O Vento, 54 - Anil, Rio de Janeiro - RJ, 22753-340, Brasil;Av. Otávio Malta, 819 - Anil, Rio de Janeiro - RJ, 22765-820, Brasil;00:00:04;35;09:42:00;09:48:00
TTM8F04;AMBEV, Vehicle, Diesel;21/02/2026;00:01:17;21/02/2026;0,012365822;Av. Otávio Malta, 819 - Anil, Rio de Janeiro - RJ, 22765-820, Brasil;Av. Canal do Anil, 25 - Anil, Rio de Janeiro - RJ, 22765-430, Brasil;00:00:11;13;09:48:00;09:48:00
TTM8F04;AMBEV, Vehicle, Diesel;21/02/2026;00:05:21;21/02/2026;1,433022292;Av. Canal do Anil, 25 - Anil, Rio de Janeiro - RJ, 22765-430, Brasil;Estr. do Engenho d'Água, 655 - Anil, Rio de Janeiro - RJ, 22765-240, Brasil;00:00:04;35;09:48:00;09:54:00
TTO7H63;AMBEV, Vehicle, Diesel;16/02/2026;00:01:18;16/02/2026;0,090127176;Estr. do Engenho d'Água, 655 - Anil, Rio de Janeiro - RJ, 22765-240, Brasil;Estr. do Engenho d'Água, 655 - Anil, Rio de Janeiro - RJ, 22765-240, Brasil;00:00:02;29;13:06:00;13:06:00
TTO7H63;AMBEV, Vehicle, Diesel;16/02/2026;00:01:56;16/02/2026;0,232530938;Estr. do Engenho d'Água, 655 - Anil, Rio de Janeiro - RJ, 22765-240, Brasil;Estr. do Engenho d'Água, 655 - Anil, Rio de Janeiro - RJ, 22765-240, Brasil;00:00:00;29;13:06:00;13:12:00
TTO7H63;AMBEV, Vehicle, Diesel;16/02/2026;00:07:04;16/02/2026;0,003449074;Estr. do Engenho d'Água, 655 - Anil, Rio de Janeiro - RJ, 22765-240, Brasil;R. Caminho do Cavaco, 177 - Anil, Rio de Janeiro - RJ, 22753-034, Brasil;00:04:58;24;13:12:00;13:24:02
TTO7H63;AMBEV, Vehicle, Diesel;16/02/2026;00:25:07;16/02/2026;0,004745729;R. Caminho do Cavaco, 177 - Anil, Rio de Janeiro - RJ, 22753-034, Brasil;Av. Geremário Dantas, 1333 - Freguesia (Jacarepaguá), Rio de Janeiro - RJ, 22760-400, Brasil;00:00:06;57;13:24:02;13:48:00
TTO7H63;AMBEV, Vehicle, Diesel;16/02/2026;00:04:11;16/02/2026;0,039710648;Av. Geremário Dantas, 1333 - Freguesia (Jacarepaguá), Rio de Janeiro - RJ, 22760-400, Brasil;Av. Geremário Dantas, nº526 - sala 518 - Pechincha, Rio de Janeiro - RJ, 22740-010, Brasil;00:00:05;63;13:48:00;13:54:00
TTO7H63;AMBEV, Vehicle, Diesel;16/02/2026;00:00:14;16/02/2026;0,005034722;Av. Geremário Dantas, nº526 - sala 518 - Pechincha, Rio de Janeiro - RJ, 22740-010, Brasil;Av. Geremário Dantas, nº526 - sala 518 - Pechincha, Rio de Janeiro - RJ, 22740-010, Brasil;00:07:15;0;13:54:00;14:01:29
TTO7H63;AMBEV, Vehicle, Diesel;16/02/2026;00:03:26;16/02/2026;0,038072766;Av. Geremário Dantas, nº526 - sala 518 - Pechincha, Rio de Janeiro - RJ, 22740-010, Brasil;Estr. do Pau-Ferro, 277 - Loja C - Pechincha, Rio de Janeiro - RJ, 22743-050, Brasil;00:00:11;63;14:01:29;14:06:00
TTO7H63;AMBEV, Vehicle, Diesel;16/02/2026;00:06:36;16/02/2026;0,018752407;Estr. do Pau-Ferro, 277 - Loja C - Pechincha, Rio de Janeiro - RJ, 22743-050, Brasil;R. Joaquim Pinheiro, 281 - Freguesia (Jacarepaguá), Rio de Janeiro - RJ, 22743-660, Brasil;00:06:08;57;14:06:00;14:18:00
TTO7H63;AMBEV, Vehicle, Diesel;16/02/2026;00:05:11;16/02/2026;0,006516273;R. Joaquim Pinheiro, 281 - Freguesia (Jacarepaguá), Rio de Janeiro - RJ, 22743-660, Brasil;Linha Amarela - Saída 1A - Freguesia (Jacarepaguá), Rio de Janeiro - RJ, 22743-050, Brasil;00:09:23;42;14:18:00;14:32:34
TTO7H63;AMBEV, Vehicle, Diesel;16/02/2026;00:02:19;16/02/2026;0,002303241;Linha Amarela - Saída 1A - Freguesia (Jacarepaguá), Rio de Janeiro - RJ, 22743-050, Brasil;R. Comendador Siqueira, 285 - Pechincha, Rio de Janeiro - RJ, 22740-366, Brasil;00:03:19;41;14:32:34;14:38:12
TTO7H63;AMBEV, Vehicle, Diesel;16/02/2026;00:01:24;16/02/2026;0,017169097;R. Comendador Siqueira, 285 - Pechincha, Rio de Janeiro - RJ, 22740-366, Brasil;Soldado José Oliveira - Pechincha, Rio de Janeiro - RJ, 22743-050, Brasil;00:00:16;37;14:38:12;14:36:00
TTO7H63;AMBEV, Vehicle, Diesel;16/02/2026;00:05:02;16/02/2026;0,0171875;Soldado José Oliveira - Pechincha, Rio de Janeiro - RJ, 22743-050, Brasil;Rua Coronel Tedim, 523 - Pechincha, Rio de Janeiro - RJ, 22740-240, Brasil;00:24:45;41;14:36:00;15:05:47
TTO7H63;AMBEV, Vehicle, Diesel;16/02/2026;00:04:15;16/02/2026;0,013761574;Rua Coronel Tedim, 523 - Pechincha, Rio de Janeiro - RJ, 22740-240, Brasil;Estr. do Tindiba, 454 - Tanque, Rio de Janeiro - RJ, 22740-360, Brasil;00:19:49;46;15:05:47;15:29:51
TTO7H63;AMBEV, Vehicle, Diesel;16/02/2026;00:06:47;16/02/2026;0,020439815;Estr. do Tindiba, 454 - Tanque, Rio de Janeiro - RJ, 22740-360, Brasil;Estr. do Tindiba, 25 - Pechincha, Rio de Janeiro - RJ, 22740-360, Brasil;00:14:29;52;15:29:51;15:50:09
TTO7H63;AMBEV, Vehicle, Diesel;16/02/2026;00:06:41;16/02/2026;0,032702419;Estr. do Tindiba, 25 - Pechincha, Rio de Janeiro - RJ, 22740-360, Brasil;Av. Geremário Dantas, 1355 - Pechincha, Rio de Janeiro - RJ, 22760-400, Brasil;00:20:01;55;15:50:09;16:18:00
TTO7H63;AMBEV, Vehicle, Diesel;16/02/2026;00:04:00;16/02/2026;0,005289352;Av. Geremário Dantas, 1355 - Pechincha, Rio de Janeiro - RJ, 22760-400, Brasil;Rua Tirol Próximo Ao 251-275 - Freguesia (Jacarepaguá), Rio de Janeiro - RJ, 22750-009, Brasil;00:07:37;55;16:18:00;16:29:37
TTO7H63;AMBEV, Vehicle, Diesel;16/02/2026;00:01:02;16/02/2026;0,021354977;Rua Tirol Próximo Ao 251-275 - Freguesia (Jacarepaguá), Rio de Janeiro - RJ, 22750-009, Brasil;R. Tirol, 712 - Freguesia (Jacarepaguá), Rio de Janeiro - RJ, 22750-009, Brasil;00:00:26;35;16:29:37;16:30:00
TTO7H63;AMBEV, Vehicle, Diesel;16/02/2026;00:05:16;16/02/2026;0,040432546;R. Tirol, 712 - Freguesia (Jacarepaguá), Rio de Janeiro - RJ, 22750-009, Brasil;R. Tirol, 1517 - Freguesia (Jacarepaguá), Rio de Janeiro - RJ, 22750-002, Brasil;00:00:13;35;16:30:00;16:36:01
TTO7H63;AMBEV, Vehicle, Diesel;16/02/2026;00:06:03;16/02/2026;0,006988414;R. Tirol, 1517 - Freguesia (Jacarepaguá), Rio de Janeiro - RJ, 22750-002, Brasil;Estr. do Bananal, 277 - Freguesia (Jacarepaguá), Rio de Janeiro - RJ, 22750-012, Brasil;00:00:03;33;16:36:01;16:42:00
TTO7H63;AMBEV, Vehicle, Diesel;16/02/2026;00:03:48;16/02/2026;0,149467593;Estr. do Bananal, 277 - Freguesia (Jacarepaguá), Rio de Janeiro - RJ, 22750-012, Brasil;Av. Geremário Dantas, 1400 - Freguesia (Jacarepaguá), Rio de Janeiro - RJ, 22760-401, Brasil;00:04:02;61;16:42:00;16:51:56
TTO7H63;AMBEV, Vehicle, Diesel;16/02/2026;00:15:37;16/02/2026;1,476586493;Av. Geremário Dantas, 1400 - Freguesia (Jacarepaguá), Rio de Janeiro - RJ, 22760-401, Brasil;2MV6+25 Cubo Kids - Anil, Rio de Janeiro - RJ, 22755, Brasil;00:00:13;52;16:51:56;17:06:00
TTO7H63;AMBEV, Vehicle, Diesel;18/02/2026;00:04:43;18/02/2026;0,017010069;2MV6+25 Cubo Kids - Anil, Rio de Janeiro - RJ, 22755, Brasil;Av. Canal do Anil, 22 - Gardênia Azul, Rio de Janeiro - RJ, 22765-430, Brasil;00:05:57;18;17:06:00;17:18:00
TTO7H63;AMBEV, Vehicle, Diesel;18/02/2026;00:06:18;18/02/2026;0,094238391;Av. Canal do Anil, 22 - Gardênia Azul, Rio de Janeiro - RJ, 22765-430, Brasil;Av. Canal do Anil, 22 - Gardênia Azul, Rio de Janeiro - RJ, 22765-430, Brasil;00:00:02;31;17:18:00;17:24:00
TTO7H63;AMBEV, Vehicle, Diesel;18/02/2026;00:01:58;18/02/2026;0,002117025;Av. Canal do Anil, 22 - Gardênia Azul, Rio de Janeiro - RJ, 22765-430, Brasil;Estr. do Engenho d'Água, 655 - Anil, Rio de Janeiro - RJ, 22765-240, Brasil;00:00:13;24;17:24:00;17:30:00
TTO7H63;AMBEV, Vehicle, Diesel;18/02/2026;00:01:30;18/02/2026;0,44803537;Estr. do Engenho d'Água, 655 - Anil, Rio de Janeiro - RJ, 22765-240, Brasil;R. Amarílio Salgado, 58 - Anil, Rio de Janeiro - RJ, 22753-450, Brasil;00:00:06;28;17:30:00;17:30:00
TTO7H63;AMBEV, Vehicle, Diesel;18/02/2026;00:01:45;18/02/2026;0,290656644;R. Amarílio Salgado, 58 - Anil, Rio de Janeiro - RJ, 22753-450, Brasil;Estr. do Engenho d'Água, 655 - Anil, Rio de Janeiro - RJ, 22765-240, Brasil;00:00:07;24;17:30:00;17:30:00
TTO7H63;AMBEV, Vehicle, Diesel;19/02/2026;00:03:39;19/02/2026;0,144412141;Estr. do Engenho d'Água, 655 - Anil, Rio de Janeiro - RJ, 22765-240, Brasil;2MV6+25 Cubo Kids - Anil, Rio de Janeiro - RJ, 22755, Brasil;00:09:00;22;17:30:00;17:42:00
TTO7H63;AMBEV, Vehicle, Diesel;19/02/2026;00:04:00;19/02/2026;0,002977905;2MV6+25 Cubo Kids - Anil, Rio de Janeiro - RJ, 22755, Brasil;Estr. de Jacarepaguá, 5895 - Anil, Rio de Janeiro - RJ, 22753-033, Brasil;00:02:53;22;17:42:00;17:48:00
TTO7H63;AMBEV, Vehicle, Diesel;19/02/2026;00:14:21;19/02/2026;0,084806377;Estr. de Jacarepaguá, 5895 - Anil, Rio de Janeiro - RJ, 22753-033, Brasil;R. Cmte. Rubens Silva, 503 - Freguesia (Jacarepaguá), Rio de Janeiro - RJ, 22750-053, Brasil;00:00:21;39;17:48:00;18:06:02
TTO7H63;AMBEV, Vehicle, Diesel;19/02/2026;00:01:47;19/02/2026;0,053761574;R. Cmte. Rubens Silva, 503 - Freguesia (Jacarepaguá), Rio de Janeiro - RJ, 22750-053, Brasil;R. Tirol, 723 - Freguesia (Jacarepaguá), Rio de Janeiro - RJ, 22750-009, Brasil;00:05:38;16;18:06:02;18:12:25
TTO7H63;AMBEV, Vehicle, Diesel;19/02/2026;00:07:36;19/02/2026;0,049899572;R. Tirol, 723 - Freguesia (Jacarepaguá), Rio de Janeiro - RJ, 22750-009, Brasil;Estr. dos Três Rios, 2784 - Jacarepaguá, Rio de Janeiro - RJ, 22745-005, Brasil;00:00:00;42;18:12:25;18:18:00
TTO7H63;AMBEV, Vehicle, Diesel;19/02/2026;00:00:45;19/02/2026;0,002291667;Estr. dos Três Rios, 2784 - Jacarepaguá, Rio de Janeiro - RJ, 22745-005, Brasil;Estr. dos Três Rios, 2782 - Jacarepaguá, Rio de Janeiro - RJ, 22745-005, Brasil;00:03:18;4;18:18:00;18:22:03
TTO7H63;AMBEV, Vehicle, Diesel;19/02/2026;00:09:37;19/02/2026;0,025655359;Estr. dos Três Rios, 2782 - Jacarepaguá, Rio de Janeiro - RJ, 22745-005, Brasil;R. Cmte. Rubens Silva, 121 - Freguesia (Jacarepaguá), Rio de Janeiro - RJ, 22745-281, Brasil;00:00:02;42;18:22:03;18:36:00
TTO7H63;AMBEV, Vehicle, Diesel;19/02/2026;00:10:26;19/02/2026;0,014199016;R. Cmte. Rubens Silva, 121 - Freguesia (Jacarepaguá), Rio de Janeiro - RJ, 22745-281, Brasil;Estr. do Capenha, 1060 - Freguesia (Jacarepaguá), Rio de Janeiro - RJ, 22743-041, Brasil;00:00:02;33;18:36:00;18:42:00
TTO7H63;AMBEV, Vehicle, Diesel;19/02/2026;00:08:08;19/02/2026;0,009873634;Estr. do Capenha, 1060 - Freguesia (Jacarepaguá), Rio de Janeiro - RJ, 22743-041, Brasil;R. Comendador Siqueira, 1420 - Pechincha, Rio de Janeiro - RJ, 22743-032, Brasil;00:00:04;35;18:42:00;18:54:00
TTO7H63;AMBEV, Vehicle, Diesel;19/02/2026;00:01:49;19/02/2026;0,003155556;R. Comendador Siqueira, 1420 - Pechincha, Rio de Janeiro - RJ, 22743-032, Brasil;Estr. Campo da Areia, 335 - Pechincha, Rio de Janeiro - RJ, 22743-311, Brasil;00:00:02;16;18:54:00;18:54:00
TTO7H63;AMBEV, Vehicle, Diesel;19/02/2026;00:02:02;19/02/2026;0,017139005;Estr. Campo da Areia, 335 - Pechincha, Rio de Janeiro - RJ, 22743-311, Brasil;R. Paracaima, 83 - Pechincha, Rio de Janeiro - RJ, 22743-311, Brasil;00:00:49;17;18:54:00;19:00:00
TTO7H63;AMBEV, Vehicle, Diesel;19/02/2026;00:10:32;19/02/2026;0,012769398;R. Paracaima, 83 - Pechincha, Rio de Janeiro - RJ, 22743-311, Brasil;Rua Edgard Werneck, 340 - Pechincha, Rio de Janeiro - RJ, 22763-010, Brasil;00:00:03;37;19:00:00;19:06:00
TTO7H63;AMBEV, Vehicle, Diesel;19/02/2026;00:16:15;19/02/2026;0,006134259;Rua Edgard Werneck, 340 - Pechincha, Rio de Janeiro - RJ, 22763-010, Brasil;Estr. do Gabinal, 1864 - Cidade de Deus, Rio de Janeiro - RJ, 22763-154, Brasil;00:08:50;44;19:06:00;19:31:05
TTO7H63;AMBEV, Vehicle, Diesel;19/02/2026;00:04:07;19/02/2026;0,030012315;Estr. do Gabinal, 1864 - Cidade de Deus, Rio de Janeiro - RJ, 22763-154, Brasil;R. da Luz, 43 - Cidade de Deus, Rio de Janeiro - RJ, 22763-530, Brasil;00:00:05;18;19:31:05;19:36:00
TTO7H63;AMBEV, Vehicle, Diesel;19/02/2026;00:09:59;19/02/2026;0,008163669;R. da Luz, 43 - Cidade de Deus, Rio de Janeiro - RJ, 22763-530, Brasil;R. Tirol, 712 - Freguesia (Jacarepaguá), Rio de Janeiro - RJ, 22750-009, Brasil;00:00:02;42;19:36:00;19:48:00
TTO7H63;AMBEV, Vehicle, Diesel;19/02/2026;00:11:27;19/02/2026;0,003136424;R. Tirol, 712 - Freguesia (Jacarepaguá), Rio de Janeiro - RJ, 22750-009, Brasil;ParkJacarepaguá - Anil, Rio de Janeiro - RJ, 22753-843, Brasil;00:00:19;46;19:48:00;20:00:00
TTO7H63;AMBEV, Vehicle, Diesel;19/02/2026;00:04:39;19/02/2026;0,606918275;ParkJacarepaguá - Anil, Rio de Janeiro - RJ, 22753-843, Brasil;2MV6+25 Cubo Kids - Anil, Rio de Janeiro - RJ, 22755, Brasil;00:00:05;28;20:00:00;20:06:00
TTO7H63;AMBEV, Vehicle, Diesel;20/02/2026;00:16:40;20/02/2026;0,024440694;2MV6+25 Cubo Kids - Anil, Rio de Janeiro - RJ, 22755, Brasil;Av. Ten-Cel. Muniz de Aragão 148, RJ, 22765-004, Brazil;00:00:07;41;20:06:00;20:18:00
TTO7H63;AMBEV, Vehicle, Diesel;20/02/2026;00:11:21;20/02/2026;0,002608044;Av. Ten-Cel. Muniz de Aragão 148, RJ, 22765-004, Brazil;Av. Ten-Cel. Muniz de Aragão 148, RJ, 22765-004, Brazil;00:03:45;0;20:18:00;20:33:07
TTO7H63;AMBEV, Vehicle, Diesel;20/02/2026;00:15:29;20/02/2026;0,030470116;Av. Ten-Cel. Muniz de Aragão 148, RJ, 22765-004, Brazil;Av. Ten-Cel. Muniz de Aragão 148, RJ, 22765-004, Brazil;00:00:48;0;20:33:07;20:54:00
TTO7H63;AMBEV, Vehicle, Diesel;20/02/2026;00:10:00;20/02/2026;0,042309641;Av. Ten-Cel. Muniz de Aragão 148, RJ, 22765-004, Brazil;R. Inacio Do Amaral, 534 - Freguesia (Jacarepaguá), Rio de Janeiro - RJ, 22763-040, Brasil;00:00:05;18;20:54:00;21:00:00
TTO7H63;AMBEV, Vehicle, Diesel;20/02/2026;00:19:40;20/02/2026;0,027945775;R. Inacio Do Amaral, 534 - Freguesia (Jacarepaguá), Rio de Janeiro - RJ, 22763-040, Brasil;Rua Geminiano Góis, 94 - Freguesia (Jacarepaguá), Rio de Janeiro - RJ, 22743-670, Brasil;00:00:42;44;21:00:00;21:24:00
TTO7H63;AMBEV, Vehicle, Diesel;20/02/2026;00:05:32;20/02/2026;0,013790394;Rua Geminiano Góis, 94 - Freguesia (Jacarepaguá), Rio de Janeiro - RJ, 22743-670, Brasil;Condomínio do Edifício Gramado - R. Ituverava, 314 - Anil, Rio de Janeiro - RJ, 22750-006, Brasil;00:00:04;35;21:24:00;21:30:00
TTO7H63;AMBEV, Vehicle, Diesel;20/02/2026;00:12:44;20/02/2026;0,00400728;Condomínio do Edifício Gramado - R. Ituverava, 314 - Anil, Rio de Janeiro - RJ, 22750-006, Brasil;Av. Otávio Malta, 819 - Anil, Rio de Janeiro - RJ, 22765-820, Brasil;00:00:59;42;21:30:00;21:42:00
TTO7H63;AMBEV, Vehicle, Diesel;20/02/2026;00:00:24;20/02/2026;0,011474132;Av. Otávio Malta, 819 - Anil, Rio de Janeiro - RJ, 22765-820, Brasil;Av. Canal do Anil, 22 - Gardênia Azul, Rio de Janeiro - RJ, 22765-430, Brasil;00:05:29;0;21:42:00;21:48:00
TTO7H63;AMBEV, Vehicle, Diesel;20/02/2026;00:00:18;20/02/2026;0,008119398;Av. Canal do Anil, 22 - Gardênia Azul, Rio de Janeiro - RJ, 22765-430, Brasil;Av. Canal do Anil, 25 - Anil, Rio de Janeiro - RJ, 22765-430, Brasil;00:04:33;0;21:48:00;21:54:00
TTO7H63;AMBEV, Vehicle, Diesel;20/02/2026;00:02:12;20/02/2026;0,005899225;Av. Canal do Anil, 25 - Anil, Rio de Janeiro - RJ, 22765-430, Brasil;Av. Canal do Anil, 25 - Anil, Rio de Janeiro - RJ, 22765-430, Brasil;00:00:00;1;21:54:00;21:54:00
TTO7H63;AMBEV, Vehicle, Diesel;20/02/2026;00:00:32;20/02/2026;0,024378484;Av. Canal do Anil, 25 - Anil, Rio de Janeiro - RJ, 22765-430, Brasil;Av. Canal do Anil, 25 - Anil, Rio de Janeiro - RJ, 22765-430, Brasil;00:00:05;4;21:54:00;21:54:00
TTO7H63;AMBEV, Vehicle, Diesel;20/02/2026;00:04:46;20/02/2026;0,571363264;Av. Canal do Anil, 25 - Anil, Rio de Janeiro - RJ, 22765-430, Brasil;Estr. do Engenho d'Água, 655 - Anil, Rio de Janeiro - RJ, 22765-240, Brasil;00:00:05;22;21:54:00;22:00:00
TTO7H63;AMBEV, Vehicle, Diesel;21/02/2026;00:01:59;21/02/2026;0,401696019;Estr. do Engenho d'Água, 655 - Anil, Rio de Janeiro - RJ, 22765-240, Brasil;Estr. do Engenho d'Água, 655 - Anil, Rio de Janeiro - RJ, 22765-240, Brasil;00:00:10;26;22:00:00;22:00:00
TTO7H63;AMBEV, Vehicle, Diesel;21/02/2026;00:05:01;21/02/2026;1,714522164;Estr. do Engenho d'Água, 655 - Anil, Rio de Janeiro - RJ, 22765-240, Brasil;Estr. do Engenho d'Água, 655 - Anil, Rio de Janeiro - RJ, 22765-240, Brasil;00:00:08;35;22:00:00;22:06:00
TTP6B50;AMBEV, Vehicle, Diesel;16/02/2026;00:03:15;16/02/2026;0,260907465;Estr. do Engenho d'Água, 655 - Anil, Rio de Janeiro - RJ, 22765-240, Brasil;Estr. do Engenho d'Água, 655 - Anil, Rio de Janeiro - RJ, 22765-240, Brasil;00:00:09;24;20:00:00;20:00:00
TTP6B50;AMBEV, Vehicle, Diesel;16/02/2026;00:28:14;16/02/2026;0,002303241;Estr. do Engenho d'Água, 655 - Anil, Rio de Janeiro - RJ, 22765-240, Brasil;Estr. do Tindiba, 560 - Taquara, Rio de Janeiro - RJ, 22740-362, Brasil;00:03:19;53;20:00:00;20:31:33
TTP6B50;AMBEV, Vehicle, Diesel;16/02/2026;00:02:46;16/02/2026;0,006768206;Estr. do Tindiba, 560 - Taquara, Rio de Janeiro - RJ, 22740-362, Brasil;R. Mal. José Beviláqua, 534 - Taquara, Rio de Janeiro - RJ, 22730-230, Brasil;00:00:02;41;20:31:33;20:36:00
TTP6B50;AMBEV, Vehicle, Diesel;16/02/2026;00:00:46;16/02/2026;0,130290613;R. Mal. José Beviláqua, 534 - Taquara, Rio de Janeiro - RJ, 22730-230, Brasil;R. Mal. José Beviláqua, 534 - Taquara, Rio de Janeiro - RJ, 22730-230, Brasil;00:00:09;3;20:36:00;20:36:00
TTP6B50;AMBEV, Vehicle, Diesel;16/02/2026;00:12:11;16/02/2026;0,026058715;R. Mal. José Beviláqua, 534 - Taquara, Rio de Janeiro - RJ, 22730-230, Brasil;R. Mirataia, 25 - Pechincha, Rio de Janeiro - RJ, 22770-190, Brasil;00:00:03;46;20:36:00;20:48:00
TTP6B50;AMBEV, Vehicle, Diesel;16/02/2026;00:07:12;16/02/2026;0,010056238;R. Mirataia, 25 - Pechincha, Rio de Janeiro - RJ, 22770-190, Brasil;R. Benevente, 51 - Pechincha, Rio de Janeiro - RJ, 22743-140, Brasil;00:00:47;37;20:48:00;20:54:00
TTP6B50;AMBEV, Vehicle, Diesel;16/02/2026;00:05:14;16/02/2026;0,014804606;R. Benevente, 51 - Pechincha, Rio de Janeiro - RJ, 22743-140, Brasil;Rua Edgard Werneck, 51 - Freguesia (Jacarepaguá), Rio de Janeiro - RJ, 22763-010, Brasil;00:00:02;44;20:54:00;21:00:00
TTP6B50;AMBEV, Vehicle, Diesel;16/02/2026;00:18:02;16/02/2026;0,013077743;Rua Edgard Werneck, 51 - Freguesia (Jacarepaguá), Rio de Janeiro - RJ, 22763-010, Brasil;Estr. do Engenho d'Água, 655 - Anil, Rio de Janeiro - RJ, 22765-240, Brasil;00:00:10;46;21:00:00;21:18:00
TTP6B50;AMBEV, Vehicle, Diesel;16/02/2026;00:02:32;16/02/2026;0,035582269;Estr. do Engenho d'Água, 655 - Anil, Rio de Janeiro - RJ, 22765-240, Brasil;Estr. do Engenho d'Água, 655 - Anil, Rio de Janeiro - RJ, 22765-240, Brasil;00:00:08;29;21:18:00;21:24:00
TTP6B50;AMBEV, Vehicle, Diesel;16/02/2026;00:01:42;16/02/2026;1,294862049;Estr. do Engenho d'Água, 655 - Anil, Rio de Janeiro - RJ, 22765-240, Brasil;Estr. do Engenho d'Água, 655 - Anil, Rio de Janeiro - RJ, 22765-240, Brasil;00:00:06;28;21:24:00;21:24:00
TTP6B50;AMBEV, Vehicle, Diesel;17/02/2026;00:04:30;17/02/2026;0,071575752;Estr. do Engenho d'Água, 655 - Anil, Rio de Janeiro - RJ, 22765-240, Brasil;Estr. do Engenho d'Água, 655 - Anil, Rio de Janeiro - RJ, 22765-240, Brasil;00:00:29;24;21:24:00;21:30:00
TTP6B50;AMBEV, Vehicle, Diesel;17/02/2026;00:02:39;17/02/2026;0,342444676;Estr. do Engenho d'Água, 655 - Anil, Rio de Janeiro - RJ, 22765-240, Brasil;Estr. do Engenho d'Água, 655 - Anil, Rio de Janeiro - RJ, 22765-240, Brasil;00:00:06;26;21:30:00;21:30:00
TTP6B50;AMBEV, Vehicle, Diesel;18/02/2026;00:02:17;18/02/2026;0,002326389;Estr. do Engenho d'Água, 655 - Anil, Rio de Janeiro - RJ, 22765-240, Brasil;R. O Tempo e O Vento, 54 - Anil, Rio de Janeiro - RJ, 22753-340, Brasil;00:03:21;20;21:30:00;21:35:38
TTP6B50;AMBEV, Vehicle, Diesel;18/02/2026;00:22:00;18/02/2026;0,053759363;R. O Tempo e O Vento, 54 - Anil, Rio de Janeiro - RJ, 22753-340, Brasil;Av. Geremário Dantas, 1333 - Freguesia (Jacarepaguá), Rio de Janeiro - RJ, 22760-400, Brasil;00:00:04;46;21:35:38;22:00:00
TTP6B50;AMBEV, Vehicle, Diesel;18/02/2026;00:04:10;18/02/2026;0,050836192;Av. Geremário Dantas, 1333 - Freguesia (Jacarepaguá), Rio de Janeiro - RJ, 22760-400, Brasil;Av. Geremário Dantas, 1180 - Pechincha, Rio de Janeiro - RJ, 22760-401, Brasil;00:00:04;37;22:00:00;22:06:00
TTP6B50;AMBEV, Vehicle, Diesel;18/02/2026;00:07:00;18/02/2026;0,005659942;Av. Geremário Dantas, 1180 - Pechincha, Rio de Janeiro - RJ, 22760-401, Brasil;Estr. do Pau-Ferro, 313 - Pechincha, Rio de Janeiro - RJ, 22743-051, Brasil;00:07:45;39;22:06:00;22:18:00
TTP6B50;AMBEV, Vehicle, Diesel;18/02/2026;00:00:50;18/02/2026;0,018323067;Estr. do Pau-Ferro, 313 - Pechincha, Rio de Janeiro - RJ, 22743-051, Brasil;R. Comendador Siqueira, 285 - Pechincha, Rio de Janeiro - RJ, 22740-366, Brasil;00:02:12;12;22:18:00;22:24:00
TTP6B50;AMBEV, Vehicle, Diesel;18/02/2026;00:00:44;18/02/2026;0,018402778;R. Comendador Siqueira, 285 - Pechincha, Rio de Janeiro - RJ, 22740-366, Brasil;Estr. do Pau-Ferro, 275 - Pechincha, Rio de Janeiro - RJ, 22743-050, Brasil;00:02:58;2;22:24:00;22:26:54
TTP6B50;AMBEV, Vehicle, Diesel;18/02/2026;00:09:47;18/02/2026;0,032322245;Estr. do Pau-Ferro, 275 - Pechincha, Rio de Janeiro - RJ, 22743-050, Brasil;Estr. do Pau-Ferro, 302 - Pechincha, Rio de Janeiro - RJ, 22743-051, Brasil;00:00:04;29;22:26:54;22:36:00
TTP6B50;AMBEV, Vehicle, Diesel;18/02/2026;00:12:49;18/02/2026;0,013989051;Estr. do Pau-Ferro, 302 - Pechincha, Rio de Janeiro - RJ, 22743-051, Brasil;Av. Menezes Cortes, 3148 - Jacarepaguá, Rio de Janeiro - RJ, 22745-130, Brasil;00:00:04;50;22:36:00;22:48:00
TTP6B50;AMBEV, Vehicle, Diesel;18/02/2026;00:11:06;18/02/2026;0,101793981;Av. Menezes Cortes, 3148 - Jacarepaguá, Rio de Janeiro - RJ, 22745-130, Brasil;Estr. do Pau-Ferro, 13 - Pechincha, Rio de Janeiro - RJ, 22743-050, Brasil;00:02:55;46;22:48:00;23:02:49
TTP6B50;AMBEV, Vehicle, Diesel;18/02/2026;00:09:45;18/02/2026;0,002264271;Estr. do Pau-Ferro, 13 - Pechincha, Rio de Janeiro - RJ, 22743-050, Brasil;R. Paço do Lumiar, 186 - Pechincha, Rio de Janeiro - RJ, 22770-080, Brasil;00:00:08;35;23:02:49;23:12:00
TTP6B50;AMBEV, Vehicle, Diesel;18/02/2026;00:17:17;18/02/2026;0,001525255;R. Paço do Lumiar, 186 - Pechincha, Rio de Janeiro - RJ, 22770-080, Brasil;Estr. de Jacarepaguá, 5895 - Freguesia (Jacarepaguá), Rio de Janeiro - RJ, 22753-033, Brasil;00:00:05;48;23:12:00;23:30:00
TTP6B50;AMBEV, Vehicle, Diesel;18/02/2026;00:05:38;18/02/2026;0,627024236;Estr. de Jacarepaguá, 5895 - Freguesia (Jacarepaguá), Rio de Janeiro - RJ, 22753-033, Brasil;R. Amarílio Salgado, 58 - Anil, Rio de Janeiro - RJ, 22753-450, Brasil;00:00:21;28;23:30:00;23:36:00
TTP6B50;AMBEV, Vehicle, Diesel;19/02/2026;00:26:12;19/02/2026;0,060674005;R. Amarílio Salgado, 58 - Anil, Rio de Janeiro - RJ, 22753-450, Brasil;Av. Geremário Dantas, 1355 - Pechincha, Rio de Janeiro - RJ, 22760-400, Brasil;00:00:05;42;23:36:00;00:00:00
TTP6B50;AMBEV, Vehicle, Diesel;19/02/2026;00:18:59;19/02/2026;0,011582292;Av. Geremário Dantas, 1355 - Pechincha, Rio de Janeiro - RJ, 22760-400, Brasil;R. Gen. Miguel Ferreira, 1 - Taquara, Rio de Janeiro - RJ, 22770-590, Brasil;00:00:09;46;00:00:00;00:24:00
TTP6B50;AMBEV, Vehicle, Diesel;19/02/2026;00:08:49;19/02/2026;0,003449074;R. Gen. Miguel Ferreira, 1 - Taquara, Rio de Janeiro - RJ, 22770-590, Brasil;Estr. do Tindiba, 1599 - Taquara, Rio de Janeiro - RJ, 22740-361, Brasil;00:04:58;48;00:24:00;00:37:47
TTP6B50;AMBEV, Vehicle, Diesel;19/02/2026;00:09:41;19/02/2026;0,019847882;Estr. do Tindiba, 1599 - Taquara, Rio de Janeiro - RJ, 22740-361, Brasil;R. Paço do Lumiar, 127 - Pechincha, Rio de Janeiro - RJ, 22770-080, Brasil;00:00:05;39;00:37:47;00:42:00
TTP6B50;AMBEV, Vehicle, Diesel;19/02/2026;00:10:14;19/02/2026;0,021737847;R. Paço do Lumiar, 127 - Pechincha, Rio de Janeiro - RJ, 22770-080, Brasil;Rua Edgard Werneck, 629 - Pechincha, Rio de Janeiro - RJ, 22763-197, Brasil;00:00:05;39;00:42:00;00:54:00
TTP6B50;AMBEV, Vehicle, Diesel;19/02/2026;00:20:43;19/02/2026;0,06585647;Rua Edgard Werneck, 629 - Pechincha, Rio de Janeiro - RJ, 22763-197, Brasil;Estr. do Engenho d'Água, 655 - Anil, Rio de Janeiro - RJ, 22765-240, Brasil;00:00:11;44;00:54:00;01:18:00
TTP6B50;AMBEV, Vehicle, Diesel;19/02/2026;00:01:13;19/02/2026;0,003030787;Estr. do Engenho d'Água, 655 - Anil, Rio de Janeiro - RJ, 22765-240, Brasil;Av. Otávio Malta, 819 - Anil, Rio de Janeiro - RJ, 22765-820, Brasil;00:02:18;33;01:18:00;01:18:00
TTP6B50;AMBEV, Vehicle, Diesel;19/02/2026;00:01:33;19/02/2026;0,020767211;Av. Otávio Malta, 819 - Anil, Rio de Janeiro - RJ, 22765-820, Brasil;Estr. do Engenho d'Água, 687 - Anil, Rio de Janeiro - RJ, 22675-240, Brasil;00:00:05;24;01:18:00;01:18:00
TTP6B50;AMBEV, Vehicle, Diesel;19/02/2026;00:02:21;19/02/2026;0,572926111;Estr. do Engenho d'Água, 687 - Anil, Rio de Janeiro - RJ, 22675-240, Brasil;Estr. do Engenho d'Água, 655 - Anil, Rio de Janeiro - RJ, 22765-240, Brasil;00:00:06;35;01:18:00;01:24:00
TTP6B50;AMBEV, Vehicle, Diesel;20/02/2026;00:03:18;20/02/2026;0,047406748;Estr. do Engenho d'Água, 655 - Anil, Rio de Janeiro - RJ, 22765-240, Brasil;Estr. do Engenho d'Água, 655 - Anil, Rio de Janeiro - RJ, 22765-240, Brasil;00:00:08;20;01:24:00;01:30:00
TTP6B50;AMBEV, Vehicle, Diesel;20/02/2026;00:02:46;20/02/2026;0,101448391;Estr. do Engenho d'Água, 655 - Anil, Rio de Janeiro - RJ, 22765-240, Brasil;Estr. do Engenho d'Água, 655 - Anil, Rio de Janeiro - RJ, 22765-240, Brasil;00:00:03;20;01:30:00;01:30:00
TTP6B50;AMBEV, Vehicle, Diesel;20/02/2026;00:01:20;20/02/2026;0,002303241;Estr. do Engenho d'Água, 655 - Anil, Rio de Janeiro - RJ, 22765-240, Brasil;R. O Tempo e O Vento, 54 - Anil, Rio de Janeiro - RJ, 22753-340, Brasil;00:03:19;22;01:30:00;01:34:39
TTP6B50;AMBEV, Vehicle, Diesel;20/02/2026;00:13:19;20/02/2026;0,003659803;R. O Tempo e O Vento, 54 - Anil, Rio de Janeiro - RJ, 22753-340, Brasil;Estr. de Jacarepaguá, 6346 - Anil, Rio de Janeiro - RJ, 22755-145, Brasil;00:00:03;39;01:34:39;01:48:00
TTP6B50;AMBEV, Vehicle, Diesel;20/02/2026;00:17:47;20/02/2026;0,035538252;Estr. de Jacarepaguá, 6346 - Anil, Rio de Janeiro - RJ, 22755-145, Brasil;Av. Geremário Dantas, nº526 - sala 518 - Pechincha, Rio de Janeiro - RJ, 22740-010, Brasil;00:00:05;42;01:48:00;02:06:00
TTP6B50;AMBEV, Vehicle, Diesel;20/02/2026;00:06:10;20/02/2026;0,010636586;Av. Geremário Dantas, nº526 - sala 518 - Pechincha, Rio de Janeiro - RJ, 22740-010, Brasil;Rua Maença, 469 - Pechincha, Rio de Janeiro - RJ, 22740-310, Brasil;00:00:07;35;02:06:00;02:12:00
TTP6B50;AMBEV, Vehicle, Diesel;20/02/2026;00:06:17;20/02/2026;0,024867986;Rua Maença, 469 - Pechincha, Rio de Janeiro - RJ, 22740-310, Brasil;Av. Geremário Dantas, 512 - Pechincha, Rio de Janeiro - RJ, 22740-010, Brasil;00:00:05;20;02:12:00;02:18:00
TTP6B50;AMBEV, Vehicle, Diesel;20/02/2026;00:04:32;20/02/2026;0,004131944;Av. Geremário Dantas, 512 - Pechincha, Rio de Janeiro - RJ, 22740-010, Brasil;Estr. do Tindiba, 53 - Taquara, Rio de Janeiro - RJ, 22740-362, Brasil;00:05:57;29;02:18:00;02:28:29
TTP6B50;AMBEV, Vehicle, Diesel;20/02/2026;00:06:43;20/02/2026;0,02131544;Estr. do Tindiba, 53 - Taquara, Rio de Janeiro - RJ, 22740-362, Brasil;R. Prof. Henrique Costa, 729 - Pechincha, Rio de Janeiro - RJ, 22770-234, Brasil;00:00:11;29;02:28:29;02:36:00
TTP6B50;AMBEV, Vehicle, Diesel;20/02/2026;00:10:26;20/02/2026;0,046400058;R. Prof. Henrique Costa, 729 - Pechincha, Rio de Janeiro - RJ, 22770-234, Brasil;R. José Perigault, 210 - Taquara, Rio de Janeiro - RJ, 22710-385, Brasil;00:00:04;41;02:36:00;02:48:00
TTP6B50;AMBEV, Vehicle, Diesel;20/02/2026;00:07:47;20/02/2026;0,035733333;R. José Perigault, 210 - Taquara, Rio de Janeiro - RJ, 22710-385, Brasil;R. Nacional, 373 - Taquara, Rio de Janeiro - RJ, 22710-091, Brasil;00:00:08;35;02:48:00;02:54:00
TTP6B50;AMBEV, Vehicle, Diesel;20/02/2026;00:13:00;20/02/2026;0,008525081;R. Nacional, 373 - Taquara, Rio de Janeiro - RJ, 22710-091, Brasil;Estr. dos Bandeirantes, 3300 - Jacarepaguá, Rio de Janeiro - RJ, 22775-110, Brasil;00:00:08;46;02:54:00;03:06:00
TTP6B50;AMBEV, Vehicle, Diesel;20/02/2026;00:09:07;20/02/2026;0,031881759;Estr. dos Bandeirantes, 3300 - Jacarepaguá, Rio de Janeiro - RJ, 22775-110, Brasil;Estrada Marechal Miguel Salazar Mendes de Moraes 1642, RJ, 22763-011, Brazil;00:00:02;57;03:06:00;03:18:00
TTP6B50;AMBEV, Vehicle, Diesel;20/02/2026;00:22:17;20/02/2026;0,032870984;Estrada Marechal Miguel Salazar Mendes de Moraes 1642, RJ, 22763-011, Brazil;Av. Canal do Anil, 25 - Anil, Rio de Janeiro - RJ, 22765-430, Brasil;00:00:02;42;03:18:00;03:36:00
TTP6B50;AMBEV, Vehicle, Diesel;20/02/2026;00:02:09;20/02/2026;0,291865336;Av. Canal do Anil, 25 - Anil, Rio de Janeiro - RJ, 22765-430, Brasil;R. O Tempo e O Vento, 54 - Anil, Rio de Janeiro - RJ, 22753-340, Brasil;00:00:09;24;03:36:00;03:42:00
TTP6B50;AMBEV, Vehicle, Diesel;20/02/2026;00:02:11;20/02/2026;0,133701875;R. O Tempo e O Vento, 54 - Anil, Rio de Janeiro - RJ, 22753-340, Brasil;Estr. do Engenho d'Água, 655 - Anil, Rio de Janeiro - RJ, 22765-240, Brasil;00:00:11;29;03:42:00;03:42:00
TTP6B50;AMBEV, Vehicle, Diesel;21/02/2026;00:02:05;21/02/2026;0,252301319;Estr. do Engenho d'Água, 655 - Anil, Rio de Janeiro - RJ, 22765-240, Brasil;Estr. do Engenho d'Água, 655 - Anil, Rio de Janeiro - RJ, 22765-240, Brasil;00:00:05;29;03:42:00;03:48:00
TTP6B50;AMBEV, Vehicle, Diesel;21/02/2026;00:03:42;21/02/2026;0,001696875;Estr. do Engenho d'Água, 655 - Anil, Rio de Janeiro - RJ, 22765-240, Brasil;2MV6+25 Cubo Kids - Anil, Rio de Janeiro - RJ, 22755, Brasil;00:00:03;22;03:48:00;03:48:00
TTP6B50;AMBEV, Vehicle, Diesel;21/02/2026;00:34:29;21/02/2026;0,036640116;2MV6+25 Cubo Kids - Anil, Rio de Janeiro - RJ, 22755, Brasil;Rua sargento Luís da Silva, 384 - Taquara, Rio de Janeiro - RJ, 22710-241, Brasil;00:00:07;48;03:48:00;04:24:00
TTP6B50;AMBEV, Vehicle, Diesel;21/02/2026;00:02:01;21/02/2026;0,02628147;Rua sargento Luís da Silva, 384 - Taquara, Rio de Janeiro - RJ, 22710-241, Brasil;R. Macembu, 1664 - Taquara, Rio de Janeiro - RJ, 22710-245, Brasil;00:00:05;7;04:24:00;04:24:00
TTP6B50;AMBEV, Vehicle, Diesel;21/02/2026;00:00:08;21/02/2026;0,006529745;R. Macembu, 1664 - Taquara, Rio de Janeiro - RJ, 22710-245, Brasil;R. Macembu, 1664 - Taquara, Rio de Janeiro - RJ, 22710-245, Brasil;00:00:07;0;04:24:00;04:24:00
TTP6B50;AMBEV, Vehicle, Diesel;21/02/2026;00:02:41;21/02/2026;0,005606134;R. Macembu, 1664 - Taquara, Rio de Janeiro - RJ, 22710-245, Brasil;Estrada do Guerenguê, 209 - Taquara, Rio de Janeiro - RJ, 22713-003, Brasil;00:01:26;41;04:24:00;04:30:00
TTP6B50;AMBEV, Vehicle, Diesel;21/02/2026;00:10:06;21/02/2026;0,041607512;Estrada do Guerenguê, 209 - Taquara, Rio de Janeiro - RJ, 22713-003, Brasil;R. do Rad., 545 - Taquara, Rio de Janeiro - RJ, 22740-150, Brasil;00:00:59;42;04:30:00;04:42:00
TTP6B50;AMBEV, Vehicle, Diesel;21/02/2026;00:05:15;21/02/2026;0,017374792;R. do Rad., 545 - Taquara, Rio de Janeiro - RJ, 22740-150, Brasil;R. Prof. Henrique Costa, 729 - Pechincha, Rio de Janeiro - RJ, 22770-234, Brasil;00:00:03;18;04:42:00;04:48:00
TTP6B50;AMBEV, Vehicle, Diesel;21/02/2026;00:06:44;21/02/2026;0,012157824;R. Prof. Henrique Costa, 729 - Pechincha, Rio de Janeiro - RJ, 22770-234, Brasil;Estrada Marechal Miguel Salazar Mendes de Moraes 168, RJ, 22770-331, Brazil;00:00:04;37;04:48:00;04:54:00
TTP6B50;AMBEV, Vehicle, Diesel;21/02/2026;00:04:34;21/02/2026;0,002130799;Estrada Marechal Miguel Salazar Mendes de Moraes 168, RJ, 22770-331, Brazil;Rua Frei Luiz Alevato 230, RJ, 22710-385, Brazil;00:00:08;24;04:54:00;05:00:00
TTP6B50;AMBEV, Vehicle, Diesel;21/02/2026;00:00:15;21/02/2026;0,017520521;Rua Frei Luiz Alevato 230, RJ, 22710-385, Brazil;Rua Frei Luiz Alevato 230, RJ, 22710-385, Brazil;00:00:03;0;05:00:00;05:00:00
TTP6B50;AMBEV, Vehicle, Diesel;21/02/2026;00:08:45;21/02/2026;0,000779942;Rua Frei Luiz Alevato 230, RJ, 22710-385, Brazil;Estr. dos Bandeirantes, 3560 - Jacarepaguá, Rio de Janeiro - RJ, 22775-110, Brasil;00:00:08;48;05:00:00;05:06:00
TTP6B50;AMBEV, Vehicle, Diesel;21/02/2026;00:00:35;21/02/2026;0,006880718;Estr. dos Bandeirantes, 3560 - Jacarepaguá, Rio de Janeiro - RJ, 22775-110, Brasil;Estr. dos Bandeirantes, 3788 - Curicica, Rio de Janeiro - RJ, 22775-110, Brasil;00:00:06;3;05:06:00;05:06:00
TTP6B50;AMBEV, Vehicle, Diesel;21/02/2026;00:11:38;21/02/2026;0,005234572;Estr. dos Bandeirantes, 3788 - Curicica, Rio de Janeiro - RJ, 22775-110, Brasil;R. do Rad., 545 - Taquara, Rio de Janeiro - RJ, 22740-150, Brasil;00:00:15;52;05:06:00;05:18:00
TTP6B50;AMBEV, Vehicle, Diesel;21/02/2026;00:09:08;21/02/2026;0,009339456;R. do Rad., 545 - Taquara, Rio de Janeiro - RJ, 22740-150, Brasil;Rua Pacoti, 150 - Pechincha, Rio de Janeiro - RJ, 22740-320, Brasil;00:00:09;41;05:18:00;05:30:00
TTP6B50;AMBEV, Vehicle, Diesel;21/02/2026;00:05:46;21/02/2026;0,008658368;Rua Pacoti, 150 - Pechincha, Rio de Janeiro - RJ, 22740-320, Brasil;R. Benevente, 4 - Pechincha, Rio de Janeiro - RJ, 22743-140, Brasil;00:00:05;29;05:30:00;05:36:00
TTP6B50;AMBEV, Vehicle, Diesel;21/02/2026;00:00:49;21/02/2026;0,006309641;R. Benevente, 4 - Pechincha, Rio de Janeiro - RJ, 22743-140, Brasil;R. Benevente, 4 - Pechincha, Rio de Janeiro - RJ, 22743-140, Brasil;00:00:04;3;05:36:00;05:36:00
TTP6B50;AMBEV, Vehicle, Diesel;21/02/2026;00:02:31;21/02/2026;0,009047454;R. Benevente, 4 - Pechincha, Rio de Janeiro - RJ, 22743-140, Brasil;R. Benevente, 157 - Pechincha, Rio de Janeiro - RJ, 22743-140, Brasil;00:00:05;3;05:36:00;05:36:00
TTP6B50;AMBEV, Vehicle, Diesel;21/02/2026;00:02:00;21/02/2026;0,007135625;R. Benevente, 157 - Pechincha, Rio de Janeiro - RJ, 22743-140, Brasil;Estr. do Pau-Ferro, 07 - Pechincha, Rio de Janeiro - RJ, 22743-050, Brasil;00:00:06;15;05:36:00;05:42:00
TTP6B50;AMBEV, Vehicle, Diesel;21/02/2026;00:06:06;21/02/2026;0,015841771;Estr. do Pau-Ferro, 07 - Pechincha, Rio de Janeiro - RJ, 22743-050, Brasil;R. Paracaima, 246 - Pechincha, Rio de Janeiro - RJ, 22743-290, Brasil;00:00:08;46;05:42:00;05:48:00
TTP6B50;AMBEV, Vehicle, Diesel;21/02/2026;00:17:22;21/02/2026;0,030070243;R. Paracaima, 246 - Pechincha, Rio de Janeiro - RJ, 22743-290, Brasil;R. Tirol, 726 - Freguesia (Jacarepaguá), Rio de Janeiro - RJ, 22750-009, Brasil;00:00:05;48;05:48:00;06:06:00
TTP6B50;AMBEV, Vehicle, Diesel;21/02/2026;00:18:50;21/02/2026;0,007760127;R. Tirol, 726 - Freguesia (Jacarepaguá), Rio de Janeiro - RJ, 22750-009, Brasil;Estr. do Engenho d'Água, 655 - Anil, Rio de Janeiro - RJ, 22765-240, Brasil;00:00:04;44;06:06:00;06:24:00
TTP6B50;AMBEV, Vehicle, Diesel;21/02/2026;00:02:24;21/02/2026;0,012991065;Estr. do Engenho d'Água, 655 - Anil, Rio de Janeiro - RJ, 22765-240, Brasil;Estr. do Engenho d'Água, 67 - Anil, Rio de Janeiro - RJ, 22765-240, Brasil;00:00:02;24;06:24:00;06:24:00
TTP6B50;AMBEV, Vehicle, Diesel;21/02/2026;00:02:46;21/02/2026;1,439234572;Estr. do Engenho d'Água, 67 - Anil, Rio de Janeiro - RJ, 22765-240, Brasil;Estr. do Engenho d'Água, 655 - Anil, Rio de Janeiro - RJ, 22765-240, Brasil;00:00:09;26;06:24:00;06:30:00
TTQ5H12;AMBEV, Vehicle, Diesel;16/02/2026;00:06:02;16/02/2026;0,226597222;Estr. do Engenho d'Água, 655 - Anil, Rio de Janeiro - RJ, 22765-240, Brasil;Estr. do Engenho d'Água, 655 - Anil, Rio de Janeiro - RJ, 22765-240, Brasil;00:07:55;26;02:30:00;02:43:50
TTQ5H12;AMBEV, Vehicle, Diesel;16/02/2026;00:06:39;16/02/2026;0,00582691;Estr. do Engenho d'Água, 655 - Anil, Rio de Janeiro - RJ, 22765-240, Brasil;Estr. de Jacarepaguá, 5895 - Anil, Rio de Janeiro - RJ, 22753-033, Brasil;00:00:08;18;02:43:50;02:48:00
TTQ5H12;AMBEV, Vehicle, Diesel;16/02/2026;00:23:47;16/02/2026;0,004675926;Estr. de Jacarepaguá, 5895 - Anil, Rio de Janeiro - RJ, 22753-033, Brasil;Av. Ayrton Senna, 3000 - Barra da Tijuca, Rio de Janeiro - RJ, 22775-003, Brasil;00:06:44;61;02:48:00;03:18:31
TTQ5H12;AMBEV, Vehicle, Diesel;16/02/2026;00:13:35;16/02/2026;0,00577662;Av. Ayrton Senna, 3000 - Barra da Tijuca, Rio de Janeiro - RJ, 22775-003, Brasil;Av. Ruy Frazão Soares, 81 - Barra da Tijuca, Rio de Janeiro - RJ, 22793-074, Brasil;00:00:32;55;03:18:31;03:36:00
TTQ5H12;AMBEV, Vehicle, Diesel;16/02/2026;00:00:09;16/02/2026;0,003946759;Av. Ruy Frazão Soares, 81 - Barra da Tijuca, Rio de Janeiro - RJ, 22793-074, Brasil;Av. Lúcio Costa, 6400 - Barra da Tijuca, Rio de Janeiro - RJ, 22630-013, Brasil;00:05:41;0;03:36:00;03:41:50
TTQ5H12;AMBEV, Vehicle, Diesel;16/02/2026;00:09:42;16/02/2026;0,005113275;Av. Lúcio Costa, 6400 - Barra da Tijuca, Rio de Janeiro - RJ, 22630-013, Brasil;Praia da Barra - Posto 8 - Barra da Tijuca, Rio de Janeiro - RJ, 22630-013, Brasil;00:00:24;41;03:41:50;03:48:00
TTQ5H12;AMBEV, Vehicle, Diesel;16/02/2026;00:02:58;16/02/2026;0,011307593;Praia da Barra - Posto 8 - Barra da Tijuca, Rio de Janeiro - RJ, 22630-013, Brasil;Av. Lúcio Costa, 6376 - Barra da Tijuca, Rio de Janeiro - RJ, 22630-012, Brasil;00:00:06;31;03:48:00;03:54:00
TTQ5H12;AMBEV, Vehicle, Diesel;16/02/2026;00:02:14;16/02/2026;0,004340278;Av. Lúcio Costa, 6376 - Barra da Tijuca, Rio de Janeiro - RJ, 22630-012, Brasil;Av. Lúcio Costa, QB52A e QB52B - Barra da Tijuca, Rio de Janeiro - RJ, 22630-012, Brasil;00:06:15;28;03:54:00;04:02:29
TTQ5H12;AMBEV, Vehicle, Diesel;16/02/2026;00:03:51;16/02/2026;0,005690509;Av. Lúcio Costa, QB52A e QB52B - Barra da Tijuca, Rio de Janeiro - RJ, 22630-012, Brasil;Marcelo Roberto - Barra da Tijuca, Rio de Janeiro - RJ, 22630, Brasil;00:00:14;24;04:02:29;04:06:00
TTQ5H12;AMBEV, Vehicle, Diesel;16/02/2026;00:01:55;16/02/2026;0,037179086;Marcelo Roberto - Barra da Tijuca, Rio de Janeiro - RJ, 22630, Brasil;Av. Lúcio Costa, 5170 - Barra da Tijuca, Rio de Janeiro - RJ, 22630-012, Brasil;00:00:06;28;04:06:00;04:06:00
TTQ5H12;AMBEV, Vehicle, Diesel;16/02/2026;00:02:42;16/02/2026;0,012615741;Av. Lúcio Costa, 5170 - Barra da Tijuca, Rio de Janeiro - RJ, 22630-012, Brasil;Av. Lúcio Costa, 4900 - Barra da Tijuca, Rio de Janeiro - RJ, 22630-011, Brasil;00:18:10;28;04:06:00;04:26:52
TTQ5H12;AMBEV, Vehicle, Diesel;16/02/2026;00:04:46;16/02/2026;0,004594907;Av. Lúcio Costa, 4900 - Barra da Tijuca, Rio de Janeiro - RJ, 22630-011, Brasil;Av. Lúcio Costa, s/n - Barra da Tijuca, Rio de Janeiro - RJ, 22630-010, Brasil;00:06:37;42;04:26:52;04:38:15
TTQ5H12;AMBEV, Vehicle, Diesel;16/02/2026;00:00:48;16/02/2026;0,002303241;Av. Lúcio Costa, s/n - Barra da Tijuca, Rio de Janeiro - RJ, 22630-010, Brasil;Av. Lúcio Costa, 30 - Barra da Tijuca, Rio de Janeiro - RJ, 22620-172, Brasil;00:03:19;18;04:38:15;04:42:22
TTQ5H12;AMBEV, Vehicle, Diesel;16/02/2026;00:00:44;16/02/2026;0,010324074;Av. Lúcio Costa, 30 - Barra da Tijuca, Rio de Janeiro - RJ, 22620-172, Brasil;Av. Lúcio Costa, 28a - Barra da Tijuca, Rio de Janeiro - RJ, 22620-172, Brasil;00:14:52;26;04:42:22;04:57:58
TTQ5H12;AMBEV, Vehicle, Diesel;16/02/2026;00:01:33;16/02/2026;0,010449688;Av. Lúcio Costa, 28a - Barra da Tijuca, Rio de Janeiro - RJ, 22620-172, Brasil;Av. Lúcio Costa, 24a - Barra da Tijuca, Rio de Janeiro - RJ, 22620-172, Brasil;00:00:41;41;04:57:58;05:00:00
TTQ5H12;AMBEV, Vehicle, Diesel;16/02/2026;00:03:31;16/02/2026;0,016635995;Av. Lúcio Costa, 24a - Barra da Tijuca, Rio de Janeiro - RJ, 22620-172, Brasil;Av. Lúcio Costa, 2926 - Barra da Tijuca, Rio de Janeiro - RJ, 22630-010, Brasil;00:02:17;37;05:00:00;05:06:00
TTQ5H12;AMBEV, Vehicle, Diesel;16/02/2026;00:00:15;16/02/2026;0,010821759;Av. Lúcio Costa, 2926 - Barra da Tijuca, Rio de Janeiro - RJ, 22630-010, Brasil;Av. Lúcio Costa, 2900 - Barra da Tijuca, Rio de Janeiro - RJ, 22620-172, Brasil;00:15:35;0;05:06:00;05:21:50
TTQ5H12;AMBEV, Vehicle, Diesel;16/02/2026;00:06:00;16/02/2026;0,003460648;Av. Lúcio Costa, 2900 - Barra da Tijuca, Rio de Janeiro - RJ, 22620-172, Brasil;Av. Lúcio Costa, 3100 - Barra da Tijuca, Rio de Janeiro - RJ, 22620-172, Brasil;00:04:59;37;05:21:50;05:32:49
TTQ5H12;AMBEV, Vehicle, Diesel;16/02/2026;00:02:38;16/02/2026;0,005686262;Av. Lúcio Costa, 3100 - Barra da Tijuca, Rio de Janeiro - RJ, 22620-172, Brasil;Avenida Lucio da Costa 3360 entre posto 4 e 5 - Barra da Tijuca, Rio de Janeiro - RJ, 22630-010, Brasil;00:00:31;24;05:32:49;05:36:00
TTQ5H12;AMBEV, Vehicle, Diesel;16/02/2026;00:02:41;16/02/2026;0,012233796;Avenida Lucio da Costa 3360 entre posto 4 e 5 - Barra da Tijuca, Rio de Janeiro - RJ, 22630-010, Brasil;Avenida Lucio da Costa 3360 entre posto 4 e 5 - Barra da Tijuca, Rio de Janeiro - RJ, 22630-010, Brasil;00:02:06;3;05:36:00;05:44:01
TTQ5H12;AMBEV, Vehicle, Diesel;16/02/2026;00:04:40;16/02/2026;0,006916065;Avenida Lucio da Costa 3360 entre posto 4 e 5 - Barra da Tijuca, Rio de Janeiro - RJ, 22630-010, Brasil;Av. Lúcio Costa, 38 - Barra da Tijuca, Rio de Janeiro - RJ, 22630-011, Brasil;00:00:30;31;05:44:01;05:48:00
TTQ5H12;AMBEV, Vehicle, Diesel;16/02/2026;00:06:24;16/02/2026;0,003136574;Av. Lúcio Costa, 38 - Barra da Tijuca, Rio de Janeiro - RJ, 22630-011, Brasil;Av. Peregrino Junior, 380 - Barra da Tijuca, Rio de Janeiro - RJ, 22631-460, Brasil;00:04:31;44;05:48:00;05:58:55
TTQ5H12;AMBEV, Vehicle, Diesel;16/02/2026;00:14:48;16/02/2026;0,00443287;Av. Peregrino Junior, 380 - Barra da Tijuca, Rio de Janeiro - RJ, 22631-460, Brasil;Av. Lúcio Costa, 38 - Barra da Tijuca, Rio de Janeiro - RJ, 22630-011, Brasil;00:06:23;44;05:58:55;06:20:06
TTQ5H12;AMBEV, Vehicle, Diesel;16/02/2026;00:08:16;16/02/2026;0,017766204;Av. Lúcio Costa, 38 - Barra da Tijuca, Rio de Janeiro - RJ, 22630-011, Brasil;Condomínio do Edifício Cidade de Saint - Tropez - Av. Sernambetiba, 18 - Recreio dos Bandeir, Rio de Janeiro - RJ, 22631, Brasil;00:03:57;48;06:20:06;06:33:41
TTQ5H12;AMBEV, Vehicle, Diesel;16/02/2026;00:07:50;16/02/2026;0,004351852;Condomínio do Edifício Cidade de Saint - Tropez - Av. Sernambetiba, 18 - Recreio dos Bandeir, Rio de Janeiro - RJ, 22631, Brasil;R. Levi Carneiro, 145 - Barra da Tijuca, Rio de Janeiro - RJ, 22630-150, Brasil;00:06:16;33;06:33:41;06:47:47
TTQ5H12;AMBEV, Vehicle, Diesel;16/02/2026;00:01:09;16/02/2026;0,008266655;R. Levi Carneiro, 145 - Barra da Tijuca, Rio de Janeiro - RJ, 22630-150, Brasil;R. Levi Carneiro, 155 - Barra da Tijuca, Rio de Janeiro - RJ, 22630-150, Brasil;00:00:16;7;06:47:47;06:48:00
TTQ5H12;AMBEV, Vehicle, Diesel;16/02/2026;00:05:29;16/02/2026;0,006805556;R. Levi Carneiro, 155 - Barra da Tijuca, Rio de Janeiro - RJ, 22630-150, Brasil;R. Marcelo Roberto, 72 - Barra da Tijuca, Rio de Janeiro - RJ, 22630-190, Brasil;00:09:48;28;06:48:00;07:03:17
TTQ5H12;AMBEV, Vehicle, Diesel;16/02/2026;00:01:04;16/02/2026;0,004529051;R. Marcelo Roberto, 72 - Barra da Tijuca, Rio de Janeiro - RJ, 22630-190, Brasil;Av. Lúcio Costa, 6000 - Barra da Tijuca, Rio de Janeiro - RJ, 22630-012, Brasil;00:06:31;35;07:03:17;07:10:52
TTQ5H12;AMBEV, Vehicle, Diesel;16/02/2026;00:22:32;16/02/2026;0,025796354;Av. Lúcio Costa, 6000 - Barra da Tijuca, Rio de Janeiro - RJ, 22630-012, Brasil;Estr. do Engenho d'Água, 655 - Anil, Rio de Janeiro - RJ, 22765-240, Brasil;00:00:04;72;07:10:52;07:30:00
TTQ5H12;AMBEV, Vehicle, Diesel;16/02/2026;00:03:24;16/02/2026;0,021815532;Estr. do Engenho d'Água, 655 - Anil, Rio de Janeiro - RJ, 22765-240, Brasil;Estr. do Engenho d'Água, 655 - Anil, Rio de Janeiro - RJ, 22765-240, Brasil;00:00:09;31;07:30:00;07:36:00
TTQ5H12;AMBEV, Vehicle, Diesel;16/02/2026;00:02:06;16/02/2026;1,416125197;Estr. do Engenho d'Água, 655 - Anil, Rio de Janeiro - RJ, 22765-240, Brasil;Estr. do Engenho d'Água, 655 - Anil, Rio de Janeiro - RJ, 22765-240, Brasil;00:01:21;15;07:36:00;07:42:00
TTQ5H12;AMBEV, Vehicle, Diesel;18/02/2026;00:02:11;18/02/2026;0,08174478;Estr. do Engenho d'Água, 655 - Anil, Rio de Janeiro - RJ, 22765-240, Brasil;Estr. do Engenho d'Água, 655 - Anil, Rio de Janeiro - RJ, 22765-240, Brasil;00:00:12;24;07:42:00;07:42:00
TTQ5H12;AMBEV, Vehicle, Diesel;18/02/2026;00:04:40;18/02/2026;0,094959155;Estr. do Engenho d'Água, 655 - Anil, Rio de Janeiro - RJ, 22765-240, Brasil;2MV6+25 Cubo Kids - Anil, Rio de Janeiro - RJ, 22755, Brasil;00:00:05;29;07:42:00;07:48:00
TTQ5H12;AMBEV, Vehicle, Diesel;18/02/2026;00:09:45;18/02/2026;0,004340278;2MV6+25 Cubo Kids - Anil, Rio de Janeiro - RJ, 22755, Brasil;R. Caminho do Cavaco, 177 - Anil, Rio de Janeiro - RJ, 22753-034, Brasil;00:06:15;18;07:48:00;08:04:00
TTQ5H12;AMBEV, Vehicle, Diesel;18/02/2026;00:02:11;18/02/2026;0,004464838;R. Caminho do Cavaco, 177 - Anil, Rio de Janeiro - RJ, 22753-034, Brasil;Estr. de Jacarepaguá, 5895 - Freguesia (Jacarepaguá), Rio de Janeiro - RJ, 22753-033, Brasil;00:00:03;5;08:04:00;08:06:00
TTQ5H12;AMBEV, Vehicle, Diesel;18/02/2026;00:13:22;18/02/2026;0,011265417;Estr. de Jacarepaguá, 5895 - Freguesia (Jacarepaguá), Rio de Janeiro - RJ, 22753-033, Brasil;Av. das Lagoas, 30 - Gardênia Azul, Rio de Janeiro - RJ, 22765-451, Brasil;00:03:07;41;08:06:00;08:24:00
TTQ5H12;AMBEV, Vehicle, Diesel;18/02/2026;00:20:08;18/02/2026;0,002303241;Av. das Lagoas, 30 - Gardênia Azul, Rio de Janeiro - RJ, 22765-451, Brasil;Clube Riviera - Barra da Tijuca, Rio de Janeiro - RJ, 22631, Brasil;00:03:19;59;08:24:00;08:47:27
TTQ5H12;AMBEV, Vehicle, Diesel;18/02/2026;00:05:45;18/02/2026;0,034027778;Clube Riviera - Barra da Tijuca, Rio de Janeiro - RJ, 22631, Brasil;Condomínio do Edifício Montparnasse - Av. do Pepê, 1000 - Tijuca, Rio de Janeiro - RJ, 22620-171, Brasil;00:04:29;48;08:47:27;08:58:18
TTQ5H12;AMBEV, Vehicle, Diesel;18/02/2026;00:03:10;18/02/2026;0,029074074;Condomínio do Edifício Montparnasse - Av. do Pepê, 1000 - Tijuca, Rio de Janeiro - RJ, 22620-171, Brasil;Av. Olegário Maciel, 7 - Barra da Tijuca, Rio de Janeiro - RJ, 22621-200, Brasil;00:07:43;29;08:58:18;09:08:18
TTQ5H12;AMBEV, Vehicle, Diesel;18/02/2026;00:01:37;18/02/2026;0,024872685;Av. Olegário Maciel, 7 - Barra da Tijuca, Rio de Janeiro - RJ, 22621-200, Brasil;Av. Olegário Maciel, 172d - Barra da Tijuca, Rio de Janeiro - RJ, 22621-200, Brasil;00:00:33;14;09:08:18;09:06:01
TTQ5H12;AMBEV, Vehicle, Diesel;18/02/2026;00:04:08;18/02/2026;0,03328838;Av. Olegário Maciel, 172d - Barra da Tijuca, Rio de Janeiro - RJ, 22621-200, Brasil;Av. Olegário Maciel, 283 - Barra da Tijuca, Rio de Janeiro - RJ, 22621-200, Brasil;00:00:27;12;09:06:01;09:12:00
TTQ5H12;AMBEV, Vehicle, Diesel;18/02/2026;00:03:35;18/02/2026;0,053821285;Av. Olegário Maciel, 283 - Barra da Tijuca, Rio de Janeiro - RJ, 22621-200, Brasil;Praça Euvaldo Lodi, 16 - Barra da Tijuca, Rio de Janeiro - RJ, 22640-010, Brasil;00:07:55;22;09:12:00;09:25:34
TTQ5H12;AMBEV, Vehicle, Diesel;18/02/2026;00:07:07;18/02/2026;0,005636574;Praça Euvaldo Lodi, 16 - Barra da Tijuca, Rio de Janeiro - RJ, 22640-010, Brasil;Av. do Pepê, 560 - Barra da Tijuca, Rio de Janeiro - RJ, 22620-170, Brasil;00:08:07;35;09:25:34;09:40:48
TTQ5H12;AMBEV, Vehicle, Diesel;18/02/2026;00:01:24;18/02/2026;0,006773148;Av. do Pepê, 560 - Barra da Tijuca, Rio de Janeiro - RJ, 22620-170, Brasil;Av. Gen. Guedes da Fontoura, 91 - Barra da Tijuca, Rio de Janeiro - RJ, 22620-170, Brasil;00:09:45;26;09:40:48;09:51:57
TTQ5H12;AMBEV, Vehicle, Diesel;18/02/2026;00:03:00;18/02/2026;0,015079942;Av. Gen. Guedes da Fontoura, 91 - Barra da Tijuca, Rio de Janeiro - RJ, 22620-170, Brasil;Praia dos Amores, 33 - Barra da Tijuca, Rio de Janeiro - RJ, 22620-150, Brasil;00:00:09;24;09:51:57;09:54:00
TTQ5H12;AMBEV, Vehicle, Diesel;18/02/2026;00:06:00;18/02/2026;0,005740741;Praia dos Amores, 33 - Barra da Tijuca, Rio de Janeiro - RJ, 22620-150, Brasil;Av. Gen. Guedes da Fontoura, 260 - Barra da Tijuca, Rio de Janeiro - RJ, 22620-032, Brasil;00:08:16;26;09:54:00;10:08:16
TTQ5H12;AMBEV, Vehicle, Diesel;18/02/2026;00:00:50;18/02/2026;0,002314815;Av. Gen. Guedes da Fontoura, 260 - Barra da Tijuca, Rio de Janeiro - RJ, 22620-032, Brasil;Av. Olegário Maciel, 383 - Barra da Tijuca, Rio de Janeiro - RJ, 22621-200, Brasil;00:03:20;20;10:08:16;10:12:26
TTQ5H12;AMBEV, Vehicle, Diesel;18/02/2026;00:10:50;18/02/2026;0,004278171;Av. Olegário Maciel, 383 - Barra da Tijuca, Rio de Janeiro - RJ, 22621-200, Brasil;Desembargador Araújo Jorge - Barra da Tijuca, Rio de Janeiro - RJ, 22611-022, Brasil;00:06:09;42;10:12:26;10:29:26
TTQ5H12;AMBEV, Vehicle, Diesel;18/02/2026;00:14:13;18/02/2026;0,011388889;Desembargador Araújo Jorge - Barra da Tijuca, Rio de Janeiro - RJ, 22611-022, Brasil;Av. Min. Afrânio Costa, 91 - bloco A sala 213 - Barra da Tijuca, Rio de Janeiro - RJ, 22631-220, Brasil;00:16:24;53;10:29:26;11:00:04
TTQ5H12;AMBEV, Vehicle, Diesel;18/02/2026;00:18:28;18/02/2026;0,008009259;Av. Min. Afrânio Costa, 91 - bloco A sala 213 - Barra da Tijuca, Rio de Janeiro - RJ, 22631-220, Brasil;R. Sd. José Menezes Filho, 133 - Anil, Rio de Janeiro - RJ, 22765-370, Brasil;00:11:32;63;11:00:04;11:30:04
TTQ5H12;AMBEV, Vehicle, Diesel;18/02/2026;00:11:51;18/02/2026;0,039924896;R. Sd. José Menezes Filho, 133 - Anil, Rio de Janeiro - RJ, 22765-370, Brasil;Av. Otávio Malta, 819 - Anil, Rio de Janeiro - RJ, 22765-820, Brasil;00:00:02;39;11:30:04;11:42:00
TTQ5H12;AMBEV, Vehicle, Diesel;18/02/2026;00:04:43;18/02/2026;0,223199734;Av. Otávio Malta, 819 - Anil, Rio de Janeiro - RJ, 22765-820, Brasil;Estr. do Engenho d'Água, 655 - Anil, Rio de Janeiro - RJ, 22765-240, Brasil;00:00:07;29;11:42:00;11:48:00
TTQ5H12;AMBEV, Vehicle, Diesel;18/02/2026;00:02:13;18/02/2026;0,115627211;Estr. do Engenho d'Água, 655 - Anil, Rio de Janeiro - RJ, 22765-240, Brasil;Av. Otávio Malta, 1201 - Anil, Rio de Janeiro - RJ, 22765-820, Brasil;00:00:07;29;11:48:00;11:48:00
TTQ5H12;AMBEV, Vehicle, Diesel;19/02/2026;00:03:58;19/02/2026;0,280243056;Av. Otávio Malta, 1201 - Anil, Rio de Janeiro - RJ, 22765-820, Brasil;Estr. do Engenho d'Água, 655 - Anil, Rio de Janeiro - RJ, 22765-240, Brasil;00:09:41;28;11:48:00;12:03:09
TTQ5H12;AMBEV, Vehicle, Diesel;19/02/2026;00:06:38;19/02/2026;0,003287037;Estr. do Engenho d'Água, 655 - Anil, Rio de Janeiro - RJ, 22765-240, Brasil;Estr. de Jacarepaguá, 5895 - Anil, Rio de Janeiro - RJ, 22753-033, Brasil;00:04:44;31;12:03:09;12:14:31
TTQ5H12;AMBEV, Vehicle, Diesel;19/02/2026;00:34:24;19/02/2026;0,148588912;Estr. de Jacarepaguá, 5895 - Anil, Rio de Janeiro - RJ, 22753-033, Brasil;RUA DEP. JOSE DA ROCHA RIBAS 111 BL.4 LJ. C - Barra da Tijuca, Rio de Janeiro - RJ, 22630-000, Brasil;00:00:53;50;12:14:31;12:48:00
TTQ5H12;AMBEV, Vehicle, Diesel;19/02/2026;00:06:44;19/02/2026;0,002314815;RUA DEP. JOSE DA ROCHA RIBAS 111 BL.4 LJ. C - Barra da Tijuca, Rio de Janeiro - RJ, 22630-000, Brasil;Av. Lúcio Costa, 38 - Barra da Tijuca, Rio de Janeiro - RJ, 22630-011, Brasil;00:03:20;35;12:48:00;12:58:04
TTQ5H12;AMBEV, Vehicle, Diesel;19/02/2026;00:06:56;19/02/2026;0,009618056;Av. Lúcio Costa, 38 - Barra da Tijuca, Rio de Janeiro - RJ, 22630-011, Brasil;Av. Lúcio Costa, 6380 - Barra da Tijuca, Rio de Janeiro - RJ, 22630-013, Brasil;00:10:54;59;12:58:04;13:16:50
TTQ5H12;AMBEV, Vehicle, Diesel;19/02/2026;00:08:20;19/02/2026;0,02224537;Av. Lúcio Costa, 6380 - Barra da Tijuca, Rio de Janeiro - RJ, 22630-013, Brasil;Av. Lúcio Costa, 8662 - Barra da Tijuca, Rio de Janeiro - RJ, 22793, Brasil;00:04:52;39;13:16:50;13:28:18
TTQ5H12;AMBEV, Vehicle, Diesel;19/02/2026;00:05:37;19/02/2026;0,016655093;Av. Lúcio Costa, 8662 - Barra da Tijuca, Rio de Janeiro - RJ, 22793, Brasil;Av. Lúcio Costa, 184 - Barra da Tijuca, Rio de Janeiro - RJ, 22795-007, Brasil;00:08:18;44;13:28:18;13:43:33
TTQ5H12;AMBEV, Vehicle, Diesel;19/02/2026;00:04:27;19/02/2026;0,009178241;Av. Lúcio Costa, 184 - Barra da Tijuca, Rio de Janeiro - RJ, 22795-007, Brasil;Av. Lúcio Costa, posto 13 - Barra da Tijuca, Rio de Janeiro - RJ, 22795-007, Brasil;00:13:13;42;13:43:33;14:01:13
TTQ5H12;AMBEV, Vehicle, Diesel;19/02/2026;00:06:36;19/02/2026;0,046493056;Av. Lúcio Costa, posto 13 - Barra da Tijuca, Rio de Janeiro - RJ, 22795-007, Brasil;Av. Lúcio Costa, 247 - Barra da Tijuca, Rio de Janeiro - RJ, 22795-008, Brasil;01:06:41;50;14:01:13;15:13:36
TTQ5H12;AMBEV, Vehicle, Diesel;19/02/2026;00:16:07;19/02/2026;0,006886574;Av. Lúcio Costa, 247 - Barra da Tijuca, Rio de Janeiro - RJ, 22795-008, Brasil;R. Clementina de Jesus, 25 - Recreio dos Bandeirantes, Rio de Janeiro - RJ, 22795-320, Brasil;00:09:55;50;15:13:36;15:39:38
TTQ5H12;AMBEV, Vehicle, Diesel;19/02/2026;00:52:49;19/02/2026;0,003449074;R. Clementina de Jesus, 25 - Recreio dos Bandeirantes, Rio de Janeiro - RJ, 22795-320, Brasil;R. O Tempo e O Vento, 54 - Anil, Rio de Janeiro - RJ, 22753-340, Brasil;00:04:58;65;15:39:38;16:37:26
TTQ5H12;AMBEV, Vehicle, Diesel;19/02/2026;00:03:46;19/02/2026;0,00462963;R. O Tempo e O Vento, 54 - Anil, Rio de Janeiro - RJ, 22753-340, Brasil;Av. Canal do Anil, 22 - Gardênia Azul, Rio de Janeiro - RJ, 22765-430, Brasil;00:06:40;29;16:37:26;16:47:52
TTQ5H12;AMBEV, Vehicle, Diesel;19/02/2026;00:00:07;19/02/2026;0,013645833;Av. Canal do Anil, 22 - Gardênia Azul, Rio de Janeiro - RJ, 22765-430, Brasil;Av. Canal do Anil, 22 - Gardênia Azul, Rio de Janeiro - RJ, 22765-430, Brasil;00:19:39;4;16:47:52;17:07:38
TTQ5H12;AMBEV, Vehicle, Diesel;19/02/2026;00:00:10;19/02/2026;0,004594907;Av. Canal do Anil, 22 - Gardênia Azul, Rio de Janeiro - RJ, 22765-430, Brasil;Av. Canal do Anil, 22 - Gardênia Azul, Rio de Janeiro - RJ, 22765-430, Brasil;00:06:37;2;17:07:38;17:14:25
TTQ5H12;AMBEV, Vehicle, Diesel;19/02/2026;00:01:39;19/02/2026;0,050811678;Av. Canal do Anil, 22 - Gardênia Azul, Rio de Janeiro - RJ, 22765-430, Brasil;Av. Canal do Anil, 22 - Gardênia Azul, Rio de Janeiro - RJ, 22765-430, Brasil;00:00:04;8;17:14:25;17:18:00
TTQ5H12;AMBEV, Vehicle, Diesel;19/02/2026;00:00:48;19/02/2026;0,002312789;Av. Canal do Anil, 22 - Gardênia Azul, Rio de Janeiro - RJ, 22765-430, Brasil;Estr. do Engenho d'Água, 687 - Anil, Rio de Janeiro - RJ, 22675-240, Brasil;00:00:00;0;17:18:00;17:18:00
TTQ5H12;AMBEV, Vehicle, Diesel;19/02/2026;00:00:58;19/02/2026;0,008725799;Estr. do Engenho d'Água, 687 - Anil, Rio de Janeiro - RJ, 22675-240, Brasil;Estr. do Engenho d'Água, 655 - Anil, Rio de Janeiro - RJ, 22765-240, Brasil;00:00:26;33;17:18:00;17:18:00
TTQ5H12;AMBEV, Vehicle, Diesel;19/02/2026;00:01:51;19/02/2026;0,277339803;Estr. do Engenho d'Água, 655 - Anil, Rio de Janeiro - RJ, 22765-240, Brasil;Estr. do Engenho d'Água, 655 - Anil, Rio de Janeiro - RJ, 22765-240, Brasil;00:00:19;28;17:18:00;17:24:00
TTQ5H12;AMBEV, Vehicle, Diesel;20/02/2026;00:04:18;20/02/2026;0,277036551;Estr. do Engenho d'Água, 655 - Anil, Rio de Janeiro - RJ, 22765-240, Brasil;Av. Otávio Malta, 1201 - Anil, Rio de Janeiro - RJ, 22765-820, Brasil;00:00:09;26;17:24:00;17:24:00
TTQ5H12;AMBEV, Vehicle, Diesel;20/02/2026;00:06:37;20/02/2026;0,001299676;Av. Otávio Malta, 1201 - Anil, Rio de Janeiro - RJ, 22765-820, Brasil;R. Caminho do Cavaco, 177 - Anil, Rio de Janeiro - RJ, 22753-034, Brasil;00:00:04;29;17:24:00;17:30:00
TTQ5H12;AMBEV, Vehicle, Diesel;20/02/2026;00:46:24;20/02/2026;0,004143519;R. Caminho do Cavaco, 177 - Anil, Rio de Janeiro - RJ, 22753-034, Brasil;R. Adão Pereira Nunes, 126 - Loja K - Barra da Tijuca, Rio de Janeiro - RJ, 22793-076, Brasil;00:05:58;63;17:30:00;18:22:22
TTQ5H12;AMBEV, Vehicle, Diesel;20/02/2026;00:03:30;20/02/2026;0,042245995;R. Adão Pereira Nunes, 126 - Loja K - Barra da Tijuca, Rio de Janeiro - RJ, 22793-076, Brasil;Av. Lúcio Costa, 8662 - Barra da Tijuca, Rio de Janeiro - RJ, 22793, Brasil;00:00:05;41;18:22:22;18:30:00
TTQ5H12;AMBEV, Vehicle, Diesel;20/02/2026;00:02:33;20/02/2026;0,012627315;Av. Lúcio Costa, 8662 - Barra da Tijuca, Rio de Janeiro - RJ, 22793, Brasil;Av. Lúcio Costa, 164 - Barra da Tijuca, Rio de Janeiro - RJ, 22793-081, Brasil;00:18:11;10;18:30:00;18:50:44
TTQ5H12;AMBEV, Vehicle, Diesel;20/02/2026;00:10:14;20/02/2026;0,005309352;Av. Lúcio Costa, 164 - Barra da Tijuca, Rio de Janeiro - RJ, 22793-081, Brasil;Joaquim Cardoso - Recreio dos Bandeirantes, Rio de Janeiro - RJ, 22795-080, Brasil;00:07:25;59;18:50:44;19:06:00
TTQ5H12;AMBEV, Vehicle, Diesel;20/02/2026;00:00:13;20/02/2026;0,02031544;Joaquim Cardoso - Recreio dos Bandeirantes, Rio de Janeiro - RJ, 22795-080, Brasil;Rua Joaquim Cardozo, 770 - Recreio dos Bandeirantes, Rio de Janeiro - RJ, 22795-035, Brasil;00:01:15;3;19:06:00;19:07:11
TTQ5H12;AMBEV, Vehicle, Diesel;20/02/2026;00:06:29;20/02/2026;0,005329606;Rua Joaquim Cardozo, 770 - Recreio dos Bandeirantes, Rio de Janeiro - RJ, 22795-035, Brasil;Av. Lúcio Costa, 182 - Recreio dos Bandeirantes, Rio de Janeiro - RJ, 22795-008, Brasil;00:02:23;24;19:07:11;19:18:00
TTQ5H12;AMBEV, Vehicle, Diesel;20/02/2026;00:15:34;20/02/2026;0,003449074;Av. Lúcio Costa, 182 - Recreio dos Bandeirantes, Rio de Janeiro - RJ, 22795-008, Brasil;R. Clementina de Jesus, 12 - Recreio dos Bandeirantes, Rio de Janeiro - RJ, 22795-320, Brasil;00:04:58;46;19:18:00;19:38:32
TTQ5H12;AMBEV, Vehicle, Diesel;20/02/2026;00:05:56;20/02/2026;0,020891204;R. Clementina de Jesus, 12 - Recreio dos Bandeirantes, Rio de Janeiro - RJ, 22795-320, Brasil;Av. Guiomar Novaes, 8182 - Recreio dos Bandeirantes, Rio de Janeiro - RJ, 22790-590, Brasil;00:04:16;16;19:38:32;19:50:39
TTQ5H12;AMBEV, Vehicle, Diesel;20/02/2026;00:27:07;20/02/2026;0,022747535;Av. Guiomar Novaes, 8182 - Recreio dos Bandeirantes, Rio de Janeiro - RJ, 22790-590, Brasil;Rua Geraldo Irineo Joffily, 149 - Recreio dos Bandeirantes, Rio de Janeiro - RJ, 22795-050, Brasil;00:00:46;44;19:50:39;20:18:00
TTQ5H12;AMBEV, Vehicle, Diesel;20/02/2026;00:00:23;20/02/2026;0,006328009;Rua Geraldo Irineo Joffily, 149 - Recreio dos Bandeirantes, Rio de Janeiro - RJ, 22795-050, Brasil;Rua Geraldo Irineo Joffily, 149 - Recreio dos Bandeirantes, Rio de Janeiro - RJ, 22795-050, Brasil;00:00:16;1;20:18:00;20:18:00
TTQ5H12;AMBEV, Vehicle, Diesel;20/02/2026;00:11:42;20/02/2026;0,018081111;Rua Geraldo Irineo Joffily, 149 - Recreio dos Bandeirantes, Rio de Janeiro - RJ, 22795-050, Brasil;Av. Lúcio Costa, 17361 - Recreio dos Bandeirantes, Rio de Janeiro - RJ, 22795-006, Brasil;00:00:45;42;20:18:00;20:30:00
TTQ5H12;AMBEV, Vehicle, Diesel;20/02/2026;00:08:23;20/02/2026;0,0125;Av. Lúcio Costa, 17361 - Recreio dos Bandeirantes, Rio de Janeiro - RJ, 22795-006, Brasil;Av. Gilka Machado, 2 - Recreio dos Bandeirantes, Rio de Janeiro - RJ, 22795-570, Brasil;00:12:58;61;20:30:00;20:47:34
TTQ5H12;AMBEV, Vehicle, Diesel;20/02/2026;00:06:00;20/02/2026;0,008275463;Av. Gilka Machado, 2 - Recreio dos Bandeirantes, Rio de Janeiro - RJ, 22795-570, Brasil;Av. Lúcio Costa, 17361 - Recreio dos Bandeirantes, Rio de Janeiro - RJ, 22795-006, Brasil;00:04:22;46;20:47:34;20:58:10
TTQ5H12;AMBEV, Vehicle, Diesel;20/02/2026;00:03:36;20/02/2026;0,038914167;Av. Lúcio Costa, 17361 - Recreio dos Bandeirantes, Rio de Janeiro - RJ, 22795-006, Brasil;285 - Gláucio Gil Praia - Recreio dos Bandeirantes, Rio de Janeiro - RJ, 22795, Brasil;00:00:08;26;20:58:10;21:06:00
TTQ5H12;AMBEV, Vehicle, Diesel;20/02/2026;00:12:12;20/02/2026;0,010744954;285 - Gláucio Gil Praia - Recreio dos Bandeirantes, Rio de Janeiro - RJ, 22795, Brasil;Av. Alfredo Balthazar da Silveira 148, RJ, 22790-710, Brazil;00:00:05;50;21:06:00;21:18:00
TTQ5H12;AMBEV, Vehicle, Diesel;20/02/2026;00:01:56;20/02/2026;0,004618056;Av. Alfredo Balthazar da Silveira 148, RJ, 22790-710, Brazil;Av. Alfredo Balthazar da Silveira 580, RJ, 22790-710, Brazil;00:06:39;20;21:18:00;21:26:35
TTQ5H12;AMBEV, Vehicle, Diesel;20/02/2026;00:42:32;20/02/2026;0,107219757;Av. Alfredo Balthazar da Silveira 580, RJ, 22790-710, Brazil;Estr. do Engenho d'Água, 655 - Anil, Rio de Janeiro - RJ, 22765-240, Brasil;00:00:04;66;21:26:35;22:06:00
TTQ5H12;AMBEV, Vehicle, Diesel;20/02/2026;00:02:39;20/02/2026;0,019436979;Estr. do Engenho d'Água, 655 - Anil, Rio de Janeiro - RJ, 22765-240, Brasil;Estr. do Engenho d'Água, 655 - Anil, Rio de Janeiro - RJ, 22765-240, Brasil;00:00:01;37;22:06:00;22:12:00
TTQ5H12;AMBEV, Vehicle, Diesel;20/02/2026;00:03:21;20/02/2026;0,318663183;Estr. do Engenho d'Água, 655 - Anil, Rio de Janeiro - RJ, 22765-240, Brasil;Estr. do Engenho d'Água, 655 - Anil, Rio de Janeiro - RJ, 22765-240, Brasil;00:00:03;26;22:12:00;22:12:00
TTQ5H12;AMBEV, Vehicle, Diesel;21/02/2026;00:02:32;21/02/2026;0,125270486;Estr. do Engenho d'Água, 655 - Anil, Rio de Janeiro - RJ, 22765-240, Brasil;Estr. do Engenho d'Água, 655 - Anil, Rio de Janeiro - RJ, 22765-240, Brasil;00:00:08;28;22:12:00;22:18:00
TTQ5H12;AMBEV, Vehicle, Diesel;21/02/2026;00:02:53;21/02/2026;0,007120127;Estr. do Engenho d'Água, 655 - Anil, Rio de Janeiro - RJ, 22765-240, Brasil;2MV6+25 Cubo Kids - Anil, Rio de Janeiro - RJ, 22755, Brasil;00:00:30;28;22:18:00;22:18:00
TTQ5H12;AMBEV, Vehicle, Diesel;21/02/2026;00:02:52;21/02/2026;0,001757315;2MV6+25 Cubo Kids - Anil, Rio de Janeiro - RJ, 22755, Brasil;Estr. de Jacarepaguá, 5895 - Freguesia (Jacarepaguá), Rio de Janeiro - RJ, 22753-033, Brasil;00:00:03;26;22:18:00;22:24:00
TTQ5H12;AMBEV, Vehicle, Diesel;21/02/2026;00:00:41;21/02/2026;0,008425289;Estr. de Jacarepaguá, 5895 - Freguesia (Jacarepaguá), Rio de Janeiro - RJ, 22753-033, Brasil;Estr. de Jacarepaguá, 5895 - Anil, Rio de Janeiro - RJ, 22753-033, Brasil;00:00:04;14;22:24:00;22:24:00
TTQ5H12;AMBEV, Vehicle, Diesel;21/02/2026;00:04:33;21/02/2026;0,009102512;Estr. de Jacarepaguá, 5895 - Anil, Rio de Janeiro - RJ, 22753-033, Brasil;Estr. de Jacarepaguá, 6346 - Anil, Rio de Janeiro - RJ, 22755-145, Brasil;00:00:21;41;22:24:00;22:30:00
TTQ5H12;AMBEV, Vehicle, Diesel;21/02/2026;00:01:07;21/02/2026;0,018252315;Estr. de Jacarepaguá, 6346 - Anil, Rio de Janeiro - RJ, 22755-145, Brasil;Estr. de Jacarepaguá, 6346 - Anil, Rio de Janeiro - RJ, 22755-145, Brasil;00:20:54;7;22:30:00;22:50:45
TTQ5H12;AMBEV, Vehicle, Diesel;21/02/2026;00:22:42;21/02/2026;0,043958333;Estr. de Jacarepaguá, 6346 - Anil, Rio de Janeiro - RJ, 22755-145, Brasil;R. Arquias Cordeiro, 1516 - Engenho de Dentro, Rio de Janeiro - RJ, 20770-001, Brasil;00:19:28;68;22:50:45;23:31:22
TTQ5H12;AMBEV, Vehicle, Diesel;21/02/2026;00:10:21;21/02/2026;0,010706019;R. Arquias Cordeiro, 1516 - Engenho de Dentro, Rio de Janeiro - RJ, 20770-001, Brasil;R. Benício de Abreu, 26 - Engenho de Dentro, Rio de Janeiro - RJ, 20755-290, Brasil;00:15:25;37;23:31:22;23:57:08
TTQ5H12;AMBEV, Vehicle, Diesel;21/02/2026;00:01:32;21/02/2026;0,028074433;R. Benício de Abreu, 26 - Engenho de Dentro, Rio de Janeiro - RJ, 20755-290, Brasil;R. Guineza, 93 - Engenho de Dentro, Rio de Janeiro - RJ, 20755-330, Brasil;00:00:39;17;23:57:08;00:00:00
TTQ5H12;AMBEV, Vehicle, Diesel;21/02/2026;00:01:28;21/02/2026;0,010219907;R. Guineza, 93 - Engenho de Dentro, Rio de Janeiro - RJ, 20755-330, Brasil;R. Guineza, 325 - Encantado, Rio de Janeiro - RJ, 20755-330, Brasil;00:05:58;24;00:00:00;00:05:51
TTQ5H12;AMBEV, Vehicle, Diesel;21/02/2026;00:05:40;21/02/2026;0,012544005;R. Guineza, 325 - Encantado, Rio de Janeiro - RJ, 20755-330, Brasil;R. Piauí, 77 - Todos os Santos, Rio de Janeiro - RJ, 20770-130, Brasil;00:00:04;66;00:05:51;00:12:00
TTQ5H12;AMBEV, Vehicle, Diesel;21/02/2026;00:03:52;21/02/2026;0,016331759;R. Piauí, 77 - Todos os Santos, Rio de Janeiro - RJ, 20770-130, Brasil;R. Piauí, 419 - Engenho de Dentro, Rio de Janeiro - RJ, 20770-130, Brasil;00:00:52;37;00:12:00;00:18:00
TTQ5H12;AMBEV, Vehicle, Diesel;21/02/2026;00:11:13;21/02/2026;0,0034375;R. Piauí, 419 - Engenho de Dentro, Rio de Janeiro - RJ, 20770-130, Brasil;R. Arquias Cordeiro, 3008 - Todos os Santos, Rio de Janeiro - RJ, 20770-001, Brasil;00:04:57;39;00:18:00;00:34:10
TTQ5H12;AMBEV, Vehicle, Diesel;21/02/2026;00:01:14;21/02/2026;0,041907604;R. Arquias Cordeiro, 3008 - Todos os Santos, Rio de Janeiro - RJ, 20770-001, Brasil;R. Getulio, 143 - Méier, Rio de Janeiro - RJ, 20775-001, Brasil;00:00:07;41;00:34:10;00:36:00
TTQ5H12;AMBEV, Vehicle, Diesel;21/02/2026;00:03:47;21/02/2026;0,011493056;R. Getulio, 143 - Méier, Rio de Janeiro - RJ, 20775-001, Brasil;R. Cirne Maia, 35 - Cachambi, Rio de Janeiro - RJ, 20771-410, Brasil;00:16:33;41;00:36:00;00:56:20
TTQ5H12;AMBEV, Vehicle, Diesel;21/02/2026;00:01:51;21/02/2026;0,014421296;R. Cirne Maia, 35 - Cachambi, Rio de Janeiro - RJ, 20771-410, Brasil;R. Getulio, 495 - Todos os Santos, Rio de Janeiro - RJ, 20775-182, Brasil;00:04:42;44;00:56:20;01:04:31
TTQ5H12;AMBEV, Vehicle, Diesel;21/02/2026;00:18:28;21/02/2026;0,006828704;R. Getulio, 495 - Todos os Santos, Rio de Janeiro - RJ, 20775-182, Brasil;R. da Abolição, 413 - Abolição, Rio de Janeiro - RJ, 20755-170, Brasil;00:09:50;55;01:04:31;01:32:49
TTQ5H12;AMBEV, Vehicle, Diesel;21/02/2026;00:41:49;21/02/2026;0,000981481;R. da Abolição, 413 - Abolição, Rio de Janeiro - RJ, 20755-170, Brasil;Estr. de Jacarepaguá, 5895 - Anil, Rio de Janeiro - RJ, 22753-033, Brasil;00:00:04;70;01:32:49;02:12:00
TTQ5H12;AMBEV, Vehicle, Diesel;21/02/2026;00:01:34;21/02/2026;0,007933935;Estr. de Jacarepaguá, 5895 - Anil, Rio de Janeiro - RJ, 22753-033, Brasil;Estr. do Engenho d'Água, 655 - Anil, Rio de Janeiro - RJ, 22765-240, Brasil;00:00:09;26;02:12:00;02:12:00
TTQ5H12;AMBEV, Vehicle, Diesel;21/02/2026;00:03:06;21/02/2026;0,012752813;Estr. do Engenho d'Água, 655 - Anil, Rio de Janeiro - RJ, 22765-240, Brasil;Estr. do Engenho d'Água, 655 - Anil, Rio de Janeiro - RJ, 22765-240, Brasil;00:00:00;31;02:12:00;02:18:00
TTQ5H12;AMBEV, Vehicle, Diesel;21/02/2026;00:03:18;21/02/2026;1,384543947;Estr. do Engenho d'Água, 655 - Anil, Rio de Janeiro - RJ, 22765-240, Brasil;Estr. do Engenho d'Água, 655 - Anil, Rio de Janeiro - RJ, 22765-240, Brasil;00:00:55;26;02:18:00;02:24:00
TTQ5H13;AMBEV, Vehicle, Diesel;16/02/2026;00:03:57;16/02/2026;0,036093519;R. O Tempo e O Vento, 54 - Anil, Rio de Janeiro - RJ, 22753-340, Brasil;Estr. do Engenho d'Água, 655 - Anil, Rio de Janeiro - RJ, 22765-240, Brasil;00:00:06;24;12:36:00;12:42:00
TTQ5H13;AMBEV, Vehicle, Diesel;16/02/2026;00:03:08;16/02/2026;0,001809271;Estr. do Engenho d'Água, 655 - Anil, Rio de Janeiro - RJ, 22765-240, Brasil;Estr. do Engenho d'Água, 655 - Anil, Rio de Janeiro - RJ, 22765-240, Brasil;00:00:06;11;12:42:00;12:48:00
TTQ5H13;AMBEV, Vehicle, Diesel;16/02/2026;00:02:26;16/02/2026;0,100561447;Estr. do Engenho d'Água, 655 - Anil, Rio de Janeiro - RJ, 22765-240, Brasil;Estr. do Engenho d'Água, 655 - Anil, Rio de Janeiro - RJ, 22765-240, Brasil;00:01:50;17;12:48:00;12:48:00
TTQ5H13;AMBEV, Vehicle, Diesel;16/02/2026;00:12:28;16/02/2026;0,00173522;Estr. do Engenho d'Água, 655 - Anil, Rio de Janeiro - RJ, 22765-240, Brasil;Estr. de Jacarepaguá, 6345 - Anil, Rio de Janeiro - RJ, 22765-270, Brasil;00:00:05;57;12:48:00;13:00:00
TTQ5H13;AMBEV, Vehicle, Diesel;16/02/2026;00:22:43;16/02/2026;0,005628877;Estr. de Jacarepaguá, 6345 - Anil, Rio de Janeiro - RJ, 22765-270, Brasil;Av. Canal, 77 - Vila do Pinheiro, Rio de Janeiro - RJ, 21046-090, Brasil;00:01:20;70;13:00:00;13:00:00
TTQ5H13;AMBEV, Vehicle, Diesel;16/02/2026;00:03:46;16/02/2026;0,011081505;Av. Canal, 77 - Vila do Pinheiro, Rio de Janeiro - RJ, 21046-090, Brasil;R. Principal, 60 - Maré, Rio de Janeiro - RJ, 21044-690, Brasil;00:00:12;33;13:00:00;13:06:00
TTQ5H13;AMBEV, Vehicle, Diesel;16/02/2026;00:06:09;16/02/2026;0,014941597;R. Principal, 60 - Maré, Rio de Janeiro - RJ, 21044-690, Brasil;Av. Brasil, 7024e - Ramos, Rio de Janeiro - RJ, 21040-005, Brasil;00:00:07;53;13:06:00;13:12:00
TTQ5H13;AMBEV, Vehicle, Diesel;16/02/2026;00:11:39;16/02/2026;0,006400463;Av. Brasil, 7024e - Ramos, Rio de Janeiro - RJ, 21040-005, Brasil;Via B Um, 176 - Maré, Rio de Janeiro - RJ, 21046-120, Brasil;00:01:07;68;13:12:00;13:24:12
TTQ5H13;AMBEV, Vehicle, Diesel;16/02/2026;00:05:23;16/02/2026;0,00337397;Via B Um, 176 - Maré, Rio de Janeiro - RJ, 21046-120, Brasil;Via A Um Conj Vila Pinheiro, 70 - Maré, Rio de Janeiro - RJ, 21040-360, Brasil;00:00:04;18;13:24:12;13:30:00
TTQ5H13;AMBEV, Vehicle, Diesel;16/02/2026;00:02:22;16/02/2026;0,003695694;Via A Um Conj Vila Pinheiro, 70 - Maré, Rio de Janeiro - RJ, 21040-360, Brasil;Via B Oito, 14 - Maré, Rio de Janeiro - RJ, 21046-270, Brasil;00:00:12;26;13:30:00;13:36:00
TTQ5H13;AMBEV, Vehicle, Diesel;16/02/2026;00:04:24;16/02/2026;0,024626157;Via B Oito, 14 - Maré, Rio de Janeiro - RJ, 21046-270, Brasil;R. Projetada G, QUADRA 4 - CASA 37 - Maré, Rio de Janeiro - RJ, 21046-425, Brasil;00:02:17;24;13:36:00;13:42:00
TTQ5H13;AMBEV, Vehicle, Diesel;16/02/2026;00:05:42;16/02/2026;0,035300926;R. Projetada G, QUADRA 4 - CASA 37 - Maré, Rio de Janeiro - RJ, 21046-425, Brasil;R. Quatorze, 215-165 - Maré, Rio de Janeiro - RJ, 21046-575, Brasil;00:16:36;12;13:42:00;14:00:44
TTQ5H13;AMBEV, Vehicle, Diesel;16/02/2026;00:04:39;16/02/2026;0,015160822;R. Quatorze, 215-165 - Maré, Rio de Janeiro - RJ, 21046-575, Brasil;R. Vitória, 437 - Maré, Rio de Janeiro - RJ, 23595-395, Brasil;00:00:06;14;14:00:44;14:06:00
TTQ5H13;AMBEV, Vehicle, Diesel;16/02/2026;00:04:40;16/02/2026;0,006535868;R. Vitória, 437 - Maré, Rio de Janeiro - RJ, 23595-395, Brasil;R. Nove, 1004 - Maré, Rio de Janeiro - RJ, 23015-076, Brasil;00:02:08;20;14:06:00;14:12:00
TTQ5H13;AMBEV, Vehicle, Diesel;16/02/2026;00:01:51;16/02/2026;0,006648819;R. Nove, 1004 - Maré, Rio de Janeiro - RJ, 23015-076, Brasil;R. Dois, 575 - Maré, Rio de Janeiro - RJ, 21046-585, Brasil;00:00:14;7;14:12:00;14:12:00
TTQ5H13;AMBEV, Vehicle, Diesel;16/02/2026;00:01:44;16/02/2026;0,008892743;R. Dois, 575 - Maré, Rio de Janeiro - RJ, 21046-585, Brasil;R. Dois, 496 - Maré, Rio de Janeiro - RJ, 23590-330, Brasil;00:01:30;9;14:12:00;14:12:00
TTQ5H13;AMBEV, Vehicle, Diesel;16/02/2026;00:06:21;16/02/2026;0,008122338;R. Dois, 496 - Maré, Rio de Janeiro - RJ, 23590-330, Brasil;Via B 2 Vila Pinheiro, 40 - Maré, Rio de Janeiro - RJ, 21046-180, Brasil;00:00:05;22;14:12:00;14:18:00
TTQ5H13;AMBEV, Vehicle, Diesel;16/02/2026;00:05:13;16/02/2026;0,02275463;Via B 2 Vila Pinheiro, 40 - Maré, Rio de Janeiro - RJ, 21046-180, Brasil;R. Principal, 6 - Maré, Rio de Janeiro - RJ, 21044-690, Brasil;00:32:46;35;14:18:00;14:55:59
TTQ5H13;AMBEV, Vehicle, Diesel;16/02/2026;00:06:03;16/02/2026;0,041493056;R. Principal, 6 - Maré, Rio de Janeiro - RJ, 21044-690, Brasil;Av. Brasil, 7024e - Ramos, Rio de Janeiro - RJ, 21040-005, Brasil;00:18:12;65;14:55:59;15:20:15
TTQ5H13;AMBEV, Vehicle, Diesel;16/02/2026;00:30:28;16/02/2026;0,016318785;Av. Brasil, 7024e - Ramos, Rio de Janeiro - RJ, 21040-005, Brasil;Estr. do Engenho d'Água, 655 - Anil, Rio de Janeiro - RJ, 22765-240, Brasil;00:03:04;72;15:20:15;15:54:00
TTQ5H13;AMBEV, Vehicle, Diesel;16/02/2026;00:01:49;16/02/2026;0,007758727;Estr. do Engenho d'Água, 655 - Anil, Rio de Janeiro - RJ, 22765-240, Brasil;Estr. do Engenho d'Água, 655 - Anil, Rio de Janeiro - RJ, 22765-240, Brasil;00:00:02;33;15:54:00;15:54:00
TTQ5H13;AMBEV, Vehicle, Diesel;16/02/2026;00:01:28;16/02/2026;1,410736898;Estr. do Engenho d'Água, 655 - Anil, Rio de Janeiro - RJ, 22765-240, Brasil;Estr. do Engenho d'Água, 655 - Anil, Rio de Janeiro - RJ, 22765-240, Brasil;00:00:02;29;15:54:00;15:54:00
TTQ5H13;AMBEV, Vehicle, Diesel;18/02/2026;00:03:28;18/02/2026;0,085836782;Estr. do Engenho d'Água, 655 - Anil, Rio de Janeiro - RJ, 22765-240, Brasil;Av. Otávio Malta, 1201 - Anil, Rio de Janeiro - RJ, 22765-820, Brasil;00:00:07;29;15:54:00;16:00:00
TTQ5H13;AMBEV, Vehicle, Diesel;18/02/2026;00:03:39;18/02/2026;0,145219907;Av. Otávio Malta, 1201 - Anil, Rio de Janeiro - RJ, 22765-820, Brasil;Estr. do Engenho d'Água, 655 - Anil, Rio de Janeiro - RJ, 22765-240, Brasil;00:04:29;31;16:00:00;16:10:19
TTQ5H13;AMBEV, Vehicle, Diesel;18/02/2026;00:08:58;18/02/2026;0,021230613;Estr. do Engenho d'Água, 655 - Anil, Rio de Janeiro - RJ, 22765-240, Brasil;ParkJacarepaguá - Anil, Rio de Janeiro - RJ, 22753-843, Brasil;00:00:01;24;16:10:19;16:18:00
TTQ5H13;AMBEV, Vehicle, Diesel;18/02/2026;00:28:00;18/02/2026;0,004610023;ParkJacarepaguá - Anil, Rio de Janeiro - RJ, 22753-843, Brasil;Av. Bento Ribeiro Dantas, 67 - Maré, Rio de Janeiro - RJ, 21046-090, Brasil;00:01:09;72;16:18:00;16:48:00
TTQ5H13;AMBEV, Vehicle, Diesel;18/02/2026;00:04:12;18/02/2026;0,004217546;Av. Bento Ribeiro Dantas, 67 - Maré, Rio de Janeiro - RJ, 21046-090, Brasil;R. Principal, 60 - Maré, Rio de Janeiro - RJ, 21044-690, Brasil;00:00:12;31;16:48:00;16:42:00
TTQ5H13;AMBEV, Vehicle, Diesel;18/02/2026;00:12:26;18/02/2026;0,016923449;R. Principal, 60 - Maré, Rio de Janeiro - RJ, 21044-690, Brasil;R. Srg. Silva Nunes, 603 - Maré, Rio de Janeiro - RJ, 21044-242, Brasil;00:00:09;14;16:42:00;16:54:00
TTQ5H13;AMBEV, Vehicle, Diesel;18/02/2026;00:04:02;18/02/2026;0,024734757;R. Srg. Silva Nunes, 603 - Maré, Rio de Janeiro - RJ, 21044-242, Brasil;R. Ari Leão, 6 - Ramos, Rio de Janeiro - RJ, 21040-005, Brasil;00:03:28;55;16:54:00;17:00:00
TTQ5H13;AMBEV, Vehicle, Diesel;18/02/2026;00:12:54;18/02/2026;0,008809225;R. Ari Leão, 6 - Ramos, Rio de Janeiro - RJ, 21040-005, Brasil;Rua Bitencourt Sampaio, 304 - Maré, Rio de Janeiro - RJ, 21044-261, Brasil;00:00:26;7;17:00:00;17:12:00
TTQ5H13;AMBEV, Vehicle, Diesel;18/02/2026;00:22:04;18/02/2026;0,010748194;Rua Bitencourt Sampaio, 304 - Maré, Rio de Janeiro - RJ, 21044-261, Brasil;Tv. Quinze Vl Pinheiro, 132 - Maré, Rio de Janeiro - RJ, 21046-055, Brasil;00:00:06;41;17:12:00;17:36:00
TTQ5H13;AMBEV, Vehicle, Diesel;18/02/2026;00:16:55;18/02/2026;0,017737685;Tv. Quinze Vl Pinheiro, 132 - Maré, Rio de Janeiro - RJ, 21046-055, Brasil;Via B Nove, sn - Maré, Rio de Janeiro - RJ, 21046-090, Brasil;00:00:46;24;17:36:00;17:54:00
TTQ5H13;AMBEV, Vehicle, Diesel;18/02/2026;00:03:07;18/02/2026;0,005358947;Via B Nove, sn - Maré, Rio de Janeiro - RJ, 21046-090, Brasil;Via A Um, 149 - Maré, Rio de Janeiro - RJ, 21046-035, Brasil;00:00:47;12;17:54:00;18:00:00
TTQ5H13;AMBEV, Vehicle, Diesel;18/02/2026;00:01:43;18/02/2026;0,003775833;Via A Um, 149 - Maré, Rio de Janeiro - RJ, 21046-035, Brasil;Via Entrada Marrocos, 238 - Caju, Rio de Janeiro - RJ, 21046-035, Brasil;00:00:08;12;18:00:00;18:00:00
TTQ5H13;AMBEV, Vehicle, Diesel;18/02/2026;00:00:19;18/02/2026;0,012177882;Via Entrada Marrocos, 238 - Caju, Rio de Janeiro - RJ, 21046-035, Brasil;Via Entrada Marrocos, 238 - Caju, Rio de Janeiro - RJ, 21046-035, Brasil;00:00:21;1;18:00:00;18:00:00
TTQ5H13;AMBEV, Vehicle, Diesel;18/02/2026;00:02:17;18/02/2026;0,002627315;Via Entrada Marrocos, 238 - Caju, Rio de Janeiro - RJ, 21046-035, Brasil;R. Projetada e, 7 - Maré, Rio de Janeiro - RJ, 21046-415, Brasil;00:03:47;18;18:00:00;18:06:04
TTQ5H13;AMBEV, Vehicle, Diesel;18/02/2026;00:00:39;18/02/2026;0,022280093;R. Projetada e, 7 - Maré, Rio de Janeiro - RJ, 21046-415, Brasil;R. Projetada e, 7 - Maré, Rio de Janeiro - RJ, 21046-415, Brasil;00:02:52;2;18:06:04;18:08:40
TTQ5H13;AMBEV, Vehicle, Diesel;18/02/2026;00:08:16;18/02/2026;0,027298021;R. Projetada e, 7 - Maré, Rio de Janeiro - RJ, 21046-415, Brasil;Av. Canal Um, 85 - Manguinhos, Rio de Janeiro - RJ, 21670-540, Brasil;00:01:01;26;18:08:40;18:18:00
TTQ5H13;AMBEV, Vehicle, Diesel;18/02/2026;00:00:30;18/02/2026;0,021506736;Av. Canal Um, 85 - Manguinhos, Rio de Janeiro - RJ, 21670-540, Brasil;Av. Canal Dois, 493 - Maré, Rio de Janeiro - RJ, 21046-425, Brasil;00:00:57;0;18:18:00;18:18:00
TTQ5H13;AMBEV, Vehicle, Diesel;18/02/2026;00:06:25;18/02/2026;0,006001551;Av. Canal Dois, 493 - Maré, Rio de Janeiro - RJ, 21046-425, Brasil;R. Dois, 110 - Maré, Rio de Janeiro - RJ, 21046-630, Brasil;00:08:38;18;18:18:00;18:33:03
TTQ5H13;AMBEV, Vehicle, Diesel;18/02/2026;00:07:16;18/02/2026;0,007872847;R. Dois, 110 - Maré, Rio de Janeiro - RJ, 21046-630, Brasil;Av. Canal Um, 207 - Manguinhos, Rio de Janeiro - RJ, 21670-540, Brasil;00:11:20;20;18:33:03;18:51:40
TTQ5H13;AMBEV, Vehicle, Diesel;18/02/2026;00:08:49;18/02/2026;0,017492546;Av. Canal Um, 207 - Manguinhos, Rio de Janeiro - RJ, 21670-540, Brasil;R. Nove Vila Do Joao, 1004 - Maré, Rio de Janeiro - RJ, 21046-500, Brasil;00:03:16;33;18:51:40;19:06:00
TTQ5H13;AMBEV, Vehicle, Diesel;18/02/2026;00:07:09;18/02/2026;0,005752315;R. Nove Vila Do Joao, 1004 - Maré, Rio de Janeiro - RJ, 21046-500, Brasil;R. Principal, 60 - Maré, Rio de Janeiro - RJ, 21044-690, Brasil;00:08:17;57;19:06:00;19:21:26
TTQ5H13;AMBEV, Vehicle, Diesel;18/02/2026;00:07:59;18/02/2026;0,002314815;R. Principal, 60 - Maré, Rio de Janeiro - RJ, 21044-690, Brasil;R. Ari Leão, 6 - Ramos, Rio de Janeiro - RJ, 21040-005, Brasil;00:03:20;53;19:21:26;19:32:45
TTQ5H13;AMBEV, Vehicle, Diesel;18/02/2026;00:34:19;18/02/2026;0,00438978;R. Ari Leão, 6 - Ramos, Rio de Janeiro - RJ, 21040-005, Brasil;Estr. do Engenho d'Água, 655 - Anil, Rio de Janeiro - RJ, 22765-240, Brasil;00:00:15;72;19:32:45;20:06:00
TTQ5H13;AMBEV, Vehicle, Diesel;18/02/2026;00:01:46;18/02/2026;0,005729167;Estr. do Engenho d'Água, 655 - Anil, Rio de Janeiro - RJ, 22765-240, Brasil;Estr. do Engenho d'Água, 687 - Anil, Rio de Janeiro - RJ, 22675-240, Brasil;00:08:15;31;20:06:00;20:16:01
TTQ5H13;AMBEV, Vehicle, Diesel;18/02/2026;00:00:32;18/02/2026;0,015553252;Estr. do Engenho d'Água, 687 - Anil, Rio de Janeiro - RJ, 22675-240, Brasil;Estr. do Engenho d'Água, 687 - Anil, Rio de Janeiro - RJ, 22675-240, Brasil;00:00:01;12;20:16:01;20:18:00
TTQ5H13;AMBEV, Vehicle, Diesel;18/02/2026;00:02:11;18/02/2026;0,319020127;Estr. do Engenho d'Água, 687 - Anil, Rio de Janeiro - RJ, 22675-240, Brasil;Estr. do Engenho d'Água, 655 - Anil, Rio de Janeiro - RJ, 22765-240, Brasil;00:00:10;35;20:18:00;20:18:00
TTQ5H13;AMBEV, Vehicle, Diesel;19/02/2026;00:01:16;19/02/2026;0,086093495;Estr. do Engenho d'Água, 655 - Anil, Rio de Janeiro - RJ, 22765-240, Brasil;Estr. do Engenho d'Água, 655 - Anil, Rio de Janeiro - RJ, 22765-240, Brasil;00:00:09;24;20:18:00;20:18:00
TTQ5H13;AMBEV, Vehicle, Diesel;19/02/2026;00:03:09;19/02/2026;0,181011134;Estr. do Engenho d'Água, 655 - Anil, Rio de Janeiro - RJ, 22765-240, Brasil;2MV6+25 Cubo Kids - Anil, Rio de Janeiro - RJ, 22755, Brasil;00:00:05;24;20:18:00;20:24:00
TTQ5H13;AMBEV, Vehicle, Diesel;19/02/2026;00:01:04;19/02/2026;0,001645521;2MV6+25 Cubo Kids - Anil, Rio de Janeiro - RJ, 22755, Brasil;Estr. de Jacarepaguá, 5895 - Anil, Rio de Janeiro - RJ, 22753-033, Brasil;00:00:11;29;20:24:00;20:24:00
TTQ5H13;AMBEV, Vehicle, Diesel;19/02/2026;00:01:20;19/02/2026;0,00155853;Estr. de Jacarepaguá, 5895 - Anil, Rio de Janeiro - RJ, 22753-033, Brasil;R. Caminho do Cavaco, 177 - Anil, Rio de Janeiro - RJ, 22753-034, Brasil;00:00:07;22;20:24:00;20:24:00
TTQ5H13;AMBEV, Vehicle, Diesel;19/02/2026;00:32:18;19/02/2026;0,003090278;R. Caminho do Cavaco, 177 - Anil, Rio de Janeiro - RJ, 22753-034, Brasil;Av. Canal, 98 - Maré, Rio de Janeiro - RJ, 21042-000, Brasil;00:04:27;72;20:24:00;21:00:45
TTQ5H13;AMBEV, Vehicle, Diesel;19/02/2026;00:01:14;19/02/2026;0,026074479;Av. Canal, 98 - Maré, Rio de Janeiro - RJ, 21042-000, Brasil;Av. Canal Um - 49 - Maré, Rio de Janeiro - RJ, 21046-170, Brasil;00:00:08;17;21:00:45;21:00:00
TTQ5H13;AMBEV, Vehicle, Diesel;19/02/2026;00:01:46;19/02/2026;0,019388669;Av. Canal Um - 49 - Maré, Rio de Janeiro - RJ, 21046-170, Brasil;Av. Canal Um - 49 - Maré, Rio de Janeiro - RJ, 21046-170, Brasil;00:00:29;10;21:00:00;21:00:00
TTQ5H13;AMBEV, Vehicle, Diesel;19/02/2026;00:08:31;19/02/2026;0,018630278;Av. Canal Um - 49 - Maré, Rio de Janeiro - RJ, 21046-170, Brasil;R. Principal, 60 - Maré, Rio de Janeiro - RJ, 21044-690, Brasil;00:03:09;26;21:00:00;21:12:00
TTQ5H13;AMBEV, Vehicle, Diesel;19/02/2026;00:08:50;19/02/2026;0,015090845;R. Principal, 60 - Maré, Rio de Janeiro - RJ, 21044-690, Brasil;Via B Nove, 178-210 - Maré, Rio de Janeiro - RJ, 21046-090, Brasil;00:00:14;26;21:12:00;21:18:00
TTQ5H13;AMBEV, Vehicle, Diesel;19/02/2026;00:03:13;19/02/2026;0,011423611;Via B Nove, 178-210 - Maré, Rio de Janeiro - RJ, 21046-090, Brasil;Av. Canal, 55 - Maré, Rio de Janeiro - RJ, 21046-175, Brasil;00:16:27;29;21:18:00;21:37:40
TTQ5H13;AMBEV, Vehicle, Diesel;19/02/2026;00:06:12;19/02/2026;0,03287985;Av. Canal, 55 - Maré, Rio de Janeiro - RJ, 21046-175, Brasil;Via B Oito, 16 - Maré, Rio de Janeiro - RJ, 21046-260, Brasil;00:00:06;31;21:37:40;21:48:00
TTQ5H13;AMBEV, Vehicle, Diesel;19/02/2026;00:09:06;19/02/2026;0,018270301;Via B Oito, 16 - Maré, Rio de Janeiro - RJ, 21046-260, Brasil;R. Dois, 575 - Maré, Rio de Janeiro - RJ, 21046-585, Brasil;00:00:43;18;21:48:00;21:54:00
TTQ5H13;AMBEV, Vehicle, Diesel;19/02/2026;00:02:33;19/02/2026;0,00431765;R. Dois, 575 - Maré, Rio de Janeiro - RJ, 21046-585, Brasil;R. Nove Vila Do Joao, 1004 - Maré, Rio de Janeiro - RJ, 21046-500, Brasil;00:00:47;11;21:54:00;22:00:00
TTQ5H13;AMBEV, Vehicle, Diesel;19/02/2026;00:02:56;19/02/2026;0,005504907;R. Nove Vila Do Joao, 1004 - Maré, Rio de Janeiro - RJ, 21046-500, Brasil;R. Sete, 520 - Maré, Rio de Janeiro - RJ, 21046-530, Brasil;00:00:16;10;22:00:00;22:00:00
TTQ5H13;AMBEV, Vehicle, Diesel;19/02/2026;00:09:54;19/02/2026;0,013958067;R. Sete, 520 - Maré, Rio de Janeiro - RJ, 21046-530, Brasil;R. Floriano Guilherme B Dutra, 72 - Maré, Rio de Janeiro - RJ, 21041-580, Brasil;00:00:09;28;22:00:00;22:12:00
TTQ5H13;AMBEV, Vehicle, Diesel;19/02/2026;00:10:07;19/02/2026;0,003923611;R. Floriano Guilherme B Dutra, 72 - Maré, Rio de Janeiro - RJ, 21041-580, Brasil;Via A Um, 136 - Caju, Rio de Janeiro - RJ, 21046-035, Brasil;00:05:39;28;22:12:00;22:27:46
TTQ5H13;AMBEV, Vehicle, Diesel;19/02/2026;00:06:58;19/02/2026;0,018288414;Via A Um, 136 - Caju, Rio de Janeiro - RJ, 21046-035, Brasil;Av. Canal Um - 49 - Maré, Rio de Janeiro - RJ, 21046-170, Brasil;00:00:20;28;22:27:46;22:30:00
TTQ5H13;AMBEV, Vehicle, Diesel;19/02/2026;00:11:08;19/02/2026;0,010208333;Av. Canal Um - 49 - Maré, Rio de Janeiro - RJ, 21046-170, Brasil;Via A Um, 130 - Caju, Rio de Janeiro - RJ, 21046-035, Brasil;00:14:42;29;22:30:00;22:55:50
TTQ5H13;AMBEV, Vehicle, Diesel;19/02/2026;00:00:56;19/02/2026;0,003021285;Via A Um, 130 - Caju, Rio de Janeiro - RJ, 21046-035, Brasil;Via Entrada Marrocos, 238 - Caju, Rio de Janeiro - RJ, 21046-035, Brasil;00:04:21;26;22:55:50;23:01:07
TTQ5H13;AMBEV, Vehicle, Diesel;19/02/2026;00:01:22;19/02/2026;0,015798611;Via Entrada Marrocos, 238 - Caju, Rio de Janeiro - RJ, 21046-035, Brasil;via a1 - Via A Um, n 128 - loja - Maré, Rio de Janeiro - RJ, 21046-035, Brasil;00:22:45;28;23:01:07;23:25:14
TTQ5H13;AMBEV, Vehicle, Diesel;19/02/2026;00:44:03;19/02/2026;0,01395853;via a1 - Via A Um, n 128 - loja - Maré, Rio de Janeiro - RJ, 21046-035, Brasil;Estr. do Engenho d'Água, 655 - Anil, Rio de Janeiro - RJ, 22765-240, Brasil;00:02:04;70;23:25:14;00:12:00
TTQ5H13;AMBEV, Vehicle, Diesel;19/02/2026;00:03:32;19/02/2026;0,001974653;Estr. do Engenho d'Água, 655 - Anil, Rio de Janeiro - RJ, 22765-240, Brasil;Estr. do Engenho d'Água, 687 - Anil, Rio de Janeiro - RJ, 22675-240, Brasil;00:00:03;18;00:12:00;00:18:00
TTQ5H13;AMBEV, Vehicle, Diesel;19/02/2026;00:00:35;19/02/2026;0,015965069;Estr. do Engenho d'Água, 687 - Anil, Rio de Janeiro - RJ, 22675-240, Brasil;Estr. do Engenho d'Água, 67 - Anil, Rio de Janeiro - RJ, 22765-240, Brasil;00:00:03;6;00:18:00;00:18:00
TTQ5H13;AMBEV, Vehicle, Diesel;19/02/2026;00:01:24;19/02/2026;0,440842037;Estr. do Engenho d'Água, 67 - Anil, Rio de Janeiro - RJ, 22765-240, Brasil;Estr. do Engenho d'Água, 655 - Anil, Rio de Janeiro - RJ, 22765-240, Brasil;00:00:08;29;00:18:00;00:18:00
TTQ5H13;AMBEV, Vehicle, Diesel;20/02/2026;00:01:04;20/02/2026;0,004512373;Estr. do Engenho d'Água, 655 - Anil, Rio de Janeiro - RJ, 22765-240, Brasil;Estr. do Engenho d'Água, 655 - Anil, Rio de Janeiro - RJ, 22765-240, Brasil;00:05:10;26;00:18:00;00:24:00
TTQ5H13;AMBEV, Vehicle, Diesel;20/02/2026;00:00:54;20/02/2026;0,080457824;Estr. do Engenho d'Água, 655 - Anil, Rio de Janeiro - RJ, 22765-240, Brasil;Estr. do Engenho d'Água, 655 - Anil, Rio de Janeiro - RJ, 22765-240, Brasil;00:00:13;24;00:24:00;00:30:00
TTQ5H13;AMBEV, Vehicle, Diesel;20/02/2026;00:03:32;20/02/2026;0,101347141;Estr. do Engenho d'Água, 655 - Anil, Rio de Janeiro - RJ, 22765-240, Brasil;Estr. do Engenho d'Água, 655 - Anil, Rio de Janeiro - RJ, 22765-240, Brasil;00:00:01;17;00:30:00;00:30:00
TTQ5H13;AMBEV, Vehicle, Diesel;20/02/2026;00:38:47;20/02/2026;0,015202546;Estr. do Engenho d'Água, 655 - Anil, Rio de Janeiro - RJ, 22765-240, Brasil;Via B Um, 589-501 - Maré, Rio de Janeiro - RJ, 21046-030, Brasil;00:01:45;72;00:30:00;01:00:00
TTQ5H13;AMBEV, Vehicle, Diesel;20/02/2026;00:05:29;20/02/2026;0,009249479;Via B Um, 589-501 - Maré, Rio de Janeiro - RJ, 21046-030, Brasil;R. Projetada D, 153 - Maré, Rio de Janeiro - RJ, 21046-410, Brasil;00:00:06;26;01:00:00;01:06:00
TTQ5H13;AMBEV, Vehicle, Diesel;20/02/2026;00:05:37;20/02/2026;0,018200359;R. Projetada D, 153 - Maré, Rio de Janeiro - RJ, 21046-410, Brasil;Rua Projetada F, PURPLE - Maré, Rio de Janeiro - RJ, 21046-425, Brasil;00:15:56;11;01:06:00;01:30:00
TTQ5H13;AMBEV, Vehicle, Diesel;20/02/2026;00:04:31;20/02/2026;0,01991419;Rua Projetada F, PURPLE - Maré, Rio de Janeiro - RJ, 21046-425, Brasil;Via Seletiva, 302 - Cidade Universitária, Rio de Janeiro - RJ, 21046-020, Brasil;00:00:09;10;01:30:00;01:30:00
TTQ5H13;AMBEV, Vehicle, Diesel;20/02/2026;00:07:01;20/02/2026;0,015620035;Via Seletiva, 302 - Cidade Universitária, Rio de Janeiro - RJ, 21046-020, Brasil;Via Seletiva, 302 - Cidade Universitária, Rio de Janeiro - RJ, 21046-020, Brasil;00:00:11;7;01:30:00;01:42:00
TTQ5H13;AMBEV, Vehicle, Diesel;20/02/2026;00:04:29;20/02/2026;0,035196806;Via Seletiva, 302 - Cidade Universitária, Rio de Janeiro - RJ, 21046-020, Brasil;Via C Doze, 25 - Caju, Rio de Janeiro - RJ, 21046-320, Brasil;00:00:13;12;01:42:00;01:42:00
TTQ5H13;AMBEV, Vehicle, Diesel;20/02/2026;00:10:42;20/02/2026;0,030104167;Via C Doze, 25 - Caju, Rio de Janeiro - RJ, 21046-320, Brasil;Via B Dois, 42 - Maré, Rio de Janeiro - RJ, 21046-045, Brasil;00:14:15;24;01:42:00;02:08:08
TTQ5H13;AMBEV, Vehicle, Diesel;20/02/2026;00:12:07;20/02/2026;0,01944162;Via B Dois, 42 - Maré, Rio de Janeiro - RJ, 21046-045, Brasil;R. Um Vila Do Joao, 8 - Maré, Rio de Janeiro - RJ, 21040-361, Brasil;00:00:04;28;02:08:08;02:24:00
TTQ5H13;AMBEV, Vehicle, Diesel;20/02/2026;00:15:17;20/02/2026;0,006175162;R. Um Vila Do Joao, 8 - Maré, Rio de Janeiro - RJ, 21040-361, Brasil;Linha Amarela, 67 - Maré, Rio de Janeiro - RJ, 21046-155, Brasil;00:00:00;72;02:24:00;02:36:00
TTQ5H13;AMBEV, Vehicle, Diesel;20/02/2026;00:03:09;20/02/2026;0,045766308;Linha Amarela, 67 - Maré, Rio de Janeiro - RJ, 21046-155, Brasil;Av. Brasil, 7024e - Ramos, Rio de Janeiro - RJ, 21040-005, Brasil;00:03:42;72;02:36:00;02:30:00
TTQ5H13;AMBEV, Vehicle, Diesel;20/02/2026;00:23:34;20/02/2026;0,021542639;Av. Brasil, 7024e - Ramos, Rio de Janeiro - RJ, 21040-005, Brasil;R. José Martins Teixeira, 33 - Caju, Rio de Janeiro - RJ, 20931-004, Brasil;00:31:01;70;02:30:00;03:24:35
TTQ5H13;AMBEV, Vehicle, Diesel;20/02/2026;00:03:35;20/02/2026;0,013993056;R. José Martins Teixeira, 33 - Caju, Rio de Janeiro - RJ, 20931-004, Brasil;R. Harmônia, 58 - Caju, Rio de Janeiro - RJ, 21046-585, Brasil;00:20:09;28;03:24:35;03:48:20
TTQ5H13;AMBEV, Vehicle, Diesel;20/02/2026;00:05:44;20/02/2026;0,004069988;R. Harmônia, 58 - Caju, Rio de Janeiro - RJ, 21046-585, Brasil;R. Justiça, 13 - Caju, Rio de Janeiro - RJ, 20941-200, Brasil;00:01:54;31;03:48:20;03:54:00
TTQ5H13;AMBEV, Vehicle, Diesel;20/02/2026;00:03:28;20/02/2026;0,011934803;R. Justiça, 13 - Caju, Rio de Janeiro - RJ, 20941-200, Brasil;Rua Nova, 03 - Pq. Boa Esperança - Caju, Rio de Janeiro - RJ, 20931-005, Brasil;00:00:20;7;03:54:00;04:00:00
TTQ5H13;AMBEV, Vehicle, Diesel;20/02/2026;00:01:38;20/02/2026;0,015067199;Rua Nova, 03 - Pq. Boa Esperança - Caju, Rio de Janeiro - RJ, 20931-005, Brasil;R. Justiça, 15 - Caju, Rio de Janeiro - RJ, 20920-460, Brasil;00:14:22;4;04:00:00;04:14:07
TTQ5H13;AMBEV, Vehicle, Diesel;20/02/2026;00:02:44;20/02/2026;0,005740741;R. Justiça, 15 - Caju, Rio de Janeiro - RJ, 20920-460, Brasil;R. Nova, N03 - Caju, Rio de Janeiro - RJ, 20931-005, Brasil;00:08:16;1;04:14:07;04:25:07
TTQ5H13;AMBEV, Vehicle, Diesel;20/02/2026;00:50:06;20/02/2026;0,121415023;R. Nova, N03 - Caju, Rio de Janeiro - RJ, 20931-005, Brasil;Estr. do Engenho d'Água, 655 - Anil, Rio de Janeiro - RJ, 22765-240, Brasil;00:00:10;72;04:25:07;05:18:00
TTQ5H13;AMBEV, Vehicle, Diesel;20/02/2026;00:01:36;20/02/2026;0,00743735;Estr. do Engenho d'Água, 655 - Anil, Rio de Janeiro - RJ, 22765-240, Brasil;Av. Canal do Anil, 22 - Gardênia Azul, Rio de Janeiro - RJ, 22765-430, Brasil;00:00:00;33;05:18:00;05:18:00
TTQ5H13;AMBEV, Vehicle, Diesel;20/02/2026;00:02:10;20/02/2026;0,299832338;Av. Canal do Anil, 22 - Gardênia Azul, Rio de Janeiro - RJ, 22765-430, Brasil;Estr. do Engenho d'Água, 655 - Anil, Rio de Janeiro - RJ, 22765-240, Brasil;00:00:05;29;05:18:00;05:18:00
TTQ5H13;AMBEV, Vehicle, Diesel;21/02/2026;00:01:39;21/02/2026;0,050928322;Estr. do Engenho d'Água, 655 - Anil, Rio de Janeiro - RJ, 22765-240, Brasil;Av. Otávio Malta, 1201 - Anil, Rio de Janeiro - RJ, 22765-820, Brasil;00:00:06;37;05:18:00;05:18:00
TTQ5H13;AMBEV, Vehicle, Diesel;21/02/2026;00:04:45;21/02/2026;0,090740741;Av. Otávio Malta, 1201 - Anil, Rio de Janeiro - RJ, 22765-820, Brasil;Estr. do Engenho d'Água, 655 - Anil, Rio de Janeiro - RJ, 22765-240, Brasil;00:02:48;24;05:18:00;05:26:34
TTQ5H13;AMBEV, Vehicle, Diesel;21/02/2026;00:12:08;21/02/2026;0,003449074;Estr. do Engenho d'Água, 655 - Anil, Rio de Janeiro - RJ, 22765-240, Brasil;Estr. de Jacarepaguá, 6346 - Anil, Rio de Janeiro - RJ, 22755-145, Brasil;00:04:58;53;05:26:34;05:43:40
TTQ5H13;AMBEV, Vehicle, Diesel;21/02/2026;00:01:24;21/02/2026;0,004978854;Estr. de Jacarepaguá, 6346 - Anil, Rio de Janeiro - RJ, 22755-145, Brasil;Estr. de Jacarepaguá, 6346 - Jacarepaguá, Rio de Janeiro - RJ, 22755-145, Brasil;00:00:44;5;05:43:40;05:48:00
TTQ5H13;AMBEV, Vehicle, Diesel;21/02/2026;00:37:46;21/02/2026;0,035156458;Estr. de Jacarepaguá, 6346 - Jacarepaguá, Rio de Janeiro - RJ, 22755-145, Brasil;R. Um Vila Do Joao, 8 - Maré, Rio de Janeiro - RJ, 21040-361, Brasil;00:00:37;72;05:48:00;06:24:00
TTQ5H13;AMBEV, Vehicle, Diesel;21/02/2026;00:02:41;21/02/2026;0,014733796;R. Um Vila Do Joao, 8 - Maré, Rio de Janeiro - RJ, 21040-361, Brasil;R. Um Vila Do Joao, 8 - Maré, Rio de Janeiro - RJ, 21040-361, Brasil;00:01:28;9;06:24:00;06:30:15
TTQ5H13;AMBEV, Vehicle, Diesel;21/02/2026;00:06:42;21/02/2026;0,002224815;R. Um Vila Do Joao, 8 - Maré, Rio de Janeiro - RJ, 21040-361, Brasil;R. Dezessete, 5092 - Maré, Rio de Janeiro - RJ, 21046-725, Brasil;00:00:06;14;06:30:15;06:36:00
TTQ5H13;AMBEV, Vehicle, Diesel;21/02/2026;00:01:55;21/02/2026;0,003460648;R. Dezessete, 5092 - Maré, Rio de Janeiro - RJ, 21046-725, Brasil;R. Seis Vila Do Joao, 181 - Maré, Rio de Janeiro - RJ, 21046-670, Brasil;00:04:59;7;06:36:00;06:42:54
TTQ5H13;AMBEV, Vehicle, Diesel;21/02/2026;00:01:26;21/02/2026;0,022060185;R. Seis Vila Do Joao, 181 - Maré, Rio de Janeiro - RJ, 21046-670, Brasil;R. Quatorze, 215-165 - Maré, Rio de Janeiro - RJ, 21046-575, Brasil;00:18:52;16;06:42:54;07:02:17
TTQ5H13;AMBEV, Vehicle, Diesel;21/02/2026;00:06:06;21/02/2026;0,003569444;R. Quatorze, 215-165 - Maré, Rio de Janeiro - RJ, 21046-575, Brasil;R. Dois, 683 - Maré, Rio de Janeiro - RJ, 21046-630, Brasil;00:00:42;26;07:02:17;07:12:00
TTQ5H13;AMBEV, Vehicle, Diesel;21/02/2026;00:08:41;21/02/2026;0,014108796;R. Dois, 683 - Maré, Rio de Janeiro - RJ, 21046-630, Brasil;Via B8 Vila - Tv. Quarenta e Seis VI Pinheiro, 25 - Maré, Rio de Janeiro - RJ, 21046-310, Brasil;00:08:13;66;07:12:00;07:28:18
TTQ5H13;AMBEV, Vehicle, Diesel;21/02/2026;00:01:17;21/02/2026;0,008576389;Via B8 Vila - Tv. Quarenta e Seis VI Pinheiro, 25 - Maré, Rio de Janeiro - RJ, 21046-310, Brasil;Via B Oito, 31 - Maré, Rio de Janeiro - RJ, 21046-310, Brasil;00:12:21;2;07:28:18;07:41:56
TTQ5H13;AMBEV, Vehicle, Diesel;21/02/2026;00:05:11;21/02/2026;0,005837234;Via B Oito, 31 - Maré, Rio de Janeiro - RJ, 21046-310, Brasil;Via B Oito, 16 - Maré, Rio de Janeiro - RJ, 21046-260, Brasil;00:08:24;2;07:41:56;07:55:31
TTQ5H13;AMBEV, Vehicle, Diesel;21/02/2026;00:17:17;21/02/2026;0,009666412;Via B Oito, 16 - Maré, Rio de Janeiro - RJ, 21046-260, Brasil;Via C Onze, 26 - Maré, Rio de Janeiro - RJ, 23520-032, Brasil;00:00:34;24;07:55:31;08:12:00
TTQ5H13;AMBEV, Vehicle, Diesel;21/02/2026;00:03:34;21/02/2026;0,00337963;Via C Onze, 26 - Maré, Rio de Janeiro - RJ, 23520-032, Brasil;Via B Três, 36 - Cidade Universitária, Rio de Janeiro - RJ, 21046-290, Brasil;00:04:52;10;08:12:00;08:20:26
TTQ5H13;AMBEV, Vehicle, Diesel;21/02/2026;00:01:52;21/02/2026;0,005875255;Via B Três, 36 - Cidade Universitária, Rio de Janeiro - RJ, 21046-290, Brasil;Via B Três, 70 - Maré, Rio de Janeiro - RJ, 21046-290, Brasil;00:00:05;4;08:20:26;08:24:00
TTQ5H13;AMBEV, Vehicle, Diesel;21/02/2026;00:00:30;21/02/2026;0,002575856;Via B Três, 70 - Maré, Rio de Janeiro - RJ, 21046-290, Brasil;Via B Três, 70 - Maré, Rio de Janeiro - RJ, 21046-290, Brasil;00:03:42;1;08:24:00;08:28:12
TTQ5H13;AMBEV, Vehicle, Diesel;21/02/2026;00:02:26;21/02/2026;0,009029815;Via B Três, 70 - Maré, Rio de Janeiro - RJ, 21046-290, Brasil;Via B Três, 127 - Maré, Rio de Janeiro - RJ, 21040-000, Brasil;00:00:21;16;08:28:12;08:30:00
TTQ5H13;AMBEV, Vehicle, Diesel;21/02/2026;00:02:41;21/02/2026;0,00082735;Via B Três, 127 - Maré, Rio de Janeiro - RJ, 21040-000, Brasil;Via Entrada Marrocos, 238 - Caju, Rio de Janeiro - RJ, 21046-035, Brasil;00:00:01;28;08:30:00;08:30:00
TTQ5H13;AMBEV, Vehicle, Diesel;21/02/2026;00:00:39;21/02/2026;0,002527488;Via Entrada Marrocos, 238 - Caju, Rio de Janeiro - RJ, 21046-035, Brasil;Via Entrada Marrocos, 238 - Caju, Rio de Janeiro - RJ, 21046-035, Brasil;00:00:11;2;08:30:00;08:36:00
TTQ5H13;AMBEV, Vehicle, Diesel;21/02/2026;00:00:12;21/02/2026;0,008584757;Via Entrada Marrocos, 238 - Caju, Rio de Janeiro - RJ, 21046-035, Brasil;Via Entrada Marrocos, 238 - Caju, Rio de Janeiro - RJ, 21046-035, Brasil;00:00:03;0;08:36:00;08:36:00
TTQ5H13;AMBEV, Vehicle, Diesel;21/02/2026;00:07:44;21/02/2026;0,013416725;Via Entrada Marrocos, 238 - Caju, Rio de Janeiro - RJ, 21046-035, Brasil;Via Entrada Marrocos, 238 - Caju, Rio de Janeiro - RJ, 21046-035, Brasil;00:01:25;3;08:36:00;08:42:00
TTQ5H13;AMBEV, Vehicle, Diesel;21/02/2026;00:06:12;21/02/2026;0,005848727;Via Entrada Marrocos, 238 - Caju, Rio de Janeiro - RJ, 21046-035, Brasil;bloco 23 - Av. Bento Ribeiro Dantas - Maré, Rio de Janeiro - RJ, Brasil;00:00:05;28;08:42:00;08:48:00
TTQ5H13;AMBEV, Vehicle, Diesel;21/02/2026;00:00:08;21/02/2026;0,016916771;bloco 23 - Av. Bento Ribeiro Dantas - Maré, Rio de Janeiro - RJ, Brasil;bloco 23 - Av. Bento Ribeiro Dantas - Maré, Rio de Janeiro - RJ, Brasil;00:00:17;0;08:48:00;08:48:00
TTQ5H13;AMBEV, Vehicle, Diesel;21/02/2026;00:06:53;21/02/2026;0,002370475;bloco 23 - Av. Bento Ribeiro Dantas - Maré, Rio de Janeiro - RJ, Brasil;Via B Dois, 42 - Maré, Rio de Janeiro - RJ, 21046-045, Brasil;00:01:54;31;08:48:00;09:00:00
TTQ5H13;AMBEV, Vehicle, Diesel;21/02/2026;00:00:12;21/02/2026;0,017511574;Via B Dois, 42 - Maré, Rio de Janeiro - RJ, 21046-045, Brasil;Via B Dois, 42 - Maré, Rio de Janeiro - RJ, 21046-045, Brasil;00:25:13;1;09:00:00;09:25:25
TTQ5H13;AMBEV, Vehicle, Diesel;21/02/2026;00:04:59;21/02/2026;0,025821759;Via B Dois, 42 - Maré, Rio de Janeiro - RJ, 21046-045, Brasil;Tv. Onze Vila Pinheiro, 54 - Maré, Rio de Janeiro - RJ, 21041-210, Brasil;00:36:38;35;09:25:25;10:04:30
TTQ5H13;AMBEV, Vehicle, Diesel;21/02/2026;00:00:30;21/02/2026;0,003462419;Tv. Onze Vila Pinheiro, 54 - Maré, Rio de Janeiro - RJ, 21041-210, Brasil;Via A Dois, 39 - Maré, Rio de Janeiro - RJ, 21046-145, Brasil;00:03:46;2;10:04:30;10:12:00
TTQ5H13;AMBEV, Vehicle, Diesel;21/02/2026;00:01:52;21/02/2026;0,00818287;Via A Dois, 39 - Maré, Rio de Janeiro - RJ, 21046-145, Brasil;Via B Nove, 182 - Maré, Rio de Janeiro - RJ, 21046-135, Brasil;00:11:47;18;10:12:00;10:25:39
TTQ5H13;AMBEV, Vehicle, Diesel;21/02/2026;00:02:41;21/02/2026;0,003483796;Via B Nove, 182 - Maré, Rio de Janeiro - RJ, 21046-135, Brasil;Via C Um, 34 - Maré, Rio de Janeiro - RJ, 21046-380, Brasil;00:05:01;13;10:25:39;10:33:21
TTQ5H13;AMBEV, Vehicle, Diesel;21/02/2026;00:08:23;21/02/2026;0,0166361;Via C Um, 34 - Maré, Rio de Janeiro - RJ, 21046-380, Brasil;R. Nove, 1032 - Maré, Rio de Janeiro - RJ, 23015-076, Brasil;00:01:17;72;10:33:21;10:42:00
TTQ5H13;AMBEV, Vehicle, Diesel;21/02/2026;00:03:50;21/02/2026;0,019490741;R. Nove, 1032 - Maré, Rio de Janeiro - RJ, 23015-076, Brasil;R. Quatorze, 322 - Manguinhos, Rio de Janeiro - RJ, 21046-575, Brasil;00:28:04;22;10:42:00;11:13:54
TTQ5H13;AMBEV, Vehicle, Diesel;21/02/2026;00:01:55;21/02/2026;0,002303241;R. Quatorze, 322 - Manguinhos, Rio de Janeiro - RJ, 21046-575, Brasil;R. Dezessete, 5092 - Maré, Rio de Janeiro - RJ, 21046-725, Brasil;00:03:19;12;11:13:54;11:19:08
TTQ5H13;AMBEV, Vehicle, Diesel;21/02/2026;00:07:29;21/02/2026;0,012713194;R. Dezessete, 5092 - Maré, Rio de Janeiro - RJ, 21046-725, Brasil;Av. Canal Um, 498 - Caju, Rio de Janeiro - RJ, 21670-540, Brasil;00:16:15;24;11:19:08;11:42:00
TTQ5H13;AMBEV, Vehicle, Diesel;21/02/2026;00:04:27;21/02/2026;0,035960648;Av. Canal Um, 498 - Caju, Rio de Janeiro - RJ, 21670-540, Brasil;Av. Aníbal De Serqueira, 22 - Maré, Rio de Janeiro - RJ, 21046-520, Brasil;00:51:47;18;11:42:00;12:38:14
TTQ5H13;AMBEV, Vehicle, Diesel;21/02/2026;00:30:00;21/02/2026;0,001789896;Av. Aníbal De Serqueira, 22 - Maré, Rio de Janeiro - RJ, 21046-520, Brasil;R. Amarílio Salgado, 58 - Anil, Rio de Janeiro - RJ, 22753-450, Brasil;00:00:02;72;12:38:14;13:06:00
TTQ5H13;AMBEV, Vehicle, Diesel;21/02/2026;00:01:39;21/02/2026;0,009015938;R. Amarílio Salgado, 58 - Anil, Rio de Janeiro - RJ, 22753-450, Brasil;Estr. do Engenho d'Água, 655 - Anil, Rio de Janeiro - RJ, 22765-240, Brasil;00:00:27;29;13:06:00;13:12:00
TTQ5H13;AMBEV, Vehicle, Diesel;21/02/2026;00:02:14;21/02/2026;0,014659734;Estr. do Engenho d'Água, 655 - Anil, Rio de Janeiro - RJ, 22765-240, Brasil;Estr. do Engenho d'Água, 67 - Anil, Rio de Janeiro - RJ, 22765-240, Brasil;00:00:02;35;13:12:00;13:12:00
TTQ5H13;AMBEV, Vehicle, Diesel;21/02/2026;00:02:13;21/02/2026;1,146940694;Estr. do Engenho d'Água, 67 - Anil, Rio de Janeiro - RJ, 22765-240, Brasil;Estr. do Engenho d'Água, 655 - Anil, Rio de Janeiro - RJ, 22765-240, Brasil;00:00:06;22;13:12:00;13:12:00
TTQ5H13;AMBEV, Vehicle, Diesel;22/02/2026;00:01:22;22/02/2026;0,036912477;Estr. do Engenho d'Água, 655 - Anil, Rio de Janeiro - RJ, 22765-240, Brasil;Av. Otávio Malta, 1201 - Anil, Rio de Janeiro - RJ, 22765-820, Brasil;00:00:01;13;13:12:00;13:18:00
TTQ5H13;AMBEV, Vehicle, Diesel;22/02/2026;00:01:43;22/02/2026;0,35818287;Av. Otávio Malta, 1201 - Anil, Rio de Janeiro - RJ, 22765-820, Brasil;Estr. do Engenho d'Água, 655 - Anil, Rio de Janeiro - RJ, 22765-240, Brasil;00:03:48;31;13:18:00;13:21:38
TUA2D16;AMBEV, Vehicle, Diesel;16/02/2026;00:02:10;16/02/2026;0,036062535;Estr. do Engenho d'Água, 655 - Anil, Rio de Janeiro - RJ, 22765-240, Brasil;Estr. do Engenho d'Água, 655 - Anil, Rio de Janeiro - RJ, 22765-240, Brasil;00:00:04;28;15:54:00;16:00:00
TUA2D16;AMBEV, Vehicle, Diesel;16/02/2026;00:01:26;16/02/2026;0,100931238;Estr. do Engenho d'Água, 655 - Anil, Rio de Janeiro - RJ, 22765-240, Brasil;Estr. do Engenho d'Água, 655 - Anil, Rio de Janeiro - RJ, 22765-240, Brasil;00:02:44;31;16:00:00;16:02:41
TUA2D16;AMBEV, Vehicle, Diesel;16/02/2026;00:05:33;16/02/2026;0,00040316;Estr. do Engenho d'Água, 655 - Anil, Rio de Janeiro - RJ, 22765-240, Brasil;Estr. de Jacarepaguá, 5895 - Freguesia (Jacarepaguá), Rio de Janeiro - RJ, 22753-033, Brasil;00:00:00;31;16:02:41;16:06:00
TUA2D16;AMBEV, Vehicle, Diesel;16/02/2026;00:00:30;16/02/2026;0,016053241;Estr. de Jacarepaguá, 5895 - Freguesia (Jacarepaguá), Rio de Janeiro - RJ, 22753-033, Brasil;ParkJacarepaguá - Anil, Rio de Janeiro - RJ, 22753-843, Brasil;00:23:07;14;16:06:00;16:29:37
TUA2D16;AMBEV, Vehicle, Diesel;16/02/2026;00:27:00;16/02/2026;0,025064641;ParkJacarepaguá - Anil, Rio de Janeiro - RJ, 22753-843, Brasil;R. Aíres de Casal, 385 - Cachambi, Rio de Janeiro - RJ, 20785-090, Brasil;00:00:03;70;16:29:37;17:00:00
TUA2D16;AMBEV, Vehicle, Diesel;16/02/2026;00:02:49;16/02/2026;0,016356944;R. Aíres de Casal, 385 - Cachambi, Rio de Janeiro - RJ, 20785-090, Brasil;R. Aíres de Casal, 338 - Jacaré, Rio de Janeiro - RJ, 20785-090, Brasil;00:00:02;3;17:00:00;17:00:00
TUA2D16;AMBEV, Vehicle, Diesel;16/02/2026;00:00:13;16/02/2026;0,01296088;R. Aíres de Casal, 338 - Jacaré, Rio de Janeiro - RJ, 20785-090, Brasil;R. Aíres de Casal, 338 - Jacaré, Rio de Janeiro - RJ, 20785-090, Brasil;00:00:02;0;17:00:00;17:00:00
TUA2D16;AMBEV, Vehicle, Diesel;16/02/2026;00:01:54;16/02/2026;0,032987176;R. Aíres de Casal, 338 - Jacaré, Rio de Janeiro - RJ, 20785-090, Brasil;R. Aíres de Casal, 338 - Jacaré, Rio de Janeiro - RJ, 20785-090, Brasil;00:00:07;6;17:00:00;17:06:00
TUA2D16;AMBEV, Vehicle, Diesel;16/02/2026;00:00:43;16/02/2026;0,003460648;R. Aíres de Casal, 338 - Jacaré, Rio de Janeiro - RJ, 20785-090, Brasil;R. Aíres de Casal, 378 - Jacarezinho, Rio de Janeiro - RJ, 20785-090, Brasil;00:04:59;5;17:06:00;17:11:42
TUA2D16;AMBEV, Vehicle, Diesel;16/02/2026;00:03:13;16/02/2026;0,006921296;R. Aíres de Casal, 378 - Jacarezinho, Rio de Janeiro - RJ, 20785-090, Brasil;R. Peçanha da Silva, 246 - Engenho Novo, Rio de Janeiro - RJ, 20780-340, Brasil;00:09:58;44;17:11:42;17:24:53
TUA2D16;AMBEV, Vehicle, Diesel;16/02/2026;00:32:08;16/02/2026;0,000830567;R. Peçanha da Silva, 246 - Engenho Novo, Rio de Janeiro - RJ, 20780-340, Brasil;Estr. de Jacarepaguá, 5895 - Anil, Rio de Janeiro - RJ, 22753-033, Brasil;00:00:02;68;17:24:53;17:54:00
TUA2D16;AMBEV, Vehicle, Diesel;16/02/2026;00:03:05;16/02/2026;0,052448032;Estr. de Jacarepaguá, 5895 - Anil, Rio de Janeiro - RJ, 22753-033, Brasil;Av. Canal do Anil, 25 - Anil, Rio de Janeiro - RJ, 22765-430, Brasil;00:00:02;28;17:54:00;18:00:00
TUA2D16;AMBEV, Vehicle, Diesel;16/02/2026;00:00:38;16/02/2026;0,000354352;Av. Canal do Anil, 25 - Anil, Rio de Janeiro - RJ, 22765-430, Brasil;Estr. do Engenho d'Água, 687 - Anil, Rio de Janeiro - RJ, 22675-240, Brasil;00:00:00;1;18:00:00;18:00:00
TUA2D16;AMBEV, Vehicle, Diesel;16/02/2026;00:04:07;16/02/2026;1,531848125;Estr. do Engenho d'Água, 687 - Anil, Rio de Janeiro - RJ, 22675-240, Brasil;Estr. de Jacarepaguá, 5895 - Anil, Rio de Janeiro - RJ, 22753-033, Brasil;00:00:04;33;18:00:00;18:00:00
TUA2D16;AMBEV, Vehicle, Diesel;18/02/2026;00:01:54;18/02/2026;0,088222465;Estr. de Jacarepaguá, 5895 - Anil, Rio de Janeiro - RJ, 22753-033, Brasil;Av. Otávio Malta, 1201 - Anil, Rio de Janeiro - RJ, 22765-820, Brasil;00:00:06;28;18:00:00;18:00:00
TUA2D16;AMBEV, Vehicle, Diesel;18/02/2026;00:03:03;18/02/2026;0,15276265;Av. Otávio Malta, 1201 - Anil, Rio de Janeiro - RJ, 22765-820, Brasil;Estr. do Engenho d'Água, 655 - Anil, Rio de Janeiro - RJ, 22765-240, Brasil;00:01:10;28;18:00:00;18:07:07
TUA2D16;AMBEV, Vehicle, Diesel;18/02/2026;00:06:49;18/02/2026;0,007466725;Estr. do Engenho d'Água, 655 - Anil, Rio de Janeiro - RJ, 22765-240, Brasil;2MV6+25 Cubo Kids - Anil, Rio de Janeiro - RJ, 22755, Brasil;00:00:08;11;18:07:07;18:12:00
TUA2D16;AMBEV, Vehicle, Diesel;18/02/2026;00:04:30;18/02/2026;0,014603322;2MV6+25 Cubo Kids - Anil, Rio de Janeiro - RJ, 22755, Brasil;2MV6+CF - Anil, Rio de Janeiro - RJ, 22755, Brasil;00:00:07;24;18:12:00;18:18:00
TUA2D16;AMBEV, Vehicle, Diesel;18/02/2026;00:00:38;18/02/2026;0,019803241;2MV6+CF - Anil, Rio de Janeiro - RJ, 22755, Brasil;Estr. de Jacarepaguá, 6069 - Anil, Rio de Janeiro - RJ, 22753-033, Brasil;00:20:43;5;18:18:00;18:38:40
TUA2D16;AMBEV, Vehicle, Diesel;18/02/2026;00:33:27;18/02/2026;0,023607998;Estr. de Jacarepaguá, 6069 - Anil, Rio de Janeiro - RJ, 22753-033, Brasil;R. Barcelona, 267 - Cachambi, Rio de Janeiro - RJ, 20785-130, Brasil;00:00:24;70;18:38:40;19:12:00
TUA2D16;AMBEV, Vehicle, Diesel;18/02/2026;00:10:18;18/02/2026;0,007956412;R. Barcelona, 267 - Cachambi, Rio de Janeiro - RJ, 20785-130, Brasil;R. Eng. Julião Castelo, 44-34 - Méier, Rio de Janeiro - RJ, 20780-080, Brasil;00:00:02;42;19:12:00;19:24:00
TUA2D16;AMBEV, Vehicle, Diesel;18/02/2026;00:01:54;18/02/2026;0,005680764;R. Eng. Julião Castelo, 44-34 - Méier, Rio de Janeiro - RJ, 20780-080, Brasil;R. Capitao Resende, 449 - Méier, Rio de Janeiro - RJ, 20780-190, Brasil;00:00:07;42;19:24:00;19:24:00
TUA2D16;AMBEV, Vehicle, Diesel;18/02/2026;00:06:20;18/02/2026;0,007511574;R. Capitao Resende, 449 - Méier, Rio de Janeiro - RJ, 20780-190, Brasil;R. Raul Valença, 20 - Jacaré, Rio de Janeiro - RJ, 20785-160, Brasil;00:05:26;55;19:24:00;19:35:08
TUA2D16;AMBEV, Vehicle, Diesel;18/02/2026;00:10:40;18/02/2026;0,010607164;R. Raul Valença, 20 - Jacaré, Rio de Janeiro - RJ, 20785-160, Brasil;Av. Dom Hélder Câmara, 1565 - Benfica, Rio de Janeiro - RJ, 20973-011, Brasil;00:05:12;61;19:35:08;19:53:11
TUA2D16;AMBEV, Vehicle, Diesel;18/02/2026;00:04:30;18/02/2026;0,005689213;Av. Dom Hélder Câmara, 1565 - Benfica, Rio de Janeiro - RJ, 20973-011, Brasil;R. Dilermando Reis, 2 - Jacaré, Rio de Janeiro - RJ, 20973-050, Brasil;00:00:02;11;19:53:11;20:00:00
TUA2D16;AMBEV, Vehicle, Diesel;18/02/2026;00:03:06;18/02/2026;0,008691586;R. Dilermando Reis, 2 - Jacaré, Rio de Janeiro - RJ, 20973-050, Brasil;R. Dilermando Reis, 2 - Jacaré, Rio de Janeiro - RJ, 20973-050, Brasil;00:00:03;3;20:00:00;20:00:00
TUA2D16;AMBEV, Vehicle, Diesel;18/02/2026;00:28:37;18/02/2026;0,10974537;R. Dilermando Reis, 2 - Jacaré, Rio de Janeiro - RJ, 20973-050, Brasil;2MV6+CF - Anil, Rio de Janeiro - RJ, 22755, Brasil;01:18:07;70;20:00:00;21:50:01
TUA2D16;AMBEV, Vehicle, Diesel;18/02/2026;00:03:18;18/02/2026;0,068332234;2MV6+CF - Anil, Rio de Janeiro - RJ, 22755, Brasil;2MV6+CF - Anil, Rio de Janeiro - RJ, 22755, Brasil;00:25:04;0;21:50:01;22:18:00
TUA2D16;AMBEV, Vehicle, Diesel;18/02/2026;00:00:10;18/02/2026;0,042684063;2MV6+CF - Anil, Rio de Janeiro - RJ, 22755, Brasil;Estr. de Jacarepaguá, 6069 - Anil, Rio de Janeiro - RJ, 22753-033, Brasil;00:17:19;0;22:18:00;22:36:00
TUA2D16;AMBEV, Vehicle, Diesel;18/02/2026;00:00:37;18/02/2026;0,002685185;Estr. de Jacarepaguá, 6069 - Anil, Rio de Janeiro - RJ, 22753-033, Brasil;Estr. de Jacarepaguá, 6069 - Anil, Rio de Janeiro - RJ, 22753-033, Brasil;00:03:52;13;22:36:00;22:40:29
TUA2D16;AMBEV, Vehicle, Diesel;18/02/2026;00:10:51;18/02/2026;0,01995912;Estr. de Jacarepaguá, 6069 - Anil, Rio de Janeiro - RJ, 22753-033, Brasil;Av. Canal do Anil, 22 - Gardênia Azul, Rio de Janeiro - RJ, 22765-430, Brasil;00:00:01;42;22:40:29;22:48:00
TUA2D16;AMBEV, Vehicle, Diesel;18/02/2026;00:02:53;18/02/2026;0,337191875;Av. Canal do Anil, 22 - Gardênia Azul, Rio de Janeiro - RJ, 22765-430, Brasil;R. O Tempo e O Vento, 54 - Anil, Rio de Janeiro - RJ, 22753-340, Brasil;00:00:09;31;22:48:00;22:54:00
TUA2D16;AMBEV, Vehicle, Diesel;19/02/2026;00:02:19;19/02/2026;0,07861353;R. O Tempo e O Vento, 54 - Anil, Rio de Janeiro - RJ, 22753-340, Brasil;Estr. do Engenho d'Água, 655 - Anil, Rio de Janeiro - RJ, 22765-240, Brasil;00:00:13;26;22:54:00;22:54:00
TUA2D16;AMBEV, Vehicle, Diesel;19/02/2026;00:02:39;19/02/2026;0,134558391;Estr. do Engenho d'Água, 655 - Anil, Rio de Janeiro - RJ, 22765-240, Brasil;Estr. do Engenho d'Água, 655 - Anil, Rio de Janeiro - RJ, 22765-240, Brasil;00:00:07;16;22:54:00;23:00:00
TUA2D16;AMBEV, Vehicle, Diesel;19/02/2026;00:34:11;19/02/2026;0,0332914;Estr. do Engenho d'Água, 655 - Anil, Rio de Janeiro - RJ, 22765-240, Brasil;R. Barcelona, 267 - Cachambi, Rio de Janeiro - RJ, 20785-130, Brasil;00:00:04;70;23:00:00;23:30:00
TUA2D16;AMBEV, Vehicle, Diesel;19/02/2026;00:05:41;19/02/2026;0,078268264;R. Barcelona, 267 - Cachambi, Rio de Janeiro - RJ, 20785-130, Brasil;R. Aíres de Casal, 385 - Cachambi, Rio de Janeiro - RJ, 20785-090, Brasil;00:00:03;26;23:30:00;23:36:00
TUA2D16;AMBEV, Vehicle, Diesel;19/02/2026;00:00:19;19/02/2026;0,007912859;R. Aíres de Casal, 385 - Cachambi, Rio de Janeiro - RJ, 20785-090, Brasil;R. Aíres de Casal, 385 - Cachambi, Rio de Janeiro - RJ, 20785-090, Brasil;00:00:10;1;23:36:00;23:36:00
TUA2D16;AMBEV, Vehicle, Diesel;19/02/2026;00:00:14;19/02/2026;0,012729294;R. Aíres de Casal, 385 - Cachambi, Rio de Janeiro - RJ, 20785-090, Brasil;R. Aíres de Casal, 385 - Cachambi, Rio de Janeiro - RJ, 20785-090, Brasil;00:00:03;1;23:36:00;23:36:00
TUA2D16;AMBEV, Vehicle, Diesel;19/02/2026;00:01:44;19/02/2026;0,032105602;R. Aíres de Casal, 385 - Cachambi, Rio de Janeiro - RJ, 20785-090, Brasil;R. Aíres de Casal, 331 - Jacaré, Rio de Janeiro - RJ, 20785-090, Brasil;00:00:01;4;23:36:00;23:42:00
TUA2D16;AMBEV, Vehicle, Diesel;19/02/2026;00:04:12;19/02/2026;0,023300579;R. Aíres de Casal, 331 - Jacaré, Rio de Janeiro - RJ, 20785-090, Brasil;R. Aíres de Casal, 331 - Jacaré, Rio de Janeiro - RJ, 20785-090, Brasil;00:00:14;5;23:42:00;23:42:00
TUA2D16;AMBEV, Vehicle, Diesel;19/02/2026;00:02:01;19/02/2026;0,003075613;R. Aíres de Casal, 331 - Jacaré, Rio de Janeiro - RJ, 20785-090, Brasil;R. Raul Valença, 20 - Jacaré, Rio de Janeiro - RJ, 20785-160, Brasil;00:01:20;3;23:42:00;23:48:00
TUA2D16;AMBEV, Vehicle, Diesel;19/02/2026;00:01:30;19/02/2026;0,055110683;R. Raul Valença, 20 - Jacaré, Rio de Janeiro - RJ, 20785-160, Brasil;R. Aíres de Casal, 385 - Cachambi, Rio de Janeiro - RJ, 20785-090, Brasil;00:00:02;2;23:48:00;23:48:00
TUA2D16;AMBEV, Vehicle, Diesel;19/02/2026;00:05:34;19/02/2026;0,01853897;R. Aíres de Casal, 385 - Cachambi, Rio de Janeiro - RJ, 20785-090, Brasil;R. Miguel Ângelo, 648 - Cachambi, Rio de Janeiro - RJ, 25973-590, Brasil;00:01:11;52;23:48:00;23:55:06
TUA2D16;AMBEV, Vehicle, Diesel;19/02/2026;00:10:48;19/02/2026;0,017631678;R. Miguel Ângelo, 648 - Cachambi, Rio de Janeiro - RJ, 25973-590, Brasil;R. Eng. Julião Castelo, 44-34 - Méier, Rio de Janeiro - RJ, 20780-080, Brasil;00:00:06;44;23:55:06;00:06:00
TUA2D16;AMBEV, Vehicle, Diesel;19/02/2026;00:38:05;19/02/2026;0,001307014;R. Eng. Julião Castelo, 44-34 - Méier, Rio de Janeiro - RJ, 20780-080, Brasil;Estr. de Jacarepaguá, 5895 - Anil, Rio de Janeiro - RJ, 22753-033, Brasil;00:00:05;72;00:06:00;00:48:00
TUA2D16;AMBEV, Vehicle, Diesel;19/02/2026;00:01:39;19/02/2026;0,008273727;Estr. de Jacarepaguá, 5895 - Anil, Rio de Janeiro - RJ, 22753-033, Brasil;Estr. do Engenho d'Água, 655 - Anil, Rio de Janeiro - RJ, 22765-240, Brasil;00:00:04;26;00:48:00;00:48:00
TUA2D16;AMBEV, Vehicle, Diesel;19/02/2026;00:02:07;19/02/2026;0,002291667;Estr. do Engenho d'Água, 655 - Anil, Rio de Janeiro - RJ, 22765-240, Brasil;Estr. do Engenho d'Água, 687 - Anil, Rio de Janeiro - RJ, 22675-240, Brasil;00:03:18;28;00:48:00;00:53:25
TUA2D16;AMBEV, Vehicle, Diesel;19/02/2026;00:00:52;19/02/2026;0,017004236;Estr. do Engenho d'Água, 687 - Anil, Rio de Janeiro - RJ, 22675-240, Brasil;Estr. do Engenho d'Água, 67 - Anil, Rio de Janeiro - RJ, 22765-240, Brasil;00:00:04;10;00:53:25;00:54:00
TUA2D16;AMBEV, Vehicle, Diesel;19/02/2026;00:02:55;19/02/2026;0,426878426;Estr. do Engenho d'Água, 67 - Anil, Rio de Janeiro - RJ, 22765-240, Brasil;Estr. do Engenho d'Água, 655 - Anil, Rio de Janeiro - RJ, 22765-240, Brasil;00:00:03;26;00:54:00;00:54:00
TUA2D16;AMBEV, Vehicle, Diesel;20/02/2026;00:01:36;20/02/2026;0,070893495;Estr. do Engenho d'Água, 655 - Anil, Rio de Janeiro - RJ, 22765-240, Brasil;Estr. do Engenho d'Água, 655 - Anil, Rio de Janeiro - RJ, 22765-240, Brasil;00:00:11;22;00:54:00;01:00:00
TUA2D16;AMBEV, Vehicle, Diesel;20/02/2026;00:02:11;20/02/2026;0,062083623;Estr. do Engenho d'Água, 655 - Anil, Rio de Janeiro - RJ, 22765-240, Brasil;Estr. do Engenho d'Água, 655 - Anil, Rio de Janeiro - RJ, 22765-240, Brasil;00:00:00;8;01:00:00;01:00:00
TUA2D16;AMBEV, Vehicle, Diesel;20/02/2026;00:01:43;20/02/2026;0,051271644;Estr. do Engenho d'Água, 655 - Anil, Rio de Janeiro - RJ, 22765-240, Brasil;Estr. do Engenho d'Água, 655 - Anil, Rio de Janeiro - RJ, 22765-240, Brasil;00:00:04;22;01:00:00;01:00:00
TUA2D16;AMBEV, Vehicle, Diesel;20/02/2026;00:07:09;20/02/2026;0,000652824;Estr. do Engenho d'Água, 655 - Anil, Rio de Janeiro - RJ, 22765-240, Brasil;Estr. de Jacarepaguá, 6346 - Anil, Rio de Janeiro - RJ, 22755-145, Brasil;00:00:02;42;01:00:00;01:12:00
TUA2D16;AMBEV, Vehicle, Diesel;20/02/2026;00:00:10;20/02/2026;0,008860486;Estr. de Jacarepaguá, 6346 - Anil, Rio de Janeiro - RJ, 22755-145, Brasil;Estr. de Jacarepaguá, 6346 - Anil, Rio de Janeiro - RJ, 22755-145, Brasil;00:00:08;2;01:12:00;01:12:00
TUA2D16;AMBEV, Vehicle, Diesel;20/02/2026;00:01:08;20/02/2026;0,008182326;Estr. de Jacarepaguá, 6346 - Anil, Rio de Janeiro - RJ, 22755-145, Brasil;Estr. de Jacarepaguá, 6346 - Anil, Rio de Janeiro - RJ, 22755-145, Brasil;00:00:03;6;01:12:00;01:12:00
TUA2D16;AMBEV, Vehicle, Diesel;20/02/2026;00:16:04;20/02/2026;0,002453704;Estr. de Jacarepaguá, 6346 - Anil, Rio de Janeiro - RJ, 22755-145, Brasil;R. da Pátria, 10 - Água Santa, Rio de Janeiro - RJ, 20745-200, Brasil;00:03:32;68;01:12:00;01:31:36
TUA2D16;AMBEV, Vehicle, Diesel;20/02/2026;00:17:52;20/02/2026;0,010801331;R. da Pátria, 10 - Água Santa, Rio de Janeiro - RJ, 20745-200, Brasil;Rua Capitão Rezende 456, Cachambi, Rio de Janeiro - Cachambi, Rio de Janeiro - RJ, 20780-190, Brasil;00:00:09;68;01:31:36;01:48:00
TUA2D16;AMBEV, Vehicle, Diesel;20/02/2026;00:02:20;20/02/2026;0,017033715;Rua Capitão Rezende 456, Cachambi, Rio de Janeiro - Cachambi, Rio de Janeiro - RJ, 20780-190, Brasil;R. Odilon Araújo, 206 - Cachambi, Rio de Janeiro - RJ, 20775-160, Brasil;00:00:41;29;01:48:00;01:54:00
TUA2D16;AMBEV, Vehicle, Diesel;20/02/2026;00:01:32;20/02/2026;0,036380648;R. Odilon Araújo, 206 - Cachambi, Rio de Janeiro - RJ, 20775-160, Brasil;Rua Herminia, 1 - Cachambi, Rio de Janeiro - RJ, 20780-230, Brasil;00:00:02;28;01:54:00;01:54:00
TUA2D16;AMBEV, Vehicle, Diesel;20/02/2026;00:02:24;20/02/2026;0,026092407;Rua Herminia, 1 - Cachambi, Rio de Janeiro - RJ, 20780-230, Brasil;R. Cachambi, 181 - Cachambi, Rio de Janeiro - RJ, 20775-181, Brasil;00:00:04;33;01:54:00;01:54:00
TUA2D16;AMBEV, Vehicle, Diesel;20/02/2026;00:01:01;20/02/2026;0,007942407;R. Cachambi, 181 - Cachambi, Rio de Janeiro - RJ, 20775-181, Brasil;R. Cachambi, 252 - Cachambi, Rio de Janeiro - RJ, 20775-182, Brasil;00:00:03;3;01:54:00;01:54:00
TUA2D16;AMBEV, Vehicle, Diesel;20/02/2026;00:03:39;20/02/2026;0,028586933;R. Cachambi, 252 - Cachambi, Rio de Janeiro - RJ, 20775-182, Brasil;R. Miguel Ângelo, 660 - Cachambi, Rio de Janeiro - RJ, 25973-590, Brasil;00:00:00;33;01:54:00;02:00:00
TUA2D16;AMBEV, Vehicle, Diesel;20/02/2026;00:00:47;20/02/2026;0,010226192;R. Miguel Ângelo, 660 - Cachambi, Rio de Janeiro - RJ, 25973-590, Brasil;R. Miguel Cervantes, 140 - Cachambi, Rio de Janeiro - RJ, 20780-370, Brasil;00:00:06;22;02:00:00;02:00:00
TUA2D16;AMBEV, Vehicle, Diesel;20/02/2026;00:03:34;20/02/2026;0,023065463;R. Miguel Cervantes, 140 - Cachambi, Rio de Janeiro - RJ, 20780-370, Brasil;R. Álvares Cabral, 580 - Cachambi, Rio de Janeiro - RJ, 20780-320, Brasil;00:00:15;31;02:00:00;02:06:00
TUA2D16;AMBEV, Vehicle, Diesel;20/02/2026;00:03:00;20/02/2026;0,006322199;R. Álvares Cabral, 580 - Cachambi, Rio de Janeiro - RJ, 20780-320, Brasil;R. Miguel Fernandes, 726 - Méier, Rio de Janeiro - RJ, 20780-060, Brasil;00:00:06;31;02:06:00;02:06:00
TUA2D16;AMBEV, Vehicle, Diesel;20/02/2026;00:04:22;20/02/2026;0,007628056;R. Miguel Fernandes, 726 - Méier, Rio de Janeiro - RJ, 20780-060, Brasil;R. Martins Lage, 13 - Engenho Novo, Rio de Janeiro - RJ, 20780-110, Brasil;00:00:03;29;02:06:00;02:12:00
TUA2D16;AMBEV, Vehicle, Diesel;20/02/2026;00:02:57;20/02/2026;0,007523495;R. Martins Lage, 13 - Engenho Novo, Rio de Janeiro - RJ, 20780-110, Brasil;R. Capitao Resende, 403 - Cachambi, Rio de Janeiro - RJ, 20780-190, Brasil;00:00:08;39;02:12:00;02:18:00
TUA2D16;AMBEV, Vehicle, Diesel;20/02/2026;00:02:35;20/02/2026;0,002135069;R. Capitao Resende, 403 - Cachambi, Rio de Janeiro - RJ, 20780-190, Brasil;R. Odilon Araújo, 14 - Cachambi, Rio de Janeiro - RJ, 20775-182, Brasil;00:00:02;29;02:18:00;02:18:00
TUA2D16;AMBEV, Vehicle, Diesel;20/02/2026;00:01:33;20/02/2026;0,008830579;R. Odilon Araújo, 14 - Cachambi, Rio de Janeiro - RJ, 20775-182, Brasil;Rua Herminia, 1 - Cachambi, Rio de Janeiro - RJ, 20780-230, Brasil;00:00:04;31;02:18:00;02:18:00
TUA2D16;AMBEV, Vehicle, Diesel;20/02/2026;00:32:19;20/02/2026;0,000627303;Rua Herminia, 1 - Cachambi, Rio de Janeiro - RJ, 20780-230, Brasil;Estr. de Jacarepaguá, 5895 - Freguesia (Jacarepaguá), Rio de Janeiro - RJ, 22753-033, Brasil;00:00:03;70;02:18:00;02:54:00
TUA2D16;AMBEV, Vehicle, Diesel;20/02/2026;00:01:12;20/02/2026;0,000977847;Estr. de Jacarepaguá, 5895 - Freguesia (Jacarepaguá), Rio de Janeiro - RJ, 22753-033, Brasil;R. Amarílio Salgado, 58 - Anil, Rio de Janeiro - RJ, 22753-450, Brasil;00:00:02;29;02:54:00;02:54:00
TUA2D16;AMBEV, Vehicle, Diesel;20/02/2026;00:05:37;20/02/2026;0,006286655;R. Amarílio Salgado, 58 - Anil, Rio de Janeiro - RJ, 22753-450, Brasil;Av. Canal do Anil, 22 - Gardênia Azul, Rio de Janeiro - RJ, 22765-430, Brasil;00:00:06;29;02:54:00;03:00:00
TUA2D16;AMBEV, Vehicle, Diesel;20/02/2026;00:00:47;20/02/2026;0,030109722;Av. Canal do Anil, 22 - Gardênia Azul, Rio de Janeiro - RJ, 22765-430, Brasil;Av. Canal do Anil, 22 - Gardênia Azul, Rio de Janeiro - RJ, 22765-430, Brasil;00:00:05;2;03:00:00;03:00:00
TUA2D16;AMBEV, Vehicle, Diesel;20/02/2026;00:02:31;20/02/2026;0,37122353;Av. Canal do Anil, 22 - Gardênia Azul, Rio de Janeiro - RJ, 22765-430, Brasil;Estr. do Engenho d'Água, 655 - Anil, Rio de Janeiro - RJ, 22765-240, Brasil;00:00:34;22;03:00:00;03:00:00
TUA2D16;AMBEV, Vehicle, Diesel;20/02/2026;00:00:05;20/02/2026;0,064921111;Estr. do Engenho d'Água, 655 - Anil, Rio de Janeiro - RJ, 22765-240, Brasil;Estr. do Engenho d'Água, 655 - Anil, Rio de Janeiro - RJ, 22765-240, Brasil;00:00:06;0;03:00:00;03:00:00
TUA2D16;AMBEV, Vehicle, Diesel;21/02/2026;00:01:54;21/02/2026;0,099556667;Estr. do Engenho d'Água, 655 - Anil, Rio de Janeiro - RJ, 22765-240, Brasil;Estr. do Engenho d'Água, 655 - Anil, Rio de Janeiro - RJ, 22765-240, Brasil;00:01:03;28;03:00:00;03:06:00
TUA2D16;AMBEV, Vehicle, Diesel;21/02/2026;00:01:39;21/02/2026;0,20458228;Estr. do Engenho d'Água, 655 - Anil, Rio de Janeiro - RJ, 22765-240, Brasil;Estr. do Engenho d'Água, 655 - Anil, Rio de Janeiro - RJ, 22765-240, Brasil;00:04:24;22;03:06:00;03:10:19
TUA2D16;AMBEV, Vehicle, Diesel;21/02/2026;00:07:21;21/02/2026;0,001987118;Estr. do Engenho d'Água, 655 - Anil, Rio de Janeiro - RJ, 22765-240, Brasil;Estr. do Engenho d'Água, 655 - Anil, Rio de Janeiro - RJ, 22765-240, Brasil;00:00:05;16;03:10:19;03:18:00
TUA2D16;AMBEV, Vehicle, Diesel;21/02/2026;00:43:24;21/02/2026;0,003480613;Estr. do Engenho d'Água, 655 - Anil, Rio de Janeiro - RJ, 22765-240, Brasil;R. Max Lameu Cavalcante, 33 - Vargem Pequena, Rio de Janeiro - RJ, 22783-355, Brasil;00:00:05;61;03:18:00;04:00:00
TUA2D16;AMBEV, Vehicle, Diesel;21/02/2026;00:08:15;21/02/2026;0,023367072;R. Max Lameu Cavalcante, 33 - Vargem Pequena, Rio de Janeiro - RJ, 22783-355, Brasil;R. Vivendas do Calembar, 11609 - Vargem Pequena, Rio de Janeiro - RJ, 22783-116, Brasil;00:00:04;33;04:00:00;04:12:00
TUA2D16;AMBEV, Vehicle, Diesel;21/02/2026;00:07:33;21/02/2026;0,009502894;R. Vivendas do Calembar, 11609 - Vargem Pequena, Rio de Janeiro - RJ, 22783-116, Brasil;R. Max Lameu Cavalcante, 33 - Vargem Pequena, Rio de Janeiro - RJ, 22783-355, Brasil;00:00:32;39;04:12:00;04:18:00
TUA2D16;AMBEV, Vehicle, Diesel;21/02/2026;00:02:51;21/02/2026;0,015812986;R. Max Lameu Cavalcante, 33 - Vargem Pequena, Rio de Janeiro - RJ, 22783-355, Brasil;R. Max Lameu Cavalcante, 33 - Vargem Pequena, Rio de Janeiro - RJ, 22783-355, Brasil;00:00:06;24;04:18:00;04:24:00
TUA2D16;AMBEV, Vehicle, Diesel;21/02/2026;00:03:51;21/02/2026;0,019882049;R. Max Lameu Cavalcante, 33 - Vargem Pequena, Rio de Janeiro - RJ, 22783-355, Brasil;Estr. dos Bandeirantes, 12415 - Vargem Pequena, Rio de Janeiro - RJ, 22783-117, Brasil;00:00:04;33;04:24:00;04:24:00
TUA2D16;AMBEV, Vehicle, Diesel;21/02/2026;00:04:39;21/02/2026;0,013515208;Estr. dos Bandeirantes, 12415 - Vargem Pequena, Rio de Janeiro - RJ, 22783-117, Brasil;Estr. dos Bandeirantes, 12748 - Vargem Grande, Rio de Janeiro - RJ, 22783-112, Brasil;00:00:07;24;04:24:00;04:30:00
TUA2D16;AMBEV, Vehicle, Diesel;21/02/2026;00:08:22;21/02/2026;0,012862245;Estr. dos Bandeirantes, 12748 - Vargem Grande, Rio de Janeiro - RJ, 22783-112, Brasil;Servidão D, 311 A - Recreio dos Bandeirantes, Rio de Janeiro - RJ, 22790-667, Brasil;00:00:06;59;04:30:00;04:36:00
TUA2D16;AMBEV, Vehicle, Diesel;21/02/2026;00:04:48;21/02/2026;0,02229581;Servidão D, 311 A - Recreio dos Bandeirantes, Rio de Janeiro - RJ, 22790-667, Brasil;Av. das Américas, nº 15500 - Recreio dos Bandeirantes, Rio de Janeiro - RJ, 22790-703, Brasil;00:00:05;29;04:36:00;04:42:00
TUA2D16;AMBEV, Vehicle, Diesel;21/02/2026;00:13:18;21/02/2026;0,031122685;Av. das Américas, nº 15500 - Recreio dos Bandeirantes, Rio de Janeiro - RJ, 22790-703, Brasil;Estr. da Boca do Mato, 3 - Vargem Pequena, Rio de Janeiro - RJ, 22783-325, Brasil;00:02:24;59;04:42:00;05:00:43
TUA2D16;AMBEV, Vehicle, Diesel;21/02/2026;00:07:05;21/02/2026;0,002964016;Estr. da Boca do Mato, 3 - Vargem Pequena, Rio de Janeiro - RJ, 22783-325, Brasil;Estr. dos Bandeirantes, 18080 - Vargem Pequena, Rio de Janeiro - RJ, 22783-114, Brasil;00:00:04;39;05:00:43;05:06:00
TUA2D16;AMBEV, Vehicle, Diesel;21/02/2026;00:02:49;21/02/2026;0,001365741;Estr. dos Bandeirantes, 18080 - Vargem Pequena, Rio de Janeiro - RJ, 22783-114, Brasil;Estr. dos Bandeirantes, 14851 - Vargem Pequena, Rio de Janeiro - RJ, 22783-025, Brasil;00:01:43;41;05:06:00;05:13:39
TUA2D16;AMBEV, Vehicle, Diesel;21/02/2026;00:06:17;21/02/2026;0,005563345;Estr. dos Bandeirantes, 14851 - Vargem Pequena, Rio de Janeiro - RJ, 22783-025, Brasil;Estr. dos Bandeirantes, 13831 - Vargem Pequena, Rio de Janeiro - RJ, 22783-025, Brasil;00:00:04;53;05:13:39;05:18:00
TUA2D16;AMBEV, Vehicle, Diesel;21/02/2026;00:04:42;21/02/2026;0,011941343;Estr. dos Bandeirantes, 13831 - Vargem Pequena, Rio de Janeiro - RJ, 22783-025, Brasil;R. Max Lameu Cavalcante, 33 - Vargem Pequena, Rio de Janeiro - RJ, 22783-355, Brasil;00:00:04;37;05:18:00;05:24:00
TUA2D16;AMBEV, Vehicle, Diesel;21/02/2026;00:02:29;21/02/2026;0,024074074;R. Max Lameu Cavalcante, 33 - Vargem Pequena, Rio de Janeiro - RJ, 22783-355, Brasil;R. Max Lameu Cavalcante, 33 - Vargem Pequena, Rio de Janeiro - RJ, 22783-355, Brasil;00:34:40;18;05:24:00;06:01:09
TUA2D16;AMBEV, Vehicle, Diesel;21/02/2026;00:06:21;21/02/2026;0,014179456;R. Max Lameu Cavalcante, 33 - Vargem Pequena, Rio de Janeiro - RJ, 22783-355, Brasil;Estr. dos Bandeirantes, 8319a - Jacarepaguá, Rio de Janeiro - RJ, 22783-415, Brasil;00:00:06;55;06:01:09;06:06:00
TUA2D16;AMBEV, Vehicle, Diesel;21/02/2026;00:36:51;21/02/2026;0,021777373;Estr. dos Bandeirantes, 8319a - Jacarepaguá, Rio de Janeiro - RJ, 22783-415, Brasil;Av. Canal do Anil, 22 - Gardênia Azul, Rio de Janeiro - RJ, 22765-430, Brasil;00:00:00;63;06:06:00;06:42:00
TUA2D16;AMBEV, Vehicle, Diesel;21/02/2026;00:03:53;21/02/2026;1,376617535;Av. Canal do Anil, 22 - Gardênia Azul, Rio de Janeiro - RJ, 22765-430, Brasil;R. O Tempo e O Vento, 54 - Anil, Rio de Janeiro - RJ, 22753-340, Brasil;00:00:06;18;06:42:00;06:48:00
TUK2E07;AMBEV, Vehicle, Diesel;16/02/2026;00:00:59;16/02/2026;0,028607523;Estr. do Engenho d'Água, 655 - Anil, Rio de Janeiro - RJ, 22765-240, Brasil;Estr. do Engenho d'Água, 655 - Anil, Rio de Janeiro - RJ, 22765-240, Brasil;00:00:03;18;20:06:00;20:06:00
TUK2E07;AMBEV, Vehicle, Diesel;16/02/2026;00:00:57;16/02/2026;0,043966898;Estr. do Engenho d'Água, 655 - Anil, Rio de Janeiro - RJ, 22765-240, Brasil;Estr. do Engenho d'Água, 655 - Anil, Rio de Janeiro - RJ, 22765-240, Brasil;00:00:04;24;20:06:00;20:06:00
TUK2E07;AMBEV, Vehicle, Diesel;16/02/2026;00:01:54;16/02/2026;0,113530093;Estr. do Engenho d'Água, 655 - Anil, Rio de Janeiro - RJ, 22765-240, Brasil;Estr. do Engenho d'Água, 655 - Anil, Rio de Janeiro - RJ, 22765-240, Brasil;00:04:26;29;20:06:00;20:16:18
TUK2E07;AMBEV, Vehicle, Diesel;16/02/2026;00:39:46;16/02/2026;0,001851146;Estr. do Engenho d'Água, 655 - Anil, Rio de Janeiro - RJ, 22765-240, Brasil;Av. Canal, 80 - Maré, Rio de Janeiro - RJ, 21046-175, Brasil;00:00:06;66;20:16:18;20:54:00
TUK2E07;AMBEV, Vehicle, Diesel;16/02/2026;00:05:01;16/02/2026;0,005930035;Av. Canal, 80 - Maré, Rio de Janeiro - RJ, 21046-175, Brasil;R. Principal, 60 - Maré, Rio de Janeiro - RJ, 21044-690, Brasil;00:00:04;28;20:54:00;21:00:00
TUK2E07;AMBEV, Vehicle, Diesel;16/02/2026;00:06:06;16/02/2026;0,002291667;R. Principal, 60 - Maré, Rio de Janeiro - RJ, 21044-690, Brasil;R. Ari Leão, 9 - Ramos, Rio de Janeiro - RJ, 21040-005, Brasil;00:03:18;46;21:00:00;21:09:24
TUK2E07;AMBEV, Vehicle, Diesel;16/02/2026;00:10:13;16/02/2026;0,007843044;R. Ari Leão, 9 - Ramos, Rio de Janeiro - RJ, 21040-005, Brasil;R. Deodoro da Fonseca, 3 - Maré, Rio de Janeiro - RJ, 21040-350, Brasil;00:00:04;5;21:09:24;21:18:00
TUK2E07;AMBEV, Vehicle, Diesel;16/02/2026;00:04:24;16/02/2026;0,05000353;R. Deodoro da Fonseca, 3 - Maré, Rio de Janeiro - RJ, 21040-350, Brasil;R. Ari Leão, 7 - Bonsucesso, Rio de Janeiro - RJ, 21040-005, Brasil;00:04:24;5;21:18:00;21:30:00
TUK2E07;AMBEV, Vehicle, Diesel;16/02/2026;00:03:02;16/02/2026;0,003433715;R. Ari Leão, 7 - Bonsucesso, Rio de Janeiro - RJ, 21040-005, Brasil;Av. Brasil, 7024e - Ramos, Rio de Janeiro - RJ, 21040-005, Brasil;00:00:03;3;21:30:00;21:30:00
TUK2E07;AMBEV, Vehicle, Diesel;16/02/2026;00:11:59;16/02/2026;0,013579039;Av. Brasil, 7024e - Ramos, Rio de Janeiro - RJ, 21040-005, Brasil;R. Vinte e Nove de Julho, 142 - Maré, Rio de Janeiro - RJ, 21043-042, Brasil;00:00:11;53;21:30:00;21:42:00
TUK2E07;AMBEV, Vehicle, Diesel;16/02/2026;00:02:41;16/02/2026;0,084882315;R. Vinte e Nove de Julho, 142 - Maré, Rio de Janeiro - RJ, 21043-042, Brasil;R. Teixeira Ribeiro, 530 - Maré, Rio de Janeiro - RJ, 21044-251, Brasil;00:00:15;28;21:42:00;21:48:00
TUK2E07;AMBEV, Vehicle, Diesel;16/02/2026;00:14:11;16/02/2026;0,002702454;R. Teixeira Ribeiro, 530 - Maré, Rio de Janeiro - RJ, 21044-251, Brasil;R. Roberto da Silveira, 36 - Parque União, Rio de Janeiro - RJ, 21041-000, Brasil;00:02:05;13;21:48:00;22:00:00
TUK2E07;AMBEV, Vehicle, Diesel;16/02/2026;00:04:52;16/02/2026;0,006095116;R. Roberto da Silveira, 36 - Parque União, Rio de Janeiro - RJ, 21041-000, Brasil;R. Ari Leão, 9 - Ramos, Rio de Janeiro - RJ, 21040-005, Brasil;00:00:18;6;22:00:00;22:06:00
TUK2E07;AMBEV, Vehicle, Diesel;16/02/2026;00:18:53;16/02/2026;0,004931192;R. Ari Leão, 9 - Ramos, Rio de Janeiro - RJ, 21040-005, Brasil;R. Um Vila Do Joao, 356 - Maré, Rio de Janeiro - RJ, 21040-361, Brasil;00:00:02;48;22:06:00;22:30:00
TUK2E07;AMBEV, Vehicle, Diesel;16/02/2026;00:10:49;16/02/2026;0,004618056;R. Um Vila Do Joao, 356 - Maré, Rio de Janeiro - RJ, 21040-361, Brasil;Via B Oito, 31 - Maré, Rio de Janeiro - RJ, 21046-310, Brasil;00:06:39;15;22:30:00;22:47:28
TUK2E07;AMBEV, Vehicle, Diesel;16/02/2026;00:12:01;16/02/2026;0,022711875;Via B Oito, 31 - Maré, Rio de Janeiro - RJ, 21046-310, Brasil;R. Principal, 60 - Maré, Rio de Janeiro - RJ, 21044-690, Brasil;00:00:03;28;22:47:28;22:54:00
TUK2E07;AMBEV, Vehicle, Diesel;16/02/2026;00:03:56;16/02/2026;0,012175926;R. Principal, 60 - Maré, Rio de Janeiro - RJ, 21044-690, Brasil;R. Américo de Oliveira, 7 - Maré, Rio de Janeiro - RJ, 21044-651, Brasil;00:17:32;17;22:54:00;23:15:28
TUK2E07;AMBEV, Vehicle, Diesel;16/02/2026;00:05:53;16/02/2026;0,010172292;R. Américo de Oliveira, 7 - Maré, Rio de Janeiro - RJ, 21044-651, Brasil;Av. Brasil, 6244 - Manguinhos, Rio de Janeiro - RJ, 21040-361, Brasil;00:14:38;24;23:15:28;23:36:00
TUK2E07;AMBEV, Vehicle, Diesel;16/02/2026;00:05:51;16/02/2026;0,008032407;Av. Brasil, 6244 - Manguinhos, Rio de Janeiro - RJ, 21040-361, Brasil;Av. Brasil, 7022 - Ramos, Rio de Janeiro - RJ, 21040-361, Brasil;00:11:34;33;23:36:00;23:53:25
TUK2E07;AMBEV, Vehicle, Diesel;16/02/2026;00:43:15;16/02/2026;0,028416215;Av. Brasil, 7022 - Ramos, Rio de Janeiro - RJ, 21040-361, Brasil;Estr. do Engenho d'Água, 655 - Anil, Rio de Janeiro - RJ, 22765-240, Brasil;00:00:11;68;23:53:25;00:42:00
TUK2E07;AMBEV, Vehicle, Diesel;16/02/2026;00:04:10;16/02/2026;0,030380729;Estr. do Engenho d'Água, 655 - Anil, Rio de Janeiro - RJ, 22765-240, Brasil;Estr. do Engenho d'Água, 655 - Anil, Rio de Janeiro - RJ, 22765-240, Brasil;00:00:42;28;00:42:00;00:42:00
TUK2E07;AMBEV, Vehicle, Diesel;16/02/2026;00:01:43;16/02/2026;1,260319259;Estr. do Engenho d'Água, 655 - Anil, Rio de Janeiro - RJ, 22765-240, Brasil;Estr. do Engenho d'Água, 655 - Anil, Rio de Janeiro - RJ, 22765-240, Brasil;00:00:16;20;00:42:00;00:48:00
TUK2E07;AMBEV, Vehicle, Diesel;17/02/2026;00:02:17;17/02/2026;0,07792684;Estr. do Engenho d'Água, 655 - Anil, Rio de Janeiro - RJ, 22765-240, Brasil;Av. Otávio Malta, 1201 - Anil, Rio de Janeiro - RJ, 22765-820, Brasil;00:00:11;29;00:48:00;00:48:00
TUK2E07;AMBEV, Vehicle, Diesel;18/02/2026;00:03:43;18/02/2026;0,207536389;Av. Otávio Malta, 1201 - Anil, Rio de Janeiro - RJ, 22765-820, Brasil;Estr. do Engenho d'Água, 655 - Anil, Rio de Janeiro - RJ, 22765-240, Brasil;00:00:58;20;00:48:00;00:54:58
TUK2E07;AMBEV, Vehicle, Diesel;18/02/2026;00:10:02;18/02/2026;0,030524271;Estr. do Engenho d'Água, 655 - Anil, Rio de Janeiro - RJ, 22765-240, Brasil;Estr. de Jacarepaguá, 5895 - Freguesia (Jacarepaguá), Rio de Janeiro - RJ, 22753-033, Brasil;00:05:56;13;00:54:58;01:12:01
TUK2E07;AMBEV, Vehicle, Diesel;18/02/2026;00:35:11;18/02/2026;0,001041505;Estr. de Jacarepaguá, 5895 - Freguesia (Jacarepaguá), Rio de Janeiro - RJ, 22753-033, Brasil;Av. Pref. Mendes de Morais, 125 - São Conrado, Rio de Janeiro - RJ, 22610-095, Brasil;00:00:13;65;01:12:01;01:48:00
TUK2E07;AMBEV, Vehicle, Diesel;18/02/2026;00:17:46;18/02/2026;0,211421134;Av. Pref. Mendes de Morais, 125 - São Conrado, Rio de Janeiro - RJ, 22610-095, Brasil;R. da Alegria, 827-799 - São Conrado, Rio de Janeiro - RJ, 22451-262, Brasil;00:00:10;52;01:48:00;02:06:00
TUK2E07;AMBEV, Vehicle, Diesel;18/02/2026;00:40:03;18/02/2026;0,004138924;R. da Alegria, 827-799 - São Conrado, Rio de Janeiro - RJ, 22451-262, Brasil;R. Quintanilha, 599 - Freguesia (Jacarepaguá), Rio de Janeiro - RJ, 22763-006, Brasil;00:03:10;65;02:06:00;02:48:00
TUK2E07;AMBEV, Vehicle, Diesel;18/02/2026;00:19:33;18/02/2026;0,021165301;R. Quintanilha, 599 - Freguesia (Jacarepaguá), Rio de Janeiro - RJ, 22763-006, Brasil;Av. Canal do Anil, 22 - Gardênia Azul, Rio de Janeiro - RJ, 22765-430, Brasil;00:00:06;42;02:48:00;03:06:00
TUK2E07;AMBEV, Vehicle, Diesel;18/02/2026;00:01:51;18/02/2026;1,413162708;Av. Canal do Anil, 22 - Gardênia Azul, Rio de Janeiro - RJ, 22765-430, Brasil;Estr. do Engenho d'Água, 655 - Anil, Rio de Janeiro - RJ, 22765-240, Brasil;00:00:02;29;03:06:00;03:06:00
TUK2E07;AMBEV, Vehicle, Diesel;20/02/2026;00:03:06;20/02/2026;0,081356817;Estr. do Engenho d'Água, 655 - Anil, Rio de Janeiro - RJ, 22765-240, Brasil;Estr. do Engenho d'Água, 655 - Anil, Rio de Janeiro - RJ, 22765-240, Brasil;00:00:10;28;03:06:00;03:12:00
TUK2E07;AMBEV, Vehicle, Diesel;20/02/2026;00:01:36;20/02/2026;0,157692639;Estr. do Engenho d'Água, 655 - Anil, Rio de Janeiro - RJ, 22765-240, Brasil;Estr. do Engenho d'Água, 655 - Anil, Rio de Janeiro - RJ, 22765-240, Brasil;00:00:11;22;03:12:00;03:12:00
TUK2E07;AMBEV, Vehicle, Diesel;20/02/2026;00:04:07;20/02/2026;0,001233241;Estr. do Engenho d'Água, 655 - Anil, Rio de Janeiro - RJ, 22765-240, Brasil;Estr. de Jacarepaguá, 5895 - Freguesia (Jacarepaguá), Rio de Janeiro - RJ, 22753-033, Brasil;00:00:03;20;03:12:00;03:18:00
TUK2E07;AMBEV, Vehicle, Diesel;20/02/2026;00:00:15;20/02/2026;0,005104167;Estr. de Jacarepaguá, 5895 - Freguesia (Jacarepaguá), Rio de Janeiro - RJ, 22753-033, Brasil;Estr. de Jacarepaguá, 5895 - Freguesia (Jacarepaguá), Rio de Janeiro - RJ, 22753-033, Brasil;00:07:21;0;03:18:00;03:25:36
TUK2E07;AMBEV, Vehicle, Diesel;20/02/2026;00:03:10;20/02/2026;0,022321701;Estr. de Jacarepaguá, 5895 - Freguesia (Jacarepaguá), Rio de Janeiro - RJ, 22753-033, Brasil;Estr. de Jacarepaguá, 5953 - Anil, Rio de Janeiro - RJ, 22753-030, Brasil;00:00:08;7;03:25:36;03:30:00
TUK2E07;AMBEV, Vehicle, Diesel;20/02/2026;00:08:29;20/02/2026;0,01443287;Estr. de Jacarepaguá, 5953 - Anil, Rio de Janeiro - RJ, 22753-030, Brasil;Av. das Lagoas, 30 - Gardênia Azul, Rio de Janeiro - RJ, 22765-451, Brasil;00:09:16;39;03:30:00;03:45:11
TUK2E07;AMBEV, Vehicle, Diesel;20/02/2026;00:21:16;20/02/2026;0,050648148;Av. das Lagoas, 30 - Gardênia Azul, Rio de Janeiro - RJ, 22765-451, Brasil;Av. Ayrton Senna, 3000 - Barra da Tijuca, Rio de Janeiro - RJ, 22775-003, Brasil;00:09:21;61;03:45:11;04:15:16
TUK2E07;AMBEV, Vehicle, Diesel;20/02/2026;00:11:17;20/02/2026;0,038737222;Av. Ayrton Senna, 3000 - Barra da Tijuca, Rio de Janeiro - RJ, 22775-003, Brasil;Av. das Américas, 4666 - Barra da Tijuca, Rio de Janeiro - RJ, 22640-102, Brasil;00:01:49;52;04:15:16;04:30:00
TUK2E07;AMBEV, Vehicle, Diesel;20/02/2026;00:00:45;20/02/2026;0,006871944;Av. das Américas, 4666 - Barra da Tijuca, Rio de Janeiro - RJ, 22640-102, Brasil;Av. das Américas, 4666 - Barra da Tijuca, Rio de Janeiro - RJ, 22640-102, Brasil;00:09:53;0;04:30:00;04:40:39
TUK2E07;AMBEV, Vehicle, Diesel;20/02/2026;00:10:50;20/02/2026;0,006493125;Av. das Américas, 4666 - Barra da Tijuca, Rio de Janeiro - RJ, 22640-102, Brasil;Av. das Américas, 411 - Barra da Tijuca, Rio de Janeiro - RJ, 22631-000, Brasil;00:01:03;65;04:40:39;04:54:00
TUK2E07;AMBEV, Vehicle, Diesel;20/02/2026;00:06:50;20/02/2026;0,000390613;Av. das Américas, 411 - Barra da Tijuca, Rio de Janeiro - RJ, 22631-000, Brasil;Av. Marechal Henrique Lott, 120 - Sl 208 - Barra da Tijuca, Rio de Janeiro - RJ, 22631-370, Brasil;00:00:04;52;04:54:00;05:00:00
TUK2E07;AMBEV, Vehicle, Diesel;20/02/2026;00:00:33;20/02/2026;0,036117685;Av. Marechal Henrique Lott, 120 - Sl 208 - Barra da Tijuca, Rio de Janeiro - RJ, 22631-370, Brasil;Av. Marechal Henrique Lott, 120 - Sl 208 - Barra da Tijuca, Rio de Janeiro - RJ, 22631-370, Brasil;00:00:04;4;05:00:00;05:00:00
TUK2E07;AMBEV, Vehicle, Diesel;20/02/2026;00:10:35;20/02/2026;0,011849028;Av. Marechal Henrique Lott, 120 - Sl 208 - Barra da Tijuca, Rio de Janeiro - RJ, 22631-370, Brasil;Av. Gen. Felicíssimo Cardoso, 835 - Barra da Tijuca, Rio de Janeiro - RJ, 22631-360, Brasil;00:00:02;35;05:00:00;05:12:00
TUK2E07;AMBEV, Vehicle, Diesel;20/02/2026;00:08:08;20/02/2026;0,007899745;Av. Gen. Felicíssimo Cardoso, 835 - Barra da Tijuca, Rio de Janeiro - RJ, 22631-360, Brasil;Av. Pref. Dulcídio Cardoso, 2900 - Barra da Tijuca, Rio de Janeiro - RJ, 22631-052, Brasil;00:00:02;29;05:12:00;05:18:00
TUK2E07;AMBEV, Vehicle, Diesel;20/02/2026;00:03:29;20/02/2026;0,006305382;Av. Pref. Dulcídio Cardoso, 2900 - Barra da Tijuca, Rio de Janeiro - RJ, 22631-052, Brasil;Rua Rosalina Brand, 415-441 - Barra da Tijuca, Rio de Janeiro - RJ, 22631-260, Brasil;00:00:02;41;05:18:00;05:24:00
TUK2E07;AMBEV, Vehicle, Diesel;20/02/2026;00:03:44;20/02/2026;0,004180012;Rua Rosalina Brand, 415-441 - Barra da Tijuca, Rio de Janeiro - RJ, 22631-260, Brasil;Av. Min. Afrânio Costa, 91 - Barra da Tijuca, Rio de Janeiro - RJ, 22631-220, Brasil;00:00:05;29;05:24:00;05:24:00
TUK2E07;AMBEV, Vehicle, Diesel;20/02/2026;00:07:31;20/02/2026;0,021148461;Av. Min. Afrânio Costa, 91 - Barra da Tijuca, Rio de Janeiro - RJ, 22631-220, Brasil;R. Luiz Bonfá, 100 - Barra da Tijuca, Rio de Janeiro - RJ, 22640-100, Brasil;00:01:02;50;05:24:00;05:30:56
TUK2E07;AMBEV, Vehicle, Diesel;20/02/2026;00:08:09;20/02/2026;0,002303241;R. Luiz Bonfá, 100 - Barra da Tijuca, Rio de Janeiro - RJ, 22640-100, Brasil;Av. das Américas, 2900 - Barra da Tijuca, Rio de Janeiro - RJ, 22640-102, Brasil;00:03:19;42;05:30:56;05:42:24
TUK2E07;AMBEV, Vehicle, Diesel;20/02/2026;00:18:31;20/02/2026;0,002314815;Av. das Américas, 2900 - Barra da Tijuca, Rio de Janeiro - RJ, 22640-102, Brasil;Av. das Lagoas, 1366 - Gardênia Azul, Rio de Janeiro - RJ, 22765-451, Brasil;00:03:20;65;05:42:24;06:04:15
TUK2E07;AMBEV, Vehicle, Diesel;20/02/2026;00:06:24;20/02/2026;0,000568796;Av. das Lagoas, 1366 - Gardênia Azul, Rio de Janeiro - RJ, 22765-451, Brasil;Estr. de Jacarepaguá, 5895 - Freguesia (Jacarepaguá), Rio de Janeiro - RJ, 22753-033, Brasil;00:00:04;46;06:04:15;06:12:00
TUK2E07;AMBEV, Vehicle, Diesel;20/02/2026;00:03:02;20/02/2026;0,001112407;Estr. de Jacarepaguá, 5895 - Freguesia (Jacarepaguá), Rio de Janeiro - RJ, 22753-033, Brasil;Estr. do Engenho d'Água, 655 - Anil, Rio de Janeiro - RJ, 22765-240, Brasil;00:00:03;31;06:12:00;06:18:00
TUK2E07;AMBEV, Vehicle, Diesel;20/02/2026;00:01:11;20/02/2026;0,007753727;Estr. do Engenho d'Água, 655 - Anil, Rio de Janeiro - RJ, 22765-240, Brasil;Estr. do Engenho d'Água, 655 - Anil, Rio de Janeiro - RJ, 22765-240, Brasil;00:00:03;26;06:18:00;06:18:00
TUK2E07;AMBEV, Vehicle, Diesel;20/02/2026;00:03:39;20/02/2026;0,013845475;Estr. do Engenho d'Água, 655 - Anil, Rio de Janeiro - RJ, 22765-240, Brasil;Estr. do Engenho d'Água, 655 - Anil, Rio de Janeiro - RJ, 22765-240, Brasil;00:00:04;37;06:18:00;06:24:00
TUK2E07;AMBEV, Vehicle, Diesel;20/02/2026;00:01:26;20/02/2026;0,312827199;Estr. do Engenho d'Água, 655 - Anil, Rio de Janeiro - RJ, 22765-240, Brasil;Estr. do Engenho d'Água, 655 - Anil, Rio de Janeiro - RJ, 22765-240, Brasil;00:00:07;33;06:24:00;06:24:00
TUK2E07;AMBEV, Vehicle, Diesel;20/02/2026;00:01:32;20/02/2026;0,122304525;Estr. do Engenho d'Água, 655 - Anil, Rio de Janeiro - RJ, 22765-240, Brasil;Estr. do Engenho d'Água, 655 - Anil, Rio de Janeiro - RJ, 22765-240, Brasil;00:00:05;28;06:24:00;06:24:00
TUK2E07;AMBEV, Vehicle, Diesel;21/02/2026;00:03:00;21/02/2026;0,193069132;Estr. do Engenho d'Água, 655 - Anil, Rio de Janeiro - RJ, 22765-240, Brasil;Estr. do Engenho d'Água, 655 - Anil, Rio de Janeiro - RJ, 22765-240, Brasil;00:00:12;22;06:24:00;06:30:00
TUK2E07;AMBEV, Vehicle, Diesel;21/02/2026;00:01:42;21/02/2026;0,001171609;Estr. do Engenho d'Água, 655 - Anil, Rio de Janeiro - RJ, 22765-240, Brasil;R. O Tempo e O Vento, 54 - Anil, Rio de Janeiro - RJ, 22753-340, Brasil;00:00:03;17;06:30:00;06:30:00
TUK2E07;AMBEV, Vehicle, Diesel;21/02/2026;00:11:23;21/02/2026;0,006244271;R. O Tempo e O Vento, 54 - Anil, Rio de Janeiro - RJ, 22753-340, Brasil;Estr. de Jacarepaguá, 5953 - Anil, Rio de Janeiro - RJ, 22753-030, Brasil;00:00:12;18;06:30:00;06:42:00
TUK2E07;AMBEV, Vehicle, Diesel;21/02/2026;00:32:52;21/02/2026;0,039998727;Estr. de Jacarepaguá, 5953 - Anil, Rio de Janeiro - RJ, 22753-030, Brasil;Av. Pref. Mendes de Morais, 125 - São Conrado, Rio de Janeiro - RJ, 22610-095, Brasil;00:00:02;52;06:42:00;07:12:00
TUK2E07;AMBEV, Vehicle, Diesel;21/02/2026;00:00:45;21/02/2026;0,019451296;Av. Pref. Mendes de Morais, 125 - São Conrado, Rio de Janeiro - RJ, 22610-095, Brasil;Av. Pref. Mendes de Morais, 125 - São Conrado, Rio de Janeiro - RJ, 22610-095, Brasil;00:01:03;16;07:12:00;07:18:00
TUK2E07;AMBEV, Vehicle, Diesel;21/02/2026;00:06:00;21/02/2026;0,047227963;Av. Pref. Mendes de Morais, 125 - São Conrado, Rio de Janeiro - RJ, 22610-095, Brasil;Caminho do Boiadeiro, 1 - Rocinha, Rio de Janeiro - RJ, 22451-265, Brasil;00:00:02;35;07:18:00;07:24:00
TUK2E07;AMBEV, Vehicle, Diesel;21/02/2026;00:10:35;21/02/2026;0,002615741;Caminho do Boiadeiro, 1 - Rocinha, Rio de Janeiro - RJ, 22451-265, Brasil;Caminho do Boiadeiro, 1 - Rocinha, Rio de Janeiro - RJ, 22451-265, Brasil;00:03:46;0;07:24:00;07:38:21
TUK2E07;AMBEV, Vehicle, Diesel;21/02/2026;00:06:54;21/02/2026;0,017632859;Caminho do Boiadeiro, 1 - Rocinha, Rio de Janeiro - RJ, 22451-265, Brasil;Caminho do Boiadeiro, 1 - Rocinha, Rio de Janeiro - RJ, 22451-265, Brasil;00:00:21;0;07:38:21;07:42:00
TUK2E07;AMBEV, Vehicle, Diesel;21/02/2026;00:05:05;21/02/2026;0,019441435;Caminho do Boiadeiro, 1 - Rocinha, Rio de Janeiro - RJ, 22451-265, Brasil;Estr. da Gávea, 233-223 - Gávea, Rio de Janeiro - RJ, 22610-001, Brasil;00:00:02;22;07:42:00;07:48:00
TUK2E07;AMBEV, Vehicle, Diesel;21/02/2026;00:17:57;21/02/2026;0,143104028;Estr. da Gávea, 233-223 - Gávea, Rio de Janeiro - RJ, 22610-001, Brasil;R. da Servidão E, 20 - São Conrado, Rio de Janeiro - RJ, 22451-262, Brasil;00:16:13;48;07:48:00;08:24:00
TUK2E07;AMBEV, Vehicle, Diesel;21/02/2026;00:11:40;21/02/2026;0,008373113;R. da Servidão E, 20 - São Conrado, Rio de Janeiro - RJ, 22451-262, Brasil;Avenida Niemeyer Próximo Ao 19 - São Conrado, Rio de Janeiro - RJ, 22610-095, Brasil;00:01:08;29;08:24:00;08:36:00
TUK2E07;AMBEV, Vehicle, Diesel;21/02/2026;00:43:41;21/02/2026;0,001481331;Avenida Niemeyer Próximo Ao 19 - São Conrado, Rio de Janeiro - RJ, 22610-095, Brasil;R. O Tempo e O Vento, 54 - Anil, Rio de Janeiro - RJ, 22753-340, Brasil;00:00:15;59;08:36:00;09:18:00
TUK2E07;AMBEV, Vehicle, Diesel;21/02/2026;00:01:41;21/02/2026;0,038280856;R. O Tempo e O Vento, 54 - Anil, Rio de Janeiro - RJ, 22753-340, Brasil;Estr. do Engenho d'Água, 655 - Anil, Rio de Janeiro - RJ, 22765-240, Brasil;00:00:02;20;09:18:00;09:18:00
TUK2E07;AMBEV, Vehicle, Diesel;21/02/2026;00:02:21;21/02/2026;0,007032431;Estr. do Engenho d'Água, 655 - Anil, Rio de Janeiro - RJ, 22765-240, Brasil;Estr. do Engenho d'Água, 655 - Anil, Rio de Janeiro - RJ, 22765-240, Brasil;00:00:04;28;09:18:00;09:24:00
TUK2E07;AMBEV, Vehicle, Diesel;21/02/2026;00:01:37;21/02/2026;1,325505382;Estr. do Engenho d'Água, 655 - Anil, Rio de Janeiro - RJ, 22765-240, Brasil;R. O Tempo e O Vento, 54 - Anil, Rio de Janeiro - RJ, 22753-340, Brasil;00:00:04;26;09:24:00;09:24:00
TXO2F71;AMBEV, Vehicle, Diesel;18/02/2026;00:06:59;18/02/2026;0,839375;R. Cap. Juvenal Figueiredo, 2999 - Colubandê, São Gonçalo - RJ, 24744-560, Brasil;RJ-104, 3001 - Tribobó, São Gonçalo - RJ, 24426, Brasil;00:40:39;12;16:07:19;16:54:39
TXO2F71;AMBEV, Vehicle, Diesel;19/02/2026;01:53:20;19/02/2026;0,008746898;RJ-104, 3001 - Tribobó, São Gonçalo - RJ, 24426, Brasil;Rodovia Governador Mário Covas Próximo Ao 47592 - Campo Grande, Rio de Janeiro - RJ, 23068, Brasil;00:00:10;77;16:54:39;18:48:03
TXO2F71;AMBEV, Vehicle, Diesel;19/02/2026;00:01:39;19/02/2026;0,002430556;Rodovia Governador Mário Covas Próximo Ao 47592 - Campo Grande, Rio de Janeiro - RJ, 23068, Brasil;Av. Brasil, 49800 - Campo Grande, Rio de Janeiro - RJ, 21012-351, Brasil;00:03:30;14;18:48:03;18:53:12
TXO2F71;AMBEV, Vehicle, Diesel;19/02/2026;00:45:39;19/02/2026;0,014050926;Av. Brasil, 49800 - Campo Grande, Rio de Janeiro - RJ, 21012-351, Brasil;Av. Brasil, 11981 - Parada de Lucas, Rio de Janeiro - RJ, 21012-351, Brasil;00:15:56;77;18:53:12;19:51:46
TXO2F71;AMBEV, Vehicle, Diesel;19/02/2026;00:02:23;19/02/2026;0,006875;Av. Brasil, 11981 - Parada de Lucas, Rio de Janeiro - RJ, 21012-351, Brasil;Av. Brasil, 14 - Brás de Pina, Rio de Janeiro - RJ, 21515-000, Brasil;00:09:54;5;19:51:46;20:04:03
TXO2F71;AMBEV, Vehicle, Diesel;19/02/2026;00:01:22;19/02/2026;0,103556227;Av. Brasil, 14 - Brás de Pina, Rio de Janeiro - RJ, 21515-000, Brasil;Av. Brasil, 11945 - Parada de Lucas, Rio de Janeiro - RJ, 21012-351, Brasil;01:05:14;3;20:04:03;21:12:00
TXO2F71;AMBEV, Vehicle, Diesel;19/02/2026;00:00:14;19/02/2026;0,047608831;Av. Brasil, 11945 - Parada de Lucas, Rio de Janeiro - RJ, 21012-351, Brasil;Av. Brasil, 11925 - Parada de Lucas, Rio de Janeiro - RJ, 21012-351, Brasil;00:25:55;0;21:12:00;21:36:00
TXO2F71;AMBEV, Vehicle, Diesel;19/02/2026;00:00:16;19/02/2026;0,089313299;Av. Brasil, 11925 - Parada de Lucas, Rio de Janeiro - RJ, 21012-351, Brasil;Av. Brasil, 11945 - Parada de Lucas, Rio de Janeiro - RJ, 21012-351, Brasil;00:45:14;0;21:36:00;22:24:00
TXO2F71;AMBEV, Vehicle, Diesel;19/02/2026;00:38:00;19/02/2026;0,27651485;Av. Brasil, 11945 - Parada de Lucas, Rio de Janeiro - RJ, 21012-351, Brasil;Av. Brasil, 49800 - Campo Grande, Rio de Janeiro - RJ, 21012-351, Brasil;00:00:12;77;22:24:00;23:00:00
TXO2F71;AMBEV, Vehicle, Diesel;20/02/2026;00:02:19;20/02/2026;0,002476852;Av. Brasil, 49800 - Campo Grande, Rio de Janeiro - RJ, 21012-351, Brasil;Av. Brasil, 49800 - Campo Grande, Rio de Janeiro - RJ, 21012-351, Brasil;00:03:34;17;23:00:00;23:05:53
TXO2F71;AMBEV, Vehicle, Diesel;20/02/2026;00:01:32;20/02/2026;0,06352581;Av. Brasil, 49800 - Campo Grande, Rio de Janeiro - RJ, 21012-351, Brasil;Av. Brasil, 49800 - Campo Grande, Rio de Janeiro - RJ, 21012-351, Brasil;00:03:06;4;23:05:53;23:12:00
TXO2F71;AMBEV, Vehicle, Diesel;20/02/2026;00:01:47;20/02/2026;0,010604988;Av. Brasil, 49800 - Campo Grande, Rio de Janeiro - RJ, 21012-351, Brasil;Av. Brasil, 49800 - Campo Grande, Rio de Janeiro - RJ, 21012-351, Brasil;00:00:10;16;23:12:00;23:12:00
TXO2F71;AMBEV, Vehicle, Diesel;20/02/2026;00:03:27;20/02/2026;0,005027616;Av. Brasil, 49800 - Campo Grande, Rio de Janeiro - RJ, 21012-351, Brasil;Estrada Br 101, Campo Grande, Rio de Janeiro - Campo Grande, Rio de Janeiro - RJ, 23068, Brasil;00:00:07;18;23:12:00;23:18:00
TXO2F71;AMBEV, Vehicle, Diesel;20/02/2026;00:11:18;20/02/2026;0,010690359;Estrada Br 101, Campo Grande, Rio de Janeiro - Campo Grande, Rio de Janeiro - RJ, 23068, Brasil;Estr. Rio São Paulo, 4421 - Campo Grande, Rio de Janeiro - RJ, 23087-005, Brasil;00:00:08;74;23:18:00;23:30:00
TXO2F71;AMBEV, Vehicle, Diesel;20/02/2026;00:04:14;20/02/2026;0,003560995;Estr. Rio São Paulo, 4421 - Campo Grande, Rio de Janeiro - RJ, 23087-005, Brasil;Estrada Sem Nome - Campo Grande, Rio de Janeiro - RJ, Brasil;00:00:06;24;23:30:00;23:36:00
TXO2F71;AMBEV, Vehicle, Diesel;20/02/2026;00:00:58;20/02/2026;0,041904583;Estrada Sem Nome - Campo Grande, Rio de Janeiro - RJ, Brasil;Estrada Sem Nome - Campo Grande, Rio de Janeiro - RJ, Brasil;00:04:41;12;23:36:00;23:36:54
TXO2F71;AMBEV, Vehicle, Diesel;20/02/2026;00:26:42;20/02/2026;0,006881516;Estrada Sem Nome - Campo Grande, Rio de Janeiro - RJ, Brasil;Estrada Rio - Jardins, Seropédica - RJ, 23890-000, Brasil;00:00:07;57;23:36:54;00:06:00
TXO2F71;AMBEV, Vehicle, Diesel;20/02/2026;03:49:55;20/02/2026;0,006296296;Estrada Rio - Jardins, Seropédica - RJ, 23890-000, Brasil;Rodovia BR 040, km 6.5 - Comendador Levy Gasparian, RJ, 25870-000, Brasil;00:03:52;79;00:06:00;03:57:45
TXO2F71;AMBEV, Vehicle, Diesel;20/02/2026;03:07:34;20/02/2026;0,518466458;Rodovia BR 040, km 6.5 - Comendador Levy Gasparian, RJ, 25870-000, Brasil;Rod. Pres. Juscelino Kubitschek, 1011 - Alfredo Vasconcelos, MG, 36270-000, Brasil;00:00:32;81;03:57:45;07:06:00
TXO2F71;AMBEV, Vehicle, Diesel;21/02/2026;01:45:38;21/02/2026;0,008631748;Rod. Pres. Juscelino Kubitschek, 1011 - Alfredo Vasconcelos, MG, 36270-000, Brasil;Rodovia BR-040, Km 610 - Congonhas, MG, 36415-000, Brasil;00:00:08;79;07:06:00;08:54:00
TXO2F71;AMBEV, Vehicle, Diesel;21/02/2026;03:19:57;21/02/2026;0,013761863;Rodovia BR-040, Km 610 - Congonhas, MG, 36415-000, Brasil;R. Padre Paulo, 391 - Aeroporto Industrial, Sete Lagoas - MG, 35703-671, Brasil;00:00:15;79;08:54:00;12:12:00
TXO2F71;AMBEV, Vehicle, Diesel;21/02/2026;00:00:42;21/02/2026;0,080309028;R. Padre Paulo, 391 - Aeroporto Industrial, Sete Lagoas - MG, 35703-671, Brasil;R. Padre Paulo, 391 - Aeroporto Industrial, Sete Lagoas - MG, 35703-671, Brasil;00:09:53;5;12:12:00;12:24:00
TXO2F71;AMBEV, Vehicle, Diesel;21/02/2026;00:04:36;21/02/2026;0,020636574;R. Padre Paulo, 391 - Aeroporto Industrial, Sete Lagoas - MG, 35703-671, Brasil;R. Padre Paulo, 71 - Aeroporto Industrial, Sete Lagoas - MG, 35703-671, Brasil;00:29:43;28;12:24:00;12:58:19
TXO2F71;AMBEV, Vehicle, Diesel;21/02/2026;00:02:27;21/02/2026;0,005898634;R. Padre Paulo, 71 - Aeroporto Industrial, Sete Lagoas - MG, 35703-671, Brasil;R. H 3, 150 - Sete Lagoas, MG, 35703-237, Brasil;00:00:05;14;12:58:19;13:00:00
TXO2F71;AMBEV, Vehicle, Diesel;21/02/2026;00:02:58;21/02/2026;0,039799688;R. H 3, 150 - Sete Lagoas, MG, 35703-237, Brasil;R. Padre Paulo, 391 - Aeroporto Industrial, Sete Lagoas - MG, 35703-671, Brasil;00:21:19;16;13:00:00;13:24:00
TXO2F71;AMBEV, Vehicle, Diesel;21/02/2026;00:08:48;21/02/2026;0,03863059;R. Padre Paulo, 391 - Aeroporto Industrial, Sete Lagoas - MG, 35703-671, Brasil;R. Padre Paulo, 391 - Aeroporto Industrial, Sete Lagoas - MG, 35703-671, Brasil;00:01:18;13;13:24:00;13:36:00
TXO2F71;AMBEV, Vehicle, Diesel;21/02/2026;00:02:40;21/02/2026;0,017769086;R. Padre Paulo, 391 - Aeroporto Industrial, Sete Lagoas - MG, 35703-671, Brasil;R. Padre Paulo, 391 - Aeroporto Industrial, Sete Lagoas - MG, 35703-671, Brasil;00:00:04;18;13:36:00;13:36:00
TXO2F71;AMBEV, Vehicle, Diesel;21/02/2026;00:08:26;21/02/2026;0,001758958;R. Padre Paulo, 391 - Aeroporto Industrial, Sete Lagoas - MG, 35703-671, Brasil;JQ3R+XJ - Sete Lagoas, MG, Brasil;00:00:20;50;13:36:00;13:48:00
TXO2F71;AMBEV, Vehicle, Diesel;21/02/2026;00:01:07;21/02/2026;0,000914977;JQ3R+XJ - Sete Lagoas, MG, Brasil;JQ3R+XJ - Sete Lagoas, MG, Brasil;00:00:05;10;13:48:00;13:48:00
TXO2F71;AMBEV, Vehicle, Diesel;21/02/2026;00:00:13;21/02/2026;0,019521644;JQ3R+XJ - Sete Lagoas, MG, Brasil;JQ3R+XJ - Sete Lagoas, MG, Brasil;00:00:08;1;13:48:00;13:48:00
TXO2F71;AMBEV, Vehicle, Diesel;21/02/2026;00:02:13;21/02/2026;0,003219329;JQ3R+XJ - Sete Lagoas, MG, Brasil;JQ3R+XJ - Sete Lagoas, MG, Brasil;00:00:13;8;13:48:00;13:54:00
TXO2F71;AMBEV, Vehicle, Diesel;21/02/2026;00:02:45;21/02/2026;0,538726852;JQ3R+XJ - Sete Lagoas, MG, Brasil;JQ3R+XJ - Sete Lagoas, MG, Brasil;00:06:52;4;13:54:00;14:02:04
TXO2F71;AMBEV, Vehicle, Diesel;22/02/2026;00:54:53;22/02/2026;0,005608866;JQ3R+XJ - Sete Lagoas, MG, Brasil;Rod. Pres. Juscelino Kubitschek, 110 - Pedro Leopoldo, MG, 33252-286, Brasil;00:00:06;83;14:02:04;14:54:00
TXO2F71;AMBEV, Vehicle, Diesel;22/02/2026;02:36:27;22/02/2026;0,006772188;Rod. Pres. Juscelino Kubitschek, 110 - Pedro Leopoldo, MG, 33252-286, Brasil;R. Rogerio Meireles, 190 - Pedra Do Sino, Carandaí - MG, 36280-000, Brasil;00:00:06;83;14:54:00;17:30:00
TXO2F71;AMBEV, Vehicle, Diesel;22/02/2026;02:05:11;22/02/2026;0,003075;R. Rogerio Meireles, 190 - Pedra Do Sino, Carandaí - MG, 36280-000, Brasil;BR-040 - Juiz de Fora, MG, Brasil;00:00:08;81;17:30:00;19:36:00
TXO2F71;AMBEV, Vehicle, Diesel;22/02/2026;00:21:03;22/02/2026;0,043146111;BR-040 - Juiz de Fora, MG, Brasil;Rod. Pres. Juscelino Kubitschek, Matias Barbosa - MG, 36120-000, Brasil;00:00:10;79;19:36:00;20:00:00
TXO2F71;AMBEV, Vehicle, Diesel;22/02/2026;01:42:20;22/02/2026;0,0034375;Rod. Pres. Juscelino Kubitschek, Matias Barbosa - MG, 36120-000, Brasil;Rod. Washington Luiz - Vila Sao Luis, Petrópolis - RJ, Brasil;00:04:57;79;20:00:00;21:47:17
TXO2F71;AMBEV, Vehicle, Diesel;22/02/2026;01:09:16;22/02/2026;0,002308148;Rod. Washington Luiz - Vila Sao Luis, Petrópolis - RJ, Brasil;BR-493 - Boa Esperança, Seropédica - RJ, 23890-000, Brasil;00:00:04;83;21:47:17;22:54:00
TXO2F71;AMBEV, Vehicle, Diesel;22/02/2026;00:40:27;22/02/2026;0,013357488;BR-493 - Boa Esperança, Seropédica - RJ, 23890-000, Brasil;Estrada Sem Nome - Campo Grande, Rio de Janeiro - RJ, Brasil;00:00:21;79;22:54:00;23:36:00
TXO2F71;AMBEV, Vehicle, Diesel;22/02/2026;00:01:19;22/02/2026;0,005420035;Estrada Sem Nome - Campo Grande, Rio de Janeiro - RJ, Brasil;Estrada Sem Nome - Campo Grande, Rio de Janeiro - RJ, Brasil;00:00:19;15;23:36:00;23:36:00
TXO2F71;AMBEV, Vehicle, Diesel;22/02/2026;00:02:25;22/02/2026;0,003020833;Estrada Sem Nome - Campo Grande, Rio de Janeiro - RJ, Brasil;Estr. Rio São Paulo, 4421 - Campo Grande, Rio de Janeiro - RJ, 23087-005, Brasil;00:04:21;20;23:36:00;23:42:46
TXO2F71;AMBEV, Vehicle, Diesel;22/02/2026;00:01:19;22/02/2026;0,000860035;Estr. Rio São Paulo, 4421 - Campo Grande, Rio de Janeiro - RJ, 23087-005, Brasil;Rod. Luiz Henrique Rezende Novaes 7361, RJ, 23087-005, Brazil;00:00:03;18;23:42:46;23:48:00
TXO2F71;AMBEV, Vehicle, Diesel;22/02/2026;00:07:37;22/02/2026;0,430179988;Rod. Luiz Henrique Rezende Novaes 7361, RJ, 23087-005, Brazil;Rodovia Governador Mário Covas Próximo Ao 47592 - Campo Grande, Rio de Janeiro - RJ, 23068, Brasil;00:00:36;76;23:48:00;23:54:00
UAT9F69;AMBEV, Vehicle, Diesel;18/02/2026;00:01:10;18/02/2026;0,013756157;Av. Francisco, 1129 - Campinas, Canindé - CE, 62700-000, Brasil;Av. Francisco, 1129 - Campinas, Canindé - CE, 62700-000, Brasil;00:00:04;7;13:47:58;13:49:12
UAT9F69;AMBEV, Vehicle, Diesel;18/02/2026;00:02:46;18/02/2026;0,008843171;Av. Francisco, 1129 - Campinas, Canindé - CE, 62700-000, Brasil;Av. Francisco, 1129 - Campinas, Canindé - CE, 62700-000, Brasil;00:00:03;11;13:49:12;13:52:02
UAT9F69;AMBEV, Vehicle, Diesel;18/02/2026;00:00:41;18/02/2026;0,009375;Av. Francisco, 1129 - Campinas, Canindé - CE, 62700-000, Brasil;Av. Francisco, 1149 - Campinas, Canindé - CE, 62700-000, Brasil;00:05:07;11;13:52:02;13:57:50
UAT9F69;AMBEV, Vehicle, Diesel;18/02/2026;00:09:18;18/02/2026;0,021090127;Av. Francisco, 1149 - Campinas, Canindé - CE, 62700-000, Brasil;R. João Bastos, 1793 - Alto Guaramiranga, Canindé - CE, 62700-000, Brasil;00:01:34;35;13:57:50;14:08:43
UAT9F69;AMBEV, Vehicle, Diesel;18/02/2026;00:02:17;18/02/2026;0,025619468;R. João Bastos, 1793 - Alto Guaramiranga, Canindé - CE, 62700-000, Brasil;Rua Professor Francisco Laurismundo Gonzaga Marreiro, 321 - Alto Guaramiranga, Canindé - CE, 62700-000, Brasil;00:03:04;14;14:08:43;14:14:04
UAT9F69;AMBEV, Vehicle, Diesel;18/02/2026;00:05:52;18/02/2026;0,002929711;Rua Professor Francisco Laurismundo Gonzaga Marreiro, 321 - Alto Guaramiranga, Canindé - CE, 62700-000, Brasil;R. Agapito Sampaio, 319 - Alto Guaramiranga, Canindé - CE, 62700-000, Brasil;00:01:00;24;14:14:04;14:20:58
UAT9F69;AMBEV, Vehicle, Diesel;18/02/2026;00:02:18;18/02/2026;0,006152407;R. Agapito Sampaio, 319 - Alto Guaramiranga, Canindé - CE, 62700-000, Brasil;R. Agapito Sampaio, 382 - Alto Guaramiranga, Canindé - CE, 62700-000, Brasil;00:00:09;2;14:20:58;14:23:25
UAT9F69;AMBEV, Vehicle, Diesel;18/02/2026;00:02:47;18/02/2026;0,014320891;R. Agapito Sampaio, 382 - Alto Guaramiranga, Canindé - CE, 62700-000, Brasil;R. João Bastos, 2244 - Alto Guaramiranga, Canindé - CE, 62700-000, Brasil;00:00:36;7;14:23:25;14:26:49
UAT9F69;AMBEV, Vehicle, Diesel;18/02/2026;00:03:05;18/02/2026;0,017183646;R. João Bastos, 2244 - Alto Guaramiranga, Canindé - CE, 62700-000, Brasil;R. Petronilo Barbosa, 2416 - Alto Guaramiranga, Canindé - CE, 62700-000, Brasil;00:00:11;12;14:26:49;14:30:06
UAT9F69;AMBEV, Vehicle, Diesel;18/02/2026;00:07:37;18/02/2026;0,013210729;R. Petronilo Barbosa, 2416 - Alto Guaramiranga, Canindé - CE, 62700-000, Brasil;R. Zilda Magalhães, 240 - Palestina, Canindé - CE, 62700-000, Brasil;00:00:55;28;14:30:06;14:38:38
UAT9F69;AMBEV, Vehicle, Diesel;18/02/2026;00:05:41;18/02/2026;0,007416238;R. Zilda Magalhães, 240 - Palestina, Canindé - CE, 62700-000, Brasil;R. José Veloso Jucá, 2779 - Palestina, Canindé - CE, 62700-000, Brasil;00:00:07;16;14:38:38;14:44:26
UAT9F69;AMBEV, Vehicle, Diesel;18/02/2026;00:06:35;18/02/2026;0,0034375;R. José Veloso Jucá, 2779 - Palestina, Canindé - CE, 62700-000, Brasil;R. Angélica, 2646 - Palestina, Canindé - CE, 62700-000, Brasil;00:04:57;22;14:44:26;14:55:58
UAT9F69;AMBEV, Vehicle, Diesel;18/02/2026;00:01:08;18/02/2026;0,003715278;R. Angélica, 2646 - Palestina, Canindé - CE, 62700-000, Brasil;R. Bahia, 582 - Palestina, Canindé - CE, 62700-000, Brasil;00:05:21;3;14:55:58;15:02:27
UAT9F69;AMBEV, Vehicle, Diesel;18/02/2026;00:05:53;18/02/2026;0,01118022;R. Bahia, 582 - Palestina, Canindé - CE, 62700-000, Brasil;R. José Veloso Jucá, 3526 - Palestina, Canindé - CE, 62700-000, Brasil;00:00:04;33;15:02:27;15:08:25
UAT9F69;AMBEV, Vehicle, Diesel;18/02/2026;00:04:36;18/02/2026;0,014058727;R. José Veloso Jucá, 3526 - Palestina, Canindé - CE, 62700-000, Brasil;R. Edmundo Bandeira, 515 - Palestina, Canindé - CE, 62700-000, Brasil;00:00:04;24;15:08:25;15:13:05
UAT9F69;AMBEV, Vehicle, Diesel;18/02/2026;00:04:27;18/02/2026;0,002607095;R. Edmundo Bandeira, 515 - Palestina, Canindé - CE, 62700-000, Brasil;R. Zilda Magalhães, 240 - Palestina, Canindé - CE, 62700-000, Brasil;00:00:04;31;15:13:05;15:17:36
UAT9F69;AMBEV, Vehicle, Diesel;18/02/2026;00:16:22;18/02/2026;0,024165243;R. Zilda Magalhães, 240 - Palestina, Canindé - CE, 62700-000, Brasil;R. Paulino Barroso, 1923 - Centro, Canindé - CE, 62700-000, Brasil;00:00:12;33;15:17:36;15:34:10
UAT9F69;AMBEV, Vehicle, Diesel;18/02/2026;00:04:52;18/02/2026;0,026978287;R. Paulino Barroso, 1923 - Centro, Canindé - CE, 62700-000, Brasil;R. Euclídes Barroso, 666 - Centro, Canindé - CE, 62700-000, Brasil;00:00:11;26;15:34:10;15:39:14
UAT9F69;AMBEV, Vehicle, Diesel;18/02/2026;00:00:25;18/02/2026;0,010138889;R. Euclídes Barroso, 666 - Centro, Canindé - CE, 62700-000, Brasil;R. Euclídes Barroso, 608 - Centro, Canindé - CE, 62700-000, Brasil;00:09:10;12;15:39:14;15:48:50
UAT9F69;AMBEV, Vehicle, Diesel;18/02/2026;00:08:59;18/02/2026;0,023686806;R. Euclídes Barroso, 608 - Centro, Canindé - CE, 62700-000, Brasil;R. Mozart Pinto, 216 - Centro, Canindé - CE, 62700-000, Brasil;00:00:05;26;15:48:50;15:57:55
UAT9F69;AMBEV, Vehicle, Diesel;18/02/2026;00:05:51;18/02/2026;0,009633924;R. Mozart Pinto, 216 - Centro, Canindé - CE, 62700-000, Brasil;R. Simão Barbosa Cordeiro, 2084 - João Paulo II, Canindé - CE, 62700-000, Brasil;00:00:24;37;15:57:55;16:04:10
UAT9F69;AMBEV, Vehicle, Diesel;18/02/2026;00:04:29;18/02/2026;0,012782593;R. Simão Barbosa Cordeiro, 2084 - João Paulo II, Canindé - CE, 62700-000, Brasil;R. Euclídes Wilcar, 2174 - João Paulo II, Canindé - CE, 62700-000, Brasil;00:00:21;20;16:04:10;16:09:01
UAT9F69;AMBEV, Vehicle, Diesel;18/02/2026;00:04:05;18/02/2026;0,008837905;R. Euclídes Wilcar, 2174 - João Paulo II, Canindé - CE, 62700-000, Brasil;R. Francisco M. de Sousa, 638 - João Paulo II, Canindé - CE, 62700-000, Brasil;00:01:39;17;16:09:01;16:14:45
UAT9F69;AMBEV, Vehicle, Diesel;18/02/2026;00:13:45;18/02/2026;0,006525463;R. Francisco M. de Sousa, 638 - João Paulo II, Canindé - CE, 62700-000, Brasil;Av. Francisco, 1149 - Campinas, Canindé - CE, 62700-000, Brasil;00:00:07;39;16:14:45;16:28:37
UAT9F69;AMBEV, Vehicle, Diesel;18/02/2026;00:00:54;18/02/2026;0,026271609;Av. Francisco, 1149 - Campinas, Canindé - CE, 62700-000, Brasil;Av. Francisco, 1129 - Campinas, Canindé - CE, 62700-000, Brasil;00:07:14;12;16:28:37;16:36:46
UAT9F69;AMBEV, Vehicle, Diesel;18/02/2026;00:01:29;18/02/2026;0,590854745;Av. Francisco, 1129 - Campinas, Canindé - CE, 62700-000, Brasil;Av. Francisco, 1129 - Campinas, Canindé - CE, 62700-000, Brasil;00:08:50;3;16:36:46;16:47:05
UAT9F69;AMBEV, Vehicle, Diesel;19/02/2026;00:00:48;19/02/2026;0,020669583;Av. Francisco, 1129 - Campinas, Canindé - CE, 62700-000, Brasil;Av. Francisco, 1129 - Campinas, Canindé - CE, 62700-000, Brasil;00:00:05;3;16:47:05;16:47:59
UAT9F69;AMBEV, Vehicle, Diesel;19/02/2026;00:00:31;19/02/2026;0,013752106;Av. Francisco, 1129 - Campinas, Canindé - CE, 62700-000, Brasil;Av. Francisco, 1129 - Campinas, Canindé - CE, 62700-000, Brasil;00:00:37;5;16:47:59;16:49:08
UAT9F69;AMBEV, Vehicle, Diesel;19/02/2026;00:00:38;19/02/2026;0,008784722;Av. Francisco, 1129 - Campinas, Canindé - CE, 62700-000, Brasil;Av. Francisco, 1149 - Campinas, Canindé - CE, 62700-000, Brasil;00:07:20;12;16:49:08;16:57:06
UAT9F69;AMBEV, Vehicle, Diesel;19/02/2026;00:04:57;19/02/2026;0,002303241;Av. Francisco, 1149 - Campinas, Canindé - CE, 62700-000, Brasil;R. Francisco de Paula Barros, 64 - Bela Vista, Canindé - CE, 62700-000, Brasil;00:03:19;33;16:57:06;17:05:22
UAT9F69;AMBEV, Vehicle, Diesel;19/02/2026;00:04:09;19/02/2026;0,001946146;R. Francisco de Paula Barros, 64 - Bela Vista, Canindé - CE, 62700-000, Brasil;Av. Francisco, 1149 - Campinas, Canindé - CE, 62700-000, Brasil;00:00:04;39;17:05:22;17:09:36
UAT9F69;AMBEV, Vehicle, Diesel;19/02/2026;00:06:07;19/02/2026;0,004579433;Av. Francisco, 1149 - Campinas, Canindé - CE, 62700-000, Brasil;Av. São Francisco, 31 - Bela Vista, Canindé - CE, 62700-000, Brasil;00:00:43;41;17:09:36;17:16:27
UAT9F69;AMBEV, Vehicle, Diesel;19/02/2026;00:02:30;19/02/2026;0,010374306;Av. São Francisco, 31 - Bela Vista, Canindé - CE, 62700-000, Brasil;Av. Dr. Aramis Paiva, 428 - Centro, Canindé - CE, 62700-000, Brasil;00:00:05;29;17:16:27;17:19:02
UAT9F69;AMBEV, Vehicle, Diesel;19/02/2026;00:04:15;19/02/2026;0,00880787;Av. Dr. Aramis Paiva, 428 - Centro, Canindé - CE, 62700-000, Brasil;R. Ver. José Mesquita de Queiroz, 115 - Alto Guaramiranga, Canindé - CE, 62700-000, Brasil;00:05:24;26;17:19:02;17:28:41
UAT9F69;AMBEV, Vehicle, Diesel;19/02/2026;00:09:36;19/02/2026;0,010340671;R. Ver. José Mesquita de Queiroz, 115 - Alto Guaramiranga, Canindé - CE, 62700-000, Brasil;R. Joaquim Custódio, 85 - Alto Guaramiranga, Canindé - CE, 62700-000, Brasil;00:00:05;24;17:28:41;17:38:22
UAT9F69;AMBEV, Vehicle, Diesel;19/02/2026;00:05:51;19/02/2026;0,015852789;R. Joaquim Custódio, 85 - Alto Guaramiranga, Canindé - CE, 62700-000, Brasil;R. Joaquim Magalhães, 1175 - Centro, Canindé - CE, 62700-000, Brasil;00:00:39;24;17:38:22;17:44:53
UAT9F69;AMBEV, Vehicle, Diesel;19/02/2026;00:07:59;19/02/2026;0,010940451;R. Joaquim Magalhães, 1175 - Centro, Canindé - CE, 62700-000, Brasil;R. Cidio Martins, 14 - João Paulo II, Canindé - CE, 62700-000, Brasil;00:00:10;28;17:44:53;17:53:02
UAT9F69;AMBEV, Vehicle, Diesel;19/02/2026;00:10:16;19/02/2026;0,009529734;R. Cidio Martins, 14 - João Paulo II, Canindé - CE, 62700-000, Brasil;R. Odilon Macambira, 1416 - Cap. Pedro Sampaio, Canindé - CE, 62700-000, Brasil;00:00:54;29;17:53:02;18:04:12
UAT9F69;AMBEV, Vehicle, Diesel;19/02/2026;00:04:51;19/02/2026;0,022326863;R. Odilon Macambira, 1416 - Cap. Pedro Sampaio, Canindé - CE, 62700-000, Brasil;R. José Paixão, 2104 - Cap. Pedro Sampaio, Canindé - CE, 62700-000, Brasil;00:00:44;18;18:04:12;18:09:47
UAT9F69;AMBEV, Vehicle, Diesel;19/02/2026;00:00:47;19/02/2026;0,03548463;R. José Paixão, 2104 - Cap. Pedro Sampaio, Canindé - CE, 62700-000, Brasil;R. José Paixão, 2018 - Cap. Pedro Sampaio, Canindé - CE, 62700-000, Brasil;00:08:17;11;18:09:47;18:18:52
UAT9F69;AMBEV, Vehicle, Diesel;19/02/2026;00:00:25;19/02/2026;0,007197813;R. José Paixão, 2018 - Cap. Pedro Sampaio, Canindé - CE, 62700-000, Brasil;R. Euclídes Barroso, 2001 - Santa Luzia, Canindé - CE, 62700-000, Brasil;00:00:04;9;18:18:52;18:19:21
UAT9F69;AMBEV, Vehicle, Diesel;19/02/2026;00:04:29;19/02/2026;0,006633681;R. Euclídes Barroso, 2001 - Santa Luzia, Canindé - CE, 62700-000, Brasil;R. Prof. Raimundo Martins, 1448 - Cap. Pedro Sampaio, Canindé - CE, 62700-000, Brasil;00:00:40;28;18:19:21;18:24:31
UAT9F69;AMBEV, Vehicle, Diesel;19/02/2026;00:03:59;19/02/2026;0,002337963;R. Prof. Raimundo Martins, 1448 - Cap. Pedro Sampaio, Canindé - CE, 62700-000, Brasil;R. Luiz Fabiano, 2360 - Centro, Canindé - CE, 62700-000, Brasil;00:03:22;24;18:24:31;18:31:52
UAT9F69;AMBEV, Vehicle, Diesel;19/02/2026;00:05:04;19/02/2026;0,004849421;R. Luiz Fabiano, 2360 - Centro, Canindé - CE, 62700-000, Brasil;R. Euclídes Barroso, 900 - Santa Luzia, Canindé - CE, 62700-000, Brasil;00:00:31;24;18:31:52;18:37:28
UAT9F69;AMBEV, Vehicle, Diesel;19/02/2026;00:03:55;19/02/2026;0,003868854;R. Euclídes Barroso, 900 - Santa Luzia, Canindé - CE, 62700-000, Brasil;R. Leôncio Magno, 1251 - Santa Luzia, Canindé - CE, 62700-000, Brasil;00:00:58;41;18:37:28;18:42:21
UAT9F69;AMBEV, Vehicle, Diesel;19/02/2026;00:03:21;19/02/2026;0,026022164;R. Leôncio Magno, 1251 - Santa Luzia, Canindé - CE, 62700-000, Brasil;R. José Karam, 1250 - Santa Luzia, Canindé - CE, 62700-000, Brasil;00:07:57;20;18:42:21;18:53:40
UAT9F69;AMBEV, Vehicle, Diesel;19/02/2026;00:03:41;19/02/2026;0,019444363;R. José Karam, 1250 - Santa Luzia, Canindé - CE, 62700-000, Brasil;R. José Pereira de Freitas, 2048 - Canindezinho, Canindé - CE, 62700-000, Brasil;00:00:38;22;18:53:40;18:57:58
UAT9F69;AMBEV, Vehicle, Diesel;19/02/2026;00:07:03;19/02/2026;0,002303241;R. José Pereira de Freitas, 2048 - Canindezinho, Canindé - CE, 62700-000, Brasil;R. Raimunda Alves, 1226 - Santa Luzia, Canindé - CE, 62700-000, Brasil;00:03:19;35;18:57:58;19:08:20
UAT9F69;AMBEV, Vehicle, Diesel;19/02/2026;00:00:07;19/02/2026;0,004057095;R. Raimunda Alves, 1226 - Santa Luzia, Canindé - CE, 62700-000, Brasil;R. Raimunda Alves, 1202 - Santa Luzia, Canindé - CE, 62700-000, Brasil;00:01:02;1;19:08:20;19:09:30
UAT9F69;AMBEV, Vehicle, Diesel;19/02/2026;00:04:28;19/02/2026;0,009722002;R. Raimunda Alves, 1202 - Santa Luzia, Canindé - CE, 62700-000, Brasil;R. Zé Candoia, 1609 - São Francisco, Canindé - CE, 62700-000, Brasil;00:00:29;28;19:09:30;19:14:27
UAT9F69;AMBEV, Vehicle, Diesel;19/02/2026;00:03:44;19/02/2026;0,006512766;R. Zé Candoia, 1609 - São Francisco, Canindé - CE, 62700-000, Brasil;R. Zé Candoia, 1967 - São Francisco, Canindé - CE, 62700-000, Brasil;00:00:22;24;19:14:27;19:18:33
UAT9F69;AMBEV, Vehicle, Diesel;19/02/2026;00:07:18;19/02/2026;0,007873148;R. Zé Candoia, 1967 - São Francisco, Canindé - CE, 62700-000, Brasil;Av. Luciano Magalhães, 868 - Bela Vista, Canindé - CE, 62700-000, Brasil;00:00:08;41;19:18:33;19:26:00
UAT9F69;AMBEV, Vehicle, Diesel;19/02/2026;00:02:26;19/02/2026;0,010672905;Av. Luciano Magalhães, 868 - Bela Vista, Canindé - CE, 62700-000, Brasil;Vila de Contorno Norte, 46 - Bela Vista, Canindé - CE, 62700-000, Brasil;00:00:04;33;19:26:00;19:28:30
UAT9F69;AMBEV, Vehicle, Diesel;19/02/2026;00:02:13;19/02/2026;0,011716528;Vila de Contorno Norte, 46 - Bela Vista, Canindé - CE, 62700-000, Brasil;R. Francisco de Paula Barros, 64 - Bela Vista, Canindé - CE, 62700-000, Brasil;00:02:11;31;19:28:30;19:32:55
UAT9F69;AMBEV, Vehicle, Diesel;19/02/2026;00:05:45;19/02/2026;0,012448646;R. Francisco de Paula Barros, 64 - Bela Vista, Canindé - CE, 62700-000, Brasil;R. Júlio Campos, 200 - Centro, Canindé - CE, 62700-000, Brasil;00:00:27;35;19:32:55;19:39:07
UAT9F69;AMBEV, Vehicle, Diesel;19/02/2026;00:03:08;19/02/2026;0,009391308;R. Júlio Campos, 200 - Centro, Canindé - CE, 62700-000, Brasil;R. Paulino Barroso, 1913 - Centro, Canindé - CE, 62700-000, Brasil;00:00:39;26;19:39:07;19:42:55
UAT9F69;AMBEV, Vehicle, Diesel;19/02/2026;00:06:19;19/02/2026;0,012922176;R. Paulino Barroso, 1913 - Centro, Canindé - CE, 62700-000, Brasil;R. Adenisi Cordeiro, 876 - Bela Vista, Canindé - CE, 62700-000, Brasil;00:00:13;28;19:42:55;19:49:27
UAT9F69;AMBEV, Vehicle, Diesel;19/02/2026;00:06:17;19/02/2026;0,023212488;R. Adenisi Cordeiro, 876 - Bela Vista, Canindé - CE, 62700-000, Brasil;Av. Francisco, 1129 - Campinas, Canindé - CE, 62700-000, Brasil;00:00:06;39;19:49:27;19:55:50
UAT9F69;AMBEV, Vehicle, Diesel;19/02/2026;00:01:04;19/02/2026;0,551952002;Av. Francisco, 1129 - Campinas, Canindé - CE, 62700-000, Brasil;Av. Francisco, 1129 - Campinas, Canindé - CE, 62700-000, Brasil;00:04:07;8;19:55:50;20:01:02
UAT9F69;AMBEV, Vehicle, Diesel;20/02/2026;00:01:17;20/02/2026;0,029932639;Av. Francisco, 1129 - Campinas, Canindé - CE, 62700-000, Brasil;Av. Francisco, 1129 - Campinas, Canindé - CE, 62700-000, Brasil;00:02:40;6;20:01:02;20:04:59
UAT9F69;AMBEV, Vehicle, Diesel;20/02/2026;00:00:56;20/02/2026;0,005551863;Av. Francisco, 1129 - Campinas, Canindé - CE, 62700-000, Brasil;Av. Francisco, 1129 - Campinas, Canindé - CE, 62700-000, Brasil;00:02:52;8;20:04:59;20:08:47
UAT9F69;AMBEV, Vehicle, Diesel;20/02/2026;00:25:21;20/02/2026;0,003043819;Av. Francisco, 1129 - Campinas, Canindé - CE, 62700-000, Brasil;R. Raimundo Aíres, 2 - Centro, Caridade - CE, 62730-000, Brasil;00:04:22;61;20:08:47;20:38:31
UAT9F69;AMBEV, Vehicle, Diesel;20/02/2026;00:01:04;20/02/2026;0,024300301;R. Raimundo Aíres, 2 - Centro, Caridade - CE, 62730-000, Brasil;R. Cel. Francisco Linhares, 230 - Centro, Caridade - CE, 62730-000, Brasil;00:00:07;12;20:38:31;20:39:42
UAT9F69;AMBEV, Vehicle, Diesel;20/02/2026;00:00:37;20/02/2026;0,007334074;R. Cel. Francisco Linhares, 230 - Centro, Caridade - CE, 62730-000, Brasil;R. Cel. Francisco Linhares, 73 - Centro, Caridade - CE, 62730-000, Brasil;00:00:03;15;20:39:42;20:40:23
UAT9F69;AMBEV, Vehicle, Diesel;20/02/2026;00:00:50;20/02/2026;0,015575787;R. Cel. Francisco Linhares, 73 - Centro, Caridade - CE, 62730-000, Brasil;R. Cel. Francisco Linhares, 73 - Centro, Caridade - CE, 62730-000, Brasil;00:00:02;5;20:40:23;20:41:17
UAT9F69;AMBEV, Vehicle, Diesel;20/02/2026;00:06:20;20/02/2026;0,005530301;R. Cel. Francisco Linhares, 73 - Centro, Caridade - CE, 62730-000, Brasil;R. Padre José Antônio, 218 - Coração de Jesus, Caridade - CE, 62730-000, Brasil;00:00:06;24;20:41:17;20:47:43
UAT9F69;AMBEV, Vehicle, Diesel;20/02/2026;00:04:00;20/02/2026;0,004594907;R. Padre José Antônio, 218 - Coração de Jesus, Caridade - CE, 62730-000, Brasil;R. Raimundo Aíres, 57 - Centro, Caridade - CE, 62730-000, Brasil;00:06:37;31;20:47:43;20:58:20
UAT9F69;AMBEV, Vehicle, Diesel;20/02/2026;00:06:59;20/02/2026;0,003940451;R. Raimundo Aíres, 57 - Centro, Caridade - CE, 62730-000, Brasil;Povoado Vila Nova, 34 - Caridade, CE, 62730-000, Brasil;00:00:03;37;20:58:20;21:05:23
UAT9F69;AMBEV, Vehicle, Diesel;20/02/2026;00:10:41;20/02/2026;0,017688762;Povoado Vila Nova, 34 - Caridade, CE, 62730-000, Brasil;R. Raimundo Aíres, 57 - Centro, Caridade - CE, 62730-000, Brasil;00:00:02;41;21:05:23;21:16:06
UAT9F69;AMBEV, Vehicle, Diesel;20/02/2026;00:04:29;20/02/2026;0,007846319;R. Raimundo Aíres, 57 - Centro, Caridade - CE, 62730-000, Brasil;BR-020, 22521 - Alto da Bela Vista, Caridade - CE, 62730-000, Brasil;00:00:22;37;21:16:06;21:20:57
UAT9F69;AMBEV, Vehicle, Diesel;20/02/2026;00:16:09;20/02/2026;0,005486111;BR-020, 22521 - Alto da Bela Vista, Caridade - CE, 62730-000, Brasil;Estrada Sem Nome - São Domingos, Caridade - CE, 62730-000, Brasil;00:03:43;57;21:20:57;21:40:50
UAT9F69;AMBEV, Vehicle, Diesel;20/02/2026;00:36:19;20/02/2026;0,024799931;Estrada Sem Nome - São Domingos, Caridade - CE, 62730-000, Brasil;Fazenda Caxinauá, 47 - Canindé, CE, 62700-000, Brasil;00:00:51;63;21:40:50;22:18:00
UAT9F69;AMBEV, Vehicle, Diesel;20/02/2026;00:19:30;20/02/2026;0,002314815;Fazenda Caxinauá, 47 - Canindé, CE, 62700-000, Brasil;R. Ercílio Martins, 794 - Campinas, Canindé - CE, 62700-000, Brasil;00:03:20;55;22:18:00;22:40:50
UAT9F69;AMBEV, Vehicle, Diesel;20/02/2026;00:05:47;20/02/2026;0,010449271;R. Ercílio Martins, 794 - Campinas, Canindé - CE, 62700-000, Brasil;Largo Francisco Xavier de Medeiros, 1187 - Imac. Conceição, Canindé - CE, 62700-000, Brasil;00:00:27;33;22:40:50;22:47:05
UAT9F69;AMBEV, Vehicle, Diesel;20/02/2026;00:03:35;20/02/2026;0,007974537;Largo Francisco Xavier de Medeiros, 1187 - Imac. Conceição, Canindé - CE, 62700-000, Brasil;R. Josias Gondim, 570 - Centro, Canindé - CE, 62700-000, Brasil;00:04:36;28;22:47:05;22:55:16
UAT9F69;AMBEV, Vehicle, Diesel;20/02/2026;00:09:42;20/02/2026;0,013918148;R. Josias Gondim, 570 - Centro, Canindé - CE, 62700-000, Brasil;R. Anaiara Lima, 547 - São Francisco, Canindé - CE, 62700-000, Brasil;00:00:20;37;22:55:16;23:05:19
UAT9F69;AMBEV, Vehicle, Diesel;20/02/2026;00:07:43;20/02/2026;0,040798611;R. Anaiara Lima, 547 - São Francisco, Canindé - CE, 62700-000, Brasil;Av. Francisco, 1129 - Campinas, Canindé - CE, 62700-000, Brasil;00:21:33;41;23:05:19;23:34:37
UAT9F69;AMBEV, Vehicle, Diesel;20/02/2026;00:02:22;20/02/2026;0,025547118;Av. Francisco, 1129 - Campinas, Canindé - CE, 62700-000, Brasil;Av. Francisco, 1129 - Campinas, Canindé - CE, 62700-000, Brasil;00:00:38;2;23:34:37;23:37:37
UAT9F69;AMBEV, Vehicle, Diesel;20/02/2026;00:00:29;20/02/2026;0,615539826;Av. Francisco, 1129 - Campinas, Canindé - CE, 62700-000, Brasil;Av. Francisco, 1129 - Campinas, Canindé - CE, 62700-000, Brasil;00:07:33;6;23:37:37;23:45:40
UAT9F69;AMBEV, Vehicle, Diesel;21/02/2026;00:01:33;21/02/2026;0,018449618;Av. Francisco, 1129 - Campinas, Canindé - CE, 62700-000, Brasil;Av. Francisco, 1129 - Campinas, Canindé - CE, 62700-000, Brasil;00:00:06;7;23:45:40;23:47:19
UAT9F69;AMBEV, Vehicle, Diesel;21/02/2026;00:01:06;21/02/2026;0,011724861;Av. Francisco, 1129 - Campinas, Canindé - CE, 62700-000, Brasil;Av. Francisco, 1129 - Campinas, Canindé - CE, 62700-000, Brasil;00:00:05;9;23:47:19;23:48:31
UAT9F69;AMBEV, Vehicle, Diesel;21/02/2026;00:00:38;21/02/2026;0,007167164;Av. Francisco, 1129 - Campinas, Canindé - CE, 62700-000, Brasil;Av. Francisco, 1149 - Campinas, Canindé - CE, 62700-000, Brasil;00:00:02;14;23:48:31;23:49:11
UAT9F69;AMBEV, Vehicle, Diesel;21/02/2026;00:04:07;21/02/2026;0,021771771;Av. Francisco, 1149 - Campinas, Canindé - CE, 62700-000, Brasil;Av. Dr. Aramis Paiva, 1111-1251 - Bela Vista, Canindé - CE, 62700-000, Brasil;00:00:13;37;23:49:11;23:53:31
UAT9F69;AMBEV, Vehicle, Diesel;21/02/2026;00:00:14;21/02/2026;0,014018067;Av. Dr. Aramis Paiva, 1111-1251 - Bela Vista, Canindé - CE, 62700-000, Brasil;Av. Luciano Magalhães, 2754 - Bela Vista, Canindé - CE, 62700-000, Brasil;00:00:01;0;23:53:31;23:53:46
UAT9F69;AMBEV, Vehicle, Diesel;21/02/2026;00:02:08;21/02/2026;0,013785602;Av. Luciano Magalhães, 2754 - Bela Vista, Canindé - CE, 62700-000, Brasil;Av. Luciano Magalhães, 2693 - Bela Vista, Canindé - CE, 62700-000, Brasil;00:00:06;16;23:53:46;23:56:00
UAT9F69;AMBEV, Vehicle, Diesel;21/02/2026;00:02:53;21/02/2026;0,010630417;Av. Luciano Magalhães, 2693 - Bela Vista, Canindé - CE, 62700-000, Brasil;R. Francisco das Chagas Barros, 668 - Bela Vista, Canindé - CE, 62700-000, Brasil;00:01:07;31;23:56:00;00:00:01
UAT9F69;AMBEV, Vehicle, Diesel;21/02/2026;00:10:39;21/02/2026;0,011701389;R. Francisco das Chagas Barros, 668 - Bela Vista, Canindé - CE, 62700-000, Brasil;R. Paulo, 1483 - Bela Vista, Canindé - CE, 62700-000, Brasil;00:04:20;31;00:00:01;00:15:00
UAT9F69;AMBEV, Vehicle, Diesel;21/02/2026;00:10:00;21/02/2026;0,015989028;R. Paulo, 1483 - Bela Vista, Canindé - CE, 62700-000, Brasil;R. Gen. Sampaio, 2296 - Bela Vista, Canindé - CE, 62700-000, Brasil;00:00:06;31;00:15:00;00:25:06
UAT9F69;AMBEV, Vehicle, Diesel;21/02/2026;00:07:22;21/02/2026;0,004589722;R. Gen. Sampaio, 2296 - Bela Vista, Canindé - CE, 62700-000, Brasil;R. Padre Joaquim da Rocha, 1352 - Santa Luzia, Canindé - CE, 62700-000, Brasil;00:01:32;29;00:25:06;00:34:01
UAT9F69;AMBEV, Vehicle, Diesel;21/02/2026;00:07:58;21/02/2026;0,020557384;R. Padre Joaquim da Rocha, 1352 - Santa Luzia, Canindé - CE, 62700-000, Brasil;R. Paulino Barroso, 1684 - Centro, Canindé - CE, 62700-000, Brasil;00:00:09;22;00:34:01;00:42:08
UAT9F69;AMBEV, Vehicle, Diesel;21/02/2026;00:03:14;21/02/2026;0,001319236;R. Paulino Barroso, 1684 - Centro, Canindé - CE, 62700-000, Brasil;Tv. Quatro de Outubro, 1568 - Centro, Canindé - CE, 62700-000, Brasil;00:00:03;20;00:42:08;00:45:25
UAT9F69;AMBEV, Vehicle, Diesel;21/02/2026;00:00:33;21/02/2026;0,00687309;Tv. Quatro de Outubro, 1568 - Centro, Canindé - CE, 62700-000, Brasil;Av. Otoní Magalhães, 384 - Centro, Canindé - CE, 62700-000, Brasil;00:00:01;14;00:45:25;00:46:00
UAT9F69;AMBEV, Vehicle, Diesel;21/02/2026;00:03:55;21/02/2026;0,011613993;Av. Otoní Magalhães, 384 - Centro, Canindé - CE, 62700-000, Brasil;R. Paulino Barroso, 1911 - Centro, Canindé - CE, 62700-000, Brasil;00:04:14;24;00:46:00;00:54:10
UAT9F69;AMBEV, Vehicle, Diesel;21/02/2026;00:04:33;21/02/2026;0,015292847;R. Paulino Barroso, 1911 - Centro, Canindé - CE, 62700-000, Brasil;R. Euclídes Barroso, 608 - Centro, Canindé - CE, 62700-000, Brasil;00:00:17;29;00:54:10;00:59:00
UAT9F69;AMBEV, Vehicle, Diesel;21/02/2026;00:09:49;21/02/2026;0,011240613;R. Euclídes Barroso, 608 - Centro, Canindé - CE, 62700-000, Brasil;R. Dr. Firmino, 1181 - Cap. Pedro Sampaio, Canindé - CE, 62700-000, Brasil;00:01:31;28;00:59:00;01:10:20
UAT9F69;AMBEV, Vehicle, Diesel;21/02/2026;00:05:34;21/02/2026;0,005703426;R. Dr. Firmino, 1181 - Cap. Pedro Sampaio, Canindé - CE, 62700-000, Brasil;R. Odilon Macambira, 1260 - Cap. Pedro Sampaio, Canindé - CE, 62700-000, Brasil;00:00:02;20;01:10:20;01:15:56
UAT9F69;AMBEV, Vehicle, Diesel;21/02/2026;00:03:54;21/02/2026;0,011649167;R. Odilon Macambira, 1260 - Cap. Pedro Sampaio, Canindé - CE, 62700-000, Brasil;R. José Paixão, 2104 - Cap. Pedro Sampaio, Canindé - CE, 62700-000, Brasil;00:05:47;24;01:15:56;01:25:38
UAT9F69;AMBEV, Vehicle, Diesel;21/02/2026;00:04:59;21/02/2026;0,011988368;R. José Paixão, 2104 - Cap. Pedro Sampaio, Canindé - CE, 62700-000, Brasil;R. Luís Magalhães Vieira, 2012 - Nossa Sra. das Gracas, Canindé - CE, 62700-000, Brasil;00:01:35;26;01:25:38;01:32:12
UAT9F69;AMBEV, Vehicle, Diesel;21/02/2026;00:10:02;21/02/2026;0,012520961;R. Luís Magalhães Vieira, 2012 - Nossa Sra. das Gracas, Canindé - CE, 62700-000, Brasil;R. José Farias, 2084 - Canindezinho, Canindé - CE, 62700-000, Brasil;00:00:03;39;01:32:12;01:42:18
UAT9F69;AMBEV, Vehicle, Diesel;21/02/2026;00:10:33;21/02/2026;0,007541875;R. José Farias, 2084 - Canindezinho, Canindé - CE, 62700-000, Brasil;R. Antônio Pessoa, 175 - Nossa Sra. das Gracas, Canindé - CE, 62700-000, Brasil;00:00:05;33;01:42:18;01:52:57
UAT9F69;AMBEV, Vehicle, Diesel;21/02/2026;00:05:31;21/02/2026;0,008147662;R. Antônio Pessoa, 175 - Nossa Sra. das Gracas, Canindé - CE, 62700-000, Brasil;R. José Paixão, 2104 - Cap. Pedro Sampaio, Canindé - CE, 62700-000, Brasil;00:01:55;33;01:52:57;02:00:24
UAT9F69;AMBEV, Vehicle, Diesel;21/02/2026;00:03:48;21/02/2026;0,006164421;R. José Paixão, 2104 - Cap. Pedro Sampaio, Canindé - CE, 62700-000, Brasil;R. José Pereira de Freitas, 2063 - Canindezinho, Canindé - CE, 62700-000, Brasil;00:00:34;35;02:00:24;02:04:47
UAT9F69;AMBEV, Vehicle, Diesel;21/02/2026;00:01:42;21/02/2026;0,011777164;R. José Pereira de Freitas, 2063 - Canindezinho, Canindé - CE, 62700-000, Brasil;R. Sebastião Barbosa Saraíva, 2053 - Canindezinho, Canindé - CE, 62700-000, Brasil;00:00:31;22;02:04:47;02:07:01
UAT9F69;AMBEV, Vehicle, Diesel;21/02/2026;00:01:14;21/02/2026;0,008101852;R. Sebastião Barbosa Saraíva, 2053 - Canindezinho, Canindé - CE, 62700-000, Brasil;R. José Karam, 1480 - Canindezinho, Canindé - CE, 62700-000, Brasil;00:11:40;7;02:07:01;02:19:55
UAT9F69;AMBEV, Vehicle, Diesel;21/02/2026;00:02:06;21/02/2026;0,007496319;R. José Karam, 1480 - Canindezinho, Canindé - CE, 62700-000, Brasil;R. Dr. Cândido Couto, 1880 - Santa Luzia, Canindé - CE, 62700-000, Brasil;00:00:13;37;02:19:55;02:22:15
UAT9F69;AMBEV, Vehicle, Diesel;21/02/2026;00:03:42;21/02/2026;0,011451933;R. Dr. Cândido Couto, 1880 - Santa Luzia, Canindé - CE, 62700-000, Brasil;R. Euclídes Barroso, 1075 - Cap. Pedro Sampaio, Canindé - CE, 62700-000, Brasil;00:00:31;26;02:22:15;02:26:29
UAT9F69;AMBEV, Vehicle, Diesel;21/02/2026;00:22:41;21/02/2026;0,025335451;R. Euclídes Barroso, 1075 - Cap. Pedro Sampaio, Canindé - CE, 62700-000, Brasil;R. Adenisi Cordeiro, 582 - Bela Vista, Canindé - CE, 62700-000, Brasil;00:08:41;35;02:26:29;02:57:51
UAT9F69;AMBEV, Vehicle, Diesel;21/02/2026;00:06:08;21/02/2026;0,012758877;R. Adenisi Cordeiro, 582 - Bela Vista, Canindé - CE, 62700-000, Brasil;Av. Francisco, 1129 - Campinas, Canindé - CE, 62700-000, Brasil;00:00:06;35;02:57:51;03:04:05
UAT9F69;AMBEV, Vehicle, Diesel;21/02/2026;00:01:16;21/02/2026;1,572526215;Av. Francisco, 1129 - Campinas, Canindé - CE, 62700-000, Brasil;Av. Francisco, 1129 - Campinas, Canindé - CE, 62700-000, Brasil;00:05:40;9;03:04:05;03:11:01
UGM5A66;AMBEV, Vehicle, Diesel;16/02/2026;00:04:52;16/02/2026;0,002349537;Estrada Sem Nome - Jacareí, SP, Brasil;Estrada Sem Nome - Jacareí, SP, Brasil;00:03:23;18;00:42:00;00:50:15
UGM5A66;AMBEV, Vehicle, Diesel;16/02/2026;00:02:34;16/02/2026;0,004629919;Estrada Sem Nome - Jacareí, SP, Brasil;Estr. Mun. do Jaguari, 9876-10276 - Rio Abaixo, Jacareí - SP, Brasil - Rio Abaixo, Jacareí - SP, 12334-400, Brasil;00:00:05;20;00:50:15;00:54:00
UGM5A66;AMBEV, Vehicle, Diesel;16/02/2026;00:03:48;16/02/2026;0,006226852;Estr. Mun. do Jaguari, 9876-10276 - Rio Abaixo, Jacareí - SP, Brasil - Rio Abaixo, Jacareí - SP, 12334-400, Brasil;Estrada Sem Nome - Jacareí, SP, Brasil;00:08:58;29;00:54:00;01:06:46
UGM5A66;AMBEV, Vehicle, Diesel;16/02/2026;00:04:32;16/02/2026;0,035362164;Estrada Sem Nome - Jacareí, SP, Brasil;Estr. Mun. do Jaguari, 9876-10276 - Rio Abaixo, Jacareí - SP, Brasil - Rio Abaixo, Jacareí - SP, 12334-400, Brasil;00:00:00;16;01:06:46;01:12:00
UGM5A66;AMBEV, Vehicle, Diesel;16/02/2026;00:05:44;16/02/2026;0,017835648;Estr. Mun. do Jaguari, 9876-10276 - Rio Abaixo, Jacareí - SP, Brasil - Rio Abaixo, Jacareí - SP, 12334-400, Brasil;Estr. Mun. do Jaguari, 9876-10276 - Rio Abaixo, Jacareí - SP, Brasil - Rio Abaixo, Jacareí - SP, 12334-400, Brasil;00:15:54;4;01:12:00;01:28:22
UGM5A66;AMBEV, Vehicle, Diesel;16/02/2026;00:05:57;16/02/2026;0,017025;Estr. Mun. do Jaguari, 9876-10276 - Rio Abaixo, Jacareí - SP, Brasil - Rio Abaixo, Jacareí - SP, 12334-400, Brasil;Estrada Sem Nome - Jacareí, SP, Brasil;00:00:13;24;01:28:22;01:36:00
UGM5A66;AMBEV, Vehicle, Diesel;16/02/2026;00:05:51;16/02/2026;0,003974051;Estrada Sem Nome - Jacareí, SP, Brasil;Estrada Sem Nome - Jacareí, SP, Brasil;00:00:51;17;01:36:00;01:42:00
UGM5A66;AMBEV, Vehicle, Diesel;16/02/2026;00:03:00;16/02/2026;0,003071007;Estrada Sem Nome - Jacareí, SP, Brasil;Estr. Mun. do Jaguari, 9876-10276 - Rio Abaixo, Jacareí - SP, Brasil - Rio Abaixo, Jacareí - SP, 12334-400, Brasil;00:00:05;22;01:42:00;01:48:00
UGM5A66;AMBEV, Vehicle, Diesel;16/02/2026;00:00:57;16/02/2026;0,000982361;Estr. Mun. do Jaguari, 9876-10276 - Rio Abaixo, Jacareí - SP, Brasil - Rio Abaixo, Jacareí - SP, 12334-400, Brasil;Estr. Mun. do Jaguari, 9876-10276 - Rio Abaixo, Jacareí - SP, Brasil - Rio Abaixo, Jacareí - SP, 12334-400, Brasil;00:00:05;17;01:48:00;01:48:00
UGM5A66;AMBEV, Vehicle, Diesel;16/02/2026;00:01:37;16/02/2026;0,009340278;Estr. Mun. do Jaguari, 9876-10276 - Rio Abaixo, Jacareí - SP, Brasil - Rio Abaixo, Jacareí - SP, 12334-400, Brasil;Estr. Mun. do Jaguari, 1285 - Rio Abaixo, Jacareí - SP, 12334-400, Brasil;00:13:27;3;01:48:00;02:03:04
UGM5A66;AMBEV, Vehicle, Diesel;16/02/2026;00:04:41;16/02/2026;0,013752488;Estr. Mun. do Jaguari, 1285 - Rio Abaixo, Jacareí - SP, 12334-400, Brasil;Estrada Sem Nome - Jacareí, SP, Brasil;00:04:07;22;02:03:04;02:12:00
UGM5A66;AMBEV, Vehicle, Diesel;16/02/2026;00:10:55;16/02/2026;0,005925926;Estrada Sem Nome - Jacareí, SP, Brasil;Estrada Sem Nome - Jacareí, SP, Brasil;00:08:32;20;02:12:00;02:31:27
UGM5A66;AMBEV, Vehicle, Diesel;16/02/2026;00:06:28;16/02/2026;0,05479941;Estrada Sem Nome - Jacareí, SP, Brasil;Estr. Mun. do Jaguari, 9876-10276 - Rio Abaixo, Jacareí - SP, Brasil - Rio Abaixo, Jacareí - SP, 12334-400, Brasil;00:00:43;20;02:31:27;02:36:00
UGM5A66;AMBEV, Vehicle, Diesel;16/02/2026;00:03:58;16/02/2026;0,063402778;Estr. Mun. do Jaguari, 9876-10276 - Rio Abaixo, Jacareí - SP, Brasil - Rio Abaixo, Jacareí - SP, 12334-400, Brasil;Estr. Mun. do Jaguari, 9876-10276 - Rio Abaixo, Jacareí - SP, Brasil - Rio Abaixo, Jacareí - SP, 12334-400, Brasil;00:04:12;11;02:36:00;02:46:10
UGM5A66;AMBEV, Vehicle, Diesel;16/02/2026;00:17:31;16/02/2026;0,007573333;Estr. Mun. do Jaguari, 9876-10276 - Rio Abaixo, Jacareí - SP, Brasil - Rio Abaixo, Jacareí - SP, 12334-400, Brasil;Estr. Mun. do Jaguari, 9876-10276 - Rio Abaixo, Jacareí - SP, Brasil - Rio Abaixo, Jacareí - SP, 12334-400, Brasil;00:00:18;24;02:46:10;03:06:00
UGM5A66;AMBEV, Vehicle, Diesel;16/02/2026;00:03:38;16/02/2026;0,009934039;Estr. Mun. do Jaguari, 9876-10276 - Rio Abaixo, Jacareí - SP, Brasil - Rio Abaixo, Jacareí - SP, 12334-400, Brasil;Estrada Sem Nome - Jacareí, SP, Brasil;00:02:22;12;03:06:00;03:12:00
UGM5A66;AMBEV, Vehicle, Diesel;16/02/2026;00:08:16;16/02/2026;0,028476042;Estrada Sem Nome - Jacareí, SP, Brasil;Estr. Mun. do Jaguari, 9876-10276 - Rio Abaixo, Jacareí - SP, Brasil - Rio Abaixo, Jacareí - SP, 12334-400, Brasil;00:00:08;18;03:12:00;03:18:00
UGM5A66;AMBEV, Vehicle, Diesel;16/02/2026;00:04:33;16/02/2026;0,004346377;Estr. Mun. do Jaguari, 9876-10276 - Rio Abaixo, Jacareí - SP, Brasil - Rio Abaixo, Jacareí - SP, 12334-400, Brasil;Estr. Mun. do Jaguari, 9876-10276 - Rio Abaixo, Jacareí - SP, Brasil - Rio Abaixo, Jacareí - SP, 12334-400, Brasil;00:00:42;8;03:18:00;03:24:00
UGM5A66;AMBEV, Vehicle, Diesel;16/02/2026;00:02:59;16/02/2026;0,005729167;Estr. Mun. do Jaguari, 9876-10276 - Rio Abaixo, Jacareí - SP, Brasil - Rio Abaixo, Jacareí - SP, 12334-400, Brasil;Estr. Mun. do Jaguari, 9876-10276 - Rio Abaixo, Jacareí - SP, Brasil - Rio Abaixo, Jacareí - SP, 12334-400, Brasil;00:08:15;11;03:24:00;03:35:14
UGM5A66;AMBEV, Vehicle, Diesel;16/02/2026;00:04:46;16/02/2026;0,014330729;Estr. Mun. do Jaguari, 9876-10276 - Rio Abaixo, Jacareí - SP, Brasil - Rio Abaixo, Jacareí - SP, 12334-400, Brasil;Estrada Sem Nome - Jacareí, SP, Brasil;00:01:36;26;03:35:14;03:42:00
UGM5A66;AMBEV, Vehicle, Diesel;16/02/2026;00:10:09;16/02/2026;0,00950169;Estrada Sem Nome - Jacareí, SP, Brasil;Estrada Sem Nome - Jacareí, SP, Brasil;00:00:10;18;03:42:00;03:54:00
UGM5A66;AMBEV, Vehicle, Diesel;16/02/2026;00:01:25;16/02/2026;0,0056236;Estrada Sem Nome - Jacareí, SP, Brasil;Estrada Sem Nome - Jacareí, SP, Brasil;00:02:35;0;03:54:00;03:54:00
UGM5A66;AMBEV, Vehicle, Diesel;16/02/2026;00:03:43;16/02/2026;0,004567037;Estrada Sem Nome - Jacareí, SP, Brasil;Estr. Mun. do Jaguari, 9876-10276 - Rio Abaixo, Jacareí - SP, Brasil - Rio Abaixo, Jacareí - SP, 12334-400, Brasil;00:03:09;9;03:54:00;04:06:00
UGM5A66;AMBEV, Vehicle, Diesel;16/02/2026;00:04:41;16/02/2026;0,000590035;Estr. Mun. do Jaguari, 9876-10276 - Rio Abaixo, Jacareí - SP, Brasil - Rio Abaixo, Jacareí - SP, 12334-400, Brasil;Estr. Mun. do Jaguari, 9876-10276 - Rio Abaixo, Jacareí - SP, Brasil - Rio Abaixo, Jacareí - SP, 12334-400, Brasil;00:00:37;7;04:06:00;04:06:00
UGM5A66;AMBEV, Vehicle, Diesel;16/02/2026;00:05:29;16/02/2026;0,006608796;Estr. Mun. do Jaguari, 9876-10276 - Rio Abaixo, Jacareí - SP, Brasil - Rio Abaixo, Jacareí - SP, 12334-400, Brasil;Estr. Mun. do Jaguari, 9876-10276 - Rio Abaixo, Jacareí - SP, Brasil - Rio Abaixo, Jacareí - SP, 12334-400, Brasil;00:03:06;8;04:06:00;04:14:38
UGM5A66;AMBEV, Vehicle, Diesel;16/02/2026;00:04:51;16/02/2026;0,004409722;Estr. Mun. do Jaguari, 9876-10276 - Rio Abaixo, Jacareí - SP, Brasil - Rio Abaixo, Jacareí - SP, 12334-400, Brasil;Estr. Mun. do Jaguari, 9876-10276 - Rio Abaixo, Jacareí - SP, Brasil - Rio Abaixo, Jacareí - SP, 12334-400, Brasil;00:06:21;9;04:14:38;04:25:50
UGM5A66;AMBEV, Vehicle, Diesel;16/02/2026;00:03:42;16/02/2026;0,003032407;Estr. Mun. do Jaguari, 9876-10276 - Rio Abaixo, Jacareí - SP, Brasil - Rio Abaixo, Jacareí - SP, 12334-400, Brasil;Estrada Sem Nome - Jacareí, SP, Brasil;00:04:22;20;04:25:50;04:33:54
UGM5A66;AMBEV, Vehicle, Diesel;16/02/2026;00:01:36;16/02/2026;0,033822303;Estrada Sem Nome - Jacareí, SP, Brasil;Estrada Sem Nome - Jacareí, SP, Brasil;00:00:28;7;04:33:54;04:36:00
UGM5A66;AMBEV, Vehicle, Diesel;16/02/2026;00:07:24;16/02/2026;0,006631806;Estrada Sem Nome - Jacareí, SP, Brasil;Estr. Mun. do Jaguari, 9876-10276 - Rio Abaixo, Jacareí - SP, Brasil - Rio Abaixo, Jacareí - SP, 12334-400, Brasil;00:01:03;8;04:36:00;04:48:00
UGM5A66;AMBEV, Vehicle, Diesel;16/02/2026;00:02:18;16/02/2026;0,056185451;Estr. Mun. do Jaguari, 9876-10276 - Rio Abaixo, Jacareí - SP, Brasil - Rio Abaixo, Jacareí - SP, 12334-400, Brasil;Estr. Mun. do Jaguari, 9876-10276 - Rio Abaixo, Jacareí - SP, Brasil - Rio Abaixo, Jacareí - SP, 12334-400, Brasil;00:07:15;9;04:48:00;04:54:00
UGM5A66;AMBEV, Vehicle, Diesel;16/02/2026;00:10:34;16/02/2026;0,015620023;Estr. Mun. do Jaguari, 9876-10276 - Rio Abaixo, Jacareí - SP, Brasil - Rio Abaixo, Jacareí - SP, 12334-400, Brasil;Estrada Sem Nome - Jacareí, SP, Brasil;00:20:12;22;04:54:00;05:30:00
UGM5A66;AMBEV, Vehicle, Diesel;16/02/2026;00:08:27;16/02/2026;0,002314815;Estrada Sem Nome - Jacareí, SP, Brasil;Estr. Mun. do Jaguari, 9876-10276 - Rio Abaixo, Jacareí - SP, Brasil - Rio Abaixo, Jacareí - SP, 12334-400, Brasil;00:03:20;33;05:30:00;05:41:47
UGM5A66;AMBEV, Vehicle, Diesel;16/02/2026;00:00:58;16/02/2026;0,006736111;Estr. Mun. do Jaguari, 9876-10276 - Rio Abaixo, Jacareí - SP, Brasil - Rio Abaixo, Jacareí - SP, 12334-400, Brasil;Estr. Mun. do Jaguari, 9876-10276 - Rio Abaixo, Jacareí - SP, Brasil - Rio Abaixo, Jacareí - SP, 12334-400, Brasil;00:09:13;9;05:41:47;05:50:16
UGM5A66;AMBEV, Vehicle, Diesel;16/02/2026;00:07:25;16/02/2026;0,01349537;Estr. Mun. do Jaguari, 9876-10276 - Rio Abaixo, Jacareí - SP, Brasil - Rio Abaixo, Jacareí - SP, 12334-400, Brasil;Estrada Sem Nome - Jacareí, SP, Brasil;00:13:01;12;05:50:16;06:08:26
UGM5A66;AMBEV, Vehicle, Diesel;16/02/2026;00:02:31;16/02/2026;0,07777875;Estrada Sem Nome - Jacareí, SP, Brasil;Estrada Sem Nome - Jacareí, SP, Brasil;00:00:18;9;06:08:26;06:12:00
UGM5A66;AMBEV, Vehicle, Diesel;16/02/2026;00:09:57;16/02/2026;0,004722222;Estrada Sem Nome - Jacareí, SP, Brasil;Estrada Sem Nome - Jacareí, SP, Brasil;00:06:48;12;06:12:00;06:28:45
UGM5A66;AMBEV, Vehicle, Diesel;16/02/2026;00:04:42;16/02/2026;0,006043542;Estrada Sem Nome - Jacareí, SP, Brasil;Estr. Mun. do Jaguari, 9876-10276 - Rio Abaixo, Jacareí - SP, Brasil - Rio Abaixo, Jacareí - SP, 12334-400, Brasil;00:00:16;15;06:28:45;06:36:00
UGM5A66;AMBEV, Vehicle, Diesel;16/02/2026;00:10:25;16/02/2026;0,005706019;Estr. Mun. do Jaguari, 9876-10276 - Rio Abaixo, Jacareí - SP, Brasil - Rio Abaixo, Jacareí - SP, 12334-400, Brasil;Estr. Mun. do Jaguari, 9876-10276 - Rio Abaixo, Jacareí - SP, Brasil - Rio Abaixo, Jacareí - SP, 12334-400, Brasil;00:08:13;16;06:36:00;06:54:38
UGM5A66;AMBEV, Vehicle, Diesel;16/02/2026;00:03:27;16/02/2026;0,005096053;Estr. Mun. do Jaguari, 9876-10276 - Rio Abaixo, Jacareí - SP, Brasil - Rio Abaixo, Jacareí - SP, 12334-400, Brasil;Estr. Mun. do Jaguari, 9876-10276 - Rio Abaixo, Jacareí - SP, Brasil - Rio Abaixo, Jacareí - SP, 12334-400, Brasil;00:00:07;7;06:54:38;06:54:00
UGM5A66;AMBEV, Vehicle, Diesel;16/02/2026;00:18:22;16/02/2026;0,011932604;Estr. Mun. do Jaguari, 9876-10276 - Rio Abaixo, Jacareí - SP, Brasil - Rio Abaixo, Jacareí - SP, 12334-400, Brasil;Estrada Sem Nome - Jacareí, SP, Brasil;00:00:21;14;06:54:00;07:12:00
UGM5A66;AMBEV, Vehicle, Diesel;16/02/2026;00:01:08;16/02/2026;0,01849537;Estrada Sem Nome - Jacareí, SP, Brasil;Estrada Sem Nome - Jacareí, SP, Brasil;00:09:40;5;07:12:00;07:27:32
UGM5A66;AMBEV, Vehicle, Diesel;16/02/2026;00:05:49;16/02/2026;0,003217593;Estrada Sem Nome - Jacareí, SP, Brasil;Estrada Sem Nome - Jacareí, SP, Brasil;00:04:38;7;07:27:32;07:37:59
UGM5A66;AMBEV, Vehicle, Diesel;16/02/2026;00:00:34;16/02/2026;0,009143519;Estrada Sem Nome - Jacareí, SP, Brasil;Estrada Sem Nome - Jacareí, SP, Brasil;00:13:10;7;07:37:59;07:51:43
UGM5A66;AMBEV, Vehicle, Diesel;16/02/2026;00:00:24;16/02/2026;0,014895833;Estrada Sem Nome - Jacareí, SP, Brasil;Estrada Sem Nome - Jacareí, SP, Brasil;00:21:27;2;07:51:43;08:13:34
UGM5A66;AMBEV, Vehicle, Diesel;16/02/2026;00:01:52;16/02/2026;0,122574456;Estrada Sem Nome - Jacareí, SP, Brasil;Estrada Sem Nome - Jacareí, SP, Brasil;00:00:00;5;08:13:34;08:12:00
UGM5A66;AMBEV, Vehicle, Diesel;16/02/2026;00:14:56;16/02/2026;0,013372986;Estrada Sem Nome - Jacareí, SP, Brasil;Estr. Mun. do Jaguari, 9876-10276 - Rio Abaixo, Jacareí - SP, Brasil - Rio Abaixo, Jacareí - SP, 12334-400, Brasil;00:00:05;16;08:12:00;08:30:00
UGM5A66;AMBEV, Vehicle, Diesel;17/02/2026;00:04:07;17/02/2026;0,005392917;Estr. Mun. do Jaguari, 9876-10276 - Rio Abaixo, Jacareí - SP, Brasil - Rio Abaixo, Jacareí - SP, 12334-400, Brasil;Estr. Mun. do Jaguari, 9876-10276 - Rio Abaixo, Jacareí - SP, Brasil - Rio Abaixo, Jacareí - SP, 12334-400, Brasil;00:00:06;28;08:30:00;08:36:00
UGM5A66;AMBEV, Vehicle, Diesel;17/02/2026;00:04:52;17/02/2026;0,003356481;Estr. Mun. do Jaguari, 9876-10276 - Rio Abaixo, Jacareí - SP, Brasil - Rio Abaixo, Jacareí - SP, 12334-400, Brasil;Estr. Mun. do Jaguari, 9876-10276 - Rio Abaixo, Jacareí - SP, Brasil - Rio Abaixo, Jacareí - SP, 12334-400, Brasil;00:04:50;15;08:36:00;08:45:42
UGM5A66;AMBEV, Vehicle, Diesel;17/02/2026;00:05:51;17/02/2026;0,024506968;Estr. Mun. do Jaguari, 9876-10276 - Rio Abaixo, Jacareí - SP, Brasil - Rio Abaixo, Jacareí - SP, 12334-400, Brasil;Estrada Sem Nome - Jacareí, SP, Brasil;00:00:18;18;08:45:42;08:48:00
UGM5A66;AMBEV, Vehicle, Diesel;17/02/2026;00:06:38;17/02/2026;0,001039074;Estrada Sem Nome - Jacareí, SP, Brasil;Estr. Mun. do Jaguari, 9876-10276 - Rio Abaixo, Jacareí - SP, Brasil - Rio Abaixo, Jacareí - SP, 12334-400, Brasil;00:00:00;0;08:48:00;08:54:00
UGM5A66;AMBEV, Vehicle, Diesel;17/02/2026;00:08:14;17/02/2026;0,004014525;Estr. Mun. do Jaguari, 9876-10276 - Rio Abaixo, Jacareí - SP, Brasil - Rio Abaixo, Jacareí - SP, 12334-400, Brasil;Estr. Mun. do Jaguari, 9876-10276 - Rio Abaixo, Jacareí - SP, Brasil - Rio Abaixo, Jacareí - SP, 12334-400, Brasil;00:00:06;11;08:54:00;09:00:00
UGM5A66;AMBEV, Vehicle, Diesel;17/02/2026;00:03:55;17/02/2026;0,008842593;Estr. Mun. do Jaguari, 9876-10276 - Rio Abaixo, Jacareí - SP, Brasil - Rio Abaixo, Jacareí - SP, 12334-400, Brasil;Estr. Mun. do Jaguari, 9876-10276 - Rio Abaixo, Jacareí - SP, Brasil - Rio Abaixo, Jacareí - SP, 12334-400, Brasil;00:12:44;22;09:00:00;09:16:39
UGM5A66;AMBEV, Vehicle, Diesel;17/02/2026;00:04:08;17/02/2026;0,001757049;Estr. Mun. do Jaguari, 9876-10276 - Rio Abaixo, Jacareí - SP, Brasil - Rio Abaixo, Jacareí - SP, 12334-400, Brasil;Estrada Sem Nome - Jacareí, SP, Brasil;00:02:18;20;09:16:39;09:24:00
UGM5A66;AMBEV, Vehicle, Diesel;17/02/2026;00:02:24;17/02/2026;0,030967188;Estrada Sem Nome - Jacareí, SP, Brasil;Estrada Sem Nome - Jacareí, SP, Brasil;00:00:08;5;09:24:00;09:30:00
UGM5A66;AMBEV, Vehicle, Diesel;17/02/2026;00:03:17;17/02/2026;0,002604167;Estrada Sem Nome - Jacareí, SP, Brasil;Estr. Mun. do Jaguari, 9876-10276 - Rio Abaixo, Jacareí - SP, Brasil - Rio Abaixo, Jacareí - SP, 12334-400, Brasil;00:03:45;3;09:30:00;09:37:02
UGM5A66;AMBEV, Vehicle, Diesel;17/02/2026;00:05:04;17/02/2026;0,001990741;Estr. Mun. do Jaguari, 9876-10276 - Rio Abaixo, Jacareí - SP, Brasil - Rio Abaixo, Jacareí - SP, 12334-400, Brasil;Estrada Sem Nome - Jacareí, SP, Brasil;00:02:52;17;09:37:02;09:44:58
UGM5A66;AMBEV, Vehicle, Diesel;17/02/2026;00:07:47;17/02/2026;0,005960648;Estrada Sem Nome - Jacareí, SP, Brasil;Estr. Mun. do Jaguari, 10081 - Pagador de Andrade, Jacareí - SP, 12334-400, Brasil;00:08:35;20;09:44:58;10:01:20
UGM5A66;AMBEV, Vehicle, Diesel;17/02/2026;00:05:19;17/02/2026;0,000483553;Estr. Mun. do Jaguari, 10081 - Pagador de Andrade, Jacareí - SP, 12334-400, Brasil;Estr. Mun. do Jaguari, 10081 - Pagador de Andrade, Jacareí - SP, 12334-400, Brasil;00:00:15;16;10:01:20;10:06:00
UGM5A66;AMBEV, Vehicle, Diesel;17/02/2026;00:02:04;17/02/2026;0,00274206;Estr. Mun. do Jaguari, 10081 - Pagador de Andrade, Jacareí - SP, 12334-400, Brasil;Estr. Mun. do Jaguari, 9876-10276 - Rio Abaixo, Jacareí - SP, Brasil - Rio Abaixo, Jacareí - SP, 12334-400, Brasil;00:00:04;13;10:06:00;10:06:00
UGM5A66;AMBEV, Vehicle, Diesel;17/02/2026;00:02:33;17/02/2026;0,000339097;Estr. Mun. do Jaguari, 9876-10276 - Rio Abaixo, Jacareí - SP, Brasil - Rio Abaixo, Jacareí - SP, 12334-400, Brasil;Estrada Sem Nome - Jacareí, SP, Brasil;00:00:03;18;10:06:00;10:06:00
UGM5A66;AMBEV, Vehicle, Diesel;17/02/2026;00:02:08;17/02/2026;0,02791912;Estrada Sem Nome - Jacareí, SP, Brasil;Estrada Sem Nome - Jacareí, SP, Brasil;00:00:07;5;10:06:00;10:12:00
UGM5A66;AMBEV, Vehicle, Diesel;17/02/2026;00:05:24;17/02/2026;0,00468162;Estrada Sem Nome - Jacareí, SP, Brasil;Estr. Mun. do Jaguari, 9876-10276 - Rio Abaixo, Jacareí - SP, Brasil - Rio Abaixo, Jacareí - SP, 12334-400, Brasil;00:02:27;11;10:12:00;10:18:00
UGM5A66;AMBEV, Vehicle, Diesel;17/02/2026;00:04:04;17/02/2026;0,002335856;Estr. Mun. do Jaguari, 9876-10276 - Rio Abaixo, Jacareí - SP, Brasil - Rio Abaixo, Jacareí - SP, 12334-400, Brasil;Estr. Mun. do Jaguari, 9876-10276 - Rio Abaixo, Jacareí - SP, Brasil - Rio Abaixo, Jacareí - SP, 12334-400, Brasil;00:00:04;28;10:18:00;10:24:00
UGM5A66;AMBEV, Vehicle, Diesel;17/02/2026;00:02:32;17/02/2026;0,003008484;Estr. Mun. do Jaguari, 9876-10276 - Rio Abaixo, Jacareí - SP, Brasil - Rio Abaixo, Jacareí - SP, 12334-400, Brasil;Estrada Sem Nome - Jacareí, SP, Brasil;00:04:19;26;10:24:00;10:30:52
UGM5A66;AMBEV, Vehicle, Diesel;17/02/2026;00:03:25;17/02/2026;0,003571852;Estrada Sem Nome - Jacareí, SP, Brasil;Estr. Mun. do Jaguari, 9876-10276 - Rio Abaixo, Jacareí - SP, Brasil - Rio Abaixo, Jacareí - SP, 12334-400, Brasil;00:00:06;16;10:30:52;10:36:00
UGM5A66;AMBEV, Vehicle, Diesel;17/02/2026;00:02:46;17/02/2026;0,004958148;Estr. Mun. do Jaguari, 9876-10276 - Rio Abaixo, Jacareí - SP, Brasil - Rio Abaixo, Jacareí - SP, 12334-400, Brasil;Estrada Sem Nome - Jacareí, SP, Brasil;00:00:12;20;10:36:00;10:36:00
UGM5A66;AMBEV, Vehicle, Diesel;17/02/2026;00:01:03;17/02/2026;0,087574444;Estrada Sem Nome - Jacareí, SP, Brasil;Estrada Sem Nome - Jacareí, SP, Brasil;00:00:43;9;10:36:00;10:36:00
UGM5A66;AMBEV, Vehicle, Diesel;17/02/2026;00:06:10;17/02/2026;0,034092894;Estrada Sem Nome - Jacareí, SP, Brasil;Estrada Sem Nome - Jacareí, SP, Brasil;00:00:00;18;10:36:00;10:42:00
UGM5A66;AMBEV, Vehicle, Diesel;17/02/2026;00:06:55;17/02/2026;0,008452928;Estrada Sem Nome - Jacareí, SP, Brasil;Estrada Sem Nome - Jacareí, SP, Brasil;00:01:02;16;10:42:00;10:54:00
UGM5A66;AMBEV, Vehicle, Diesel;17/02/2026;00:00:18;17/02/2026;0,001712963;Estrada Sem Nome - Jacareí, SP, Brasil;Estrada Sem Nome - Jacareí, SP, Brasil;00:02:28;0;10:54:00;10:56:46
UGM5A66;AMBEV, Vehicle, Diesel;17/02/2026;00:04:20;17/02/2026;0,013360868;Estrada Sem Nome - Jacareí, SP, Brasil;Estr. Mun. do Jaguari, 9876-10276 - Rio Abaixo, Jacareí - SP, Brasil - Rio Abaixo, Jacareí - SP, 12334-400, Brasil;00:00:03;20;10:56:46;11:00:00
UGM5A66;AMBEV, Vehicle, Diesel;17/02/2026;00:07:57;17/02/2026;0,01818287;Estr. Mun. do Jaguari, 9876-10276 - Rio Abaixo, Jacareí - SP, Brasil - Rio Abaixo, Jacareí - SP, 12334-400, Brasil;Estrada Sem Nome - Jacareí, SP, Brasil;00:11:37;31;11:00:00;11:21:21
UGM5A66;AMBEV, Vehicle, Diesel;17/02/2026;00:05:27;17/02/2026;0,132546296;Estrada Sem Nome - Jacareí, SP, Brasil;Estr. Mun. do Jaguari, 9876-10276 - Rio Abaixo, Jacareí - SP, Brasil - Rio Abaixo, Jacareí - SP, 12334-400, Brasil;01:00:43;24;11:21:21;12:24:38
UGM5A66;AMBEV, Vehicle, Diesel;17/02/2026;00:04:36;17/02/2026;0,005232326;Estr. Mun. do Jaguari, 9876-10276 - Rio Abaixo, Jacareí - SP, Brasil - Rio Abaixo, Jacareí - SP, 12334-400, Brasil;Estr. Mun. do Jaguari, 1285 - Rio Abaixo, Jacareí - SP, 12334-400, Brasil;00:00:42;16;12:24:38;12:30:00
UGM5A66;AMBEV, Vehicle, Diesel;17/02/2026;00:03:55;17/02/2026;0,003229167;Estr. Mun. do Jaguari, 1285 - Rio Abaixo, Jacareí - SP, 12334-400, Brasil;Estr. Mun. do Jaguari, 9876-10276 - Rio Abaixo, Jacareí - SP, Brasil - Rio Abaixo, Jacareí - SP, 12334-400, Brasil;00:04:39;7;12:30:00;12:38:34
UGM5A66;AMBEV, Vehicle, Diesel;17/02/2026;00:02:48;17/02/2026;0,107071759;Estr. Mun. do Jaguari, 9876-10276 - Rio Abaixo, Jacareí - SP, Brasil - Rio Abaixo, Jacareí - SP, 12334-400, Brasil;Estr. Mun. do Jaguari, 9876-10276 - Rio Abaixo, Jacareí - SP, Brasil - Rio Abaixo, Jacareí - SP, 12334-400, Brasil;00:57:22;12;12:38:34;13:41:19
UGM5A66;AMBEV, Vehicle, Diesel;17/02/2026;00:04:11;17/02/2026;0,013761574;Estr. Mun. do Jaguari, 9876-10276 - Rio Abaixo, Jacareí - SP, Brasil - Rio Abaixo, Jacareí - SP, 12334-400, Brasil;Estrada Sem Nome - Jacareí, SP, Brasil;00:19:49;17;13:41:19;14:05:20
UGM5A66;AMBEV, Vehicle, Diesel;17/02/2026;00:01:57;17/02/2026;0,008530093;Estrada Sem Nome - Jacareí, SP, Brasil;Estrada Sem Nome - Jacareí, SP, Brasil;00:12:17;7;14:05:20;14:19:34
UGM5A66;AMBEV, Vehicle, Diesel;17/02/2026;00:03:56;17/02/2026;0,036530417;Estrada Sem Nome - Jacareí, SP, Brasil;Estrada Sem Nome - Jacareí, SP, Brasil;00:07:34;3;14:19:34;14:30:00
UGM5A66;AMBEV, Vehicle, Diesel;17/02/2026;00:08:14;17/02/2026;0,004441713;Estrada Sem Nome - Jacareí, SP, Brasil;Estrada Sem Nome - Jacareí, SP, Brasil;00:06:23;20;14:30:00;14:44:38
UGM5A66;AMBEV, Vehicle, Diesel;17/02/2026;00:05:30;17/02/2026;0,027071759;Estrada Sem Nome - Jacareí, SP, Brasil;Estrada Sem Nome - Jacareí, SP, Brasil;00:10:21;22;14:44:38;14:57:33
UGM5A66;AMBEV, Vehicle, Diesel;17/02/2026;00:02:06;17/02/2026;0,033885903;Estrada Sem Nome - Jacareí, SP, Brasil;Estrada Sem Nome - Jacareí, SP, Brasil;00:02:09;0;14:57:33;15:06:00
UGM5A66;AMBEV, Vehicle, Diesel;17/02/2026;00:04:55;17/02/2026;0,00255787;Estrada Sem Nome - Jacareí, SP, Brasil;Estr. Mun. do Jaguari, 9876-10276 - Rio Abaixo, Jacareí - SP, Brasil - Rio Abaixo, Jacareí - SP, 12334-400, Brasil;00:03:41;24;15:06:00;15:14:36
UGM5A66;AMBEV, Vehicle, Diesel;17/02/2026;00:01:19;17/02/2026;0,009732164;Estr. Mun. do Jaguari, 9876-10276 - Rio Abaixo, Jacareí - SP, Brasil - Rio Abaixo, Jacareí - SP, 12334-400, Brasil;Estr. Mun. do Jaguari, 9876-10276 - Rio Abaixo, Jacareí - SP, Brasil - Rio Abaixo, Jacareí - SP, 12334-400, Brasil;00:00:06;18;15:14:36;15:12:00
UGM5A66;AMBEV, Vehicle, Diesel;17/02/2026;00:03:58;17/02/2026;0,003171296;Estr. Mun. do Jaguari, 9876-10276 - Rio Abaixo, Jacareí - SP, Brasil - Rio Abaixo, Jacareí - SP, 12334-400, Brasil;Estr. Mun. do Jaguari, 10081 - Pagador de Andrade, Jacareí - SP, 12334-400, Brasil;00:04:34;29;15:12:00;15:20:32
UGM5A66;AMBEV, Vehicle, Diesel;17/02/2026;00:01:26;17/02/2026;0,014669248;Estr. Mun. do Jaguari, 10081 - Pagador de Andrade, Jacareí - SP, 12334-400, Brasil;Estr. Mun. do Jaguari, 9876-10276 - Rio Abaixo, Jacareí - SP, Brasil - Rio Abaixo, Jacareí - SP, 12334-400, Brasil;00:00:12;17;15:20:32;15:24:00
UGM5A66;AMBEV, Vehicle, Diesel;17/02/2026;00:02:37;17/02/2026;0,046273148;Estr. Mun. do Jaguari, 9876-10276 - Rio Abaixo, Jacareí - SP, Brasil - Rio Abaixo, Jacareí - SP, 12334-400, Brasil;Estrada Sem Nome - Jacareí, SP, Brasil;01:06:38;20;15:24:00;16:33:15
UGM5A66;AMBEV, Vehicle, Diesel;17/02/2026;00:02:21;17/02/2026;0,018293183;Estrada Sem Nome - Jacareí, SP, Brasil;Estrada Sem Nome - Jacareí, SP, Brasil;00:04:43;7;16:33:15;16:42:00
UGM5A66;AMBEV, Vehicle, Diesel;17/02/2026;00:03:33;17/02/2026;0,026655093;Estrada Sem Nome - Jacareí, SP, Brasil;Estr. Mun. do Jaguari, 9876-10276 - Rio Abaixo, Jacareí - SP, Brasil - Rio Abaixo, Jacareí - SP, 12334-400, Brasil;00:05:40;4;16:42:00;16:49:33
UGM5A66;AMBEV, Vehicle, Diesel;17/02/2026;00:02:53;17/02/2026;0,010196134;Estr. Mun. do Jaguari, 9876-10276 - Rio Abaixo, Jacareí - SP, Brasil - Rio Abaixo, Jacareí - SP, 12334-400, Brasil;Estrada Sem Nome - Jacareí, SP, Brasil;00:00:23;18;16:49:33;16:54:00
UGM5A66;AMBEV, Vehicle, Diesel;17/02/2026;00:00:20;17/02/2026;0,058675648;Estrada Sem Nome - Jacareí, SP, Brasil;Estrada Sem Nome - Jacareí, SP, Brasil;00:05:26;7;16:54:00;17:00:00
UGM5A66;AMBEV, Vehicle, Diesel;18/02/2026;00:10:55;18/02/2026;0,045486111;Estrada Sem Nome - Jacareí, SP, Brasil;Estrada Sem Nome - Jacareí, SP, Brasil;00:04:35;22;17:00:00;17:15:02
UGM5A66;AMBEV, Vehicle, Diesel;18/02/2026;00:08:57;18/02/2026;0,002244861;Estrada Sem Nome - Jacareí, SP, Brasil;Estr. Mun. do Jaguari, 9876-10276 - Rio Abaixo, Jacareí - SP, Brasil - Rio Abaixo, Jacareí - SP, 12334-400, Brasil;00:03:13;22;17:15:02;17:27:13
UGM5A66;AMBEV, Vehicle, Diesel;18/02/2026;00:01:00;18/02/2026;0,029333461;Estr. Mun. do Jaguari, 9876-10276 - Rio Abaixo, Jacareí - SP, Brasil - Rio Abaixo, Jacareí - SP, 12334-400, Brasil;Estr. Mun. do Jaguari, 9876-10276 - Rio Abaixo, Jacareí - SP, Brasil - Rio Abaixo, Jacareí - SP, 12334-400, Brasil;00:00:02;10;17:27:13;17:24:00
UGM5A66;AMBEV, Vehicle, Diesel;18/02/2026;00:00:50;18/02/2026;0,005983796;Estr. Mun. do Jaguari, 9876-10276 - Rio Abaixo, Jacareí - SP, Brasil - Rio Abaixo, Jacareí - SP, 12334-400, Brasil;Estr. Mun. do Jaguari, 9876-10276 - Rio Abaixo, Jacareí - SP, Brasil - Rio Abaixo, Jacareí - SP, 12334-400, Brasil;00:08:37;13;17:24:00;17:33:27
UGM5A66;AMBEV, Vehicle, Diesel;18/02/2026;00:02:50;18/02/2026;0,000928264;Estr. Mun. do Jaguari, 9876-10276 - Rio Abaixo, Jacareí - SP, Brasil - Rio Abaixo, Jacareí - SP, 12334-400, Brasil;Estrada Sem Nome - Jacareí, SP, Brasil;00:00:51;24;17:33:27;17:42:00
UGM5A66;AMBEV, Vehicle, Diesel;18/02/2026;00:00:15;18/02/2026;0,002840891;Estrada Sem Nome - Jacareí, SP, Brasil;Estrada Sem Nome - Jacareí, SP, Brasil;00:00:02;7;17:42:00;17:42:00
UGM5A66;AMBEV, Vehicle, Diesel;18/02/2026;00:02:51;18/02/2026;0,004404711;Estrada Sem Nome - Jacareí, SP, Brasil;Estrada Sem Nome - Jacareí, SP, Brasil;00:00:11;13;17:42:00;17:42:00
UGM5A66;AMBEV, Vehicle, Diesel;18/02/2026;00:02:18;18/02/2026;0,026317778;Estrada Sem Nome - Jacareí, SP, Brasil;Estrada Sem Nome - Jacareí, SP, Brasil;00:00:22;5;17:42:00;17:48:00
UGM5A66;AMBEV, Vehicle, Diesel;18/02/2026;00:05:30;18/02/2026;0,00872809;Estrada Sem Nome - Jacareí, SP, Brasil;Estr. Mun. do Jaguari, 9876-10276 - Rio Abaixo, Jacareí - SP, Brasil - Rio Abaixo, Jacareí - SP, 12334-400, Brasil;00:02:26;9;17:48:00;17:54:00
UGM5A66;AMBEV, Vehicle, Diesel;18/02/2026;00:02:24;18/02/2026;0,017627315;Estr. Mun. do Jaguari, 9876-10276 - Rio Abaixo, Jacareí - SP, Brasil - Rio Abaixo, Jacareí - SP, 12334-400, Brasil;Estr. Mun. do Jaguari, 9876-10276 - Rio Abaixo, Jacareí - SP, Brasil - Rio Abaixo, Jacareí - SP, 12334-400, Brasil;00:14:13;15;17:54:00;18:10:28
UGM5A66;AMBEV, Vehicle, Diesel;18/02/2026;00:03:11;18/02/2026;0,000652569;Estr. Mun. do Jaguari, 9876-10276 - Rio Abaixo, Jacareí - SP, Brasil - Rio Abaixo, Jacareí - SP, 12334-400, Brasil;Estr. Mun. do Jaguari, 10255 - Rio Abaixo, Jacareí - SP, 12334-400, Brasil;00:00:18;20;18:10:28;18:12:00
UGM5A66;AMBEV, Vehicle, Diesel;18/02/2026;00:03:28;18/02/2026;0,000928507;Estr. Mun. do Jaguari, 10255 - Rio Abaixo, Jacareí - SP, 12334-400, Brasil;Estrada Sem Nome - Jacareí, SP, Brasil;00:00:05;20;18:12:00;18:18:00
UGM5A66;AMBEV, Vehicle, Diesel;18/02/2026;00:00:14;18/02/2026;0,002489051;Estrada Sem Nome - Jacareí, SP, Brasil;Estrada Sem Nome - Jacareí, SP, Brasil;00:00:03;1;18:18:00;18:18:00
UGM5A66;AMBEV, Vehicle, Diesel;18/02/2026;00:04:19;18/02/2026;0,000597454;Estrada Sem Nome - Jacareí, SP, Brasil;Estr. Mun. do Jaguari, 9876-10276 - Rio Abaixo, Jacareí - SP, Brasil - Rio Abaixo, Jacareí - SP, 12334-400, Brasil;00:00:04;15;18:18:00;18:24:00
UGM5A66;AMBEV, Vehicle, Diesel;18/02/2026;00:01:37;18/02/2026;0,003773148;Estr. Mun. do Jaguari, 9876-10276 - Rio Abaixo, Jacareí - SP, Brasil - Rio Abaixo, Jacareí - SP, 12334-400, Brasil;Estr. Mun. do Jaguari, 9876-10276 - Rio Abaixo, Jacareí - SP, Brasil - Rio Abaixo, Jacareí - SP, 12334-400, Brasil;00:05:26;13;18:24:00;18:31:03
UGM5A66;AMBEV, Vehicle, Diesel;18/02/2026;00:00:46;18/02/2026;0,013966053;Estr. Mun. do Jaguari, 9876-10276 - Rio Abaixo, Jacareí - SP, Brasil - Rio Abaixo, Jacareí - SP, 12334-400, Brasil;Estr. Mun. do Jaguari, 9876-10276 - Rio Abaixo, Jacareí - SP, Brasil - Rio Abaixo, Jacareí - SP, 12334-400, Brasil;00:00:03;16;18:31:03;18:30:00
UGM5A66;AMBEV, Vehicle, Diesel;18/02/2026;00:05:37;18/02/2026;0,03822235;Estr. Mun. do Jaguari, 9876-10276 - Rio Abaixo, Jacareí - SP, Brasil - Rio Abaixo, Jacareí - SP, 12334-400, Brasil;Estrada Sem Nome - Jacareí, SP, Brasil;00:00:03;20;18:30:00;18:36:00
UGM5A66;AMBEV, Vehicle, Diesel;18/02/2026;00:08:44;18/02/2026;0,003880243;Estrada Sem Nome - Jacareí, SP, Brasil;Estr. Mun. do Jaguari, 10255 - Rio Abaixo, Jacareí - SP, 12334-400, Brasil;00:00:05;20;18:36:00;18:42:00
UGM5A66;AMBEV, Vehicle, Diesel;18/02/2026;00:03:29;18/02/2026;0,03152147;Estr. Mun. do Jaguari, 10255 - Rio Abaixo, Jacareí - SP, 12334-400, Brasil;Estr. Mun. do Jaguari, 9876-10276 - Rio Abaixo, Jacareí - SP, Brasil - Rio Abaixo, Jacareí - SP, 12334-400, Brasil;00:00:31;18;18:42:00;18:48:00
UGM5A66;AMBEV, Vehicle, Diesel;18/02/2026;00:06:21;18/02/2026;0,003795683;Estr. Mun. do Jaguari, 9876-10276 - Rio Abaixo, Jacareí - SP, Brasil - Rio Abaixo, Jacareí - SP, 12334-400, Brasil;Estr. Mun. do Jaguari, 9876-10276 - Rio Abaixo, Jacareí - SP, Brasil - Rio Abaixo, Jacareí - SP, 12334-400, Brasil;00:00:06;28;18:48:00;18:54:00
UGM5A66;AMBEV, Vehicle, Diesel;18/02/2026;00:01:11;18/02/2026;0,00494963;Estr. Mun. do Jaguari, 9876-10276 - Rio Abaixo, Jacareí - SP, Brasil - Rio Abaixo, Jacareí - SP, 12334-400, Brasil;Estr. Mun. do Jaguari, 9876-10276 - Rio Abaixo, Jacareí - SP, Brasil - Rio Abaixo, Jacareí - SP, 12334-400, Brasil;00:01:24;15;18:54:00;19:00:00
UGM5A66;AMBEV, Vehicle, Diesel;18/02/2026;00:01:51;18/02/2026;0,012198067;Estr. Mun. do Jaguari, 9876-10276 - Rio Abaixo, Jacareí - SP, Brasil - Rio Abaixo, Jacareí - SP, 12334-400, Brasil;Estr. Mun. do Jaguari, 9876-10276 - Rio Abaixo, Jacareí - SP, Brasil - Rio Abaixo, Jacareí - SP, 12334-400, Brasil;00:00:04;7;19:00:00;19:00:00
UGM5A66;AMBEV, Vehicle, Diesel;18/02/2026;00:00:56;18/02/2026;0,01764103;Estr. Mun. do Jaguari, 9876-10276 - Rio Abaixo, Jacareí - SP, Brasil - Rio Abaixo, Jacareí - SP, 12334-400, Brasil;Estr. Mun. do Jaguari, 9876-10276 - Rio Abaixo, Jacareí - SP, Brasil - Rio Abaixo, Jacareí - SP, 12334-400, Brasil;00:00:03;5;19:00:00;19:00:00
UGM5A66;AMBEV, Vehicle, Diesel;18/02/2026;00:02:37;18/02/2026;0,01;Estr. Mun. do Jaguari, 9876-10276 - Rio Abaixo, Jacareí - SP, Brasil - Rio Abaixo, Jacareí - SP, 12334-400, Brasil;Estr. Mun. do Jaguari, 1285 - Rio Abaixo, Jacareí - SP, 12334-400, Brasil;00:11:06;5;19:00:00;19:15:20
UGM5A66;AMBEV, Vehicle, Diesel;18/02/2026;00:12:26;18/02/2026;0,003477616;Estr. Mun. do Jaguari, 1285 - Rio Abaixo, Jacareí - SP, 12334-400, Brasil;Estr. Mun. do Jaguari, 9876-10276 - Rio Abaixo, Jacareí - SP, Brasil - Rio Abaixo, Jacareí - SP, 12334-400, Brasil;00:00:01;16;19:15:20;19:24:00
UGM5A66;AMBEV, Vehicle, Diesel;18/02/2026;00:01:45;18/02/2026;0,010486111;Estr. Mun. do Jaguari, 9876-10276 - Rio Abaixo, Jacareí - SP, Brasil - Rio Abaixo, Jacareí - SP, 12334-400, Brasil;Estrada Sem Nome - Jacareí, SP, Brasil;00:04:07;20;19:24:00;19:33:31
UGM5A66;AMBEV, Vehicle, Diesel;18/02/2026;00:07:36;18/02/2026;0,007951389;Estrada Sem Nome - Jacareí, SP, Brasil;Estr. Mun. do Jaguari, 9876-10276 - Rio Abaixo, Jacareí - SP, Brasil - Rio Abaixo, Jacareí - SP, 12334-400, Brasil;00:11:27;14;19:33:31;19:52:34
UGM5A66;AMBEV, Vehicle, Diesel;18/02/2026;00:09:09;18/02/2026;0,019230301;Estr. Mun. do Jaguari, 9876-10276 - Rio Abaixo, Jacareí - SP, Brasil - Rio Abaixo, Jacareí - SP, 12334-400, Brasil;Estr. Mun. do Jaguari, 9876-10276 - Rio Abaixo, Jacareí - SP, Brasil - Rio Abaixo, Jacareí - SP, 12334-400, Brasil;00:00:03;7;19:52:34;20:00:00
UGM5A66;AMBEV, Vehicle, Diesel;18/02/2026;00:02:25;18/02/2026;0,002845891;Estr. Mun. do Jaguari, 9876-10276 - Rio Abaixo, Jacareí - SP, Brasil - Rio Abaixo, Jacareí - SP, 12334-400, Brasil;Estr. Mun. do Jaguari, 1285 - Rio Abaixo, Jacareí - SP, 12334-400, Brasil;00:01:29;9;20:00:00;20:06:00
UGM5A66;AMBEV, Vehicle, Diesel;18/02/2026;00:06:13;18/02/2026;0,004571759;Estr. Mun. do Jaguari, 1285 - Rio Abaixo, Jacareí - SP, 12334-400, Brasil;Estr. Mun. do Jaguari, 9876-10276 - Rio Abaixo, Jacareí - SP, Brasil - Rio Abaixo, Jacareí - SP, 12334-400, Brasil;00:03:33;11;20:06:00;20:13:49
UGM5A66;AMBEV, Vehicle, Diesel;18/02/2026;00:09:51;18/02/2026;0,0020211;Estr. Mun. do Jaguari, 9876-10276 - Rio Abaixo, Jacareí - SP, Brasil - Rio Abaixo, Jacareí - SP, 12334-400, Brasil;Estrada Sem Nome - Jacareí, SP, Brasil;00:00:35;14;20:13:49;20:24:00
UGM5A66;AMBEV, Vehicle, Diesel;18/02/2026;00:02:08;18/02/2026;0,005802234;Estrada Sem Nome - Jacareí, SP, Brasil;Estrada Sem Nome - Jacareí, SP, Brasil;00:01:41;7;20:24:00;20:30:00
UGM5A66;AMBEV, Vehicle, Diesel;18/02/2026;00:06:12;18/02/2026;0,010115741;Estrada Sem Nome - Jacareí, SP, Brasil;Estr. Mun. do Jaguari, 9876-10276 - Rio Abaixo, Jacareí - SP, Brasil - Rio Abaixo, Jacareí - SP, 12334-400, Brasil;00:14:34;12;20:30:00;20:50:46
UGM5A66;AMBEV, Vehicle, Diesel;18/02/2026;00:00:58;18/02/2026;0,002326389;Estr. Mun. do Jaguari, 9876-10276 - Rio Abaixo, Jacareí - SP, Brasil - Rio Abaixo, Jacareí - SP, 12334-400, Brasil;Estr. Mun. do Jaguari, 9876-10276 - Rio Abaixo, Jacareí - SP, Brasil - Rio Abaixo, Jacareí - SP, 12334-400, Brasil;00:03:21;2;20:50:46;20:55:05
UGM5A66;AMBEV, Vehicle, Diesel;18/02/2026;00:00:41;18/02/2026;0,006886574;Estr. Mun. do Jaguari, 9876-10276 - Rio Abaixo, Jacareí - SP, Brasil - Rio Abaixo, Jacareí - SP, 12334-400, Brasil;Estr. Mun. do Jaguari, 9876-10276 - Rio Abaixo, Jacareí - SP, Brasil - Rio Abaixo, Jacareí - SP, 12334-400, Brasil;00:09:55;5;20:55:05;21:05:41
UGM5A66;AMBEV, Vehicle, Diesel;18/02/2026;00:01:08;18/02/2026;0,009796181;Estr. Mun. do Jaguari, 9876-10276 - Rio Abaixo, Jacareí - SP, Brasil - Rio Abaixo, Jacareí - SP, 12334-400, Brasil;Estr. Mun. do Jaguari, 9876-10276 - Rio Abaixo, Jacareí - SP, Brasil - Rio Abaixo, Jacareí - SP, 12334-400, Brasil;00:00:03;6;21:05:41;21:06:00
UGM5A66;AMBEV, Vehicle, Diesel;18/02/2026;00:00:20;18/02/2026;0,004050035;Estr. Mun. do Jaguari, 9876-10276 - Rio Abaixo, Jacareí - SP, Brasil - Rio Abaixo, Jacareí - SP, 12334-400, Brasil;Estr. Mun. do Jaguari, 9876-10276 - Rio Abaixo, Jacareí - SP, Brasil - Rio Abaixo, Jacareí - SP, 12334-400, Brasil;00:00:03;0;21:06:00;21:06:00
UGM5A66;AMBEV, Vehicle, Diesel;18/02/2026;00:01:57;18/02/2026;0,002517095;Estr. Mun. do Jaguari, 9876-10276 - Rio Abaixo, Jacareí - SP, Brasil - Rio Abaixo, Jacareí - SP, 12334-400, Brasil;Estr. Mun. do Jaguari, 1285 - Rio Abaixo, Jacareí - SP, 12334-400, Brasil;00:00:17;9;21:06:00;21:06:00
UGM5A66;AMBEV, Vehicle, Diesel;18/02/2026;00:06:47;18/02/2026;0,002337963;Estr. Mun. do Jaguari, 1285 - Rio Abaixo, Jacareí - SP, 12334-400, Brasil;Estr. Mun. do Jaguari, 10255 - Rio Abaixo, Jacareí - SP, 12334-400, Brasil;00:03:22;8;21:06:00;21:16:09
UGM5A66;AMBEV, Vehicle, Diesel;18/02/2026;00:01:44;18/02/2026;0,006883472;Estr. Mun. do Jaguari, 10255 - Rio Abaixo, Jacareí - SP, 12334-400, Brasil;Estr. Mun. do Jaguari, 9876-10276 - Rio Abaixo, Jacareí - SP, Brasil - Rio Abaixo, Jacareí - SP, 12334-400, Brasil;00:01:36;20;21:16:09;21:24:00
UGM5A66;AMBEV, Vehicle, Diesel;18/02/2026;00:02:10;18/02/2026;0,006553183;Estr. Mun. do Jaguari, 9876-10276 - Rio Abaixo, Jacareí - SP, Brasil - Rio Abaixo, Jacareí - SP, 12334-400, Brasil;Estr. Mun. do Jaguari, 9876-10276 - Rio Abaixo, Jacareí - SP, Brasil - Rio Abaixo, Jacareí - SP, 12334-400, Brasil;00:00:34;20;21:24:00;21:24:00
UGM5A66;AMBEV, Vehicle, Diesel;18/02/2026;00:06:09;18/02/2026;0,008854167;Estr. Mun. do Jaguari, 9876-10276 - Rio Abaixo, Jacareí - SP, Brasil - Rio Abaixo, Jacareí - SP, 12334-400, Brasil;Estr. Mun. do Jaguari, 9876-10276 - Rio Abaixo, Jacareí - SP, Brasil - Rio Abaixo, Jacareí - SP, 12334-400, Brasil;00:12:45;16;21:24:00;21:42:54
UGM5A66;AMBEV, Vehicle, Diesel;18/02/2026;00:02:50;18/02/2026;0,011709144;Estr. Mun. do Jaguari, 9876-10276 - Rio Abaixo, Jacareí - SP, Brasil - Rio Abaixo, Jacareí - SP, 12334-400, Brasil;Estr. Mun. do Jaguari, 9876-10276 - Rio Abaixo, Jacareí - SP, Brasil - Rio Abaixo, Jacareí - SP, 12334-400, Brasil;00:00:04;7;21:42:54;21:48:00
UGM5A66;AMBEV, Vehicle, Diesel;18/02/2026;00:01:10;18/02/2026;0,000386042;Estr. Mun. do Jaguari, 9876-10276 - Rio Abaixo, Jacareí - SP, Brasil - Rio Abaixo, Jacareí - SP, 12334-400, Brasil;Estr. Mun. do Jaguari, 9876-10276 - Rio Abaixo, Jacareí - SP, Brasil - Rio Abaixo, Jacareí - SP, 12334-400, Brasil;00:00:16;5;21:48:00;21:48:00
UGM5A66;AMBEV, Vehicle, Diesel;18/02/2026;00:00:54;18/02/2026;0,002542813;Estr. Mun. do Jaguari, 9876-10276 - Rio Abaixo, Jacareí - SP, Brasil - Rio Abaixo, Jacareí - SP, 12334-400, Brasil;Estr. Mun. do Jaguari, 9876-10276 - Rio Abaixo, Jacareí - SP, Brasil - Rio Abaixo, Jacareí - SP, 12334-400, Brasil;00:00:04;4;21:48:00;21:48:00
UGM5A66;AMBEV, Vehicle, Diesel;18/02/2026;00:06:48;18/02/2026;0,003055556;Estr. Mun. do Jaguari, 9876-10276 - Rio Abaixo, Jacareí - SP, Brasil - Rio Abaixo, Jacareí - SP, 12334-400, Brasil;Estr. Mun. do Jaguari, 10081 - Pagador de Andrade, Jacareí - SP, 12334-400, Brasil;00:04:24;13;21:48:00;21:59:12
UGM5A66;AMBEV, Vehicle, Diesel;18/02/2026;00:01:36;18/02/2026;0,07619213;Estr. Mun. do Jaguari, 10081 - Pagador de Andrade, Jacareí - SP, 12334-400, Brasil;Estr. Mun. do Jaguari, 9876-10276 - Rio Abaixo, Jacareí - SP, Brasil - Rio Abaixo, Jacareí - SP, 12334-400, Brasil;00:15:08;20;21:59:12;22:19:24
UGM5A66;AMBEV, Vehicle, Diesel;18/02/2026;00:08:52;18/02/2026;0,027038461;Estr. Mun. do Jaguari, 9876-10276 - Rio Abaixo, Jacareí - SP, Brasil - Rio Abaixo, Jacareí - SP, 12334-400, Brasil;Estr. Mun. do Jaguari, 9876-10276 - Rio Abaixo, Jacareí - SP, Brasil - Rio Abaixo, Jacareí - SP, 12334-400, Brasil;00:09:46;22;22:19:24;22:34:22
UGM5A66;AMBEV, Vehicle, Diesel;18/02/2026;00:08:08;18/02/2026;0,012766204;Estr. Mun. do Jaguari, 9876-10276 - Rio Abaixo, Jacareí - SP, Brasil - Rio Abaixo, Jacareí - SP, 12334-400, Brasil;Estr. Mun. do Jaguari, 9876-10276 - Rio Abaixo, Jacareí - SP, Brasil - Rio Abaixo, Jacareí - SP, 12334-400, Brasil;00:18:23;7;22:34:22;23:00:53
UGM5A66;AMBEV, Vehicle, Diesel;18/02/2026;00:00:52;18/02/2026;0,003449294;Estr. Mun. do Jaguari, 9876-10276 - Rio Abaixo, Jacareí - SP, Brasil - Rio Abaixo, Jacareí - SP, 12334-400, Brasil;Estr. Mun. do Jaguari, 9876-10276 - Rio Abaixo, Jacareí - SP, Brasil - Rio Abaixo, Jacareí - SP, 12334-400, Brasil;00:00:17;7;23:00:53;23:00:00
UGM5A66;AMBEV, Vehicle, Diesel;18/02/2026;00:00:54;18/02/2026;0,008125;Estr. Mun. do Jaguari, 9876-10276 - Rio Abaixo, Jacareí - SP, Brasil - Rio Abaixo, Jacareí - SP, 12334-400, Brasil;Estr. Mun. do Jaguari, 9876-10276 - Rio Abaixo, Jacareí - SP, Brasil - Rio Abaixo, Jacareí - SP, 12334-400, Brasil;00:11:42;13;23:00:00;23:12:36
UGM5A66;AMBEV, Vehicle, Diesel;18/02/2026;00:05:41;18/02/2026;0,051742234;Estr. Mun. do Jaguari, 9876-10276 - Rio Abaixo, Jacareí - SP, Brasil - Rio Abaixo, Jacareí - SP, 12334-400, Brasil;Estrada Sem Nome - Jacareí, SP, Brasil;00:00:00;16;23:12:36;23:24:00
UGM5A66;AMBEV, Vehicle, Diesel;18/02/2026;00:04:44;18/02/2026;0,005381944;Estrada Sem Nome - Jacareí, SP, Brasil;Estrada Sem Nome - Jacareí, SP, Brasil;00:07:45;14;23:24:00;23:36:29
UGM5A66;AMBEV, Vehicle, Diesel;18/02/2026;00:04:02;18/02/2026;0,013958333;Estrada Sem Nome - Jacareí, SP, Brasil;Estr. Mun. do Jaguari, 9876-10276 - Rio Abaixo, Jacareí - SP, Brasil - Rio Abaixo, Jacareí - SP, 12334-400, Brasil;00:09:53;17;23:36:29;23:48:16
UGM5A66;AMBEV, Vehicle, Diesel;18/02/2026;00:05:56;18/02/2026;0,006296296;Estr. Mun. do Jaguari, 9876-10276 - Rio Abaixo, Jacareí - SP, Brasil - Rio Abaixo, Jacareí - SP, 12334-400, Brasil;Estr. Mun. do Jaguari, 10001 - Pagador de Andrade, Jacareí - SP, 12334-400, Brasil;00:09:04;14;23:48:16;00:03:16
UGM5A66;AMBEV, Vehicle, Diesel;18/02/2026;00:09:45;18/02/2026;0,042062303;Estr. Mun. do Jaguari, 10001 - Pagador de Andrade, Jacareí - SP, 12334-400, Brasil;Estrada Sem Nome - Jacareí, SP, Brasil;01:00:34;16;00:03:16;01:13:35
UGM5A66;AMBEV, Vehicle, Diesel;18/02/2026;00:05:41;18/02/2026;0,00771397;Estrada Sem Nome - Jacareí, SP, Brasil;Estrada Sem Nome - Jacareí, SP, Brasil;00:03:05;12;01:13:35;01:24:00
UGM5A66;AMBEV, Vehicle, Diesel;18/02/2026;00:07:34;18/02/2026;0,082325694;Estrada Sem Nome - Jacareí, SP, Brasil;Estrada Sem Nome - Jacareí, SP, Brasil;00:00:11;7;01:24:00;01:30:02
UGM5A66;AMBEV, Vehicle, Diesel;18/02/2026;00:01:33;18/02/2026;0,049893611;Estrada Sem Nome - Jacareí, SP, Brasil;Estrada Sem Nome - Jacareí, SP, Brasil;00:05:32;0;01:30:02;01:36:00
UGM5A66;AMBEV, Vehicle, Diesel;18/02/2026;00:06:42;18/02/2026;0,02679588;Estrada Sem Nome - Jacareí, SP, Brasil;Estr. Mun. do Jaguari, 9876-10276 - Rio Abaixo, Jacareí - SP, Brasil - Rio Abaixo, Jacareí - SP, 12334-400, Brasil;00:00:03;10;01:36:00;01:42:00
UGM5A66;AMBEV, Vehicle, Diesel;19/02/2026;00:08:16;19/02/2026;0,005740741;Estr. Mun. do Jaguari, 9876-10276 - Rio Abaixo, Jacareí - SP, Brasil - Rio Abaixo, Jacareí - SP, 12334-400, Brasil;Estr. Mun. do Jaguari, 1285 - Rio Abaixo, Jacareí - SP, 12334-400, Brasil;00:08:16;9;01:42:00;01:58:32
UGM5A66;AMBEV, Vehicle, Diesel;19/02/2026;00:02:06;19/02/2026;0,118068993;Estr. Mun. do Jaguari, 1285 - Rio Abaixo, Jacareí - SP, 12334-400, Brasil;Estr. Mun. do Jaguari, 9876-10276 - Rio Abaixo, Jacareí - SP, Brasil - Rio Abaixo, Jacareí - SP, 12334-400, Brasil;00:02:36;13;01:58:32;02:06:00
UGM5A66;AMBEV, Vehicle, Diesel;19/02/2026;00:06:05;19/02/2026;0,07533537;Estr. Mun. do Jaguari, 9876-10276 - Rio Abaixo, Jacareí - SP, Brasil - Rio Abaixo, Jacareí - SP, 12334-400, Brasil;Estr. Mun. do Jaguari, 9032 - Rio Abaixo, Jacareí - SP, 12309, Brasil;00:00:05;24;02:06:00;02:12:00
UGM5A66;AMBEV, Vehicle, Diesel;19/02/2026;00:03:54;19/02/2026;0,013573796;Estr. Mun. do Jaguari, 9032 - Rio Abaixo, Jacareí - SP, 12309, Brasil;Estr. Mun. do Jaguari, 9876-10276 - Rio Abaixo, Jacareí - SP, Brasil - Rio Abaixo, Jacareí - SP, 12334-400, Brasil;00:00:04;39;02:12:00;02:12:00
UGM5A66;AMBEV, Vehicle, Diesel;19/02/2026;00:01:39;19/02/2026;0,064220984;Estr. Mun. do Jaguari, 9876-10276 - Rio Abaixo, Jacareí - SP, Brasil - Rio Abaixo, Jacareí - SP, 12334-400, Brasil;Estr. Mun. do Jaguari, 9876-10276 - Rio Abaixo, Jacareí - SP, Brasil - Rio Abaixo, Jacareí - SP, 12334-400, Brasil;00:00:36;9;02:12:00;02:18:00
UGM5A66;AMBEV, Vehicle, Diesel;19/02/2026;00:02:59;19/02/2026;0,023393715;Estr. Mun. do Jaguari, 9876-10276 - Rio Abaixo, Jacareí - SP, Brasil - Rio Abaixo, Jacareí - SP, 12334-400, Brasil;Estr. Mun. do Jaguari, 9876-10276 - Rio Abaixo, Jacareí - SP, Brasil - Rio Abaixo, Jacareí - SP, 12334-400, Brasil;00:01:05;5;02:18:00;02:18:00
UGM5A66;AMBEV, Vehicle, Diesel;19/02/2026;00:03:09;19/02/2026;0,003193958;Estr. Mun. do Jaguari, 9876-10276 - Rio Abaixo, Jacareí - SP, Brasil - Rio Abaixo, Jacareí - SP, 12334-400, Brasil;Estr. Mun. do Jaguari, 9876-10276 - Rio Abaixo, Jacareí - SP, Brasil - Rio Abaixo, Jacareí - SP, 12334-400, Brasil;00:04:05;5;02:18:00;02:30:00
UGM5A66;AMBEV, Vehicle, Diesel;19/02/2026;00:02:31;19/02/2026;0,003082766;Estr. Mun. do Jaguari, 9876-10276 - Rio Abaixo, Jacareí - SP, Brasil - Rio Abaixo, Jacareí - SP, 12334-400, Brasil;Estr. Mun. do Jaguari, 9876-10276 - Rio Abaixo, Jacareí - SP, Brasil - Rio Abaixo, Jacareí - SP, 12334-400, Brasil;00:00:07;6;02:30:00;02:30:00
UGM5A66;AMBEV, Vehicle, Diesel;19/02/2026;00:03:47;19/02/2026;0,00761566;Estr. Mun. do Jaguari, 9876-10276 - Rio Abaixo, Jacareí - SP, Brasil - Rio Abaixo, Jacareí - SP, 12334-400, Brasil;Estrada Sem Nome - Jacareí, SP, Brasil;00:00:06;18;02:30:00;02:36:00
UGM5A66;AMBEV, Vehicle, Diesel;19/02/2026;00:02:09;19/02/2026;0,017453715;Estrada Sem Nome - Jacareí, SP, Brasil;Estrada Sem Nome - Jacareí, SP, Brasil;00:00:55;2;02:36:00;02:36:00
UGM5A66;AMBEV, Vehicle, Diesel;19/02/2026;00:09:36;19/02/2026;0,006753958;Estrada Sem Nome - Jacareí, SP, Brasil;Estrada Sem Nome - Jacareí, SP, Brasil;00:00:19;15;02:36:00;02:48:00
UGM5A66;AMBEV, Vehicle, Diesel;19/02/2026;00:01:00;19/02/2026;0,025491748;Estrada Sem Nome - Jacareí, SP, Brasil;Estrada Sem Nome - Jacareí, SP, Brasil;00:00:48;0;02:48:00;02:48:00
UGM5A66;AMBEV, Vehicle, Diesel;19/02/2026;00:09:58;19/02/2026;0,002542928;Estrada Sem Nome - Jacareí, SP, Brasil;Estr. Mun. do Jaguari, 9876-10276 - Rio Abaixo, Jacareí - SP, Brasil - Rio Abaixo, Jacareí - SP, 12334-400, Brasil;00:00:27;18;02:48:00;03:00:00
UGM5A66;AMBEV, Vehicle, Diesel;19/02/2026;00:00:43;19/02/2026;0,022187361;Estr. Mun. do Jaguari, 9876-10276 - Rio Abaixo, Jacareí - SP, Brasil - Rio Abaixo, Jacareí - SP, 12334-400, Brasil;Estr. Mun. do Jaguari, 9876-10276 - Rio Abaixo, Jacareí - SP, Brasil - Rio Abaixo, Jacareí - SP, 12334-400, Brasil;00:00:12;12;03:00:00;03:00:00
UGM5A66;AMBEV, Vehicle, Diesel;19/02/2026;00:04:57;19/02/2026;0,0100789;Estr. Mun. do Jaguari, 9876-10276 - Rio Abaixo, Jacareí - SP, Brasil - Rio Abaixo, Jacareí - SP, 12334-400, Brasil;Estr. Mun. do Jaguari, 10081 - Pagador de Andrade, Jacareí - SP, 12334-400, Brasil;00:00:24;13;03:00:00;03:06:00
UGM5A66;AMBEV, Vehicle, Diesel;19/02/2026;00:00:51;19/02/2026;0,043492581;Estr. Mun. do Jaguari, 10081 - Pagador de Andrade, Jacareí - SP, 12334-400, Brasil;Estr. Mun. do Jaguari, 10001 - Pagador de Andrade, Jacareí - SP, 12334-400, Brasil;00:21:00;5;03:06:00;03:25:16
UGM5A66;AMBEV, Vehicle, Diesel;19/02/2026;01:06:30;19/02/2026;0,066843762;Estr. Mun. do Jaguari, 10001 - Pagador de Andrade, Jacareí - SP, 12334-400, Brasil;Rod. Pres. Dutra, 210 - Jardim Pres. Dutra, Guarulhos - SP, 07177, Brasil;00:00:37;83;03:25:16;04:36:00
UGM5A66;AMBEV, Vehicle, Diesel;19/02/2026;01:04:13;19/02/2026;0,000368762;Rod. Pres. Dutra, 210 - Jardim Pres. Dutra, Guarulhos - SP, 07177, Brasil;R. Robert Bosch, 1948 - Jardim Platina, Osasco - SP, 06273-072, Brasil;00:00:09;81;04:36:00;05:42:00
UGM5A66;AMBEV, Vehicle, Diesel;19/02/2026;00:03:42;19/02/2026;0,007855081;R. Robert Bosch, 1948 - Jardim Platina, Osasco - SP, 06273-072, Brasil;SP-330, 1068 - Jd S Joao Bela Vista, Osasco - SP, 06278-000, Brasil;00:00:34;12;05:42:00;05:42:00
UGM5A66;AMBEV, Vehicle, Diesel;19/02/2026;00:04:20;19/02/2026;0,063266424;SP-330, 1068 - Jd S Joao Bela Vista, Osasco - SP, 06278-000, Brasil;CD AMBEV OSASCO: R. Américo Vespúcio, 900 - Vila Menck, Osasco - SP, 06273-070, Brasil;00:01:06;16;05:42:00;05:48:00
UGM5A66;AMBEV, Vehicle, Diesel;19/02/2026;00:02:48;19/02/2026;0,008792894;CD AMBEV OSASCO: R. Américo Vespúcio, 900 - Vila Menck, Osasco - SP, 06273-070, Brasil;SP-330, 1068 - Jd S Joao Bela Vista, Osasco - SP, 06278-000, Brasil;00:01:16;18;05:48:00;05:54:00
UGM5A66;AMBEV, Vehicle, Diesel;19/02/2026;00:02:24;19/02/2026;0,064780093;SP-330, 1068 - Jd S Joao Bela Vista, Osasco - SP, 06278-000, Brasil;R. Américo Vespúcio, 85 - Platina, Osasco - SP, 06273-070, Brasil;00:18:34;7;05:54:00;06:15:47
UGM5A66;AMBEV, Vehicle, Diesel;19/02/2026;00:42:16;19/02/2026;0,003460648;R. Américo Vespúcio, 85 - Platina, Osasco - SP, 06273-070, Brasil;Av. Amâncio Gaioli, 282 - Jardim Fatima, Guarulhos - SP, 07251-500, Brasil;00:04:59;81;06:15:47;07:03:02
UGM5A66;AMBEV, Vehicle, Diesel;19/02/2026;00:56:56;19/02/2026;0,00739772;Av. Amâncio Gaioli, 282 - Jardim Fatima, Guarulhos - SP, 07251-500, Brasil;Estr. Mun. do Jaguari, 10081 - Pagador de Andrade, Jacareí - SP, 12334-400, Brasil;00:00:10;83;07:03:02;08:00:00
UGM5A66;AMBEV, Vehicle, Diesel;19/02/2026;00:02:08;19/02/2026;0,012471551;Estr. Mun. do Jaguari, 10081 - Pagador de Andrade, Jacareí - SP, 12334-400, Brasil;Estr. Mun. do Jaguari, 9876-10276 - Rio Abaixo, Jacareí - SP, Brasil - Rio Abaixo, Jacareí - SP, 12334-400, Brasil;00:00:11;13;08:00:00;08:00:00
UGM5A66;AMBEV, Vehicle, Diesel;19/02/2026;00:02:35;19/02/2026;0,001798333;Estr. Mun. do Jaguari, 9876-10276 - Rio Abaixo, Jacareí - SP, Brasil - Rio Abaixo, Jacareí - SP, 12334-400, Brasil;Estr. Mun. do Jaguari, 9876-10276 - Rio Abaixo, Jacareí - SP, Brasil - Rio Abaixo, Jacareí - SP, 12334-400, Brasil;00:00:05;13;08:00:00;08:06:00
UGM5A66;AMBEV, Vehicle, Diesel;19/02/2026;00:06:37;19/02/2026;0,006354167;Estr. Mun. do Jaguari, 9876-10276 - Rio Abaixo, Jacareí - SP, Brasil - Rio Abaixo, Jacareí - SP, 12334-400, Brasil;Estr. Mun. do Jaguari, 9876-10276 - Rio Abaixo, Jacareí - SP, Brasil - Rio Abaixo, Jacareí - SP, 12334-400, Brasil;00:09:09;14;08:06:00;08:21:46
UGM5A66;AMBEV, Vehicle, Diesel;19/02/2026;00:11:15;19/02/2026;0,014363229;Estr. Mun. do Jaguari, 9876-10276 - Rio Abaixo, Jacareí - SP, Brasil - Rio Abaixo, Jacareí - SP, 12334-400, Brasil;Estr. Mun. do Jaguari, 9876-10276 - Rio Abaixo, Jacareí - SP, Brasil - Rio Abaixo, Jacareí - SP, 12334-400, Brasil;00:00:10;17;08:21:46;08:30:00
UGM5A66;AMBEV, Vehicle, Diesel;19/02/2026;00:04:43;19/02/2026;0,01091412;Estr. Mun. do Jaguari, 9876-10276 - Rio Abaixo, Jacareí - SP, Brasil - Rio Abaixo, Jacareí - SP, 12334-400, Brasil;Estr. Mun. do Jaguari, 9002 - Rio Abaixo, Jacareí - SP, 12334-400, Brasil;00:02:46;57;08:30:00;08:36:00
UGM5A66;AMBEV, Vehicle, Diesel;19/02/2026;01:44:08;20/02/2026;0,005703854;Estr. Mun. do Jaguari, 9002 - Rio Abaixo, Jacareí - SP, 12334-400, Brasil;R. João Guidi, 106 - Vila Sul Americana, Carapicuíba - SP, 06397-080, Brasil;00:00:04;85;08:36:00;10:24:00
UGM5A66;AMBEV, Vehicle, Diesel;20/02/2026;00:09:21;20/02/2026;0,073151782;R. João Guidi, 106 - Vila Sul Americana, Carapicuíba - SP, 06397-080, Brasil;R. Novo Hamburgo, 300 - Vila Sul Americana, Carapicuíba - SP, 06397-110, Brasil;00:08:26;6;10:24:00;10:42:00
UGM5A66;AMBEV, Vehicle, Diesel;20/02/2026;00:01:57;20/02/2026;0,009705567;R. Novo Hamburgo, 300 - Vila Sul Americana, Carapicuíba - SP, 06397-110, Brasil;R. Novo Hamburgo, 300 - Vila Sul Americana, Carapicuíba - SP, 06397-110, Brasil;00:00:14;6;10:42:00;10:42:00
UGM5A66;AMBEV, Vehicle, Diesel;20/02/2026;00:02:35;20/02/2026;0,002069375;R. Novo Hamburgo, 300 - Vila Sul Americana, Carapicuíba - SP, 06397-110, Brasil;R. João Guidi, 13 - Vila Sul Americana, Carapicuíba - SP, 06397-080, Brasil;00:01:20;13;10:42:00;10:48:00
UGM5A66;AMBEV, Vehicle, Diesel;20/02/2026;00:00:37;20/02/2026;0,069479074;R. João Guidi, 13 - Vila Sul Americana, Carapicuíba - SP, 06397-080, Brasil;R. João Guidi, 106 - Vila Sul Americana, Carapicuíba - SP, 06397-080, Brasil;00:00:10;6;10:48:00;10:48:00
UGM5A66;AMBEV, Vehicle, Diesel;20/02/2026;01:43:43;20/02/2026;0,000938194;R. João Guidi, 106 - Vila Sul Americana, Carapicuíba - SP, 06397-080, Brasil;Estr. Mun. do Jaguari, 9002 - Rio Abaixo, Jacareí - SP, 12334-400, Brasil;00:00:02;87;10:48:00;12:30:00
UGM5A66;AMBEV, Vehicle, Diesel;20/02/2026;00:04:22;20/02/2026;0,006604942;Estr. Mun. do Jaguari, 9002 - Rio Abaixo, Jacareí - SP, 12334-400, Brasil;Estr. Mun. do Jaguari, 10001 - Pagador de Andrade, Jacareí - SP, 12334-400, Brasil;00:00:22;57;12:30:00;12:36:00
UGM5A66;AMBEV, Vehicle, Diesel;20/02/2026;00:02:19;20/02/2026;0,244429722;Estr. Mun. do Jaguari, 10001 - Pagador de Andrade, Jacareí - SP, 12334-400, Brasil;Estr. Mun. do Jaguari, 9876-10276 - Rio Abaixo, Jacareí - SP, Brasil - Rio Abaixo, Jacareí - SP, 12334-400, Brasil;00:00:13;22;12:36:00;12:36:00
UGM5A66;AMBEV, Vehicle, Diesel;20/02/2026;00:09:09;20/02/2026;0,0044825;Estr. Mun. do Jaguari, 9876-10276 - Rio Abaixo, Jacareí - SP, Brasil - Rio Abaixo, Jacareí - SP, 12334-400, Brasil;Estr. Mun. do Jaguari, 9876-10276 - Rio Abaixo, Jacareí - SP, Brasil - Rio Abaixo, Jacareí - SP, 12334-400, Brasil;00:02:49;29;12:36:00;12:48:00
UGM5A66;AMBEV, Vehicle, Diesel;20/02/2026;00:05:03;20/02/2026;0,137650463;Estr. Mun. do Jaguari, 9876-10276 - Rio Abaixo, Jacareí - SP, Brasil - Rio Abaixo, Jacareí - SP, 12334-400, Brasil;Estr. Mun. do Jaguari, 9876-10276 - Rio Abaixo, Jacareí - SP, Brasil - Rio Abaixo, Jacareí - SP, 12334-400, Brasil;01:31:26;14;12:48:00;14:27:35
UGM5A66;AMBEV, Vehicle, Diesel;20/02/2026;00:06:09;20/02/2026;0,060300926;Estr. Mun. do Jaguari, 9876-10276 - Rio Abaixo, Jacareí - SP, Brasil - Rio Abaixo, Jacareí - SP, 12334-400, Brasil;Estrada Sem Nome - Jacareí, SP, Brasil;00:11:24;13;14:27:35;14:47:15
UGM5A66;AMBEV, Vehicle, Diesel;20/02/2026;00:03:14;20/02/2026;0,10228684;Estrada Sem Nome - Jacareí, SP, Brasil;Estrada Sem Nome - Jacareí, SP, Brasil;00:05:30;0;14:47:15;14:54:00
UGM5A66;AMBEV, Vehicle, Diesel;20/02/2026;00:01:20;20/02/2026;0,004344028;Estrada Sem Nome - Jacareí, SP, Brasil;Estrada Sem Nome - Jacareí, SP, Brasil;00:06:15;0;14:54:00;15:01:35
UGM5A66;AMBEV, Vehicle, Diesel;20/02/2026;00:00:24;20/02/2026;0,002650463;Estrada Sem Nome - Jacareí, SP, Brasil;Estrada Sem Nome - Jacareí, SP, Brasil;00:03:49;0;15:01:35;15:05:48
UGM5A66;AMBEV, Vehicle, Diesel;20/02/2026;00:03:07;20/02/2026;0,003449074;Estrada Sem Nome - Jacareí, SP, Brasil;Estrada Sem Nome - Jacareí, SP, Brasil;00:04:58;18;15:05:48;15:13:53
UGM5A66;AMBEV, Vehicle, Diesel;20/02/2026;00:04:44;20/02/2026;0,008628924;Estrada Sem Nome - Jacareí, SP, Brasil;Estr. Mun. do Jaguari, 9876-10276 - Rio Abaixo, Jacareí - SP, Brasil - Rio Abaixo, Jacareí - SP, 12334-400, Brasil;00:01:12;20;15:13:53;15:19:04
UGM5A66;AMBEV, Vehicle, Diesel;20/02/2026;00:03:55;20/02/2026;0,006875;Estr. Mun. do Jaguari, 9876-10276 - Rio Abaixo, Jacareí - SP, Brasil - Rio Abaixo, Jacareí - SP, 12334-400, Brasil;Estr. Mun. do Jaguari, 9876-10276 - Rio Abaixo, Jacareí - SP, Brasil - Rio Abaixo, Jacareí - SP, 12334-400, Brasil;00:09:54;10;15:19:04;15:32:53
UGM5A66;AMBEV, Vehicle, Diesel;20/02/2026;00:05:23;20/02/2026;0,098475324;Estr. Mun. do Jaguari, 9876-10276 - Rio Abaixo, Jacareí - SP, Brasil - Rio Abaixo, Jacareí - SP, 12334-400, Brasil;Estr. Mun. do Jaguari, 9876-10276 - Rio Abaixo, Jacareí - SP, Brasil - Rio Abaixo, Jacareí - SP, 12334-400, Brasil;00:15:53;22;15:32:53;15:54:00
UGM5A66;AMBEV, Vehicle, Diesel;20/02/2026;00:02:29;20/02/2026;0,008957199;Estr. Mun. do Jaguari, 9876-10276 - Rio Abaixo, Jacareí - SP, Brasil - Rio Abaixo, Jacareí - SP, 12334-400, Brasil;Estrada Sem Nome - Jacareí, SP, Brasil;00:07:04;16;15:54:00;16:06:00
UGM5A66;AMBEV, Vehicle, Diesel;20/02/2026;00:00:34;20/02/2026;0,046128646;Estrada Sem Nome - Jacareí, SP, Brasil;Estrada Sem Nome - Jacareí, SP, Brasil;00:00:27;11;16:06:00;16:06:00
UGM5A66;AMBEV, Vehicle, Diesel;21/02/2026;00:01:06;21/02/2026;0,005421053;Estrada Sem Nome - Jacareí, SP, Brasil;Estrada Sem Nome - Jacareí, SP, Brasil;00:01:07;13;16:06:00;16:06:00
UGM5A66;AMBEV, Vehicle, Diesel;21/02/2026;00:01:47;21/02/2026;0,038594549;Estrada Sem Nome - Jacareí, SP, Brasil;Estrada Sem Nome - Jacareí, SP, Brasil;00:00:05;4;16:06:00;16:06:00
UGM5A66;AMBEV, Vehicle, Diesel;21/02/2026;00:09:27;21/02/2026;0,011807593;Estrada Sem Nome - Jacareí, SP, Brasil;Estr. Mun. do Jaguari, 9876-10276 - Rio Abaixo, Jacareí - SP, Brasil - Rio Abaixo, Jacareí - SP, 12334-400, Brasil;00:00:23;9;16:06:00;16:18:00
UGM5A66;AMBEV, Vehicle, Diesel;21/02/2026;00:07:25;21/02/2026;0,008972014;Estr. Mun. do Jaguari, 9876-10276 - Rio Abaixo, Jacareí - SP, Brasil - Rio Abaixo, Jacareí - SP, 12334-400, Brasil;Estr. Mun. do Jaguari, 9876-10276 - Rio Abaixo, Jacareí - SP, Brasil - Rio Abaixo, Jacareí - SP, 12334-400, Brasil;00:04:30;20;16:18:00;16:30:00
UGM5A66;AMBEV, Vehicle, Diesel;21/02/2026;00:02:24;21/02/2026;0,008941042;Estr. Mun. do Jaguari, 9876-10276 - Rio Abaixo, Jacareí - SP, Brasil - Rio Abaixo, Jacareí - SP, 12334-400, Brasil;Estr. Mun. do Jaguari, 9876-10276 - Rio Abaixo, Jacareí - SP, Brasil - Rio Abaixo, Jacareí - SP, 12334-400, Brasil;00:00:33;9;16:30:00;16:30:00
UGM5A66;AMBEV, Vehicle, Diesel;21/02/2026;00:02:46;21/02/2026;0,019302025;Estr. Mun. do Jaguari, 9876-10276 - Rio Abaixo, Jacareí - SP, Brasil - Rio Abaixo, Jacareí - SP, 12334-400, Brasil;Estrada Sem Nome - Jacareí, SP, Brasil;00:00:32;18;16:30:00;16:36:00
UGM5A66;AMBEV, Vehicle, Diesel;21/02/2026;00:04:09;21/02/2026;0,025154583;Estrada Sem Nome - Jacareí, SP, Brasil;Estrada Sem Nome - Jacareí, SP, Brasil;00:00:18;6;16:36:00;16:42:00
UGM5A66;AMBEV, Vehicle, Diesel;21/02/2026;00:12:37;21/02/2026;0,025736852;Estrada Sem Nome - Jacareí, SP, Brasil;Estrada Sem Nome - Jacareí, SP, Brasil;00:02:42;16;16:42:00;16:54:00
UGM5A66;AMBEV, Vehicle, Diesel;21/02/2026;00:03:37;21/02/2026;0,017165845;Estrada Sem Nome - Jacareí, SP, Brasil;Estrada Sem Nome - Jacareí, SP, Brasil;00:00:00;2;16:54:00;17:00:00
UGM5A66;AMBEV, Vehicle, Diesel;21/02/2026;00:05:06;21/02/2026;0,004247685;Estrada Sem Nome - Jacareí, SP, Brasil;Estrada Sem Nome - Jacareí, SP, Brasil;00:06:07;20;17:00:00;17:11:13
UGM5A66;AMBEV, Vehicle, Diesel;21/02/2026;00:03:33;21/02/2026;0,093621123;Estrada Sem Nome - Jacareí, SP, Brasil;Estr. Mun. do Jaguari, 9876-10276 - Rio Abaixo, Jacareí - SP, Brasil - Rio Abaixo, Jacareí - SP, 12334-400, Brasil;00:00:42;18;17:11:13;17:18:00
UGM5A66;AMBEV, Vehicle, Diesel;21/02/2026;00:02:51;21/02/2026;0,005076944;Estr. Mun. do Jaguari, 9876-10276 - Rio Abaixo, Jacareí - SP, Brasil - Rio Abaixo, Jacareí - SP, 12334-400, Brasil;Estrada Sem Nome - Jacareí, SP, Brasil;00:01:11;13;17:18:00;17:18:00
UGM5A66;AMBEV, Vehicle, Diesel;21/02/2026;00:07:05;21/02/2026;0,034065255;Estrada Sem Nome - Jacareí, SP, Brasil;Estrada Sem Nome - Jacareí, SP, Brasil;00:00:03;20;17:18:00;17:24:00
UGM5A66;AMBEV, Vehicle, Diesel;21/02/2026;00:08:07;21/02/2026;0,017180174;Estrada Sem Nome - Jacareí, SP, Brasil;Estrada Sem Nome - Jacareí, SP, Brasil;00:00:05;20;17:24:00;17:36:00
UGM5A66;AMBEV, Vehicle, Diesel;21/02/2026;00:01:59;21/02/2026;0,044827824;Estrada Sem Nome - Jacareí, SP, Brasil;Estrada Sem Nome - Jacareí, SP, Brasil;00:00:03;8;17:36:00;17:36:00
UGM5A66;AMBEV, Vehicle, Diesel;21/02/2026;00:09:02;21/02/2026;0,003871088;Estrada Sem Nome - Jacareí, SP, Brasil;Estr. Mun. do Jaguari, 9876-10276 - Rio Abaixo, Jacareí - SP, Brasil - Rio Abaixo, Jacareí - SP, 12334-400, Brasil;00:00:49;18;17:36:00;17:48:00
UGM5A66;AMBEV, Vehicle, Diesel;21/02/2026;00:05:38;21/02/2026;0,004177731;Estr. Mun. do Jaguari, 9876-10276 - Rio Abaixo, Jacareí - SP, Brasil - Rio Abaixo, Jacareí - SP, 12334-400, Brasil;Estrada Sem Nome - Jacareí, SP, Brasil;00:04:37;26;17:48:00;17:54:00
UGM5A66;AMBEV, Vehicle, Diesel;21/02/2026;00:05:14;21/02/2026;0,010613426;Estrada Sem Nome - Jacareí, SP, Brasil;Estr. Mun. do Jaguari, 1285 - Rio Abaixo, Jacareí - SP, 12334-400, Brasil;00:06:51;22;17:54:00;18:08:27
UGM5A66;AMBEV, Vehicle, Diesel;21/02/2026;00:04:49;21/02/2026;0,003431389;Estr. Mun. do Jaguari, 1285 - Rio Abaixo, Jacareí - SP, 12334-400, Brasil;Estr. Mun. do Jaguari, 9876-10276 - Rio Abaixo, Jacareí - SP, Brasil - Rio Abaixo, Jacareí - SP, 12334-400, Brasil;00:00:06;10;18:08:27;18:12:00
UGM5A66;AMBEV, Vehicle, Diesel;21/02/2026;00:02:12;21/02/2026;0,032559792;Estr. Mun. do Jaguari, 9876-10276 - Rio Abaixo, Jacareí - SP, Brasil - Rio Abaixo, Jacareí - SP, 12334-400, Brasil;Estrada Sem Nome - Jacareí, SP, Brasil;00:00:06;29;18:12:00;18:18:00
UGM5A66;AMBEV, Vehicle, Diesel;21/02/2026;00:03:46;21/02/2026;0,084172789;Estrada Sem Nome - Jacareí, SP, Brasil;Estrada Sem Nome - Jacareí, SP, Brasil;00:01:02;15;18:18:00;18:18:00
UGM5A66;AMBEV, Vehicle, Diesel;21/02/2026;00:03:00;21/02/2026;0,01525463;Estrada Sem Nome - Jacareí, SP, Brasil;Estrada Sem Nome - Jacareí, SP, Brasil;00:02:44;0;18:18:00;18:20:45
UGM5A66;AMBEV, Vehicle, Diesel;21/02/2026;00:07:34;21/02/2026;0,03900463;Estrada Sem Nome - Jacareí, SP, Brasil;Estrada Sem Nome - Jacareí, SP, Brasil;00:56:10;17;18:20:45;19:24:29
UGM5A66;AMBEV, Vehicle, Diesel;21/02/2026;00:05:26;21/02/2026;0,027375637;Estrada Sem Nome - Jacareí, SP, Brasil;Estrada Sem Nome - Jacareí, SP, Brasil;00:00:00;14;19:24:29;19:30:00
UGM5A66;AMBEV, Vehicle, Diesel;21/02/2026;00:07:40;21/02/2026;0,006759259;Estrada Sem Nome - Jacareí, SP, Brasil;Estr. Mun. do Jaguari, 9876-10276 - Rio Abaixo, Jacareí - SP, Brasil - Rio Abaixo, Jacareí - SP, 12334-400, Brasil;00:09:44;20;19:30:00;19:47:24
UGM5A66;AMBEV, Vehicle, Diesel;21/02/2026;00:06:15;21/02/2026;0,004583333;Estr. Mun. do Jaguari, 9876-10276 - Rio Abaixo, Jacareí - SP, Brasil - Rio Abaixo, Jacareí - SP, 12334-400, Brasil;Estr. Mun. do Jaguari, 9876-10276 - Rio Abaixo, Jacareí - SP, Brasil - Rio Abaixo, Jacareí - SP, 12334-400, Brasil;00:06:36;22;19:47:24;20:00:15
UGM5A66;AMBEV, Vehicle, Diesel;21/02/2026;00:19:26;21/02/2026;0,010763889;Estr. Mun. do Jaguari, 9876-10276 - Rio Abaixo, Jacareí - SP, Brasil - Rio Abaixo, Jacareí - SP, 12334-400, Brasil;Estr. Mun. do Jaguari, 10255 - Rio Abaixo, Jacareí - SP, 12334-400, Brasil;00:15:30;22;20:00:15;20:35:12
UGM5A66;AMBEV, Vehicle, Diesel;21/02/2026;00:02:25;21/02/2026;0,004385995;Estr. Mun. do Jaguari, 10255 - Rio Abaixo, Jacareí - SP, 12334-400, Brasil;Estr. Mun. do Jaguari, 9876-10276 - Rio Abaixo, Jacareí - SP, Brasil - Rio Abaixo, Jacareí - SP, 12334-400, Brasil;00:00:04;12;20:35:12;20:42:00
UGM5A66;AMBEV, Vehicle, Diesel;21/02/2026;00:03:02;21/02/2026;0,005613426;Estr. Mun. do Jaguari, 9876-10276 - Rio Abaixo, Jacareí - SP, Brasil - Rio Abaixo, Jacareí - SP, 12334-400, Brasil;Estrada Sem Nome - Jacareí, SP, Brasil;00:08:05;14;20:42:00;20:53:07
UGM5A66;AMBEV, Vehicle, Diesel;21/02/2026;00:02:07;21/02/2026;0,037540324;Estrada Sem Nome - Jacareí, SP, Brasil;Estrada Sem Nome - Jacareí, SP, Brasil;00:00:00;7;20:53:07;20:54:00
UGM5A66;AMBEV, Vehicle, Diesel;21/02/2026;00:12:32;21/02/2026;0,004282407;Estrada Sem Nome - Jacareí, SP, Brasil;Estrada Sem Nome - Jacareí, SP, Brasil;00:06:10;22;20:54:00;21:12:42
UGM5A66;AMBEV, Vehicle, Diesel;21/02/2026;00:02:18;21/02/2026;0,146185764;Estrada Sem Nome - Jacareí, SP, Brasil;Estrada Sem Nome - Jacareí, SP, Brasil;00:00:22;12;21:12:42;21:12:00
UGM5A66;AMBEV, Vehicle, Diesel;21/02/2026;00:01:17;21/02/2026;0,003859873;Estrada Sem Nome - Jacareí, SP, Brasil;Estrada Sem Nome - Jacareí, SP, Brasil;00:00:02;20;21:12:00;21:18:00
UGM5A66;AMBEV, Vehicle, Diesel;21/02/2026;00:00:55;21/02/2026;0,002839213;Estrada Sem Nome - Jacareí, SP, Brasil;Estrada Sem Nome - Jacareí, SP, Brasil;00:00:11;6;21:18:00;21:18:00
UGM5A66;AMBEV, Vehicle, Diesel;21/02/2026;00:01:45;21/02/2026;0,021815799;Estrada Sem Nome - Jacareí, SP, Brasil;Estrada Sem Nome - Jacareí, SP, Brasil;00:00:00;2;21:18:00;21:18:00
UGM5A66;AMBEV, Vehicle, Diesel;21/02/2026;00:11:42;22/02/2026;0,003050289;Estrada Sem Nome - Jacareí, SP, Brasil;Estr. Mun. do Jaguari, 9876-10276 - Rio Abaixo, Jacareí - SP, Brasil - Rio Abaixo, Jacareí - SP, 12334-400, Brasil;00:00:04;20;21:18:00;21:30:00
UGM5A66;AMBEV, Vehicle, Diesel;22/02/2026;00:04:15;22/02/2026;0,002165208;Estr. Mun. do Jaguari, 9876-10276 - Rio Abaixo, Jacareí - SP, Brasil - Rio Abaixo, Jacareí - SP, 12334-400, Brasil;Estr. Mun. do Jaguari, 9876-10276 - Rio Abaixo, Jacareí - SP, Brasil - Rio Abaixo, Jacareí - SP, 12334-400, Brasil;00:00:01;22;21:30:00;21:36:00
UGM5A66;AMBEV, Vehicle, Diesel;22/02/2026;00:05:40;22/02/2026;0,006111111;Estr. Mun. do Jaguari, 9876-10276 - Rio Abaixo, Jacareí - SP, Brasil - Rio Abaixo, Jacareí - SP, 12334-400, Brasil;Estr. Mun. do Jaguari, 9876-10276 - Rio Abaixo, Jacareí - SP, Brasil - Rio Abaixo, Jacareí - SP, 12334-400, Brasil;00:08:48;20;21:36:00;21:50:28
UGM5A66;AMBEV, Vehicle, Diesel;22/02/2026;00:03:57;22/02/2026;0,054340278;Estr. Mun. do Jaguari, 9876-10276 - Rio Abaixo, Jacareí - SP, Brasil - Rio Abaixo, Jacareí - SP, 12334-400, Brasil;Estrada Sem Nome - Jacareí, SP, Brasil;00:00:03;18;21:50:28;21:54:00
UGM5A66;AMBEV, Vehicle, Diesel;22/02/2026;00:03:07;22/02/2026;0,003290104;Estrada Sem Nome - Jacareí, SP, Brasil;Estrada Sem Nome - Jacareí, SP, Brasil;00:00:01;22;21:54:00;21:54:00
UGM5A66;AMBEV, Vehicle, Diesel;22/02/2026;00:01:43;22/02/2026;0,00288603;Estrada Sem Nome - Jacareí, SP, Brasil;Estrada Sem Nome - Jacareí, SP, Brasil;00:00:05;22;21:54:00;22:00:00
UGM5A66;AMBEV, Vehicle, Diesel;22/02/2026;00:00:36;22/02/2026;0,003174016;Estrada Sem Nome - Jacareí, SP, Brasil;Estrada Sem Nome - Jacareí, SP, Brasil;00:00:08;8;22:00:00;22:00:00
UGM5A66;AMBEV, Vehicle, Diesel;22/02/2026;00:00:52;22/02/2026;0,008416632;Estrada Sem Nome - Jacareí, SP, Brasil;Estrada Sem Nome - Jacareí, SP, Brasil;00:00:01;0;22:00:00;22:00:00
UGM5A66;AMBEV, Vehicle, Diesel;22/02/2026;00:02:54;22/02/2026;0,003961424;Estrada Sem Nome - Jacareí, SP, Brasil;Estrada Sem Nome - Jacareí, SP, Brasil;00:05:42;20;22:00:00;22:08:36
UGM5A66;AMBEV, Vehicle, Diesel;22/02/2026;00:02:11;22/02/2026;0,005418843;Estrada Sem Nome - Jacareí, SP, Brasil;Estr. Mun. do Jaguari, 9876-10276 - Rio Abaixo, Jacareí - SP, Brasil - Rio Abaixo, Jacareí - SP, 12334-400, Brasil;00:00:03;20;22:08:36;22:12:00
UGM5A66;AMBEV, Vehicle, Diesel;22/02/2026;00:29:18;22/02/2026;0,003372523;Estr. Mun. do Jaguari, 9876-10276 - Rio Abaixo, Jacareí - SP, Brasil - Rio Abaixo, Jacareí - SP, 12334-400, Brasil;Estr. Mun. do Jaguari, 9876-10276 - Rio Abaixo, Jacareí - SP, Brasil - Rio Abaixo, Jacareí - SP, 12334-400, Brasil;00:00:01;28;22:12:00;22:42:00
UGM5A66;AMBEV, Vehicle, Diesel;22/02/2026;00:02:47;22/02/2026;0,004354444;Estr. Mun. do Jaguari, 9876-10276 - Rio Abaixo, Jacareí - SP, Brasil - Rio Abaixo, Jacareí - SP, 12334-400, Brasil;Estrada Sem Nome - Jacareí, SP, Brasil;00:06:16;18;22:42:00;22:51:03
UGM5A66;AMBEV, Vehicle, Diesel;22/02/2026;00:02:44;22/02/2026;0,091463345;Estrada Sem Nome - Jacareí, SP, Brasil;Estrada Sem Nome - Jacareí, SP, Brasil;00:04:07;14;22:51:03;22:54:00
UGM5A66;AMBEV, Vehicle, Diesel;22/02/2026;00:08:29;22/02/2026;0,025985938;Estrada Sem Nome - Jacareí, SP, Brasil;Estr. Mun. do Jaguari, 9876-10276 - Rio Abaixo, Jacareí - SP, Brasil - Rio Abaixo, Jacareí - SP, 12334-400, Brasil;00:00:22;20;22:54:00;23:06:00
UGM5A66;AMBEV, Vehicle, Diesel;22/02/2026;00:04:05;22/02/2026;0,004594907;Estr. Mun. do Jaguari, 9876-10276 - Rio Abaixo, Jacareí - SP, Brasil - Rio Abaixo, Jacareí - SP, 12334-400, Brasil;Estr. Mun. do Jaguari, 1285 - Rio Abaixo, Jacareí - SP, 12334-400, Brasil;00:06:37;12;23:06:00;23:16:42
UGM5A66;AMBEV, Vehicle, Diesel;22/02/2026;00:01:25;22/02/2026;0,003428067;Estr. Mun. do Jaguari, 1285 - Rio Abaixo, Jacareí - SP, 12334-400, Brasil;Estr. Mun. do Jaguari, 10255 - Rio Abaixo, Jacareí - SP, 12334-400, Brasil;00:01:15;8;23:16:42;23:18:00
UGM5A66;AMBEV, Vehicle, Diesel;22/02/2026;00:08:04;22/02/2026;0,00038831;Estr. Mun. do Jaguari, 10255 - Rio Abaixo, Jacareí - SP, 12334-400, Brasil;Estrada Sem Nome - Jacareí, SP, Brasil;00:00:05;20;23:18:00;23:24:00
UGM5A66;AMBEV, Vehicle, Diesel;22/02/2026;00:00:22;22/02/2026;0,051562396;Estrada Sem Nome - Jacareí, SP, Brasil;Estrada Sem Nome - Jacareí, SP, Brasil;00:00:04;2;23:24:00;23:30:00
UGM5A66;AMBEV, Vehicle, Diesel;22/02/2026;00:09:59;22/02/2026;0,002243125;Estrada Sem Nome - Jacareí, SP, Brasil;Estrada Sem Nome - Jacareí, SP, Brasil;00:00:29;15;23:30:00;23:36:00
UGM5A66;AMBEV, Vehicle, Diesel;22/02/2026;00:04:53;22/02/2026;0,034652778;Estrada Sem Nome - Jacareí, SP, Brasil;Estr. Mun. do Jaguari, 9876-10276 - Rio Abaixo, Jacareí - SP, Brasil - Rio Abaixo, Jacareí - SP, 12334-400, Brasil;00:29:53;20;23:36:00;00:11:49
UGM5A66;AMBEV, Vehicle, Diesel;22/02/2026;00:03:00;22/02/2026;0,125164792;Estr. Mun. do Jaguari, 9876-10276 - Rio Abaixo, Jacareí - SP, Brasil - Rio Abaixo, Jacareí - SP, 12334-400, Brasil;Estr. Mun. do Jaguari, 9876-10276 - Rio Abaixo, Jacareí - SP, Brasil - Rio Abaixo, Jacareí - SP, 12334-400, Brasil;00:18:50;18;00:11:49;00:36:00
UGM5A66;AMBEV, Vehicle, Diesel;22/02/2026;00:02:48;22/02/2026;0,006682176;Estr. Mun. do Jaguari, 9876-10276 - Rio Abaixo, Jacareí - SP, Brasil - Rio Abaixo, Jacareí - SP, 12334-400, Brasil;Estrada Sem Nome - Jacareí, SP, Brasil;00:00:37;39;00:36:00;00:36:00
UGM5A66;AMBEV, Vehicle, Diesel;22/02/2026;00:05:22;22/02/2026;0,464132292;Estrada Sem Nome - Jacareí, SP, Brasil;Estr. Mun. do Jaguari, 9876-10276 - Rio Abaixo, Jacareí - SP, Brasil - Rio Abaixo, Jacareí - SP, 12334-400, Brasil;00:19:36;14;00:36:00;01:00:00
UGM5A66;AMBEV, Vehicle, Diesel;22/02/2026;00:03:03;22/02/2026;0,026113438;Estr. Mun. do Jaguari, 9876-10276 - Rio Abaixo, Jacareí - SP, Brasil - Rio Abaixo, Jacareí - SP, 12334-400, Brasil;Estr. Mun. do Jaguari, 9876-10276 - Rio Abaixo, Jacareí - SP, Brasil - Rio Abaixo, Jacareí - SP, 12334-400, Brasil;00:00:19;9;01:00:00;01:06:00
VOLVO FH 460 | CUF5B65;Combustão, Ambev Jundiaí Segurança, Vehicle, Diesel, VOLVO, Relatório_Combustão, Relatórios_Todos, FALSO, PESADOS;16/02/2026;06:12:39;16/02/2026;0,469916921;Rod. Pres. Castello Branco, 103 - Jardim Itaquiti, Porto Feliz - SP, 18550-000, Brasil;R. John Ruggiero, 7 - Parque Industrial, Coroados - SP, 16260-000, Brasil;00:01:02;85;17:14:32;23:30:00
VOLVO FH 460 | CUF5B65;Combustão, Ambev Jundiaí Segurança, Vehicle, Diesel, VOLVO, Relatório_Combustão, Relatórios_Todos, FALSO, PESADOS;16/02/2026;00:25:56;16/02/2026;0,010743356;R. John Ruggiero, 7 - Parque Industrial, Coroados - SP, 16260-000, Brasil;Rod. Marechal Rondon, 527 - Alvorada, Araçatuba - SP, 16018-805, Brasil;00:01:27;83;23:30:00;23:54:00
VOLVO FH 460 | CUF5B65;Combustão, Ambev Jundiaí Segurança, Vehicle, Diesel, VOLVO, Relatório_Combustão, Relatórios_Todos, FALSO, PESADOS;16/02/2026;00:05:43;16/02/2026;0,003539734;Rod. Marechal Rondon, 527 - Alvorada, Araçatuba - SP, 16018-805, Brasil;Rod. Marechal Rondon, 527 - Alvorada, Araçatuba - SP, 16018-805, Brasil;00:01:19;14;23:54:00;00:00:00
VOLVO FH 460 | CUF5B65;Combustão, Ambev Jundiaí Segurança, Vehicle, Diesel, VOLVO, Relatório_Combustão, Relatórios_Todos, FALSO, PESADOS;16/02/2026;00:00:23;16/02/2026;0,002361111;Rod. Marechal Rondon, 527 - Alvorada, Araçatuba - SP, 16018-805, Brasil;Rod. Marechal Rondon, 527 - Alvorada, Araçatuba - SP, 16018-805, Brasil;00:03:24;2;00:00:00;00:03:47
VOLVO FH 460 | CUF5B65;Combustão, Ambev Jundiaí Segurança, Vehicle, Diesel, VOLVO, Relatório_Combustão, Relatórios_Todos, FALSO, PESADOS;16/02/2026;00:01:46;16/02/2026;0,072324873;Rod. Marechal Rondon, 527 - Alvorada, Araçatuba - SP, 16018-805, Brasil;Rod. Marechal Rondon, 527 - Alvorada, Araçatuba - SP, 16018-805, Brasil;00:05:33;8;00:03:47;00:12:00
VOLVO FH 460 | CUF5B65;Combustão, Ambev Jundiaí Segurança, Vehicle, Diesel, VOLVO, Relatório_Combustão, Relatórios_Todos, FALSO, PESADOS;16/02/2026;00:02:11;16/02/2026;0,011731377;Rod. Marechal Rondon, 527 - Alvorada, Araçatuba - SP, 16018-805, Brasil;Rod. Marechal Rondon, 527 - Alvorada, Araçatuba - SP, 16018-805, Brasil;00:00:00;7;00:12:00;00:18:00
VOLVO FH 460 | CUF5B65;Combustão, Ambev Jundiaí Segurança, Vehicle, Diesel, VOLVO, Relatório_Combustão, Relatórios_Todos, FALSO, PESADOS;16/02/2026;00:01:32;16/02/2026;0,009016713;Rod. Marechal Rondon, 527 - Alvorada, Araçatuba - SP, 16018-805, Brasil;Rod. Marechal Rondon, 527 - Alvorada, Araçatuba - SP, 16018-805, Brasil;00:00:56;14;00:18:00;00:18:00
VOLVO FH 460 | CUF5B65;Combustão, Ambev Jundiaí Segurança, Vehicle, Diesel, VOLVO, Relatório_Combustão, Relatórios_Todos, FALSO, PESADOS;16/02/2026;00:01:12;16/02/2026;0,02495037;Rod. Marechal Rondon, 527 - Alvorada, Araçatuba - SP, 16018-805, Brasil;Rod. Marechal Rondon, 527 - Alvorada, Araçatuba - SP, 16018-805, Brasil;00:03:36;9;00:18:00;00:24:00
VOLVO FH 460 | CUF5B65;Combustão, Ambev Jundiaí Segurança, Vehicle, Diesel, VOLVO, Relatório_Combustão, Relatórios_Todos, FALSO, PESADOS;16/02/2026;00:03:16;16/02/2026;0,001342303;Rod. Marechal Rondon, 527 - Alvorada, Araçatuba - SP, 16018-805, Brasil;Rod. Marechal Rondon, 527 - Alvorada, Araçatuba - SP, 16018-805, Brasil;00:00:06;18;00:24:00;00:24:00
VOLVO FH 460 | CUF5B65;Combustão, Ambev Jundiaí Segurança, Vehicle, Diesel, VOLVO, Relatório_Combustão, Relatórios_Todos, FALSO, PESADOS;16/02/2026;00:01:23;16/02/2026;0,005103669;Rod. Marechal Rondon, 527 - Alvorada, Araçatuba - SP, 16018-805, Brasil;Rod. Marechal Rondon, 527 - Alvorada, Araçatuba - SP, 16018-805, Brasil;00:00:04;13;00:24:00;00:30:00
VOLVO FH 460 | CUF5B65;Combustão, Ambev Jundiaí Segurança, Vehicle, Diesel, VOLVO, Relatório_Combustão, Relatórios_Todos, FALSO, PESADOS;16/02/2026;00:01:45;16/02/2026;0,006014502;Rod. Marechal Rondon, 527 - Alvorada, Araçatuba - SP, 16018-805, Brasil;SP-300, KM 527 - Campus Universitário, Araçatuba - SP, 16026-005, Brasil;00:03:08;14;00:30:00;00:30:00
VOLVO FH 460 | CUF5B65;Combustão, Ambev Jundiaí Segurança, Vehicle, Diesel, VOLVO, Relatório_Combustão, Relatórios_Todos, FALSO, PESADOS;16/02/2026;00:01:28;16/02/2026;0,016626377;SP-300, KM 527 - Campus Universitário, Araçatuba - SP, 16026-005, Brasil;SP-300, KM 527 - Campus Universitário, Araçatuba - SP, 16026-005, Brasil;00:00:09;10;00:30:00;00:36:00
VOLVO FH 460 | CUF5B65;Combustão, Ambev Jundiaí Segurança, Vehicle, Diesel, VOLVO, Relatório_Combustão, Relatórios_Todos, FALSO, PESADOS;16/02/2026;00:02:23;16/02/2026;0,505005417;SP-300, KM 527 - Campus Universitário, Araçatuba - SP, 16026-005, Brasil;Rod. Marechal Rondon, 527 - Alvorada, Araçatuba - SP, 16018-805, Brasil;00:00:14;5;00:36:00;00:36:00
VOLVO FH 460 | CUF5B65;Combustão, Ambev Jundiaí Segurança, Vehicle, Diesel, VOLVO, Relatório_Combustão, Relatórios_Todos, FALSO, PESADOS;17/02/2026;00:06:25;17/02/2026;0,002326389;Rod. Marechal Rondon, 527 - Alvorada, Araçatuba - SP, 16018-805, Brasil;Rod. Marechal Rondon, 527 - Alvorada, Araçatuba - SP, 16018-805, Brasil;00:03:21;20;00:36:00;00:45:46
VOLVO FH 460 | CUF5B65;Combustão, Ambev Jundiaí Segurança, Vehicle, Diesel, VOLVO, Relatório_Combustão, Relatórios_Todos, FALSO, PESADOS;17/02/2026;00:01:02;17/02/2026;0,00312191;Rod. Marechal Rondon, 527 - Alvorada, Araçatuba - SP, 16018-805, Brasil;Rod. Marechal Rondon, 527 - Alvorada, Araçatuba - SP, 16018-805, Brasil;00:01:49;8;00:45:46;00:48:00
VOLVO FH 460 | CUF5B65;Combustão, Ambev Jundiaí Segurança, Vehicle, Diesel, VOLVO, Relatório_Combustão, Relatórios_Todos, FALSO, PESADOS;17/02/2026;03:29:35;17/02/2026;0,049355208;Rod. Marechal Rondon, 527 - Alvorada, Araçatuba - SP, 16018-805, Brasil;R. Antônio R de Oliveira, 1972 - Quaresmeiras, São Manuel - SP, 18656-482, Brasil;00:00:26;88;00:48:00;04:18:00
VOLVO FH 460 | CUF5B65;Combustão, Ambev Jundiaí Segurança, Vehicle, Diesel, VOLVO, Relatório_Combustão, Relatórios_Todos, FALSO, PESADOS;17/02/2026;00:46:34;17/02/2026;0,002291667;R. Antônio R de Oliveira, 1972 - Quaresmeiras, São Manuel - SP, 18656-482, Brasil;R. Antônio R de Oliveira, 1972 - Quaresmeiras, São Manuel - SP, 18656-482, Brasil;00:03:18;0;04:18:00;05:07:52
VOLVO FH 460 | CUF5B65;Combustão, Ambev Jundiaí Segurança, Vehicle, Diesel, VOLVO, Relatório_Combustão, Relatórios_Todos, FALSO, PESADOS;17/02/2026;00:36:42;17/02/2026;0,005277778;R. Antônio R de Oliveira, 1972 - Quaresmeiras, São Manuel - SP, 18656-482, Brasil;R. Antônio R de Oliveira, 1972 - Quaresmeiras, São Manuel - SP, 18656-482, Brasil;00:07:36;0;05:07:52;05:52:11
VOLVO FH 460 | CUF5B65;Combustão, Ambev Jundiaí Segurança, Vehicle, Diesel, VOLVO, Relatório_Combustão, Relatórios_Todos, FALSO, PESADOS;17/02/2026;00:46:42;17/02/2026;0,012536817;R. Antônio R de Oliveira, 1972 - Quaresmeiras, São Manuel - SP, 18656-482, Brasil;R. Antônio R de Oliveira, 1972 - Quaresmeiras, São Manuel - SP, 18656-482, Brasil;00:04:57;0;05:52:11;06:48:00
VOLVO FH 460 | CUF5B65;Combustão, Ambev Jundiaí Segurança, Vehicle, Diesel, VOLVO, Relatório_Combustão, Relatórios_Todos, FALSO, PESADOS;17/02/2026;00:11:21;17/02/2026;0,005042199;R. Antônio R de Oliveira, 1972 - Quaresmeiras, São Manuel - SP, 18656-482, Brasil;SP-300, Porto Feliz - SP, 18540-000, Brasil;00:00:26;83;06:48:00;07:00:00
VOLVO FH 460 | CUF5B65;Combustão, Ambev Jundiaí Segurança, Vehicle, Diesel, VOLVO, Relatório_Combustão, Relatórios_Todos, FALSO, PESADOS;17/02/2026;01:20:07;17/02/2026;0,006899664;SP-300, Porto Feliz - SP, 18540-000, Brasil;CD AMBEV JUNDIAI: R. Pietro Antonio Leo, 50 - St. Industrial, Jundiaí - SP, 13213-007, Brasil;00:09:56;85;07:00:00;08:30:04
VOLVO FH 460 | CUF5B65;Combustão, Ambev Jundiaí Segurança, Vehicle, Diesel, VOLVO, Relatório_Combustão, Relatórios_Todos, FALSO, PESADOS;17/02/2026;00:05:12;17/02/2026;0,006149201;CD AMBEV JUNDIAI: R. Pietro Antonio Leo, 50 - St. Industrial, Jundiaí - SP, 13213-007, Brasil;CD AMBEV JUNDIAI: R. Pietro Antonio Leo, 201 - St. Industrial, Jundiaí - SP, 13213-007, Brasil;00:00:55;7;08:30:04;08:30:00
VOLVO FH 460 | CUF5B65;Combustão, Ambev Jundiaí Segurança, Vehicle, Diesel, VOLVO, Relatório_Combustão, Relatórios_Todos, FALSO, PESADOS;17/02/2026;00:04:03;17/02/2026;0,074981308;CD AMBEV JUNDIAI: R. Pietro Antonio Leo, 201 - St. Industrial, Jundiaí - SP, 13213-007, Brasil;CD AMBEV JUNDIAI: R. Pietro Antonio Leo, 201 - St. Industrial, Jundiaí - SP, 13213-007, Brasil;00:09:11;7;08:30:00;08:42:00
VOLVO FH 460 | CUF5B65;Combustão, Ambev Jundiaí Segurança, Vehicle, Diesel, VOLVO, Relatório_Combustão, Relatórios_Todos, FALSO, PESADOS;17/02/2026;00:03:17;17/02/2026;0,002637002;CD AMBEV JUNDIAI: R. Pietro Antonio Leo, 201 - St. Industrial, Jundiaí - SP, 13213-007, Brasil;CD AMBEV JUNDIAI: R. Pietro Antonio Leo, 201 - St. Industrial, Jundiaí - SP, 13213-007, Brasil;00:03:47;12;08:42:00;08:49:04
VOLVO FH 460 | CUF5B65;Combustão, Ambev Jundiaí Segurança, Vehicle, Diesel, VOLVO, Relatório_Combustão, Relatórios_Todos, FALSO, PESADOS;17/02/2026;00:01:00;17/02/2026;0,003621354;CD AMBEV JUNDIAI: R. Pietro Antonio Leo, 201 - St. Industrial, Jundiaí - SP, 13213-007, Brasil;CD AMBEV JUNDIAI: R. Pietro Antonio Leo, 201 - St. Industrial, Jundiaí - SP, 13213-007, Brasil;00:05:12;2;08:49:04;08:55:18
VOLVO FH 460 | CUF5B65;Combustão, Ambev Jundiaí Segurança, Vehicle, Diesel, VOLVO, Relatório_Combustão, Relatórios_Todos, FALSO, PESADOS;17/02/2026;00:17:16;17/02/2026;0,001667951;CD AMBEV JUNDIAI: R. Pietro Antonio Leo, 201 - St. Industrial, Jundiaí - SP, 13213-007, Brasil;CD AMBEV JUNDIAI: Av. Marginal, 66 - St. Industrial, Jundiaí - SP, 13212-240, Brasil;00:00:29;74;08:55:18;09:18:00
VOLVO FH 460 | CUF5B65;Combustão, Ambev Jundiaí Segurança, Vehicle, Diesel, VOLVO, Relatório_Combustão, Relatórios_Todos, FALSO, PESADOS;17/02/2026;00:03:37;17/02/2026;0,016629282;CD AMBEV JUNDIAI: Av. Marginal, 66 - St. Industrial, Jundiaí - SP, 13212-240, Brasil;CD AMBEV JUNDIAI: Rod. Dom Gabriel Paulino Bueno Couto 66, SP, 13317-204, Brazil;00:00:34;7;09:18:00;09:18:00
VOLVO FH 460 | CUF5B65;Combustão, Ambev Jundiaí Segurança, Vehicle, Diesel, VOLVO, Relatório_Combustão, Relatórios_Todos, FALSO, PESADOS;17/02/2026;00:03:08;17/02/2026;0,009493484;CD AMBEV JUNDIAI: Rod. Dom Gabriel Paulino Bueno Couto 66, SP, 13317-204, Brazil;CD AMBEV JUNDIAI: Av. Marginal, 66 - St. Industrial, Jundiaí - SP, 13212-240, Brasil;00:02:10;7;09:18:00;09:24:00
VOLVO FH 460 | CUF5B65;Combustão, Ambev Jundiaí Segurança, Vehicle, Diesel, VOLVO, Relatório_Combustão, Relatórios_Todos, FALSO, PESADOS;17/02/2026;00:34:42;18/02/2026;0,008206759;CD AMBEV JUNDIAI: Av. Marginal, 66 - St. Industrial, Jundiaí - SP, 13212-240, Brasil;Rua Atílio Biscuola, 1831 - Terra Nobre, Louveira - SP, 13290-000, Brasil;00:00:58;83;09:24:00;10:00:00
VOLVO FH 460 | CUF5B65;Combustão, Ambev Jundiaí Segurança, Vehicle, Diesel, VOLVO, Relatório_Combustão, Relatórios_Todos, FALSO, PESADOS;18/02/2026;00:10:45;18/02/2026;0,027069248;Rua Atílio Biscuola, 1831 - Terra Nobre, Louveira - SP, 13290-000, Brasil;Estr. Mun. Louveira | Bairro Antônio, 2217-2483 - Terra Nobre, Louveira - SP, 13290-000, Brasil;00:00:00;16;10:00:00;10:12:00
VOLVO FH 460 | CUF5B65;Combustão, Ambev Jundiaí Segurança, Vehicle, Diesel, VOLVO, Relatório_Combustão, Relatórios_Todos, FALSO, PESADOS;18/02/2026;00:01:28;18/02/2026;0,001432419;Estr. Mun. Louveira | Bairro Antônio, 2217-2483 - Terra Nobre, Louveira - SP, 13290-000, Brasil;Estr. Mun. Louveira | Bairro Antônio, 2217-2483 - Terra Nobre, Louveira - SP, 13290-000, Brasil;00:00:08;0;10:12:00;10:12:00
VOLVO FH 460 | CUF5B65;Combustão, Ambev Jundiaí Segurança, Vehicle, Diesel, VOLVO, Relatório_Combustão, Relatórios_Todos, FALSO, PESADOS;18/02/2026;00:06:51;18/02/2026;0,16025463;Estr. Mun. Louveira | Bairro Antônio, 2217-2483 - Terra Nobre, Louveira - SP, 13290-000, Brasil;Estr. Mun. Louveira | Bairro Antônio 2180, SP, 13290-000, Brazil;00:08:41;35;10:12:00;10:26:49
VOLVO FH 460 | CUF5B65;Combustão, Ambev Jundiaí Segurança, Vehicle, Diesel, VOLVO, Relatório_Combustão, Relatórios_Todos, FALSO, PESADOS;18/02/2026;00:29:27;18/02/2026;0,069577014;Estr. Mun. Louveira | Bairro Antônio 2180, SP, 13290-000, Brazil;CD AMBEV JUNDIAI: R. Pietro Antonio Leo, 201 - St. Industrial, Jundiaí - SP, 13213-007, Brasil;00:03:51;81;10:26:49;11:06:00
VOLVO FH 460 | CUF5B65;Combustão, Ambev Jundiaí Segurança, Vehicle, Diesel, VOLVO, Relatório_Combustão, Relatórios_Todos, FALSO, PESADOS;18/02/2026;00:26:55;18/02/2026;0,004118171;CD AMBEV JUNDIAI: R. Pietro Antonio Leo, 201 - St. Industrial, Jundiaí - SP, 13213-007, Brasil;CD AMBEV JUNDIAI: Av. Marginal, 66 - St. Industrial, Jundiaí - SP, 13212-240, Brasil;00:00:25;53;11:06:00;11:30:00
VOLVO FH 460 | CUF5B65;Combustão, Ambev Jundiaí Segurança, Vehicle, Diesel, VOLVO, Relatório_Combustão, Relatórios_Todos, FALSO, PESADOS;18/02/2026;00:02:17;18/02/2026;0,005564306;CD AMBEV JUNDIAI: Av. Marginal, 66 - St. Industrial, Jundiaí - SP, 13212-240, Brasil;CD AMBEV JUNDIAI: Rod. Dom Gabriel Paulino Bueno Couto 66, SP, 13317-204, Brazil;00:00:48;8;11:30:00;11:36:00
VOLVO FH 460 | CUF5B65;Combustão, Ambev Jundiaí Segurança, Vehicle, Diesel, VOLVO, Relatório_Combustão, Relatórios_Todos, FALSO, PESADOS;18/02/2026;00:02:05;18/02/2026;0,003916262;CD AMBEV JUNDIAI: Rod. Dom Gabriel Paulino Bueno Couto 66, SP, 13317-204, Brazil;CD AMBEV JUNDIAI: Av. Marginal, 66 - St. Industrial, Jundiaí - SP, 13212-240, Brasil;00:00:07;12;11:36:00;11:36:00
VOLVO FH 460 | CUF5B65;Combustão, Ambev Jundiaí Segurança, Vehicle, Diesel, VOLVO, Relatório_Combustão, Relatórios_Todos, FALSO, PESADOS;18/02/2026;00:01:08;18/02/2026;0,023804931;CD AMBEV JUNDIAI: Av. Marginal, 66 - St. Industrial, Jundiaí - SP, 13212-240, Brasil;CD AMBEV JUNDIAI: Rod. Dom Gabriel Paulino Bueno Couto 66, SP, 13317-204, Brazil;00:03:45;7;11:36:00;11:42:00
VOLVO FH 460 | CUF5B65;Combustão, Ambev Jundiaí Segurança, Vehicle, Diesel, VOLVO, Relatório_Combustão, Relatórios_Todos, FALSO, PESADOS;18/02/2026;00:01:20;18/02/2026;0,007101065;CD AMBEV JUNDIAI: Rod. Dom Gabriel Paulino Bueno Couto 66, SP, 13317-204, Brazil;CD AMBEV JUNDIAI: Rod. Dom Gabriel Paulino Bueno Couto 66, SP, 13317-204, Brazil;00:00:07;0;11:42:00;11:42:00
VOLVO FH 460 | CUF5B65;Combustão, Ambev Jundiaí Segurança, Vehicle, Diesel, VOLVO, Relatório_Combustão, Relatórios_Todos, FALSO, PESADOS;18/02/2026;02:08:08;18/02/2026;0,006513148;CD AMBEV JUNDIAI: Rod. Dom Gabriel Paulino Bueno Couto 66, SP, 13317-204, Brazil;R. Georg Rexroth, 31 - Piraporinha, Diadema - SP, 09951-270, Brasil;00:00:19;85;11:42:00;13:48:00
VOLVO FH 460 | CUF5B65;Combustão, Ambev Jundiaí Segurança, Vehicle, Diesel, VOLVO, Relatório_Combustão, Relatórios_Todos, FALSO, PESADOS;18/02/2026;00:02:32;18/02/2026;0,0541261;R. Georg Rexroth, 31 - Piraporinha, Diadema - SP, 09951-270, Brasil;Av. São Paulo, 10 - Vila Jordanopolis, São Bernardo do Campo - SP, 09892-330, Brasil;00:00:20;18;13:48:00;13:54:00
VOLVO FH 460 | CUF5B65;Combustão, Ambev Jundiaí Segurança, Vehicle, Diesel, VOLVO, Relatório_Combustão, Relatórios_Todos, FALSO, PESADOS;18/02/2026;00:02:30;18/02/2026;0,003653194;Av. São Paulo, 10 - Vila Jordanopolis, São Bernardo do Campo - SP, 09892-330, Brasil;R. Georg Rexroth, 31 - Piraporinha, Diadema - SP, 09951-270, Brasil;00:00:17;11;13:54:00;13:54:00
VOLVO FH 460 | CUF5B65;Combustão, Ambev Jundiaí Segurança, Vehicle, Diesel, VOLVO, Relatório_Combustão, Relatórios_Todos, FALSO, PESADOS;18/02/2026;00:01:40;18/02/2026;0,044553889;R. Georg Rexroth, 31 - Piraporinha, Diadema - SP, 09951-270, Brasil;R. Georg Rexroth, 31 - Piraporinha, Diadema - SP, 09951-270, Brasil;00:00:09;9;13:54:00;14:00:00
VOLVO FH 460 | CUF5B65;Combustão, Ambev Jundiaí Segurança, Vehicle, Diesel, VOLVO, Relatório_Combustão, Relatórios_Todos, FALSO, PESADOS;18/02/2026;01:48:44;18/02/2026;0,001758414;R. Georg Rexroth, 31 - Piraporinha, Diadema - SP, 09951-270, Brasil;SP-348, Caieiras - SP, 07700-000, Brasil;00:00:25;85;14:00:00;15:48:00
VOLVO FH 460 | CUF5B65;Combustão, Ambev Jundiaí Segurança, Vehicle, Diesel, VOLVO, Relatório_Combustão, Relatórios_Todos, FALSO, PESADOS;18/02/2026;00:28:15;18/02/2026;0,001775185;SP-348, Caieiras - SP, 07700-000, Brasil;Rod. Dom Gabriel Paulino Bueno Couto, 500 - Retiro, Jundiaí - SP, 13317-204, Brasil;00:00:50;81;15:48:00;16:18:00
VOLVO FH 460 | CUF5B65;Combustão, Ambev Jundiaí Segurança, Vehicle, Diesel, VOLVO, Relatório_Combustão, Relatórios_Todos, FALSO, PESADOS;18/02/2026;00:00:32;18/02/2026;0,003195231;Rod. Dom Gabriel Paulino Bueno Couto, 500 - Retiro, Jundiaí - SP, 13317-204, Brasil;Rod. Dom Gabriel Paulino Bueno Couto 50, SP, 13212-240, Brazil;00:00:07;11;16:18:00;16:18:00
VOLVO FH 460 | CUF5B65;Combustão, Ambev Jundiaí Segurança, Vehicle, Diesel, VOLVO, Relatório_Combustão, Relatórios_Todos, FALSO, PESADOS;18/02/2026;00:01:05;18/02/2026;0,007037049;Rod. Dom Gabriel Paulino Bueno Couto 50, SP, 13212-240, Brazil;Rod. Dom Gabriel Paulino Bueno Couto, 50 - Distrito Industrial, Jundiaí - SP, 13212-240, Brasil;00:00:19;12;16:18:00;16:18:00
VOLVO FH 460 | CUF5B65;Combustão, Ambev Jundiaí Segurança, Vehicle, Diesel, VOLVO, Relatório_Combustão, Relatórios_Todos, FALSO, PESADOS;18/02/2026;00:11:46;18/02/2026;0,003669387;Rod. Dom Gabriel Paulino Bueno Couto, 50 - Distrito Industrial, Jundiaí - SP, 13212-240, Brasil;CD AMBEV JUNDIAI: Av. Marginal, 66 - St. Industrial, Jundiaí - SP, 13212-240, Brasil;00:00:10;76;16:18:00;16:30:00
VOLVO FH 460 | CUF5B65;Combustão, Ambev Jundiaí Segurança, Vehicle, Diesel, VOLVO, Relatório_Combustão, Relatórios_Todos, FALSO, PESADOS;18/02/2026;00:05:33;18/02/2026;0,011546863;CD AMBEV JUNDIAI: Av. Marginal, 66 - St. Industrial, Jundiaí - SP, 13212-240, Brasil;CD AMBEV JUNDIAI: Rod. Dom Gabriel Paulino Bueno Couto 66, SP, 13317-204, Brazil;00:00:37;8;16:30:00;16:36:00
VOLVO FH 460 | CUF5B65;Combustão, Ambev Jundiaí Segurança, Vehicle, Diesel, VOLVO, Relatório_Combustão, Relatórios_Todos, FALSO, PESADOS;18/02/2026;00:06:29;18/02/2026;0,021296296;CD AMBEV JUNDIAI: Rod. Dom Gabriel Paulino Bueno Couto 66, SP, 13317-204, Brazil;CD AMBEV JUNDIAI: Rod. Dom Gabriel Paulino Bueno Couto 66, SP, 13317-204, Brazil;00:02:06;12;16:36:00;16:42:00
VOLVO FH 460 | CUF5B65;Combustão, Ambev Jundiaí Segurança, Vehicle, Diesel, VOLVO, Relatório_Combustão, Relatórios_Todos, FALSO, PESADOS;18/02/2026;00:05:51;18/02/2026;0,001812697;CD AMBEV JUNDIAI: Rod. Dom Gabriel Paulino Bueno Couto 66, SP, 13317-204, Brazil;R. Waldomiro Camillo de Camargo, 453 - Fazenda Grande, Jundiaí - SP, 13212-430, Brasil;00:00:07;24;16:42:00;16:48:00
VOLVO FH 460 | CUF5B65;Combustão, Ambev Jundiaí Segurança, Vehicle, Diesel, VOLVO, Relatório_Combustão, Relatórios_Todos, FALSO, PESADOS;18/02/2026;00:00:14;18/02/2026;0,001206088;R. Waldomiro Camillo de Camargo, 453 - Fazenda Grande, Jundiaí - SP, 13212-430, Brasil;R. Waldomiro Camillo de Camargo, 453 - Fazenda Grande, Jundiaí - SP, 13212-430, Brasil;00:00:05;0;16:48:00;16:54:00
VOLVO FH 460 | CUF5B65;Combustão, Ambev Jundiaí Segurança, Vehicle, Diesel, VOLVO, Relatório_Combustão, Relatórios_Todos, FALSO, PESADOS;18/02/2026;00:01:17;18/02/2026;0,037268623;R. Waldomiro Camillo de Camargo, 453 - Fazenda Grande, Jundiaí - SP, 13212-430, Brasil;CD AMBEV JUNDIAI: R. Waldomiro Camillo de Camargo, 455 - St. Industrial, Jundiaí - SP, 13212-430, Brasil;00:00:21;0;16:54:00;16:54:00
VOLVO FH 460 | CUF5B65;Combustão, Ambev Jundiaí Segurança, Vehicle, Diesel, VOLVO, Relatório_Combustão, Relatórios_Todos, FALSO, PESADOS;18/02/2026;00:01:29;18/02/2026;0,003487083;CD AMBEV JUNDIAI: R. Waldomiro Camillo de Camargo, 455 - St. Industrial, Jundiaí - SP, 13212-430, Brasil;CD AMBEV JUNDIAI: Rod. Dom Gabriel Paulino Bueno Couto, 66 - Distrito Industrial, Jundiaí - SP, 13317-204, Brasil;00:00:02;12;16:54:00;16:54:00
VOLVO FH 460 | CUF5B65;Combustão, Ambev Jundiaí Segurança, Vehicle, Diesel, VOLVO, Relatório_Combustão, Relatórios_Todos, FALSO, PESADOS;18/02/2026;00:05:15;18/02/2026;0,124548275;CD AMBEV JUNDIAI: Rod. Dom Gabriel Paulino Bueno Couto, 66 - Distrito Industrial, Jundiaí - SP, 13317-204, Brasil;CD AMBEV JUNDIAI: Rod. Dom Gabriel Paulino Bueno Couto, 66 - Distrito Industrial, Jundiaí - SP, 13317-204, Brasil;00:00:21;11;16:54:00;17:00:00
VOLVO FH 460 | CUF5B65;Combustão, Ambev Jundiaí Segurança, Vehicle, Diesel, VOLVO, Relatório_Combustão, Relatórios_Todos, FALSO, PESADOS;18/02/2026;00:02:09;18/02/2026;0,133622685;CD AMBEV JUNDIAI: Rod. Dom Gabriel Paulino Bueno Couto, 66 - Distrito Industrial, Jundiaí - SP, 13317-204, Brasil;CD AMBEV JUNDIAI: Av. Marginal, 66 - St. Industrial, Jundiaí - SP, 13212-240, Brasil;00:13:33;14;17:00:00;17:17:54
VOLVO FH 460 | CUF5B65;Combustão, Ambev Jundiaí Segurança, Vehicle, Diesel, VOLVO, Relatório_Combustão, Relatórios_Todos, FALSO, PESADOS;19/02/2026;00:33:48;19/02/2026;0,012805891;CD AMBEV JUNDIAI: Av. Marginal, 66 - St. Industrial, Jundiaí - SP, 13212-240, Brasil;Rua Atílio Biscuola, 1831 - Terra Nobre, Louveira - SP, 13290-000, Brasil;00:01:37;81;17:17:54;17:48:00
VOLVO FH 460 | CUF5B65;Combustão, Ambev Jundiaí Segurança, Vehicle, Diesel, VOLVO, Relatório_Combustão, Relatórios_Todos, FALSO, PESADOS;19/02/2026;00:09:38;19/02/2026;0,021078032;Rua Atílio Biscuola, 1831 - Terra Nobre, Louveira - SP, 13290-000, Brasil;Estr. Mun. Louveira | Bairro Antônio 2217-2483, SP, 13290-000, Brazil;00:00:00;16;17:48:00;18:00:00
VOLVO FH 460 | CUF5B65;Combustão, Ambev Jundiaí Segurança, Vehicle, Diesel, VOLVO, Relatório_Combustão, Relatórios_Todos, FALSO, PESADOS;19/02/2026;00:09:01;19/02/2026;0,002990845;Estr. Mun. Louveira | Bairro Antônio 2217-2483, SP, 13290-000, Brazil;BR-050, 1808 - Aglomeração Urbana de Jundiaí, Louveira - SP, 13290-000, Brasil;00:04:18;33;18:00:00;18:13:19
VOLVO FH 460 | CUF5B65;Combustão, Ambev Jundiaí Segurança, Vehicle, Diesel, VOLVO, Relatório_Combustão, Relatórios_Todos, FALSO, PESADOS;19/02/2026;00:20:11;19/02/2026;0,002423299;BR-050, 1808 - Aglomeração Urbana de Jundiaí, Louveira - SP, 13290-000, Brasil;Av. Marginal, 66 - St. Industrial, Jundiaí - SP, 13212-240, Brasil;00:02:38;83;18:13:19;18:36:00
VOLVO FH 460 | CUF5B65;Combustão, Ambev Jundiaí Segurança, Vehicle, Diesel, VOLVO, Relatório_Combustão, Relatórios_Todos, FALSO, PESADOS;19/02/2026;00:00:53;19/02/2026;0,003702095;Av. Marginal, 66 - St. Industrial, Jundiaí - SP, 13212-240, Brasil;CD AMBEV JUNDIAI: Av. Marginal, 66 - St. Industrial, Jundiaí - SP, 13212-240, Brasil;00:00:14;8;18:36:00;18:36:00
VOLVO FH 460 | CUF5B65;Combustão, Ambev Jundiaí Segurança, Vehicle, Diesel, VOLVO, Relatório_Combustão, Relatórios_Todos, FALSO, PESADOS;19/02/2026;00:02:55;19/02/2026;0,017693287;CD AMBEV JUNDIAI: Av. Marginal, 66 - St. Industrial, Jundiaí - SP, 13212-240, Brasil;CD AMBEV JUNDIAI: Rod. Dom Gabriel Paulino Bueno Couto 66, SP, 13317-204, Brazil;00:01:02;13;18:36:00;18:42:00
VOLVO FH 460 | CUF5B65;Combustão, Ambev Jundiaí Segurança, Vehicle, Diesel, VOLVO, Relatório_Combustão, Relatórios_Todos, FALSO, PESADOS;19/02/2026;00:01:29;19/02/2026;0,016276528;CD AMBEV JUNDIAI: Rod. Dom Gabriel Paulino Bueno Couto 66, SP, 13317-204, Brazil;CD AMBEV JUNDIAI: Rod. Dom Gabriel Paulino Bueno Couto 66, SP, 13317-204, Brazil;00:03:11;8;18:42:00;18:49:00
VOLVO FH 460 | CUF5B65;Combustão, Ambev Jundiaí Segurança, Vehicle, Diesel, VOLVO, Relatório_Combustão, Relatórios_Todos, FALSO, PESADOS;19/02/2026;00:34:01;19/02/2026;0,00077735;CD AMBEV JUNDIAI: Rod. Dom Gabriel Paulino Bueno Couto 66, SP, 13317-204, Brazil;Rua Atílio Biscuola, 1831 - Terra Nobre, Louveira - SP, 13290-000, Brasil;00:00:19;83;18:49:00;19:18:00
VOLVO FH 460 | CUF5B65;Combustão, Ambev Jundiaí Segurança, Vehicle, Diesel, VOLVO, Relatório_Combustão, Relatórios_Todos, FALSO, PESADOS;19/02/2026;00:02:34;19/02/2026;0,01099537;Rua Atílio Biscuola, 1831 - Terra Nobre, Louveira - SP, 13290-000, Brasil;Rua Atílio Biscuola, 1831 - Terra Nobre, Louveira - SP, 13290-000, Brasil;00:02:42;7;19:18:00;19:26:33
VOLVO FH 460 | CUF5B65;Combustão, Ambev Jundiaí Segurança, Vehicle, Diesel, VOLVO, Relatório_Combustão, Relatórios_Todos, FALSO, PESADOS;19/02/2026;00:10:31;19/02/2026;0,066971539;Rua Atílio Biscuola, 1831 - Terra Nobre, Louveira - SP, 13290-000, Brasil;Estr. Mun. Louveira | Bairro Antônio 2217-2483, SP, 13290-000, Brazil;00:02:36;14;19:26:33;19:36:00
VOLVO FH 460 | CUF5B65;Combustão, Ambev Jundiaí Segurança, Vehicle, Diesel, VOLVO, Relatório_Combustão, Relatórios_Todos, FALSO, PESADOS;19/02/2026;00:09:06;19/02/2026;0,008161991;Estr. Mun. Louveira | Bairro Antônio 2217-2483, SP, 13290-000, Brazil;Rua Atílio Biscuola, 2641 - Terra Nobre, Louveira - SP, 13290-000, Brasil;00:03:51;37;19:36:00;19:54:00
VOLVO FH 460 | CUF5B65;Combustão, Ambev Jundiaí Segurança, Vehicle, Diesel, VOLVO, Relatório_Combustão, Relatórios_Todos, FALSO, PESADOS;19/02/2026;00:32:51;19/02/2026;0,000996551;Rua Atílio Biscuola, 2641 - Terra Nobre, Louveira - SP, 13290-000, Brasil;CD AMBEV JUNDIAI: Av. Marginal, 66 - St. Industrial, Jundiaí - SP, 13212-240, Brasil;00:00:08;83;19:54:00;20:24:00
VOLVO FH 460 | CUF5B65;Combustão, Ambev Jundiaí Segurança, Vehicle, Diesel, VOLVO, Relatório_Combustão, Relatórios_Todos, FALSO, PESADOS;19/02/2026;00:04:37;19/02/2026;0,016509387;CD AMBEV JUNDIAI: Av. Marginal, 66 - St. Industrial, Jundiaí - SP, 13212-240, Brasil;CD AMBEV JUNDIAI: Av. Marginal, 66 - St. Industrial, Jundiaí - SP, 13212-240, Brasil;00:00:37;7;20:24:00;20:30:00
VOLVO FH 460 | CUF5B65;Combustão, Ambev Jundiaí Segurança, Vehicle, Diesel, VOLVO, Relatório_Combustão, Relatórios_Todos, FALSO, PESADOS;19/02/2026;00:01:34;19/02/2026;0,025183507;CD AMBEV JUNDIAI: Av. Marginal, 66 - St. Industrial, Jundiaí - SP, 13212-240, Brasil;CD AMBEV JUNDIAI: Rod. Dom Gabriel Paulino Bueno Couto, 66 - Distrito Industrial, Jundiaí - SP, 13317-204, Brasil;00:00:09;11;20:30:00;20:30:00
VOLVO FH 460 | CUF5B65;Combustão, Ambev Jundiaí Segurança, Vehicle, Diesel, VOLVO, Relatório_Combustão, Relatórios_Todos, FALSO, PESADOS;19/02/2026;00:01:16;19/02/2026;0,049969444;CD AMBEV JUNDIAI: Rod. Dom Gabriel Paulino Bueno Couto, 66 - Distrito Industrial, Jundiaí - SP, 13317-204, Brasil;CD AMBEV JUNDIAI: Rod. Dom Gabriel Paulino Bueno Couto 66, SP, 13317-204, Brazil;00:04:14;12;20:30:00;20:36:00
VOLVO FH 460 | CUF5B65;Combustão, Ambev Jundiaí Segurança, Vehicle, Diesel, VOLVO, Relatório_Combustão, Relatórios_Todos, FALSO, PESADOS;19/02/2026;00:00:12;19/02/2026;0,003483796;CD AMBEV JUNDIAI: Rod. Dom Gabriel Paulino Bueno Couto 66, SP, 13317-204, Brazil;CD AMBEV JUNDIAI: Rod. Dom Gabriel Paulino Bueno Couto 66, SP, 13317-204, Brazil;00:05:01;0;20:36:00;20:41:13
VOLVO FH 460 | CUF5B65;Combustão, Ambev Jundiaí Segurança, Vehicle, Diesel, VOLVO, Relatório_Combustão, Relatórios_Todos, FALSO, PESADOS;19/02/2026;00:02:52;19/02/2026;0,004247685;CD AMBEV JUNDIAI: Rod. Dom Gabriel Paulino Bueno Couto 66, SP, 13317-204, Brazil;CD AMBEV JUNDIAI: Av. Marginal, 66 - St. Industrial, Jundiaí - SP, 13212-240, Brasil;00:06:07;5;20:41:13;20:50:12
VOLVO FH 460 | CUF5B65;Combustão, Ambev Jundiaí Segurança, Vehicle, Diesel, VOLVO, Relatório_Combustão, Relatórios_Todos, FALSO, PESADOS;19/02/2026;00:54:43;19/02/2026;0,010495544;CD AMBEV JUNDIAI: Av. Marginal, 66 - St. Industrial, Jundiaí - SP, 13212-240, Brasil;SP-330, 1068 - Jd S Joao Bela Vista, Osasco - SP, 06278-000, Brasil;00:04:35;85;20:50:12;21:48:00
VOLVO FH 460 | CUF5B65;Combustão, Ambev Jundiaí Segurança, Vehicle, Diesel, VOLVO, Relatório_Combustão, Relatórios_Todos, FALSO, PESADOS;19/02/2026;00:03:32;19/02/2026;0,002326389;SP-330, 1068 - Jd S Joao Bela Vista, Osasco - SP, 06278-000, Brasil;CD AMBEV OSASCO: R. Américo Vespúcio, 900 - Vila Menck, Osasco - SP, 06273-070, Brasil;00:03:21;12;21:48:00;21:54:53
VOLVO FH 460 | CUF5B65;Combustão, Ambev Jundiaí Segurança, Vehicle, Diesel, VOLVO, Relatório_Combustão, Relatórios_Todos, FALSO, PESADOS;19/02/2026;00:00:27;19/02/2026;0,006435185;CD AMBEV OSASCO: R. Américo Vespúcio, 900 - Vila Menck, Osasco - SP, 06273-070, Brasil;CD AMBEV OSASCO: R. Américo Vespúcio, 900 - Vila Menck, Osasco - SP, 06273-070, Brasil;00:09:16;8;21:54:53;22:04:36
VOLVO FH 460 | CUF5B65;Combustão, Ambev Jundiaí Segurança, Vehicle, Diesel, VOLVO, Relatório_Combustão, Relatórios_Todos, FALSO, PESADOS;19/02/2026;00:03:15;19/02/2026;0,002808727;CD AMBEV OSASCO: R. Américo Vespúcio, 900 - Vila Menck, Osasco - SP, 06273-070, Brasil;CD AMBEV OSASCO: R. Américo Vespúcio, 900 - Vila Menck, Osasco - SP, 06273-070, Brasil;00:00:47;7;22:04:36;22:06:00
VOLVO FH 460 | CUF5B65;Combustão, Ambev Jundiaí Segurança, Vehicle, Diesel, VOLVO, Relatório_Combustão, Relatórios_Todos, FALSO, PESADOS;19/02/2026;00:00:59;19/02/2026;0,027052708;CD AMBEV OSASCO: R. Américo Vespúcio, 900 - Vila Menck, Osasco - SP, 06273-070, Brasil;CD AMBEV OSASCO: R. Américo Vespúcio, 900 - Vila Menck, Osasco - SP, 06273-070, Brasil;00:00:22;4;22:06:00;22:12:00
VOLVO FH 460 | CUF5B65;Combustão, Ambev Jundiaí Segurança, Vehicle, Diesel, VOLVO, Relatório_Combustão, Relatórios_Todos, FALSO, PESADOS;19/02/2026;00:01:41;19/02/2026;0,009955891;CD AMBEV OSASCO: R. Américo Vespúcio, 900 - Vila Menck, Osasco - SP, 06273-070, Brasil;CD AMBEV OSASCO: R. Américo Vespúcio, 900 - Vila Menck, Osasco - SP, 06273-070, Brasil;00:00:00;0;22:12:00;22:12:00
VOLVO FH 460 | CUF5B65;Combustão, Ambev Jundiaí Segurança, Vehicle, Diesel, VOLVO, Relatório_Combustão, Relatórios_Todos, FALSO, PESADOS;19/02/2026;00:03:31;19/02/2026;0,00541147;CD AMBEV OSASCO: R. Américo Vespúcio, 900 - Vila Menck, Osasco - SP, 06273-070, Brasil;SP-330, 1068 - Jd S Joao Bela Vista, Osasco - SP, 06278-000, Brasil;00:00:00;20;22:12:00;22:18:00
VOLVO FH 460 | CUF5B65;Combustão, Ambev Jundiaí Segurança, Vehicle, Diesel, VOLVO, Relatório_Combustão, Relatórios_Todos, FALSO, PESADOS;19/02/2026;00:03:52;19/02/2026;0,016943993;SP-330, 1068 - Jd S Joao Bela Vista, Osasco - SP, 06278-000, Brasil;R. Américo Vespúcio, 85 - Platina, Osasco - SP, 06273-070, Brasil;00:14:36;18;22:18:00;22:36:00
VOLVO FH 460 | CUF5B65;Combustão, Ambev Jundiaí Segurança, Vehicle, Diesel, VOLVO, Relatório_Combustão, Relatórios_Todos, FALSO, PESADOS;19/02/2026;00:50:53;19/02/2026;0,001569711;R. Américo Vespúcio, 85 - Platina, Osasco - SP, 06273-070, Brasil;CD AMBEV JUNDIAI: Av. Marginal, 66 - St. Industrial, Jundiaí - SP, 13212-240, Brasil;00:00:17;87;22:36:00;23:24:00
VOLVO FH 460 | CUF5B65;Combustão, Ambev Jundiaí Segurança, Vehicle, Diesel, VOLVO, Relatório_Combustão, Relatórios_Todos, FALSO, PESADOS;19/02/2026;00:06:25;19/02/2026;0,008786412;CD AMBEV JUNDIAI: Av. Marginal, 66 - St. Industrial, Jundiaí - SP, 13212-240, Brasil;CD AMBEV JUNDIAI: Av. Marginal, 66 - St. Industrial, Jundiaí - SP, 13212-240, Brasil;00:03:22;8;23:24:00;23:36:00
VOLVO FH 460 | CUF5B65;Combustão, Ambev Jundiaí Segurança, Vehicle, Diesel, VOLVO, Relatório_Combustão, Relatórios_Todos, FALSO, PESADOS;19/02/2026;00:02:04;19/02/2026;0,029468646;CD AMBEV JUNDIAI: Av. Marginal, 66 - St. Industrial, Jundiaí - SP, 13212-240, Brasil;CD AMBEV JUNDIAI: Av. Marginal, 66 - St. Industrial, Jundiaí - SP, 13212-240, Brasil;00:02:04;9;23:36:00;23:37:00
VOLVO FH 460 | CUF5B65;Combustão, Ambev Jundiaí Segurança, Vehicle, Diesel, VOLVO, Relatório_Combustão, Relatórios_Todos, FALSO, PESADOS;19/02/2026;00:39:26;19/02/2026;0,033916655;CD AMBEV JUNDIAI: Av. Marginal, 66 - St. Industrial, Jundiaí - SP, 13212-240, Brasil;Rua Atílio Biscuola, 1831 - Terra Nobre, Louveira - SP, 13290-000, Brasil;00:00:15;85;23:37:00;00:18:00
VOLVO FH 460 | CUF5B65;Combustão, Ambev Jundiaí Segurança, Vehicle, Diesel, VOLVO, Relatório_Combustão, Relatórios_Todos, FALSO, PESADOS;19/02/2026;00:00:08;19/02/2026;0,007051759;Rua Atílio Biscuola, 1831 - Terra Nobre, Louveira - SP, 13290-000, Brasil;Rua Atílio Biscuola, 1819 - Terra Nobre, Louveira - SP, 13290-000, Brasil;00:08:41;0;00:18:00;00:30:00
VOLVO FH 460 | CUF5B65;Combustão, Ambev Jundiaí Segurança, Vehicle, Diesel, VOLVO, Relatório_Combustão, Relatórios_Todos, FALSO, PESADOS;19/02/2026;00:00:00;19/02/2026;0,040882789;Rua Atílio Biscuola, 1819 - Terra Nobre, Louveira - SP, 13290-000, Brasil;Rua Atílio Biscuola, 1831 - Terra Nobre, Louveira - SP, 13290-000, Brasil;00:24:23;0;00:30:00;00:54:00
VOLVO FH 460 | CUF5B65;Combustão, Ambev Jundiaí Segurança, Vehicle, Diesel, VOLVO, Relatório_Combustão, Relatórios_Todos, FALSO, PESADOS;19/02/2026;00:08:12;19/02/2026;0,032053368;Rua Atílio Biscuola, 1831 - Terra Nobre, Louveira - SP, 13290-000, Brasil;Estr. Mun. Louveira | Bairro Antônio 2217-2483, SP, 13290-000, Brazil;00:00:00;16;00:54:00;01:00:00
VOLVO FH 460 | CUF5B65;Combustão, Ambev Jundiaí Segurança, Vehicle, Diesel, VOLVO, Relatório_Combustão, Relatórios_Todos, FALSO, PESADOS;19/02/2026;00:27:57;19/02/2026;0,002685185;Estr. Mun. Louveira | Bairro Antônio 2217-2483, SP, 13290-000, Brazil;Av. das Indústrias, 2221 - Distrito Industrial, Jundiaí - SP, 13213-100, Brasil;00:03:52;83;01:00:00;01:31:49
VOLVO FH 460 | CUF5B65;Combustão, Ambev Jundiaí Segurança, Vehicle, Diesel, VOLVO, Relatório_Combustão, Relatórios_Todos, FALSO, PESADOS;19/02/2026;00:17:07;19/02/2026;0,039185451;Av. das Indústrias, 2221 - Distrito Industrial, Jundiaí - SP, 13213-100, Brasil;CD AMBEV JUNDIAI: R. Pietro Antonio Leo, 201 - St. Industrial, Jundiaí - SP, 13213-007, Brasil;00:02:54;79;01:31:49;01:54:00
VOLVO FH 460 | CUF5B65;Combustão, Ambev Jundiaí Segurança, Vehicle, Diesel, VOLVO, Relatório_Combustão, Relatórios_Todos, FALSO, PESADOS;19/02/2026;00:01:54;19/02/2026;0,043657176;CD AMBEV JUNDIAI: R. Pietro Antonio Leo, 201 - St. Industrial, Jundiaí - SP, 13213-007, Brasil;CD AMBEV JUNDIAI: R. Pietro Antonio Leo, 201 - St. Industrial, Jundiaí - SP, 13213-007, Brasil;00:00:54;0;01:54:00;01:54:00
VOLVO FH 460 | CUF5B65;Combustão, Ambev Jundiaí Segurança, Vehicle, Diesel, VOLVO, Relatório_Combustão, Relatórios_Todos, FALSO, PESADOS;19/02/2026;00:16:06;19/02/2026;0,001277222;CD AMBEV JUNDIAI: R. Pietro Antonio Leo, 201 - St. Industrial, Jundiaí - SP, 13213-007, Brasil;CD AMBEV JUNDIAI: Av. Marginal, 66 - St. Industrial, Jundiaí - SP, 13212-240, Brasil;00:00:28;66;01:54:00;02:12:00
VOLVO FH 460 | CUF5B65;Combustão, Ambev Jundiaí Segurança, Vehicle, Diesel, VOLVO, Relatório_Combustão, Relatórios_Todos, FALSO, PESADOS;19/02/2026;00:04:26;19/02/2026;0,007073275;CD AMBEV JUNDIAI: Av. Marginal, 66 - St. Industrial, Jundiaí - SP, 13212-240, Brasil;CD AMBEV JUNDIAI: Rod. Dom Gabriel Paulino Bueno Couto, 66 - Distrito Industrial, Jundiaí - SP, 13317-204, Brasil;00:01:26;10;02:12:00;02:18:00
VOLVO FH 460 | CUF5B65;Combustão, Ambev Jundiaí Segurança, Vehicle, Diesel, VOLVO, Relatório_Combustão, Relatórios_Todos, FALSO, PESADOS;19/02/2026;00:02:23;19/02/2026;0,028735301;CD AMBEV JUNDIAI: Rod. Dom Gabriel Paulino Bueno Couto, 66 - Distrito Industrial, Jundiaí - SP, 13317-204, Brasil;CD AMBEV JUNDIAI: Rod. Dom Gabriel Paulino Bueno Couto 66, SP, 13317-204, Brazil;00:02:34;7;02:18:00;02:24:00
VOLVO FH 460 | CUF5B65;Combustão, Ambev Jundiaí Segurança, Vehicle, Diesel, VOLVO, Relatório_Combustão, Relatórios_Todos, FALSO, PESADOS;19/02/2026;00:31:03;19/02/2026;0,001239757;CD AMBEV JUNDIAI: Rod. Dom Gabriel Paulino Bueno Couto 66, SP, 13317-204, Brazil;Rua Atílio Biscuola, 1831 - Terra Nobre, Louveira - SP, 13290-000, Brasil;00:00:36;79;02:24:00;02:54:00
VOLVO FH 460 | CUF5B65;Combustão, Ambev Jundiaí Segurança, Vehicle, Diesel, VOLVO, Relatório_Combustão, Relatórios_Todos, FALSO, PESADOS;19/02/2026;00:03:17;19/02/2026;0,083114931;Rua Atílio Biscuola, 1831 - Terra Nobre, Louveira - SP, 13290-000, Brasil;Rua Atílio Biscuola, 1831 - Terra Nobre, Louveira - SP, 13290-000, Brasil;00:00:21;9;02:54:00;03:00:00
VOLVO FH 460 | CUF5B65;Combustão, Ambev Jundiaí Segurança, Vehicle, Diesel, VOLVO, Relatório_Combustão, Relatórios_Todos, FALSO, PESADOS;20/02/2026;00:08:57;20/02/2026;0,01179294;Rua Atílio Biscuola, 1831 - Terra Nobre, Louveira - SP, 13290-000, Brasil;Estr. Mun. Louveira | Bairro Antônio 2217-2483, SP, 13290-000, Brazil;00:00:00;22;03:00:00;03:06:00
VOLVO FH 460 | CUF5B65;Combustão, Ambev Jundiaí Segurança, Vehicle, Diesel, VOLVO, Relatório_Combustão, Relatórios_Todos, FALSO, PESADOS;20/02/2026;00:01:21;20/02/2026;0,020888866;Estr. Mun. Louveira | Bairro Antônio 2217-2483, SP, 13290-000, Brazil;Estr. Mun. Louveira | Bairro Antônio 2217-2483, SP, 13290-000, Brazil;00:00:52;0;03:06:00;03:06:00
VOLVO FH 460 | CUF5B65;Combustão, Ambev Jundiaí Segurança, Vehicle, Diesel, VOLVO, Relatório_Combustão, Relatórios_Todos, FALSO, PESADOS;20/02/2026;00:04:31;20/02/2026;0,00154015;Estr. Mun. Louveira | Bairro Antônio 2217-2483, SP, 13290-000, Brazil;Rua Atílio Biscuola, 1653 - Terra Nobre, Louveira - SP, 13290-000, Brasil;00:00:06;22;03:06:00;03:12:00
VOLVO FH 460 | CUF5B65;Combustão, Ambev Jundiaí Segurança, Vehicle, Diesel, VOLVO, Relatório_Combustão, Relatórios_Todos, FALSO, PESADOS;20/02/2026;00:27:47;20/02/2026;0,039981308;Rua Atílio Biscuola, 1653 - Terra Nobre, Louveira - SP, 13290-000, Brasil;CD AMBEV JUNDIAI: R. Pietro Antonio Leo, 201 - St. Industrial, Jundiaí - SP, 13213-007, Brasil;00:00:27;77;03:12:00;03:42:00
VOLVO FH 460 | CUF5B65;Combustão, Ambev Jundiaí Segurança, Vehicle, Diesel, VOLVO, Relatório_Combustão, Relatórios_Todos, FALSO, PESADOS;20/02/2026;00:17:21;20/02/2026;0,004074363;CD AMBEV JUNDIAI: R. Pietro Antonio Leo, 201 - St. Industrial, Jundiaí - SP, 13213-007, Brasil;CD AMBEV JUNDIAI: Av. Marginal, 66 - St. Industrial, Jundiaí - SP, 13212-240, Brasil;00:00:36;74;03:42:00;04:00:00
VOLVO FH 460 | CUF5B65;Combustão, Ambev Jundiaí Segurança, Vehicle, Diesel, VOLVO, Relatório_Combustão, Relatórios_Todos, FALSO, PESADOS;20/02/2026;00:03:51;20/02/2026;0,011171759;CD AMBEV JUNDIAI: Av. Marginal, 66 - St. Industrial, Jundiaí - SP, 13212-240, Brasil;CD AMBEV JUNDIAI: Rod. Dom Gabriel Paulino Bueno Couto 66, SP, 13317-204, Brazil;00:01:06;9;04:00:00;04:06:00
VOLVO FH 460 | CUF5B65;Combustão, Ambev Jundiaí Segurança, Vehicle, Diesel, VOLVO, Relatório_Combustão, Relatórios_Todos, FALSO, PESADOS;20/02/2026;00:03:27;20/02/2026;0,017575579;CD AMBEV JUNDIAI: Rod. Dom Gabriel Paulino Bueno Couto 66, SP, 13317-204, Brazil;CD AMBEV JUNDIAI: Rod. Dom Gabriel Paulino Bueno Couto, 66 - Distrito Industrial, Jundiaí - SP, 13317-204, Brasil;00:01:57;10;04:06:00;04:12:00
VOLVO FH 460 | CUF5B65;Combustão, Ambev Jundiaí Segurança, Vehicle, Diesel, VOLVO, Relatório_Combustão, Relatórios_Todos, FALSO, PESADOS;20/02/2026;00:34:49;20/02/2026;0,087250463;CD AMBEV JUNDIAI: Rod. Dom Gabriel Paulino Bueno Couto, 66 - Distrito Industrial, Jundiaí - SP, 13317-204, Brasil;Rua Atílio Biscuola, 1831 - Terra Nobre, Louveira - SP, 13290-000, Brasil;00:00:25;81;04:12:00;04:42:00
VOLVO FH 460 | CUF5B65;Combustão, Ambev Jundiaí Segurança, Vehicle, Diesel, VOLVO, Relatório_Combustão, Relatórios_Todos, FALSO, PESADOS;20/02/2026;00:07:01;20/02/2026;0,059328912;Rua Atílio Biscuola, 1831 - Terra Nobre, Louveira - SP, 13290-000, Brasil;Estr. Mun. Louveira | Bairro Antônio, 2217-2483 - Terra Nobre, Louveira - SP, 13290-000, Brasil;00:00:00;20;04:42:00;04:54:00
VOLVO FH 460 | CUF5B65;Combustão, Ambev Jundiaí Segurança, Vehicle, Diesel, VOLVO, Relatório_Combustão, Relatórios_Todos, FALSO, PESADOS;20/02/2026;00:05:22;20/02/2026;0,0152811;Estr. Mun. Louveira | Bairro Antônio, 2217-2483 - Terra Nobre, Louveira - SP, 13290-000, Brasil;Rua Atílio Biscuola, 1653 - Terra Nobre, Louveira - SP, 13290-000, Brasil;00:04:19;18;04:54:00;05:00:00
VOLVO FH 460 | CUF5B65;Combustão, Ambev Jundiaí Segurança, Vehicle, Diesel, VOLVO, Relatório_Combustão, Relatórios_Todos, FALSO, PESADOS;20/02/2026;00:20:00;20/02/2026;0,003449074;Rua Atílio Biscuola, 1653 - Terra Nobre, Louveira - SP, 13290-000, Brasil;Rod. Anhangüera, 67 - Tijuco Preto, Jundiaí - SP, 13214-666, Brasil;00:04:58;85;05:00:00;05:24:58
VOLVO FH 460 | CUF5B65;Combustão, Ambev Jundiaí Segurança, Vehicle, Diesel, VOLVO, Relatório_Combustão, Relatórios_Todos, FALSO, PESADOS;20/02/2026;00:08:02;20/02/2026;0,002929144;Rod. Anhangüera, 67 - Tijuco Preto, Jundiaí - SP, 13214-666, Brasil;Rod. Dom Gabriel Paulino Bueno Couto, 500 - Retiro, Jundiaí - SP, 13317-204, Brasil;00:04:13;74;05:24:58;05:37:13
VOLVO FH 460 | CUF5B65;Combustão, Ambev Jundiaí Segurança, Vehicle, Diesel, VOLVO, Relatório_Combustão, Relatórios_Todos, FALSO, PESADOS;20/02/2026;00:11:59;20/02/2026;0,000904688;Rod. Dom Gabriel Paulino Bueno Couto, 500 - Retiro, Jundiaí - SP, 13317-204, Brasil;CD AMBEV JUNDIAI: Av. Marginal, 66 - St. Industrial, Jundiaí - SP, 13212-240, Brasil;00:00:26;81;05:37:13;05:54:00
VOLVO FH 460 | CUF5B65;Combustão, Ambev Jundiaí Segurança, Vehicle, Diesel, VOLVO, Relatório_Combustão, Relatórios_Todos, FALSO, PESADOS;20/02/2026;00:03:55;20/02/2026;0,005087049;CD AMBEV JUNDIAI: Av. Marginal, 66 - St. Industrial, Jundiaí - SP, 13212-240, Brasil;CD AMBEV JUNDIAI: Rod. Dom Gabriel Paulino Bueno Couto 66, SP, 13317-204, Brazil;00:00:46;8;05:54:00;05:54:00
VOLVO FH 460 | CUF5B65;Combustão, Ambev Jundiaí Segurança, Vehicle, Diesel, VOLVO, Relatório_Combustão, Relatórios_Todos, FALSO, PESADOS;20/02/2026;00:02:12;20/02/2026;0,038455116;CD AMBEV JUNDIAI: Rod. Dom Gabriel Paulino Bueno Couto 66, SP, 13317-204, Brazil;CD AMBEV JUNDIAI: Rod. Dom Gabriel Paulino Bueno Couto 66, SP, 13317-204, Brazil;00:06:36;11;05:54:00;06:06:00
VOLVO FH 460 | CUF5B65;Combustão, Ambev Jundiaí Segurança, Vehicle, Diesel, VOLVO, Relatório_Combustão, Relatórios_Todos, FALSO, PESADOS;20/02/2026;01:25:26;20/02/2026;0,030951458;CD AMBEV JUNDIAI: Rod. Dom Gabriel Paulino Bueno Couto 66, SP, 13317-204, Brazil;Av. Paris, 232 - João Aranha, Paulínia - SP, 13146-027, Brasil;00:00:12;87;06:06:00;07:30:00
VOLVO FH 460 | CUF5B65;Combustão, Ambev Jundiaí Segurança, Vehicle, Diesel, VOLVO, Relatório_Combustão, Relatórios_Todos, FALSO, PESADOS;20/02/2026;00:07:49;20/02/2026;0,024992384;Av. Paris, 232 - João Aranha, Paulínia - SP, 13146-027, Brasil;Av. Paris, 96-700 - Cascata, Paulínia - SP, 13140-000, Brasil;00:00:32;8;07:30:00;07:36:00
VOLVO FH 460 | CUF5B65;Combustão, Ambev Jundiaí Segurança, Vehicle, Diesel, VOLVO, Relatório_Combustão, Relatórios_Todos, FALSO, PESADOS;20/02/2026;00:04:59;20/02/2026;0,000222141;Av. Paris, 96-700 - Cascata, Paulínia - SP, 13140-000, Brasil;Av. Paris, 190 - Cascata, Paulínia - SP, 13146-027, Brasil;00:00:04;10;07:36:00;07:42:00
VOLVO FH 460 | CUF5B65;Combustão, Ambev Jundiaí Segurança, Vehicle, Diesel, VOLVO, Relatório_Combustão, Relatórios_Todos, FALSO, PESADOS;20/02/2026;00:02:19;20/02/2026;0,015162037;Av. Paris, 190 - Cascata, Paulínia - SP, 13146-027, Brasil;Av. Paris, 190 - Cascata, Paulínia - SP, 13146-027, Brasil;00:04:42;14;07:42:00;07:52:28
VOLVO FH 460 | CUF5B65;Combustão, Ambev Jundiaí Segurança, Vehicle, Diesel, VOLVO, Relatório_Combustão, Relatórios_Todos, FALSO, PESADOS;20/02/2026;00:59:22;20/02/2026;0,050143993;Av. Paris, 190 - Cascata, Paulínia - SP, 13146-027, Brasil;R. Barbarina Abbade de Oliveira, 78 - Jardim das Tulipas, Jundiaí - SP, 13213, Brasil;00:02:10;87;07:52:28;08:54:00
VOLVO FH 460 | CUF5B65;Combustão, Ambev Jundiaí Segurança, Vehicle, Diesel, VOLVO, Relatório_Combustão, Relatórios_Todos, FALSO, PESADOS;20/02/2026;00:12:00;20/02/2026;0,06725287;R. Barbarina Abbade de Oliveira, 78 - Jardim das Tulipas, Jundiaí - SP, 13213, Brasil;CD AMBEV JUNDIAI: R. Pietro Antonio Leo, 201 - St. Industrial, Jundiaí - SP, 13213-007, Brasil;00:06:23;81;08:54:00;09:12:00
VOLVO FH 460 | CUF5B65;Combustão, Ambev Jundiaí Segurança, Vehicle, Diesel, VOLVO, Relatório_Combustão, Relatórios_Todos, FALSO, PESADOS;20/02/2026;00:05:12;20/02/2026;0,067384259;CD AMBEV JUNDIAI: R. Pietro Antonio Leo, 201 - St. Industrial, Jundiaí - SP, 13213-007, Brasil;CD AMBEV JUNDIAI: R. Pietro Antonio Leo, 201 - St. Industrial, Jundiaí - SP, 13213-007, Brasil;00:06:17;16;09:12:00;09:23:53
VOLVO FH 460 | CUF5B65;Combustão, Ambev Jundiaí Segurança, Vehicle, Diesel, VOLVO, Relatório_Combustão, Relatórios_Todos, FALSO, PESADOS;20/02/2026;00:21:20;20/02/2026;0,005100451;CD AMBEV JUNDIAI: R. Pietro Antonio Leo, 201 - St. Industrial, Jundiaí - SP, 13213-007, Brasil;CD AMBEV JUNDIAI: Rod. Dom Gabriel Paulino Bueno Couto 66, SP, 13317-204, Brazil;00:00:27;72;09:23:53;09:42:00
VOLVO FH 460 | CUF5B65;Combustão, Ambev Jundiaí Segurança, Vehicle, Diesel, VOLVO, Relatório_Combustão, Relatórios_Todos, FALSO, PESADOS;20/02/2026;00:01:35;20/02/2026;0,026597222;CD AMBEV JUNDIAI: Rod. Dom Gabriel Paulino Bueno Couto 66, SP, 13317-204, Brazil;CD AMBEV JUNDIAI: Rod. Dom Gabriel Paulino Bueno Couto 66, SP, 13317-204, Brazil;00:08:10;3;09:42:00;09:51:57
VOLVO FH 460 | CUF5B65;Combustão, Ambev Jundiaí Segurança, Vehicle, Diesel, VOLVO, Relatório_Combustão, Relatórios_Todos, FALSO, PESADOS;20/02/2026;01:46:50;21/02/2026;0,005937708;CD AMBEV JUNDIAI: Rod. Dom Gabriel Paulino Bueno Couto 66, SP, 13317-204, Brazil;R. Georg Rexroth, 31 - Piraporinha, Diadema - SP, 09951-270, Brasil;00:00:39;87;09:51:57;11:42:00
VOLVO FH 460 | CUF5B65;Combustão, Ambev Jundiaí Segurança, Vehicle, Diesel, VOLVO, Relatório_Combustão, Relatórios_Todos, FALSO, PESADOS;21/02/2026;00:02:21;21/02/2026;0,047616204;R. Georg Rexroth, 31 - Piraporinha, Diadema - SP, 09951-270, Brasil;Av. São Paulo, 10 - Vila Jordanopolis, São Bernardo do Campo - SP, 09892-330, Brasil;00:00:50;17;11:42:00;11:42:00
VOLVO FH 460 | CUF5B65;Combustão, Ambev Jundiaí Segurança, Vehicle, Diesel, VOLVO, Relatório_Combustão, Relatórios_Todos, FALSO, PESADOS;21/02/2026;00:01:38;21/02/2026;0,00030934;Av. São Paulo, 10 - Vila Jordanopolis, São Bernardo do Campo - SP, 09892-330, Brasil;Av. São Paulo, 10 - Vila Jordanopolis, São Bernardo do Campo - SP, 09892-330, Brasil;00:00:09;0;11:42:00;11:48:00
VOLVO FH 460 | CUF5B65;Combustão, Ambev Jundiaí Segurança, Vehicle, Diesel, VOLVO, Relatório_Combustão, Relatórios_Todos, FALSO, PESADOS;21/02/2026;00:01:27;21/02/2026;0,011597454;Av. São Paulo, 10 - Vila Jordanopolis, São Bernardo do Campo - SP, 09892-330, Brasil;R. Georg Rexroth, 31 - Piraporinha, Diadema - SP, 09951-270, Brasil;00:00:05;15;11:48:00;11:48:00
VOLVO FH 460 | CUF5B65;Combustão, Ambev Jundiaí Segurança, Vehicle, Diesel, VOLVO, Relatório_Combustão, Relatórios_Todos, FALSO, PESADOS;21/02/2026;01:34:52;21/02/2026;0,012183715;R. Georg Rexroth, 31 - Piraporinha, Diadema - SP, 09951-270, Brasil;Rod. Dom Gabriel Paulino Bueno Couto, 50 - Distrito Industrial, Jundiaí - SP, 13212-240, Brasil;00:00:26;85;11:48:00;13:24:00
VOLVO FH 460 | CUF5B65;Combustão, Ambev Jundiaí Segurança, Vehicle, Diesel, VOLVO, Relatório_Combustão, Relatórios_Todos, FALSO, PESADOS;21/02/2026;00:03:21;21/02/2026;0,004259259;Rod. Dom Gabriel Paulino Bueno Couto, 50 - Distrito Industrial, Jundiaí - SP, 13212-240, Brasil;Rod. Dom Gabriel Paulino Bueno Couto, 500 - Retiro, Jundiaí - SP, 13317-204, Brasil;00:06:08;10;13:24:00;13:33:29
VOLVO FH 460 | CUF5B65;Combustão, Ambev Jundiaí Segurança, Vehicle, Diesel, VOLVO, Relatório_Combustão, Relatórios_Todos, FALSO, PESADOS;21/02/2026;00:01:37;21/02/2026;0,002303241;Rod. Dom Gabriel Paulino Bueno Couto, 500 - Retiro, Jundiaí - SP, 13317-204, Brasil;Rod. Dom Gabriel Paulino Bueno Couto, 500 - Retiro, Jundiaí - SP, 13317-204, Brasil;00:03:19;7;13:33:29;13:38:25
VOLVO FH 460 | CUF5B65;Combustão, Ambev Jundiaí Segurança, Vehicle, Diesel, VOLVO, Relatório_Combustão, Relatórios_Todos, FALSO, PESADOS;21/02/2026;00:10:51;21/02/2026;0,00465059;Rod. Dom Gabriel Paulino Bueno Couto, 500 - Retiro, Jundiaí - SP, 13317-204, Brasil;Av. Marginal, 66 - St. Industrial, Jundiaí - SP, 13212-240, Brasil;00:04:18;77;13:38:25;13:54:00
VOLVO FH 460 | CUF5B65;Combustão, Ambev Jundiaí Segurança, Vehicle, Diesel, VOLVO, Relatório_Combustão, Relatórios_Todos, FALSO, PESADOS;21/02/2026;00:05:52;21/02/2026;0,006125521;Av. Marginal, 66 - St. Industrial, Jundiaí - SP, 13212-240, Brasil;CD AMBEV JUNDIAI: Av. Marginal, 66 - St. Industrial, Jundiaí - SP, 13212-240, Brasil;00:00:18;9;13:54:00;14:00:00
VOLVO FH 460 | CUF5B65;Combustão, Ambev Jundiaí Segurança, Vehicle, Diesel, VOLVO, Relatório_Combustão, Relatórios_Todos, FALSO, PESADOS;21/02/2026;00:02:47;21/02/2026;0,095115741;CD AMBEV JUNDIAI: Av. Marginal, 66 - St. Industrial, Jundiaí - SP, 13212-240, Brasil;CD AMBEV JUNDIAI: Rod. Dom Gabriel Paulino Bueno Couto 66, SP, 13317-204, Brazil;00:10:09;9;14:00:00;14:09:25
VOLVO FH 460 | CUF5B65;Combustão, Ambev Jundiaí Segurança, Vehicle, Diesel, VOLVO, Relatório_Combustão, Relatórios_Todos, FALSO, PESADOS;21/02/2026;00:32:30;21/02/2026;0,006621123;CD AMBEV JUNDIAI: Rod. Dom Gabriel Paulino Bueno Couto 66, SP, 13317-204, Brazil;Estr. Mun. Louveira | Bairro Antônio 1831, SP, 13290-000, Brazil;00:00:52;87;14:09:25;14:48:00
VOLVO FH 460 | CUF5B65;Combustão, Ambev Jundiaí Segurança, Vehicle, Diesel, VOLVO, Relatório_Combustão, Relatórios_Todos, FALSO, PESADOS;21/02/2026;00:08:39;21/02/2026;0,022018646;Estr. Mun. Louveira | Bairro Antônio 1831, SP, 13290-000, Brazil;Estr. Mun. Louveira | Bairro Antônio, 2217-2483 - Terra Nobre, Louveira - SP, 13290-000, Brasil;00:01:19;20;14:48:00;14:55:19
VOLVO FH 460 | CUF5B65;Combustão, Ambev Jundiaí Segurança, Vehicle, Diesel, VOLVO, Relatório_Combustão, Relatórios_Todos, FALSO, PESADOS;21/02/2026;00:33:30;21/02/2026;0,007840799;Estr. Mun. Louveira | Bairro Antônio, 2217-2483 - Terra Nobre, Louveira - SP, 13290-000, Brasil;CD AMBEV JUNDIAI: R. Pietro Antonio Leo, 201 - St. Industrial, Jundiaí - SP, 13213-007, Brasil;00:00:56;85;14:55:19;15:30:00
VOLVO FH 460 | CUF5B65;Combustão, Ambev Jundiaí Segurança, Vehicle, Diesel, VOLVO, Relatório_Combustão, Relatórios_Todos, FALSO, PESADOS;21/02/2026;00:01:54;21/02/2026;0,126038588;CD AMBEV JUNDIAI: R. Pietro Antonio Leo, 201 - St. Industrial, Jundiaí - SP, 13213-007, Brasil;CD AMBEV JUNDIAI: R. Pietro Antonio Leo, 201 - St. Industrial, Jundiaí - SP, 13213-007, Brasil;00:00:00;4;15:30:00;15:30:00
VOLVO FH 460 | CUF5B65;Combustão, Ambev Jundiaí Segurança, Vehicle, Diesel, VOLVO, Relatório_Combustão, Relatórios_Todos, FALSO, PESADOS;21/02/2026;00:00:51;21/02/2026;0,138897697;CD AMBEV JUNDIAI: R. Pietro Antonio Leo, 201 - St. Industrial, Jundiaí - SP, 13213-007, Brasil;CD AMBEV JUNDIAI: R. Pietro Antonio Leo, 450 - Distrito Industrial, Jundiaí - SP, 13213-007, Brasil;00:00:14;0;15:30:00;15:30:00
VOLVO FH 460 | CUF5B65;Combustão, Ambev Jundiaí Segurança, Vehicle, Diesel, VOLVO, Relatório_Combustão, Relatórios_Todos, FALSO, PESADOS;21/02/2026;00:03:51;21/02/2026;1,031750637;CD AMBEV JUNDIAI: R. Pietro Antonio Leo, 450 - Distrito Industrial, Jundiaí - SP, 13213-007, Brasil;CD AMBEV JUNDIAI: R. Pietro Antonio Leo, 201 - St. Industrial, Jundiaí - SP, 13213-007, Brasil;00:04:20;12;15:30:00;15:42:00
VOLVO FH 460 | CUF5B65;Combustão, Ambev Jundiaí Segurança, Vehicle, Diesel, VOLVO, Relatório_Combustão, Relatórios_Todos, FALSO, PESADOS;22/02/2026;00:00:28;22/02/2026;0,014467593;CD AMBEV JUNDIAI: R. Pietro Antonio Leo, 201 - St. Industrial, Jundiaí - SP, 13213-007, Brasil;CD AMBEV JUNDIAI: R. Pietro Antonio Leo, 201 - St. Industrial, Jundiaí - SP, 13213-007, Brasil;00:05:34;4;15:42:00;15:46:19
VOLVO FH 460 | CUF5B65;Combustão, Ambev Jundiaí Segurança, Vehicle, Diesel, VOLVO, Relatório_Combustão, Relatórios_Todos, FALSO, PESADOS;22/02/2026;00:17:34;22/02/2026;0,002938044;CD AMBEV JUNDIAI: R. Pietro Antonio Leo, 201 - St. Industrial, Jundiaí - SP, 13213-007, Brasil;CD AMBEV JUNDIAI: Av. Marginal, 66 - St. Industrial, Jundiaí - SP, 13212-240, Brasil;00:00:41;83;15:46:19;16:06:00
VOLVO FH 460 | CUF5B65;Combustão, Ambev Jundiaí Segurança, Vehicle, Diesel, VOLVO, Relatório_Combustão, Relatórios_Todos, FALSO, PESADOS;22/02/2026;00:03:14;22/02/2026;0,005474039;CD AMBEV JUNDIAI: Av. Marginal, 66 - St. Industrial, Jundiaí - SP, 13212-240, Brasil;CD AMBEV JUNDIAI: Rod. Dom Gabriel Paulino Bueno Couto 66, SP, 13317-204, Brazil;00:00:46;11;16:06:00;16:12:00
VOLVO FH 460 | CUF5B65;Combustão, Ambev Jundiaí Segurança, Vehicle, Diesel, VOLVO, Relatório_Combustão, Relatórios_Todos, FALSO, PESADOS;22/02/2026;00:00:51;22/02/2026;0,0218475;CD AMBEV JUNDIAI: Rod. Dom Gabriel Paulino Bueno Couto 66, SP, 13317-204, Brazil;CD AMBEV JUNDIAI: Rod. Dom Gabriel Paulino Bueno Couto, 66 - Distrito Industrial, Jundiaí - SP, 13317-204, Brasil;00:00:07;12;16:12:00;16:12:00
VOLVO FH 460 | CUF5B65;Combustão, Ambev Jundiaí Segurança, Vehicle, Diesel, VOLVO, Relatório_Combustão, Relatórios_Todos, FALSO, PESADOS;22/02/2026;00:00:58;22/02/2026;0,009276574;CD AMBEV JUNDIAI: Rod. Dom Gabriel Paulino Bueno Couto, 66 - Distrito Industrial, Jundiaí - SP, 13317-204, Brasil;CD AMBEV JUNDIAI: Rod. Dom Gabriel Paulino Bueno Couto 66, SP, 13317-204, Brazil;00:01:36;10;16:12:00;16:12:00
VOLVO FH 460 | CUF5B65;Combustão, Ambev Jundiaí Segurança, Vehicle, Diesel, VOLVO, Relatório_Combustão, Relatórios_Todos, FALSO, PESADOS;22/02/2026;00:04:14;22/02/2026;0,003853472;CD AMBEV JUNDIAI: Rod. Dom Gabriel Paulino Bueno Couto 66, SP, 13317-204, Brazil;CD AMBEV JUNDIAI: Rod. Dom Gabriel Paulino Bueno Couto 66, SP, 13317-204, Brazil;00:00:00;0;16:12:00;16:18:00
VOLVO FH 460 | CUF5B65;Combustão, Ambev Jundiaí Segurança, Vehicle, Diesel, VOLVO, Relatório_Combustão, Relatórios_Todos, FALSO, PESADOS;22/02/2026;00:28:42;22/02/2026;0,083342558;CD AMBEV JUNDIAI: Rod. Dom Gabriel Paulino Bueno Couto 66, SP, 13317-204, Brazil;Rua Atílio Biscuola, 1831 - Terra Nobre, Louveira - SP, 13290-000, Brasil;00:00:57;83;16:18:00;16:48:00
VOLVO FH 460 | CUF5B65;Combustão, Ambev Jundiaí Segurança, Vehicle, Diesel, VOLVO, Relatório_Combustão, Relatórios_Todos, FALSO, PESADOS;22/02/2026;00:07:22;22/02/2026;0,027196019;Rua Atílio Biscuola, 1831 - Terra Nobre, Louveira - SP, 13290-000, Brasil;Estr. Mun. Louveira | Bairro Antônio 2217-2483, SP, 13290-000, Brazil;00:00:00;13;16:48:00;16:54:00
VOLVO FH 460 | CUF5B65;Combustão, Ambev Jundiaí Segurança, Vehicle, Diesel, VOLVO, Relatório_Combustão, Relatórios_Todos, FALSO, PESADOS;22/02/2026;00:29:54;22/02/2026;0,001396204;Estr. Mun. Louveira | Bairro Antônio 2217-2483, SP, 13290-000, Brazil;CD AMBEV JUNDIAI: Av. Marginal, 66 - St. Industrial, Jundiaí - SP, 13212-240, Brasil;00:00:24;83;16:54:00;17:24:00
VOLVO FH 460 | CUF5B65;Combustão, Ambev Jundiaí Segurança, Vehicle, Diesel, VOLVO, Relatório_Combustão, Relatórios_Todos, FALSO, PESADOS;22/02/2026;00:04:09;22/02/2026;0,008723067;CD AMBEV JUNDIAI: Av. Marginal, 66 - St. Industrial, Jundiaí - SP, 13212-240, Brasil;CD AMBEV JUNDIAI: Rod. Dom Gabriel Paulino Bueno Couto 66, SP, 13317-204, Brazil;00:01:05;12;17:24:00;17:30:00
VOLVO FH 460 | CUF5B65;Combustão, Ambev Jundiaí Segurança, Vehicle, Diesel, VOLVO, Relatório_Combustão, Relatórios_Todos, FALSO, PESADOS;22/02/2026;00:02:33;22/02/2026;0,037939792;CD AMBEV JUNDIAI: Rod. Dom Gabriel Paulino Bueno Couto 66, SP, 13317-204, Brazil;CD AMBEV JUNDIAI: Rod. Dom Gabriel Paulino Bueno Couto 66, SP, 13317-204, Brazil;00:03:59;14;17:30:00;17:36:00
VOLVO FH 460 | CUF5B65;Combustão, Ambev Jundiaí Segurança, Vehicle, Diesel, VOLVO, Relatório_Combustão, Relatórios_Todos, FALSO, PESADOS;22/02/2026;00:28:43;22/02/2026;0,011631944;CD AMBEV JUNDIAI: Rod. Dom Gabriel Paulino Bueno Couto 66, SP, 13317-204, Brazil;Rua Atílio Biscuola, 1831 - Terra Nobre, Louveira - SP, 13290-000, Brasil;00:03:01;81;17:36:00;18:14:36
VOLVO FH 460 | CUF5B65;Combustão, Ambev Jundiaí Segurança, Vehicle, Diesel, VOLVO, Relatório_Combustão, Relatórios_Todos, FALSO, PESADOS;22/02/2026;00:10:28;23/02/2026;0,001022639;0;Estr. Mun. Louveira | Bairro Antônio, 2217-2483 - Terra Nobre, Louveira - SP, 13290-000, Brasil;00:00:00;15;00:00:00;18:24:00
