Veículo;Grupo;Device ID;Número de série;Status;Plano do dispositivo;Última data de comunicação;Último registro de viagem;Último registro do GPS;Movimento do dispositivo;Status do dispositivo;Informações adicionais de status;Último endereço conhecido;Dias desde o último movimento;Último valor de download;Último download;Dias desde o recebimento da comunicação;Visualização no mapa
QSQ6G08;ROTA SP_CDD SAO JOSE CAMPOS, Vehicle, Diesel, CAMBIO MANUAL, MERCEDES BENZ, COMBUSTÃO, REG_MACRO REGIÃO SP, CAMINHÃO TOCO / TRUCK, TRS_FADEL, UNI_CDD SÃO JOSÉ DOS CAMPOS, 80 km/h;b3B3;G91EE8P646HS;OK;GO Mode;06/04/2026;06/04/2026;06/04/2026;YES;;;R. Alexandrino José de Souza, 416 - Vila Cesar, São José dos Campos - SP, 12211-310, Brasil;;5; Minutes;;Abrir no navegador
UDB9H63;SUP SUL - EMP_PONTA GROSSA, Vehicle, Diesel, CAMBIO AUTOMATICO OU SEMI AUTOMATICO, MERCEDES BENZ, COMBUSTÃO, REG_SUPPLY SUL, CAVALO MECÂNICO, TRS_LOG 20, UNI_EMP PONTA GROSSA, 90 km/h;b528;G97E2BYZR7TX;OK;GO Mode;06/04/2026;06/04/2026;06/04/2026;YES;;;Contorno Leste de Curitiba, 277 - Quissisana, São José dos Pinhais - PR, 83015, Brasil;;1; Minutes;;Abrir no navegador
UFJ3I07;SUP COMG - EMP_UBERLANDIA, Vehicle, Diesel, CAMBIO AUTOMATICO OU SEMI AUTOMATICO, MERCEDES BENZ, COMBUSTÃO, REG_SUPPLY COMG, CAVALO MECÂNICO, TRS_IMEDIATO, UNI_EMP UBERLANDIA, 90 km/h;b4BA;G9Y0HUCPXCXM;OK;GO Mode;05/04/2026;05/04/2026;05/04/2026;YES;;;BR-040, 2203 - Luziânia, GO, Brasil;;8; Days;;Abrir no navegador
UFM8F10;ROTA SP_CDD SAO JOSE CAMPOS, Vehicle, Diesel, CAMBIO MANUAL, MERCEDES BENZ, COMBUSTÃO, REG_MACRO REGIÃO SP, CAMINHÃO TOCO / TRUCK, TRS_FADEL, UNI_CDD SÃO JOSÉ DOS CAMPOS, 80 km/h;b31D;G9DM7H3F59HV;OK;GO Mode;06/04/2026;06/04/2026;06/04/2026;YES;;;R. Carlos Marcondes, 315 - Jardim Limoeiro, São José dos Campos - SP, 12241-421, Brasil;;5; Minutes;;Abrir no navegador
0117;AMBEV, Vehicle, Diesel;b739;G9MT0FE929WH;OK (Parado);GO Mode;05/04/2026;24/03/2026;05/04/2026;NO;;;Av. Pref. Humberto dos Santos 359, SE, 49160-282, Brazil;;22; Days;22 Days;Abrir no navegador
0477;AMBEV, Vehicle, Diesel;b73F;G90S570R062N;Off-line para 1 - 2 Dias;GO Mode;04/04/2026;23/03/2026;04/04/2026;NO;;;Av. Pref. Humberto dos Santos 359, SE, 49160-282, Brazil;14 Days;1; Days;1 Days;Abrir no navegador
0580;AMBEV, Vehicle, Diesel;b73A;G9YNKH7F3589;OK (Parado);GO Mode;05/04/2026;24/03/2026;05/04/2026;NO;;;Av. Pref. Humberto dos Santos 359, SE, 49160-282, Brazil;;22; Days;22 Days;Abrir no navegador
0705;AMBEV, Vehicle, Diesel;b5C1;G91VC2EP9MAM;OK (Parado);GO Mode;05/04/2026;23/03/2026;05/04/2026;NO;;;Av. Pref. Humberto dos Santos 359, SE, 49160-282, Brazil;;22; Days;22 Days;Abrir no navegador
0750;AMBEV, Vehicle, Diesel;b73D;G9Z11B24T9T7;OK (Parado);GO Mode;06/04/2026;23/03/2026;06/04/2026;NO;;;Av. Pref. Humberto dos Santos 359, SE, 49160-282, Brazil;;30; Minutes;30 Minutes;Abrir no navegador
0962;AMBEV, Vehicle, Diesel;b73B;G9W8KY1BA951;OK (Parado);GO Mode;05/04/2026;23/03/2026;05/04/2026;NO;;;Av. Pref. Humberto dos Santos 359, SE, 49160-282, Brazil;;22; Days;22 Days;Abrir no navegador
1630;AMBEV, Vehicle, Diesel;b351;G96A5RYJM207;Off-line para 3+ Dias;GO Mode;25/03/2026;02/02/2026;25/03/2026;NO;;;Av. Chesf, 1 - Parque dos Faróis, Nossa Sra. do Socorro - SE, 49160-000, Brasil;63 Days;12; Days;12 Days;Abrir no navegador
5359;AMBEV, Vehicle, Diesel;b594;G98ZSC14EM1D;OK (Parado);GO Mode;05/04/2026;02/02/2026;05/04/2026;NO;;;R. S Pq Dos Farois, 261 - Lot. Itacanema II, Nossa Sra. do Socorro - SE, 49160-000, Brasil;;21; Days;21 Days;Abrir no navegador
5361;AMBEV, Vehicle, Diesel;b584;G9VZDV2RYJU9;Off-line para 3+ Dias;GO Mode;08/03/2026;05/02/2026;08/03/2026;NO;;;Av. Chesf, 1 - Parque dos Faróis, Nossa Sra. do Socorro - SE, 49160-000, Brasil;60 Days;29; Days;29 Days;Abrir no navegador
5380;AMBEV, Vehicle, Diesel;b59E;G991PBSHAZ6T;Off-line para 3+ Dias;GO Mode;25/03/2026;02/02/2026;25/03/2026;NO;;;R. S Pq Dos Farois, 261 - Lot. Itacanema II, Nossa Sra. do Socorro - SE, 49160-000, Brasil;63 Days;11; Days;11 Days;Abrir no navegador
5398;AMBEV, Vehicle, Diesel;b333;G9EDFXM69913;Off-line para 3+ Dias;GO Mode;19/02/2026;02/02/2026;19/02/2026;NO;;;R. S Pq Dos Farois, 261 - Lot. Itacanema II, Nossa Sra. do Socorro - SE, 49160-000, Brasil;63 Days;46; Days;46 Days;Abrir no navegador
5417;AMBEV, Vehicle, Diesel;b64A;G9VC53VUUMVN;OK (Parado);GO Mode;05/04/2026;02/02/2026;05/04/2026;NO;;;R. S Pq Dos Farois, 261 - Lot. Itacanema II, Nossa Sra. do Socorro - SE, 49160-000, Brasil;;18; Days;18 Days;Abrir no navegador
5626;AMBEV, Vehicle, Diesel;b4A1;G9KK090YURA4;OK;GO Mode;06/04/2026;05/04/2026;06/04/2026;YES;;;*CD RIO (50km): Rod. Gov. Mário Covas, 47592 - Campo Grande, Rio de Janeiro - RJ, 23068, Brasil;;3; Minutes;;Abrir no navegador
6053;AMBEV, Vehicle, Diesel;b591;G93NEUDUNWKN;Off-line para 3+ Dias;GO Mode;25/03/2026;04/03/2026;25/03/2026;NO;;;Av. José Marão Filho, 8754 - Polo Comercial e Industrial, Votuporanga - SP, 15502-045, Brasil;33 Days;12; Days;12 Days;Abrir no navegador
6124;AMBEV, Vehicle, Manually Classified Powertrain;b58F;G9SVE2ZUK27S;OK (Parado);GO Mode;05/04/2026;23/03/2026;05/04/2026;NO;;;Av. Pref. Humberto dos Santos 359, SE, 49160-282, Brazil;;22; Days;22 Days;Abrir no navegador
6416;AMBEV, Vehicle, Diesel;b55C;G9PHN3BS22HU;OK (Parado);GO Mode;06/04/2026;25/03/2026;06/04/2026;NO;;;Av. Pref. Humberto dos Santos 359, SE, 49160-282, Brazil;;31; Minutes;31 Minutes;Abrir no navegador
7031;AMBEV, Vehicle, Diesel;b59B;G99J06BHSYYD;OK;GO Mode;06/04/2026;06/04/2026;06/04/2026;YES;;;Rod. Pres. Dutra, 199 - Jardim Real, Arujá - SP, 07402-790, Brasil;;1; Minutes;;Abrir no navegador
7416;AMBEV, Vehicle, Diesel;b2F5;G9UP6KZ3ZWE4;OK (Parado);GO Mode;06/04/2026;03/04/2026;06/04/2026;NO;;;CD AMBEV JUNDIAI: R. Pietro Antonio Leo, 201 - St. Industrial, Jundiaí - SP, 13213-007, Brasil;;32; Minutes;32 Minutes;Abrir no navegador
7461;AMBEV, Vehicle, Diesel;b61A;G96D45PBEZ6X;OK;GO Mode;06/04/2026;06/04/2026;06/04/2026;YES;;;Estr. Mun. Louveira | Bairro Antônio 2217-2483, SP, 13290-000, Brazil;;1; Minutes;;Abrir no navegador
7522;AMBEV, Vehicle, Diesel;b558;G95ANRVV5F9W;OK;GO Mode;06/04/2026;06/04/2026;06/04/2026;YES;;;SP-280 Rod. Pres. Castello Branco, km 120 oeste - AP, Boituva - SP, 18550-000, Brasil;;3; Minutes;;Abrir no navegador
7702;AMBEV, Vehicle, Diesel;b5BD;G9CKVEZV0BHU;OK;GO Mode;06/04/2026;06/04/2026;06/04/2026;YES;;;R. das Macieiras, 85 - Parque Terra Nova, São Bernardo do Campo - SP, 09820-570, Brasil;;12; Minutes;;Abrir no navegador
7952;AMBEV, Vehicle, Diesel;b5AA;G9VR1E9YAJSZ;OK;GO Mode;06/04/2026;06/04/2026;06/04/2026;YES;;;J5X5+82 - Cajamar, SP, 07750-000, Brasil;;3; Minutes;;Abrir no navegador
9070;AMBEV, Vehicle, Diesel;b73C;G9561R4ZE6BY;OK (Parado);GO Mode;05/04/2026;23/03/2026;05/04/2026;NO;;;Av. Pref. Humberto dos Santos 359, SE, 49160-282, Brazil;;20; Days;20 Days;Abrir no navegador
ARGUS;Vehicle;bACB;G9H13NV8NMZH;Off-line para 3+ Dias;Pro Mode;01/04/2026;01/04/2026;01/04/2026;NO;;;R. Balduíno Taques, 680 - Centro, Ponta Grossa - PR, 84010-050, Brasil;5 Days;4; Days;4 Days;Abrir no navegador
DIE3609;AMBEV, Vehicle, Diesel;b846;G9XC2BFHF9VV;OK;GO Mode;06/04/2026;06/04/2026;06/04/2026;YES;;;R. Humaitá, 2515 - Vila Carvalho, Jaú - SP, 17205-120, Brasil;;6; Minutes;;Abrir no navegador
DLR9A61;ROTA CO_CDD RONDONOPOLIS, Vehicle, Diesel, Manually Classified Powertrain, CAMBIO MANUAL, VOLKSWAGEN, COMBUSTÃO, REG_MACRO REGIÃO CO, CAMINHÃO TOCO / TRUCK, TRS_CONLOG, UNI_CDD RONDONOPOLIS, 80 km/h;b3E9;G9P3WWAFTJZD;OK (Parado);GO Mode;06/04/2026;04/04/2026;06/04/2026;NO;;;Av. Uirapuru, 2144 - Parque Res. Universitario, Rondonópolis - MT, 78745-160, Brasil;;7; Minutes;7 Minutes;Abrir no navegador
EUD9B12;SUP SE - EMP_PIRAI, Vehicle, Diesel, CAMBIO AUTOMATICO OU SEMI AUTOMATICO, MERCEDES BENZ, COMBUSTÃO, REG_SUPPLY SE, CAVALO MECÂNICO, TRS_CONLOG, UNI_EMP PIRAI, 90 km/h;b6CA;G97Z6VZ8XV64;OK;GO Mode;06/04/2026;06/04/2026;06/04/2026;YES;;;*CD RIO (20km): R. Padre Leandro Altoé, 504 - Irajá, Rio de Janeiro - RJ, 21230-430, Brasil;;1; Minutes;;Abrir no navegador
FVO9E91;SUP COMG - EMP_JUATUBA, Vehicle, Diesel, CAMBIO AUTOMATICO OU SEMI AUTOMATICO, MERCEDES BENZ, COMBUSTÃO, REG_SUPPLY COMG, CAVALO MECÂNICO, TRS_NEPOMUCENO, UNI_EMP JUATUBA, 90 km/h;b69F;G9B73MYS7K1C;OK (Parado);GO Mode;06/04/2026;03/04/2026;06/04/2026;NO;;;Br-262, Km 362,6 Oeste - Coqueiro Verde, Juatuba - MG, 35675-000, Brasil;;6; Minutes;6 Minutes;Abrir no navegador
FVV7I22;AMBEV - RJ, Vehicle, Diesel, Manually Classified Powertrain, IVECO, COMBUSTÃO, CAMINHÃO TOCO / TRUCK, TRS_LOG 20;b3;G98AK0084ZTF;Off-line para 3+ Dias;Pro Mode;45213,93323;45213,73648;45213,93323;NO;;;CD AMBEV: Viaduto do Gasômetro, 20 - Imperial de São Cristóvão, Rio de Janeiro - RJ, 20931, Brasil;905 Days;904; Days;904 Days;Abrir no navegador
FWJ5F11;ROTA SP_CDD PRESID. PRUDENTE, Vehicle, Diesel, CAMBIO MANUAL, MERCEDES BENZ, COMBUSTÃO, REG_MACRO REGIÃO SP, CAMINHÃO TOCO / TRUCK, TRS_IMEDIATO, UNI_CDD PRESID. PRUDENTE, 80 km/h;b24D;G9RSRCRNFMN8;OK;GO Mode;46118,33981;46118,31763;46118,33981;YES;;;Av. Rui Barbosa, 1827 - Jardim Eden, Dracena - SP, 17900-000, Brasil;;4; Minutes;;Abrir no navegador
FWZ3F81;ROTA SP_CDD PRESID. PRUDENTE, Vehicle, Diesel, CAMBIO MANUAL, MERCEDES BENZ, COMBUSTÃO, REG_MACRO REGIÃO SP, CAMINHÃO TOCO / TRUCK, TRS_IMEDIATO, UNI_CDD PRESID. PRUDENTE, 80 km/h;b261;G9ME8CJDFPE7;OK;GO Mode;46118,3434;46118,3434;46118,3434;YES;;;SP-270, 549 - Reg. Feijó, SP, 19570-000, Brasil;;1; Minutes;;Abrir no navegador
G9-027-APK-1W1M;AMBEV, Vehicle;b80E;G9027APK1W1M;Não ativo;GO Mode;Unknown;0;0;NO;;;;;;;Never Transmitted;Abrir no navegador
G9-02R-UVS-C7CW;AMBEV, Vehicle;b9C3;G902RUVSC7CW;Não ativo;GO Mode;Unknown;0;0;NO;;;;;;;Never Transmitted;Abrir no navegador
G9-04P-K20-RFB6;AMBEV, Vehicle;b8A5;G904PK20RFB6;Não ativo;GO Mode;Unknown;0;0;NO;;;;;;;Never Transmitted;Abrir no navegador
G9-04P-NVF-MJDF;AMBEV, Vehicle;b8B6;G904PNVFMJDF;Não ativo;GO Mode;Unknown;0;0;NO;;;;;;;Never Transmitted;Abrir no navegador
G9-05S-D9B-1J1A;AMBEV, Vehicle;b7D1;G905SD9B1J1A;Não ativo;GO Mode;Unknown;0;0;NO;;;;;;;Never Transmitted;Abrir no navegador
G9-05T-R4F-NMMU;AMBEV, Vehicle;b7AA;G905TR4FNMMU;Não ativo;GO Mode;Unknown;0;0;NO;;;;;;;Never Transmitted;Abrir no navegador
G9-05Z-XHW-8NT6;AMBEV, Vehicle;b323;G905ZXHW8NT6;Não ativo;GO Mode;Unknown;0;0;NO;;;;;;;Never Transmitted;Abrir no navegador
G9-06M-MKW-4NCS;AMBEV, Vehicle;b477;G906MMKW4NCS;Não ativo;GO Mode;Unknown;0;0;NO;;;;;;;Never Transmitted;Abrir no navegador
G9-06V-9KX-E4P5;AMBEV, Vehicle;b85C;G906V9KXE4P5;Não ativo;GO Mode;Unknown;0;0;NO;;;;;;;Never Transmitted;Abrir no navegador
G9-084-DFY-XSA9;AMBEV, Vehicle;b971;G9084DFYXSA9;Não ativo;GO Mode;Unknown;0;0;NO;;;;;;;Never Transmitted;Abrir no navegador
G9-08A-WUB-PYW0;AMBEV, Vehicle;b97B;G908AWUBPYW0;Não ativo;GO Mode;Unknown;0;0;NO;;;;;;;Never Transmitted;Abrir no navegador
G9-094-YSD-70VB;AMBEV, Vehicle;bA23;G9094YSD70VB;Não ativo;GO Mode;Unknown;0;0;NO;;;;;;;Never Transmitted;Abrir no navegador
G9-0BK-N3V-B1FB;AMBEV, Vehicle;b8D2;G90BKN3VB1FB;Não ativo;GO Mode;Unknown;0;0;NO;;;;;;;Never Transmitted;Abrir no navegador
G9-0BR-C7R-CAUF;AMBEV, Vehicle;b87A;G90BRC7RCAUF;Não ativo;GO Mode;Unknown;0;0;NO;;;;;;;Never Transmitted;Abrir no navegador
G9-0D1-WCN-CK4X;AMBEV, Vehicle;b8B4;G90D1WCNCK4X;Não ativo;GO Mode;Unknown;0;0;NO;;;;;;;Never Transmitted;Abrir no navegador
G9-0H7-0H0-JC4J;AMBEV, Vehicle;b874;G90H70H0JC4J;Não ativo;GO Mode;Unknown;0;0;NO;;;;;;;Never Transmitted;Abrir no navegador
G9-0K4-R15-06FS;AMBEV, Vehicle;b8FD;G90K4R1506FS;Não ativo;GO Mode;Unknown;0;0;NO;;;;;;;Never Transmitted;Abrir no navegador
G9-0KH-R9J-CY87;AMBEV, Vehicle;b7F9;G90KHR9JCY87;Não ativo;GO Mode;Unknown;0;0;NO;;;;;;;Never Transmitted;Abrir no navegador
G9-0PD-3C4-B8VT;AMBEV, Vehicle;bA55;G90PD3C4B8VT;Não ativo;GO Mode;Unknown;0;0;NO;;;;;;;Never Transmitted;Abrir no navegador
G9-0R3-HAD-HUFX;AMBEV, Vehicle;b866;G90R3HADHUFX;Não ativo;GO Mode;Unknown;0;0;NO;;;;;;;Never Transmitted;Abrir no navegador
G9-0RY-P3D-5XNU;AMBEV, Vehicle;b97E;G90RYP3D5XNU;Não ativo;GO Mode;Unknown;0;0;NO;;;;;;;Never Transmitted;Abrir no navegador
G9-0S0-8C4-P53X;AMBEV, Vehicle;b7CC;G90S08C4P53X;Não ativo;GO Mode;Unknown;0;0;NO;;;;;;;Never Transmitted;Abrir no navegador
G9-0SW-U5Z-FKN2;AMBEV, Vehicle;b867;G90SWU5ZFKN2;Não ativo;GO Mode;Unknown;0;0;NO;;;;;;;Never Transmitted;Abrir no navegador
G9-0SX-0R7-B32A;AMBEV, Vehicle;bA50;G90SX0R7B32A;Não ativo;GO Mode;Unknown;0;0;NO;;;;;;;Never Transmitted;Abrir no navegador
G9-0T4-NS8-9BM9;AMBEV, Vehicle;bA44;G90T4NS89BM9;Não ativo;GO Mode;Unknown;0;0;NO;;;;;;;Never Transmitted;Abrir no navegador
G9-0UH-0C4-E631;AMBEV, Vehicle;b89D;G90UH0C4E631;Não ativo;GO Mode;Unknown;0;0;NO;;;;;;;Never Transmitted;Abrir no navegador
G9-0VR-XN4-5071;AMBEV, Vehicle;b99C;G90VRXN45071;Não ativo;GO Mode;Unknown;0;0;NO;;;;;;;Never Transmitted;Abrir no navegador
G9-0WE-HD2-HYH0;AMBEV, Vehicle;b908;G90WEHD2HYH0;Não ativo;GO Mode;Unknown;0;0;NO;;;;;;;Never Transmitted;Abrir no navegador
G9-0X1-C0P-V141;AMBEV, Vehicle;b9BC;G90X1C0PV141;Não ativo;GO Mode;Unknown;0;0;NO;;;;;;;Never Transmitted;Abrir no navegador
G9-0YB-CRT-4D3W;AMBEV, Vehicle;b82A;G90YBCRT4D3W;Não ativo;GO Mode;Unknown;0;0;NO;;;;;;;Never Transmitted;Abrir no navegador
G9-0Z2-0EE-48TP;AMBEV, Vehicle;b8AB;G90Z20EE48TP;Não ativo;GO Mode;Unknown;0;0;NO;;;;;;;Never Transmitted;Abrir no navegador
G9-102-EAD-6WAE;AMBEV, Vehicle;b935;G9102EAD6WAE;Não ativo;GO Mode;Unknown;0;0;NO;;;;;;;Never Transmitted;Abrir no navegador
G9-10N-ND7-4MPN;AMBEV, Vehicle;b84B;G910NND74MPN;Não ativo;GO Mode;Unknown;0;0;NO;;;;;;;Never Transmitted;Abrir no navegador
G9-114-DSA-CCH7;AMBEV, Vehicle;b7FE;G9114DSACCH7;Não ativo;GO Mode;Unknown;0;0;NO;;;;;;;Never Transmitted;Abrir no navegador
G9-13J-C2R-63N0;AMBEV, Vehicle, Diesel;b81F;G913JC2R63N0;Off-line para 3+ Dias;GO Mode;46094,43116;46094,42735;46094,43116;NO;;;*CD RIO (30km): R. Expedicionário Iraci Luchina, 93 - Santa Luzia, São Gonçalo - RJ, 24722-770, Brasil;24 Days;23; Days;23 Days;Abrir no navegador
G9-14C-9D1-8JMC;AMBEV, Vehicle;bA2E;G914C9D18JMC;Não ativo;GO Mode;Unknown;0;0;NO;;;;;;;Never Transmitted;Abrir no navegador
G9-16C-5K3-MUKH;AMBEV, Vehicle;bA5D;G916C5K3MUKH;Não ativo;GO Mode;Unknown;0;0;NO;;;;;;;Never Transmitted;Abrir no navegador
G9-17P-XHR-8ESA;AMBEV, Vehicle;bA54;G917PXHR8ESA;Não ativo;GO Mode;Unknown;0;0;NO;;;;;;;Never Transmitted;Abrir no navegador
G9-17Y-M1T-MR1Y;AMBEV, Vehicle;b46D;G917YM1TMR1Y;Off-line para 3+ Dias;GO Mode;45999,57834;45999,57663;45999,57834;NO;;;R. Sebastiana Medeiros, 12, Currais Novos - RN, 59380-000, Brasil;119 Days;118; Days;118 Days;Abrir no navegador
G9-184-D7C-X1WB;AMBEV, Vehicle;b8FA;G9184D7CX1WB;Não ativo;GO Mode;Unknown;0;0;NO;;;;;;;Never Transmitted;Abrir no navegador
G9-19U-U9E-Z8R6;AMBEV, Vehicle;b929;G919UU9EZ8R6;Não ativo;GO Mode;Unknown;0;0;NO;;;;;;;Never Transmitted;Abrir no navegador
G9-1A2-KHR-V38Y;AMBEV, Vehicle;b815;G91A2KHRV38Y;Não ativo;GO Mode;Unknown;0;0;NO;;;;;;;Never Transmitted;Abrir no navegador
G9-1AC-0BA-EBDH;AMBEV, Vehicle;b9A7;G91AC0BAEBDH;Não ativo;GO Mode;Unknown;0;0;NO;;;;;;;Never Transmitted;Abrir no navegador
G9-1AT-VA1-J7BW;AMBEV, Vehicle;b7D2;G91ATVA1J7BW;Não ativo;GO Mode;Unknown;0;0;NO;;;;;;;Never Transmitted;Abrir no navegador
G9-1AZ-RSD-TBSV;AMBEV, Vehicle;b9BA;G91AZRSDTBSV;Não ativo;GO Mode;Unknown;0;0;NO;;;;;;;Never Transmitted;Abrir no navegador
G9-1B1-CSE-J1TB;AMBEV, Vehicle;b883;G91B1CSEJ1TB;Não ativo;GO Mode;Unknown;0;0;NO;;;;;;;Never Transmitted;Abrir no navegador
G9-1BN-MP1-5152;AMBEV, Vehicle;b315;G91BNMP15152;Off-line para 3+ Dias;GO Mode;45947,71346;45944,69699;45947,71346;NO;;;R. Tiradentes, 435 - Centro, Piracicaba - SP, 13400-760, Brasil;174 Days;170; Days;170 Days;Abrir no navegador
G9-1BY-2RK-EYKV;AMBEV, Vehicle;bA75;G91BY2RKEYKV;Não ativo;GO Mode;Unknown;0;0;NO;;;;;;;Never Transmitted;Abrir no navegador
G9-1DU-PPN-2UBB;AMBEV, Vehicle;b469;G91DUPPN2UBB;Não ativo;GO Mode;Unknown;0;0;NO;;;;;;;Never Transmitted;Abrir no navegador
G9-1NP-UE0-2P91;AMBEV, Vehicle;bA59;G91NPUE02P91;Não ativo;GO Mode;Unknown;0;0;NO;;;;;;;Never Transmitted;Abrir no navegador
G9-1PA-4C4-3MSZ;AMBEV, Vehicle;b989;G91PA4C43MSZ;Não ativo;GO Mode;Unknown;0;0;NO;;;;;;;Never Transmitted;Abrir no navegador
G9-1PV-CWR-UUVY;AMBEV, Vehicle;b873;G91PVCWRUUVY;Não ativo;GO Mode;Unknown;0;0;NO;;;;;;;Never Transmitted;Abrir no navegador
G9-1VE-90C-5TFN;AMBEV, Vehicle;b968;G91VE90C5TFN;Não ativo;GO Mode;Unknown;0;0;NO;;;;;;;Never Transmitted;Abrir no navegador
G9-1XW-407-TKE3;AMBEV, Vehicle;bA1C;G91XW407TKE3;Não ativo;GO Mode;Unknown;0;0;NO;;;;;;;Never Transmitted;Abrir no navegador
G9-1YP-V50-H84X;AMBEV, Vehicle;bA3C;G91YPV50H84X;Não ativo;GO Mode;Unknown;0;0;NO;;;;;;;Never Transmitted;Abrir no navegador
G9-1Z6-26P-YRKM;AMBEV, Vehicle;bA3D;G91Z626PYRKM;Não ativo;GO Mode;Unknown;0;0;NO;;;;;;;Never Transmitted;Abrir no navegador
G9-1Z8-5D4-JXVY;AMBEV, Vehicle;b841;G91Z85D4JXVY;Não ativo;GO Mode;Unknown;0;0;NO;;;;;;;Never Transmitted;Abrir no navegador
G9-1ZS-SKA-24PR;AMBEV, Vehicle;bA51;G91ZSSKA24PR;Não ativo;GO Mode;Unknown;0;0;NO;;;;;;;Never Transmitted;Abrir no navegador
G9-204-9R7-A40S;AMBEV, Vehicle;b41B;G92049R7A40S;Não ativo;GO Mode;Unknown;0;0;NO;;;;;;;Never Transmitted;Abrir no navegador
G9-20M-11K-3H3J;AMBEV, Vehicle;b958;G920M11K3H3J;Não ativo;GO Mode;Unknown;0;0;NO;;;;;;;Never Transmitted;Abrir no navegador
G9-22T-2YX-BE7C;AMBEV, Vehicle;b862;G922T2YXBE7C;Não ativo;GO Mode;Unknown;0;0;NO;;;;;;;Never Transmitted;Abrir no navegador
G9-271-WF9-YYKH;AMBEV, Vehicle;b93F;G9271WF9YYKH;Não ativo;GO Mode;Unknown;0;0;NO;;;;;;;Never Transmitted;Abrir no navegador
G9-27K-A3J-9U02;AMBEV, Vehicle;b817;G927KA3J9U02;Não ativo;GO Mode;Unknown;0;0;NO;;;;;;;Never Transmitted;Abrir no navegador
G9-291-C2H-8RFS;AMBEV, Vehicle;b7FA;G9291C2H8RFS;Não ativo;GO Mode;Unknown;0;0;NO;;;;;;;Never Transmitted;Abrir no navegador
G9-2AR-RR8-T4Z8;AMBEV, Vehicle;b818;G92ARRR8T4Z8;Não ativo;GO Mode;Unknown;0;0;NO;;;;;;;Never Transmitted;Abrir no navegador
G9-2B0-2MU-XF72;AMBEV, Vehicle;b9B5;G92B02MUXF72;Não ativo;GO Mode;Unknown;0;0;NO;;;;;;;Never Transmitted;Abrir no navegador
G9-2BC-77J-BK8Z;AMBEV, Vehicle;b693;G92BC77JBK8Z;Não ativo;GO Mode;Unknown;0;0;NO;;;;;;;Never Transmitted;Abrir no navegador
G9-2BF-9XJ-DUKN;AMBEV, Vehicle;b9CC;G92BF9XJDUKN;Não ativo;GO Mode;Unknown;0;0;NO;;;;;;;Never Transmitted;Abrir no navegador
G9-2CR-56M-TDJA;AMBEV, Vehicle;b90D;G92CR56MTDJA;Não ativo;GO Mode;Unknown;0;0;NO;;;;;;;Never Transmitted;Abrir no navegador
G9-2CX-YDY-E3WB;AMBEV, Vehicle;b88F;G92CXYDYE3WB;Não ativo;GO Mode;Unknown;0;0;NO;;;;;;;Never Transmitted;Abrir no navegador
G9-2D7-CKW-U5TD;AMBEV, Vehicle;b994;G92D7CKWU5TD;Não ativo;GO Mode;Unknown;0;0;NO;;;;;;;Never Transmitted;Abrir no navegador
G9-2E4-RZ3-P9A3;AMBEV, Vehicle;b9FC;G92E4RZ3P9A3;Não ativo;GO Mode;Unknown;0;0;NO;;;;;;;Never Transmitted;Abrir no navegador
G9-2F2-YEU-H3H7;AMBEV, Vehicle;b98D;G92F2YEUH3H7;Não ativo;GO Mode;Unknown;0;0;NO;;;;;;;Never Transmitted;Abrir no navegador
G9-2H2-5W5-KN6N;AMBEV, Vehicle;b91A;G92H25W5KN6N;Não ativo;GO Mode;Unknown;0;0;NO;;;;;;;Never Transmitted;Abrir no navegador
G9-2JJ-2MK-D6ZV;AMBEV, Vehicle;b9BF;G92JJ2MKD6ZV;Não ativo;GO Mode;Unknown;0;0;NO;;;;;;;Never Transmitted;Abrir no navegador
G9-2K2-X1A-NB0B;AMBEV, Vehicle;b8A7;G92K2X1ANB0B;Não ativo;GO Mode;Unknown;0;0;NO;;;;;;;Never Transmitted;Abrir no navegador
G9-2MK-ZMR-3UB4;AMBEV, Vehicle;b9CF;G92MKZMR3UB4;Não ativo;GO Mode;Unknown;0;0;NO;;;;;;;Never Transmitted;Abrir no navegador
G9-2MX-4X1-W2A8;AMBEV, Vehicle;b90A;G92MX4X1W2A8;Não ativo;GO Mode;Unknown;0;0;NO;;;;;;;Never Transmitted;Abrir no navegador
G9-2R9-DF3-PNDU;AMBEV, Vehicle;b970;G92R9DF3PNDU;Não ativo;GO Mode;Unknown;0;0;NO;;;;;;;Never Transmitted;Abrir no navegador
G9-2SP-J2V-D3U0;AMBEV, Vehicle;b8C1;G92SPJ2VD3U0;Não ativo;GO Mode;Unknown;0;0;NO;;;;;;;Never Transmitted;Abrir no navegador
G9-2U3-XNA-MH5M;AMBEV, Vehicle;b9CA;G92U3XNAMH5M;Não ativo;GO Mode;Unknown;0;0;NO;;;;;;;Never Transmitted;Abrir no navegador
G9-2VU-JDY-285F;AMBEV, Vehicle;b9E1;G92VUJDY285F;Não ativo;GO Mode;Unknown;0;0;NO;;;;;;;Never Transmitted;Abrir no navegador
G9-2VV-EPD-S3BE;AMBEV, Vehicle;bA14;G92VVEPDS3BE;Não ativo;GO Mode;Unknown;0;0;NO;;;;;;;Never Transmitted;Abrir no navegador
G9-2XB-CSC-DNEA;AMBEV, Vehicle;b916;G92XBCSCDNEA;Não ativo;GO Mode;Unknown;0;0;NO;;;;;;;Never Transmitted;Abrir no navegador
G9-2YZ-7EW-WRDT;AMBEV, Vehicle;b984;G92YZ7EWWRDT;Não ativo;GO Mode;Unknown;0;0;NO;;;;;;;Never Transmitted;Abrir no navegador
G9-2ZE-PK6-AE3H;AMBEV, Vehicle;b85A;G92ZEPK6AE3H;Não ativo;GO Mode;Unknown;0;0;NO;;;;;;;Never Transmitted;Abrir no navegador
G9-306-JJH-6BZA;AMBEV, Vehicle;b92D;G9306JJH6BZA;Não ativo;GO Mode;Unknown;0;0;NO;;;;;;;Never Transmitted;Abrir no navegador
G9-311-98B-WS49;AMBEV, Vehicle;b95E;G931198BWS49;Não ativo;GO Mode;Unknown;0;0;NO;;;;;;;Never Transmitted;Abrir no navegador
G9-31T-ANA-FSAU;AMBEV, Vehicle;bA31;G931TANAFSAU;Não ativo;GO Mode;Unknown;0;0;NO;;;;;;;Never Transmitted;Abrir no navegador
G9-33B-U3Z-Z4HU;AMBEV, Vehicle;b91E;G933BU3ZZ4HU;Não ativo;GO Mode;Unknown;0;0;NO;;;;;;;Never Transmitted;Abrir no navegador
G9-33R-035-1308;AMBEV, Vehicle;b750;G933R0351308;Não ativo;GO Mode;Unknown;0;0;NO;;;;;;;Never Transmitted;Abrir no navegador
G9-358-6C5-EAYX;AMBEV, Vehicle;b36D;G93586C5EAYX;Off-line para 3+ Dias;GO Mode;46057,69208;46057,52205;46057,69208;NO;;;Av. Estados Unidos, 1099 - Jardim Europa, Piracicaba - SP, 13416-500, Brasil;61 Days;60; Days;60 Days;Abrir no navegador
G9-358-Y9H-JCKF;AMBEV, Vehicle;b9FE;G9358Y9HJCKF;Não ativo;GO Mode;Unknown;0;0;NO;;;;;;;Never Transmitted;Abrir no navegador
G9-35A-MZH-NN3M;AMBEV, Vehicle;b9C4;G935AMZHNN3M;Não ativo;GO Mode;Unknown;0;0;NO;;;;;;;Never Transmitted;Abrir no navegador
G9-35H-2HD-45AP;AMBEV, Vehicle;b979;G935H2HD45AP;Não ativo;GO Mode;Unknown;0;0;NO;;;;;;;Never Transmitted;Abrir no navegador
G9-37Y-T27-X6K5;AMBEV, Vehicle;b97C;G937YT27X6K5;Não ativo;GO Mode;Unknown;0;0;NO;;;;;;;Never Transmitted;Abrir no navegador
G9-38N-5DN-ZUCC;AMBEV, Vehicle;b472;G938N5DNZUCC;Não ativo;GO Mode;Unknown;0;0;NO;;;;;;;Never Transmitted;Abrir no navegador
G9-3AZ-H5J-1K75;AMBEV, Vehicle;bA42;G93AZH5J1K75;Não ativo;GO Mode;Unknown;0;0;NO;;;;;;;Never Transmitted;Abrir no navegador
G9-3DV-997-TUAS;AMBEV, Vehicle;b83A;G93DV997TUAS;Não ativo;GO Mode;Unknown;0;0;NO;;;;;;;Never Transmitted;Abrir no navegador
G9-3E6-VS5-Z83M;AMBEV, Vehicle;b930;G93E6VS5Z83M;Não ativo;GO Mode;Unknown;0;0;NO;;;;;;;Never Transmitted;Abrir no navegador
G9-3EN-12V-B9XU;AMBEV, Vehicle;b7AB;G93EN12VB9XU;Não ativo;GO Mode;Unknown;0;0;NO;;;;;;;Never Transmitted;Abrir no navegador
G9-3FV-R4C-EHM5;AMBEV, Vehicle;b93D;G93FVR4CEHM5;Não ativo;GO Mode;Unknown;0;0;NO;;;;;;;Never Transmitted;Abrir no navegador
G9-3H2-V7U-ZP94;AMBEV, Vehicle;b9F9;G93H2V7UZP94;Não ativo;GO Mode;Unknown;0;0;NO;;;;;;;Never Transmitted;Abrir no navegador
G9-3J9-ZAX-CSVA;AMBEV, Vehicle;b917;G93J9ZAXCSVA;Não ativo;GO Mode;Unknown;0;0;NO;;;;;;;Never Transmitted;Abrir no navegador
G9-3KH-EPP-8ATM;AMBEV, Vehicle;b86D;G93KHEPP8ATM;Não ativo;GO Mode;Unknown;0;0;NO;;;;;;;Never Transmitted;Abrir no navegador
G9-3KJ-FX3-XS0J;AMBEV, Vehicle;b7AD;G93KJFX3XS0J;Não ativo;GO Mode;Unknown;0;0;NO;;;;;;;Never Transmitted;Abrir no navegador
G9-3NB-26Z-U3K6;AMBEV, Vehicle;b857;G93NB26ZU3K6;Não ativo;GO Mode;Unknown;0;0;NO;;;;;;;Never Transmitted;Abrir no navegador
G9-3R4-TT4-CE7N;AMBEV, Vehicle;b890;G93R4TT4CE7N;Não ativo;GO Mode;Unknown;0;0;NO;;;;;;;Never Transmitted;Abrir no navegador
G9-3RV-KMR-FUWU;AMBEV, Vehicle;b6DE;G93RVKMRFUWU;Não ativo;GO Mode;Unknown;0;0;NO;;;;;;;Never Transmitted;Abrir no navegador
G9-3TD-F2B-2HXZ;AMBEV, Vehicle;bA3E;G93TDF2B2HXZ;Não ativo;GO Mode;Unknown;0;0;NO;;;;;;;Never Transmitted;Abrir no navegador
G9-3TT-N20-W4YM;AMBEV, Vehicle;b7C7;G93TTN20W4YM;Não ativo;GO Mode;Unknown;0;0;NO;;;;;;;Never Transmitted;Abrir no navegador
G9-3V9-KZN-B7EX;AMBEV, Vehicle;b8B5;G93V9KZNB7EX;Não ativo;GO Mode;Unknown;0;0;NO;;;;;;;Never Transmitted;Abrir no navegador
G9-3YD-W44-0KH6;AMBEV, Vehicle;b80F;G93YDW440KH6;Não ativo;GO Mode;Unknown;0;0;NO;;;;;;;Never Transmitted;Abrir no navegador
G9-3Z9-Y6F-82F2;AMBEV, Vehicle;b802;G93Z9Y6F82F2;Não ativo;GO Mode;Unknown;0;0;NO;;;;;;;Never Transmitted;Abrir no navegador
G9-3ZX-W3C-YM4A;AMBEV, Vehicle;b842;G93ZXW3CYM4A;Não ativo;GO Mode;Unknown;0;0;NO;;;;;;;Never Transmitted;Abrir no navegador
G9-40A-711-6M0F;AMBEV, Vehicle;b8A2;G940A7116M0F;Não ativo;GO Mode;Unknown;0;0;NO;;;;;;;Never Transmitted;Abrir no navegador
G9-40N-K1H-UD0N;AMBEV, Vehicle;b941;G940NK1HUD0N;Não ativo;GO Mode;Unknown;0;0;NO;;;;;;;Never Transmitted;Abrir no navegador
G9-415-R31-6WJ7;AMBEV, Vehicle;b957;G9415R316WJ7;Não ativo;GO Mode;Unknown;0;0;NO;;;;;;;Never Transmitted;Abrir no navegador
G9-416-X94-3NA0;AMBEV, Vehicle;b8E0;G9416X943NA0;Não ativo;GO Mode;Unknown;0;0;NO;;;;;;;Never Transmitted;Abrir no navegador
G9-41A-APD-6P6H;AMBEV, Vehicle;b9D3;G941AAPD6P6H;Não ativo;GO Mode;Unknown;0;0;NO;;;;;;;Never Transmitted;Abrir no navegador
G9-435-PNZ-6M7F;AMBEV, Vehicle;b94B;G9435PNZ6M7F;Não ativo;GO Mode;Unknown;0;0;NO;;;;;;;Never Transmitted;Abrir no navegador
G9-43N-8XM-6KMD;AMBEV, Vehicle;b813;G943N8XM6KMD;Não ativo;GO Mode;Unknown;0;0;NO;;;;;;;Never Transmitted;Abrir no navegador
G9-43T-T7Z-T41M;AMBEV, Vehicle;b86E;G943TT7ZT41M;Não ativo;GO Mode;Unknown;0;0;NO;;;;;;;Never Transmitted;Abrir no navegador
G9-45K-U3A-KC9K;AMBEV, Vehicle;b8B1;G945KU3AKC9K;Não ativo;GO Mode;Unknown;0;0;NO;;;;;;;Never Transmitted;Abrir no navegador
G9-461-3B0-A0AR;AMBEV, Vehicle;bA3A;G94613B0A0AR;Não ativo;GO Mode;Unknown;0;0;NO;;;;;;;Never Transmitted;Abrir no navegador
G9-467-1EV-H8R9;AMBEV, Vehicle;b860;G94671EVH8R9;Não ativo;GO Mode;Unknown;0;0;NO;;;;;;;Never Transmitted;Abrir no navegador
G9-4B4-R0H-XDSM;AMBEV, Vehicle;b807;G94B4R0HXDSM;Não ativo;GO Mode;Unknown;0;0;NO;;;;;;;Never Transmitted;Abrir no navegador
G9-4BF-TPF-TZTW;AMBEV, Vehicle;b8C8;G94BFTPFTZTW;Não ativo;GO Mode;Unknown;0;0;NO;;;;;;;Never Transmitted;Abrir no navegador
G9-4CV-U13-E38Y;AMBEV, Vehicle;b86B;G94CVU13E38Y;Não ativo;GO Mode;Unknown;0;0;NO;;;;;;;Never Transmitted;Abrir no navegador
G9-4D7-57R-DH5V;AMBEV, Vehicle;b997;G94D757RDH5V;Não ativo;GO Mode;Unknown;0;0;NO;;;;;;;Never Transmitted;Abrir no navegador
G9-4D9-D73-Z1SX;AMBEV, Vehicle;b7C2;G94D9D73Z1SX;Não ativo;GO Mode;Unknown;0;0;NO;;;;;;;Never Transmitted;Abrir no navegador
G9-4E5-5F5-557C;AMBEV, Vehicle;b79B;G94E55F5557C;Não ativo;GO Mode;Unknown;0;0;NO;;;;;;;Never Transmitted;Abrir no navegador
G9-4EP-CS2-NWER;AMBEV, Vehicle;b8B7;G94EPCS2NWER;Não ativo;GO Mode;Unknown;0;0;NO;;;;;;;Never Transmitted;Abrir no navegador
G9-4FM-5KS-R9SA;AMBEV, Vehicle;bA25;G94FM5KSR9SA;Não ativo;GO Mode;Unknown;0;0;NO;;;;;;;Never Transmitted;Abrir no navegador
G9-4JW-2YB-8NEM;AMBEV, Vehicle;b6DC;G94JW2YB8NEM;Não ativo;GO Mode;Unknown;0;0;NO;;;;;;;Never Transmitted;Abrir no navegador
G9-4KJ-CSF-DXDN;AMBEV, Vehicle;b796;G94KJCSFDXDN;Não ativo;GO Mode;Unknown;0;0;NO;;;;;;;Never Transmitted;Abrir no navegador
G9-4NU-EJS-TM88;AMBEV, Vehicle;b904;G94NUEJSTM88;Não ativo;GO Mode;Unknown;0;0;NO;;;;;;;Never Transmitted;Abrir no navegador
G9-4R9-S1M-KXD0;AMBEV, Vehicle;b9CB;G94R9S1MKXD0;Não ativo;GO Mode;Unknown;0;0;NO;;;;;;;Never Transmitted;Abrir no navegador
G9-4RK-1NA-S3R1;AMBEV, Vehicle;b931;G94RK1NAS3R1;Não ativo;GO Mode;Unknown;0;0;NO;;;;;;;Never Transmitted;Abrir no navegador
G9-4T6-JP7-2FE7;AMBEV, Vehicle;b9E8;G94T6JP72FE7;Não ativo;GO Mode;Unknown;0;0;NO;;;;;;;Never Transmitted;Abrir no navegador
G9-4UD-TSZ-B8HN;AMBEV, Vehicle;b67E;G94UDTSZB8HN;Não ativo;GO Mode;Unknown;0;0;NO;;;;;;;Never Transmitted;Abrir no navegador
G9-4YY-5J0-PMBS;AMBEV, Vehicle;b7A3;G94YY5J0PMBS;Não ativo;GO Mode;Unknown;0;0;NO;;;;;;;Never Transmitted;Abrir no navegador
G9-4YY-FV7-T6K7;AMBEV, Vehicle;b94F;G94YYFV7T6K7;Não ativo;GO Mode;Unknown;0;0;NO;;;;;;;Never Transmitted;Abrir no navegador
G9-50F-45H-J3S8;AMBEV, Vehicle;b7F2;G950F45HJ3S8;Não ativo;GO Mode;Unknown;0;0;NO;;;;;;;Never Transmitted;Abrir no navegador
G9-51N-HW9-ZF2V;AMBEV, Vehicle;b804;G951NHW9ZF2V;Não ativo;GO Mode;Unknown;0;0;NO;;;;;;;Never Transmitted;Abrir no navegador
G9-521-163-WMZV;AMBEV, Vehicle;b82E;G9521163WMZV;Não ativo;GO Mode;Unknown;0;0;NO;;;;;;;Never Transmitted;Abrir no navegador
G9-524-CKY-W55F;Vehicle;b71A;G9524CKYW55F;Não ativo;GO Mode;Unknown;0;0;NO;;;;;;;Never Transmitted;Abrir no navegador
G9-52N-XP2-B7S9;AMBEV, Vehicle;b799;G952NXP2B7S9;Não ativo;GO Mode;Unknown;0;0;NO;;;;;;;Never Transmitted;Abrir no navegador
G9-53K-V0H-HZ65;AMBEV, Vehicle;b805;G953KV0HHZ65;Não ativo;GO Mode;Unknown;0;0;NO;;;;;;;Never Transmitted;Abrir no navegador
G9-545-80E-NMPZ;AMBEV, Vehicle;b92C;G954580ENMPZ;Não ativo;GO Mode;Unknown;0;0;NO;;;;;;;Never Transmitted;Abrir no navegador
G9-55E-3RV-C3PF;AMBEV, Vehicle;b8BA;G955E3RVC3PF;Não ativo;GO Mode;Unknown;0;0;NO;;;;;;;Never Transmitted;Abrir no navegador
G9-580-T44-SP15;AMBEV, Vehicle;bA47;G9580T44SP15;Não ativo;GO Mode;Unknown;0;0;NO;;;;;;;Never Transmitted;Abrir no navegador
G9-5B3-N1N-1R3M;AMBEV, Vehicle;b848;G95B3N1N1R3M;Não ativo;GO Mode;Unknown;0;0;NO;;;;;;;Never Transmitted;Abrir no navegador
G9-5BX-7EV-F0E7;AMBEV, Vehicle;b9ED;G95BX7EVF0E7;Não ativo;GO Mode;Unknown;0;0;NO;;;;;;;Never Transmitted;Abrir no navegador
G9-5D4-B51-Y3W4;AMBEV, Vehicle;b8F9;G95D4B51Y3W4;Não ativo;GO Mode;Unknown;0;0;NO;;;;;;;Never Transmitted;Abrir no navegador
G9-5EW-YWS-2TY0;AMBEV, Vehicle;b7CF;G95EWYWS2TY0;Não ativo;GO Mode;Unknown;0;0;NO;;;;;;;Never Transmitted;Abrir no navegador
G9-5F2-J61-7J6M;AMBEV, Vehicle;b8AA;G95F2J617J6M;Não ativo;GO Mode;Unknown;0;0;NO;;;;;;;Never Transmitted;Abrir no navegador
G9-5J4-DVS-4N5F;AMBEV, Vehicle;b7D0;G95J4DVS4N5F;Não ativo;GO Mode;Unknown;0;0;NO;;;;;;;Never Transmitted;Abrir no navegador
G9-5MF-SN9-WZNX;AMBEV, Vehicle;b936;G95MFSN9WZNX;Não ativo;GO Mode;Unknown;0;0;NO;;;;;;;Never Transmitted;Abrir no navegador
G9-5R8-MJ0-D4K8;AMBEV, Vehicle;b798;G95R8MJ0D4K8;Não ativo;GO Mode;Unknown;0;0;NO;;;;;;;Never Transmitted;Abrir no navegador
G9-5RB-FD7-9RXB;AMBEV, Vehicle;b8FE;G95RBFD79RXB;Não ativo;GO Mode;Unknown;0;0;NO;;;;;;;Never Transmitted;Abrir no navegador
G9-5S4-3KV-H17U;AMBEV, Vehicle;b953;G95S43KVH17U;Não ativo;GO Mode;Unknown;0;0;NO;;;;;;;Never Transmitted;Abrir no navegador
G9-5S5-3UV-NDRU;AMBEV, Vehicle;bA5E;G95S53UVNDRU;Não ativo;GO Mode;Unknown;0;0;NO;;;;;;;Never Transmitted;Abrir no navegador
G9-5U5-U5A-447S;AMBEV, Vehicle;b5AB;G95U5U5A447S;Off-line para 3+ Dias;GO Mode;46107,36044;46106,36537;46107,36044;NO;;;Av. Estados Unidos, 1090 - Jardim Europa, Piracicaba - SP, 13416-500, Brasil;12 Days;10; Days;10 Days;Abrir no navegador
G9-5VC-05P-FTXV;AMBEV, Vehicle;b321;G95VC05PFTXV;Não ativo;GO Mode;Unknown;0;0;NO;;;;;;;Never Transmitted;Abrir no navegador
G9-5VT-J48-3HB8;AMBEV, Vehicle;b9F0;G95VTJ483HB8;Não ativo;GO Mode;Unknown;0;0;NO;;;;;;;Never Transmitted;Abrir no navegador
G9-5WN-78Y-00R3;AMBEV, Vehicle;b7D4;G95WN78Y00R3;Não ativo;GO Mode;Unknown;0;0;NO;;;;;;;Never Transmitted;Abrir no navegador
G9-5WS-EWK-21H9;AMBEV, Vehicle;b6E1;G95WSEWK21H9;Não ativo;GO Mode;Unknown;0;0;NO;;;;;;;Never Transmitted;Abrir no navegador
G9-5X5-ZW3-851V;AMBEV, Vehicle;b84C;G95X5ZW3851V;Não ativo;GO Mode;Unknown;0;0;NO;;;;;;;Never Transmitted;Abrir no navegador
G9-5XK-RCX-PBCY;AMBEV, Vehicle;b88D;G95XKRCXPBCY;Não ativo;GO Mode;Unknown;0;0;NO;;;;;;;Never Transmitted;Abrir no navegador
G9-5YY-V9B-CR4J;AMBEV, Vehicle;b7A7;G95YYV9BCR4J;Não ativo;GO Mode;Unknown;0;0;NO;;;;;;;Never Transmitted;Abrir no navegador
G9-5ZA-SR9-2BMY;AMBEV, Vehicle;b991;G95ZASR92BMY;Não ativo;GO Mode;Unknown;0;0;NO;;;;;;;Never Transmitted;Abrir no navegador
G9-630-VN4-A7M7;AMBEV, Vehicle;b83E;G9630VN4A7M7;Não ativo;GO Mode;Unknown;0;0;NO;;;;;;;Never Transmitted;Abrir no navegador
G9-63B-3SF-2BH5;AMBEV, Vehicle;b830;G963B3SF2BH5;Não ativo;GO Mode;Unknown;0;0;NO;;;;;;;Never Transmitted;Abrir no navegador
G9-64A-2CK-1MRR;AMBEV, Vehicle;b944;G964A2CK1MRR;Não ativo;GO Mode;Unknown;0;0;NO;;;;;;;Never Transmitted;Abrir no navegador
G9-65B-0MW-DDU0;AMBEV, Vehicle;bA64;G965B0MWDDU0;Não ativo;GO Mode;Unknown;0;0;NO;;;;;;;Never Transmitted;Abrir no navegador
G9-68E-KXD-VMF7;AMBEV, Vehicle;b835;G968EKXDVMF7;Não ativo;GO Mode;Unknown;0;0;NO;;;;;;;Never Transmitted;Abrir no navegador
G9-69C-M7V-0339;AMBEV, Vehicle;b9D4;G969CM7V0339;Não ativo;GO Mode;Unknown;0;0;NO;;;;;;;Never Transmitted;Abrir no navegador
G9-69J-M45-73NY;AMBEV, Vehicle;b569;G969JM4573NY;Não ativo;GO Mode;Unknown;0;0;NO;;;;;;;Never Transmitted;Abrir no navegador
G9-6E4-NKE-3ZMK;AMBEV, Vehicle;b9E2;G96E4NKE3ZMK;Não ativo;GO Mode;Unknown;0;0;NO;;;;;;;Never Transmitted;Abrir no navegador
G9-6FW-N46-JWFX;AMBEV, Vehicle;b843;G96FWN46JWFX;Não ativo;GO Mode;Unknown;0;0;NO;;;;;;;Never Transmitted;Abrir no navegador
G9-6K2-AKP-RJ3K;AMBEV, Vehicle;b5AC;G96K2AKPRJ3K;Off-line para 3+ Dias;GO Mode;46107,34727;46105,72874;46107,34727;NO;;;Av. Estados Unidos, 1099 - Jardim Europa, Piracicaba - SP, 13416-500, Brasil;13 Days;10; Days;10 Days;Abrir no navegador
G9-6ME-UV5-VVDA;AMBEV, Vehicle;b8E2;G96MEUV5VVDA;Não ativo;GO Mode;Unknown;0;0;NO;;;;;;;Never Transmitted;Abrir no navegador
G9-6NY-MSB-KAD2;AMBEV, Vehicle;b85B;G96NYMSBKAD2;Não ativo;GO Mode;Unknown;0;0;NO;;;;;;;Never Transmitted;Abrir no navegador
G9-6P5-MSP-VHY0;AMBEV, Vehicle;b677;G96P5MSPVHY0;Não ativo;GO Mode;Unknown;0;0;NO;;;;;;;Never Transmitted;Abrir no navegador
G9-6P5-SU7-C5JT;AMBEV, Vehicle;b879;G96P5SU7C5JT;Não ativo;GO Mode;Unknown;0;0;NO;;;;;;;Never Transmitted;Abrir no navegador
G9-6T1-YCM-N5CA;AMBEV, Vehicle;b697;G96T1YCMN5CA;Não ativo;GO Mode;Unknown;0;0;NO;;;;;;;Never Transmitted;Abrir no navegador
G9-6U6-W1F-YNS1;AMBEV, Vehicle;b8CD;G96U6W1FYNS1;Não ativo;GO Mode;Unknown;0;0;NO;;;;;;;Never Transmitted;Abrir no navegador
G9-6VR-2T9-VWZE;AMBEV, Vehicle;bA0C;G96VR2T9VWZE;Não ativo;GO Mode;Unknown;0;0;NO;;;;;;;Never Transmitted;Abrir no navegador
G9-6VU-NCM-KWX9;AMBEV, Vehicle;b844;G96VUNCMKWX9;Não ativo;GO Mode;Unknown;0;0;NO;;;;;;;Never Transmitted;Abrir no navegador
G9-6W6-6VR-VPZ2;AMBEV, Vehicle;b86C;G96W66VRVPZ2;Não ativo;GO Mode;Unknown;0;0;NO;;;;;;;Never Transmitted;Abrir no navegador
G9-6YJ-4K0-REMX;AMBEV, Vehicle;b8BB;G96YJ4K0REMX;Não ativo;GO Mode;Unknown;0;0;NO;;;;;;;Never Transmitted;Abrir no navegador
G9-70F-NTA-W0KP;AMBEV, Vehicle;b839;G970FNTAW0KP;Não ativo;GO Mode;Unknown;0;0;NO;;;;;;;Never Transmitted;Abrir no navegador
G9-71T-EHP-WSKP;AMBEV, Vehicle;b955;G971TEHPWSKP;Não ativo;GO Mode;Unknown;0;0;NO;;;;;;;Never Transmitted;Abrir no navegador
G9-73H-XED-EMC6;AMBEV, Vehicle;b7EC;G973HXEDEMC6;Não ativo;GO Mode;Unknown;0;0;NO;;;;;;;Never Transmitted;Abrir no navegador
G9-740-CDX-KFSM;AMBEV, Vehicle;bA71;G9740CDXKFSM;Não ativo;GO Mode;Unknown;0;0;NO;;;;;;;Never Transmitted;Abrir no navegador
G9-74Y-WJN-1FKY;AMBEV, Vehicle;b99E;G974YWJN1FKY;Não ativo;GO Mode;Unknown;0;0;NO;;;;;;;Never Transmitted;Abrir no navegador
G9-751-1YA-WSX0;AMBEV, Vehicle;b85F;G97511YAWSX0;Não ativo;GO Mode;Unknown;0;0;NO;;;;;;;Never Transmitted;Abrir no navegador
G9-75T-BT9-2URV;AMBEV, Vehicle;b84E;G975TBT92URV;Não ativo;GO Mode;Unknown;0;0;NO;;;;;;;Never Transmitted;Abrir no navegador
G9-77B-6FD-PNSY;AMBEV, Vehicle;b81B;G977B6FDPNSY;Não ativo;GO Mode;Unknown;0;0;NO;;;;;;;Never Transmitted;Abrir no navegador
G9-79Z-3KD-Z31D;AMBEV, Vehicle;b80D;G979Z3KDZ31D;Não ativo;GO Mode;Unknown;0;0;NO;;;;;;;Never Transmitted;Abrir no navegador
G9-7AN-P5D-BD7W;AMBEV, Vehicle;b6C1;G97ANP5DBD7W;Não ativo;GO Mode;Unknown;0;0;NO;;;;;;;Never Transmitted;Abrir no navegador
G9-7BN-9FN-H426;AMBEV, Vehicle;b962;G97BN9FNH426;Não ativo;GO Mode;Unknown;0;0;NO;;;;;;;Never Transmitted;Abrir no navegador
G9-7BT-DSU-A13D;AMBEV, Vehicle;b808;G97BTDSUA13D;Não ativo;GO Mode;Unknown;0;0;NO;;;;;;;Never Transmitted;Abrir no navegador
G9-7DS-CVB-4SJ7;AMBEV, Vehicle;b945;G97DSCVB4SJ7;Não ativo;GO Mode;Unknown;0;0;NO;;;;;;;Never Transmitted;Abrir no navegador
G9-7HW-B15-735V;AMBEV, Vehicle;b93B;G97HWB15735V;Não ativo;GO Mode;Unknown;0;0;NO;;;;;;;Never Transmitted;Abrir no navegador
G9-7J8-2W1-MFV4;AMBEV, Vehicle;b988;G97J82W1MFV4;Não ativo;GO Mode;Unknown;0;0;NO;;;;;;;Never Transmitted;Abrir no navegador
G9-7NM-6H9-0BR1;AMBEV, Vehicle;bA48;G97NM6H90BR1;Não ativo;GO Mode;Unknown;0;0;NO;;;;;;;Never Transmitted;Abrir no navegador
G9-7P3-6S3-6BZ7;AMBEV, Vehicle;b886;G97P36S36BZ7;Não ativo;GO Mode;Unknown;0;0;NO;;;;;;;Never Transmitted;Abrir no navegador
G9-7R5-N5U-MPA4;AMBEV, Vehicle;b7D8;G97R5N5UMPA4;Não ativo;GO Mode;Unknown;0;0;NO;;;;;;;Never Transmitted;Abrir no navegador
G9-7RH-FAH-3PM9;AMBEV, Vehicle;b8DA;G97RHFAH3PM9;Não ativo;GO Mode;Unknown;0;0;NO;;;;;;;Never Transmitted;Abrir no navegador
G9-7TD-R2M-AD55;AMBEV, Vehicle;b8F1;G97TDR2MAD55;Não ativo;GO Mode;Unknown;0;0;NO;;;;;;;Never Transmitted;Abrir no navegador
G9-7TD-VR0-B2MB;AMBEV, Vehicle;b83B;G97TDVR0B2MB;Não ativo;GO Mode;Unknown;0;0;NO;;;;;;;Never Transmitted;Abrir no navegador
G9-7U4-9HE-6SXN;AMBEV, Vehicle;b7E9;G97U49HE6SXN;Não ativo;GO Mode;Unknown;0;0;NO;;;;;;;Never Transmitted;Abrir no navegador
G9-7U5-MCM-AJ8W;AMBEV, Vehicle;b993;G97U5MCMAJ8W;Não ativo;GO Mode;Unknown;0;0;NO;;;;;;;Never Transmitted;Abrir no navegador
G9-7U7-T4D-M3Y2;AMBEV, Vehicle;b922;G97U7T4DM3Y2;Não ativo;GO Mode;Unknown;0;0;NO;;;;;;;Never Transmitted;Abrir no navegador
G9-7VH-W36-WA2B;AMBEV, Vehicle;b8DF;G97VHW36WA2B;Não ativo;GO Mode;Unknown;0;0;NO;;;;;;;Never Transmitted;Abrir no navegador
G9-7WT-F41-11KY;AMBEV, Vehicle;b821;G97WTF4111KY;Não ativo;GO Mode;Unknown;0;0;NO;;;;;;;Never Transmitted;Abrir no navegador
G9-7XN-009-DHRC;AMBEV, Vehicle;b8DB;G97XN009DHRC;Não ativo;GO Mode;Unknown;0;0;NO;;;;;;;Never Transmitted;Abrir no navegador
G9-7Z2-YXY-SXAY;AMBEV, Vehicle;b8D3;G97Z2YXYSXAY;Não ativo;GO Mode;Unknown;0;0;NO;;;;;;;Never Transmitted;Abrir no navegador
G9-7ZK-4DW-VXEN;AMBEV, Vehicle;b7C9;G97ZK4DWVXEN;Não ativo;GO Mode;Unknown;0;0;NO;;;;;;;Never Transmitted;Abrir no navegador
G9-7ZS-U13-466F;AMBEV, Vehicle;b476;G97ZSU13466F;Não ativo;GO Mode;Unknown;0;0;NO;;;;;;;Never Transmitted;Abrir no navegador
G9-807-6YB-JHW1;AMBEV, Vehicle;b73E;G98076YBJHW1;Off-line para 3+ Dias;GO Mode;46057,69207;46057,52144;46057,69207;NO;;;Av. Estados Unidos, 1090 - Jardim Europa, Piracicaba - SP, 13416-500, Brasil;61 Days;60; Days;60 Days;Abrir no navegador
G9-80P-FNS-KMAA;AMBEV, Vehicle;b9B6;G980PFNSKMAA;Não ativo;GO Mode;Unknown;0;0;NO;;;;;;;Never Transmitted;Abrir no navegador
G9-817-HDM-CJ5C;AMBEV, Vehicle;b9E9;G9817HDMCJ5C;Não ativo;GO Mode;Unknown;0;0;NO;;;;;;;Never Transmitted;Abrir no navegador
G9-82N-FY5-8H47;AMBEV, Vehicle;bA3F;G982NFY58H47;Não ativo;GO Mode;Unknown;0;0;NO;;;;;;;Never Transmitted;Abrir no navegador
G9-843-1YP-3JBA;AMBEV, Vehicle;b97D;G98431YP3JBA;Não ativo;GO Mode;Unknown;0;0;NO;;;;;;;Never Transmitted;Abrir no navegador
G9-85N-4VJ-JFD6;AMBEV, Vehicle;b87D;G985N4VJJFD6;Não ativo;GO Mode;Unknown;0;0;NO;;;;;;;Never Transmitted;Abrir no navegador
G9-85X-HHH-BX92;AMBEV, Vehicle;b8EC;G985XHHHBX92;Não ativo;GO Mode;Unknown;0;0;NO;;;;;;;Never Transmitted;Abrir no navegador
G9-862-09V-HN0J;AMBEV, Vehicle;b8C9;G986209VHN0J;Não ativo;GO Mode;Unknown;0;0;NO;;;;;;;Never Transmitted;Abrir no navegador
G9-86J-NBC-4SDJ;AMBEV, Vehicle;bA0B;G986JNBC4SDJ;Não ativo;GO Mode;Unknown;0;0;NO;;;;;;;Never Transmitted;Abrir no navegador
G9-889-77A-7P4J;AMBEV, Vehicle;b9A0;G988977A7P4J;Não ativo;GO Mode;Unknown;0;0;NO;;;;;;;Never Transmitted;Abrir no navegador
G9-88J-DV8-4SZ3;AMBEV, Vehicle;b8D8;G988JDV84SZ3;Não ativo;GO Mode;Unknown;0;0;NO;;;;;;;Never Transmitted;Abrir no navegador
G9-88J-WMA-SJUV;AMBEV, Vehicle;b8E4;G988JWMASJUV;Não ativo;GO Mode;Unknown;0;0;NO;;;;;;;Never Transmitted;Abrir no navegador
G9-8AW-X31-H1E7;AMBEV, Vehicle;b96E;G98AWX31H1E7;Não ativo;GO Mode;Unknown;0;0;NO;;;;;;;Never Transmitted;Abrir no navegador
G9-8CJ-V59-2H8S;AMBEV, Vehicle;b981;G98CJV592H8S;Não ativo;GO Mode;Unknown;0;0;NO;;;;;;;Never Transmitted;Abrir no navegador
G9-8EH-V2C-3AFA;AMBEV, Vehicle;b67A;G98EHV2C3AFA;Não ativo;GO Mode;Unknown;0;0;NO;;;;;;;Never Transmitted;Abrir no navegador
G9-8FZ-0HS-UTUA;AMBEV, Vehicle;b7E8;G98FZ0HSUTUA;Não ativo;GO Mode;Unknown;0;0;NO;;;;;;;Never Transmitted;Abrir no navegador
G9-8KP-AYC-SZ0M;AMBEV, Vehicle;b9AF;G98KPAYCSZ0M;Não ativo;GO Mode;Unknown;0;0;NO;;;;;;;Never Transmitted;Abrir no navegador
G9-8MA-FWK-ET7V;AMBEV, Vehicle;b954;G98MAFWKET7V;Não ativo;GO Mode;Unknown;0;0;NO;;;;;;;Never Transmitted;Abrir no navegador
G9-8MC-2F9-W9FN;AMBEV, Vehicle;b8E8;G98MC2F9W9FN;Não ativo;GO Mode;Unknown;0;0;NO;;;;;;;Never Transmitted;Abrir no navegador
G9-8NX-6M8-RX1Y;AMBEV, Vehicle;b9D9;G98NX6M8RX1Y;Não ativo;GO Mode;Unknown;0;0;NO;;;;;;;Never Transmitted;Abrir no navegador
G9-8PU-TPF-Z3W3;AMBEV, Vehicle;b8D6;G98PUTPFZ3W3;Não ativo;GO Mode;Unknown;0;0;NO;;;;;;;Never Transmitted;Abrir no navegador
G9-8TA-6PE-C2Z9;AMBEV, Vehicle;b8CA;G98TA6PEC2Z9;Não ativo;GO Mode;Unknown;0;0;NO;;;;;;;Never Transmitted;Abrir no navegador
G9-8VB-D3N-6E3V;AMBEV, Vehicle;b87F;G98VBD3N6E3V;Não ativo;GO Mode;Unknown;0;0;NO;;;;;;;Never Transmitted;Abrir no navegador
G9-8XU-Y2D-M3RT;AMBEV, Vehicle;bA32;G98XUY2DM3RT;Não ativo;GO Mode;Unknown;0;0;NO;;;;;;;Never Transmitted;Abrir no navegador
G9-8ZT-HA5-NN07;AMBEV, Vehicle;b7EF;G98ZTHA5NN07;Não ativo;GO Mode;Unknown;0;0;NO;;;;;;;Never Transmitted;Abrir no navegador
G9-900-VRF-FCVB;AMBEV, Vehicle;b8CE;G9900VRFFCVB;Não ativo;GO Mode;Unknown;0;0;NO;;;;;;;Never Transmitted;Abrir no navegador
G9-90F-A1D-XTDK;AMBEV, Vehicle;b870;G990FA1DXTDK;Não ativo;GO Mode;Unknown;0;0;NO;;;;;;;Never Transmitted;Abrir no navegador
G9-90F-BC2-0C3C;AMBEV, Vehicle;b9FF;G990FBC20C3C;Não ativo;GO Mode;Unknown;0;0;NO;;;;;;;Never Transmitted;Abrir no navegador
G9-90U-E5A-VZ0Y;AMBEV, Vehicle;b9A8;G990UE5AVZ0Y;Não ativo;GO Mode;Unknown;0;0;NO;;;;;;;Never Transmitted;Abrir no navegador
G9-916-0UF-W3HC;AMBEV, Vehicle;b7EB;G99160UFW3HC;Não ativo;GO Mode;Unknown;0;0;NO;;;;;;;Never Transmitted;Abrir no navegador
G9-917-VKS-7DS9;AMBEV, Vehicle;b854;G9917VKS7DS9;Não ativo;GO Mode;Unknown;0;0;NO;;;;;;;Never Transmitted;Abrir no navegador
G9-91M-X9H-PAUT;AMBEV, Vehicle;b897;G991MX9HPAUT;Não ativo;GO Mode;Unknown;0;0;NO;;;;;;;Never Transmitted;Abrir no navegador
G9-93D-NSW-TC6H;AMBEV, Vehicle;b4B1;G993DNSWTC6H;Não ativo;GO Mode;Unknown;0;0;NO;;;;;;;Never Transmitted;Abrir no navegador
G9-949-C58-HT0W;AMBEV, Vehicle;b940;G9949C58HT0W;Não ativo;GO Mode;Unknown;0;0;NO;;;;;;;Never Transmitted;Abrir no navegador
G9-94U-H34-UVRX;AMBEV, Vehicle;b7CD;G994UH34UVRX;Não ativo;GO Mode;Unknown;0;0;NO;;;;;;;Never Transmitted;Abrir no navegador
G9-97X-0H5-R7KP;AMBEV, Vehicle;b7A8;G997X0H5R7KP;Não ativo;GO Mode;Unknown;0;0;NO;;;;;;;Never Transmitted;Abrir no navegador
G9-980-2BF-0T50;AMBEV, Vehicle;b8CB;G99802BF0T50;Não ativo;GO Mode;Unknown;0;0;NO;;;;;;;Never Transmitted;Abrir no navegador
G9-987-CS7-C6KZ;AMBEV, Vehicle;b8CF;G9987CS7C6KZ;Não ativo;GO Mode;Unknown;0;0;NO;;;;;;;Never Transmitted;Abrir no navegador
G9-98H-PRW-700M;AMBEV, Vehicle;b8E7;G998HPRW700M;Não ativo;GO Mode;Unknown;0;0;NO;;;;;;;Never Transmitted;Abrir no navegador
G9-992-DMN-VTE8;AMBEV, Vehicle;b8C5;G9992DMNVTE8;Não ativo;GO Mode;Unknown;0;0;NO;;;;;;;Never Transmitted;Abrir no navegador
G9-99H-7B9-YASP;AMBEV, Vehicle;bA06;G999H7B9YASP;Não ativo;GO Mode;Unknown;0;0;NO;;;;;;;Never Transmitted;Abrir no navegador
G9-9AW-WCF-VB6V;AMBEV, Vehicle;b9C5;G99AWWCFVB6V;Não ativo;GO Mode;Unknown;0;0;NO;;;;;;;Never Transmitted;Abrir no navegador
G9-9BB-XH3-ES8D;AMBEV, Vehicle;b7C6;G99BBXH3ES8D;Não ativo;GO Mode;Unknown;0;0;NO;;;;;;;Never Transmitted;Abrir no navegador
G9-9CH-ZYE-M71J;AMBEV, Vehicle;b889;G99CHZYEM71J;Não ativo;GO Mode;Unknown;0;0;NO;;;;;;;Never Transmitted;Abrir no navegador
G9-9FE-EZH-AC7Z;AMBEV, Vehicle;bA10;G99FEEZHAC7Z;Não ativo;GO Mode;Unknown;0;0;NO;;;;;;;Never Transmitted;Abrir no navegador
G9-9FW-4FY-9NV3;AMBEV, Vehicle;bA4F;G99FW4FY9NV3;Não ativo;GO Mode;Unknown;0;0;NO;;;;;;;Never Transmitted;Abrir no navegador
G9-9K6-DVK-2V4R;AMBEV, Vehicle;b919;G99K6DVK2V4R;Não ativo;GO Mode;Unknown;0;0;NO;;;;;;;Never Transmitted;Abrir no navegador
G9-9KC-XTP-C2PJ;AMBEV, Vehicle;b92F;G99KCXTPC2PJ;Não ativo;GO Mode;Unknown;0;0;NO;;;;;;;Never Transmitted;Abrir no navegador
G9-9KU-577-1J5A;AMBEV, Vehicle;b9DC;G99KU5771J5A;Não ativo;GO Mode;Unknown;0;0;NO;;;;;;;Never Transmitted;Abrir no navegador
G9-9M0-S52-9BFB;AMBEV, Vehicle;b8A3;G99M0S529BFB;Não ativo;GO Mode;Unknown;0;0;NO;;;;;;;Never Transmitted;Abrir no navegador
G9-9NA-P2V-RSZV;AMBEV, Vehicle;bA45;G99NAP2VRSZV;Não ativo;GO Mode;Unknown;0;0;NO;;;;;;;Never Transmitted;Abrir no navegador
G9-9NY-1F7-WPT8;AMBEV, Vehicle;bA12;G99NY1F7WPT8;Não ativo;GO Mode;Unknown;0;0;NO;;;;;;;Never Transmitted;Abrir no navegador
G9-9U4-2B9-JTEN;AMBEV, Vehicle;b9EA;G99U42B9JTEN;Não ativo;GO Mode;Unknown;0;0;NO;;;;;;;Never Transmitted;Abrir no navegador
G9-9U6-NCS-4Z05;AMBEV, Vehicle;b8A0;G99U6NCS4Z05;Não ativo;GO Mode;Unknown;0;0;NO;;;;;;;Never Transmitted;Abrir no navegador
G9-9VK-STU-U59R;AMBEV, Vehicle;bA1A;G99VKSTUU59R;Não ativo;GO Mode;Unknown;0;0;NO;;;;;;;Never Transmitted;Abrir no navegador
G9-9W8-65D-F0XT;AMBEV, Vehicle;bA5B;G99W865DF0XT;Não ativo;GO Mode;Unknown;0;0;NO;;;;;;;Never Transmitted;Abrir no navegador
G9-9WB-S97-YZ7T;AMBEV, Vehicle;b80C;G99WBS97YZ7T;Não ativo;GO Mode;Unknown;0;0;NO;;;;;;;Never Transmitted;Abrir no navegador
G9-9WR-X6R-60JH;AMBEV, Vehicle;b87E;G99WRX6R60JH;Não ativo;GO Mode;Unknown;0;0;NO;;;;;;;Never Transmitted;Abrir no navegador
G9-9ZN-BYF-VVEC;AMBEV, Vehicle;b7A4;G99ZNBYFVVEC;Não ativo;GO Mode;Unknown;0;0;NO;;;;;;;Never Transmitted;Abrir no navegador
G9-A0F-ZUY-0WZ2;AMBEV, Vehicle;b579;G9A0FZUY0WZ2;Off-line para 3+ Dias;GO Mode;46107,35557;46106,65407;46107,35557;NO;;;Av. Estados Unidos, 1090 - Jardim Europa, Piracicaba - SP, 13416-500, Brasil;12 Days;10; Days;10 Days;Abrir no navegador
G9-A0S-WN8-ZSKX;AMBEV, Vehicle, Diesel;b676;G9A0SWN8ZSKX;Off-line para 3+ Dias;GO Mode;46055,61552;46055,6153;46055,61552;NO;;;*CD RIO (20km): 6M33+Q6 - Venda Velha, São João de Meriti - RJ, 25581, Brasil;63 Days;62; Days;62 Days;Abrir no navegador
G9-A2D-JU7-RZSH;AMBEV, Vehicle;b986;G9A2DJU7RZSH;Não ativo;GO Mode;Unknown;0;0;NO;;;;;;;Never Transmitted;Abrir no navegador
G9-A3E-0HY-NKU6;AMBEV, Vehicle;b98C;G9A3E0HYNKU6;Não ativo;GO Mode;Unknown;0;0;NO;;;;;;;Never Transmitted;Abrir no navegador
G9-A4E-3XF-XMEE;AMBEV, Vehicle;b88E;G9A4E3XFXMEE;Não ativo;GO Mode;Unknown;0;0;NO;;;;;;;Never Transmitted;Abrir no navegador
G9-A4Z-K8F-R3MR;AMBEV, Vehicle;b9B1;G9A4ZK8FR3MR;Não ativo;GO Mode;Unknown;0;0;NO;;;;;;;Never Transmitted;Abrir no navegador
G9-A5U-A60-FF35;AMBEV, Vehicle;b9EC;G9A5UA60FF35;Não ativo;GO Mode;Unknown;0;0;NO;;;;;;;Never Transmitted;Abrir no navegador
G9-A85-NW4-HH8T;AMBEV, Vehicle;b894;G9A85NW4HH8T;Não ativo;GO Mode;Unknown;0;0;NO;;;;;;;Never Transmitted;Abrir no navegador
G9-A8D-FSJ-9591;AMBEV, Vehicle;b933;G9A8DFSJ9591;Não ativo;GO Mode;Unknown;0;0;NO;;;;;;;Never Transmitted;Abrir no navegador
G9-A8M-C19-FZ23;AMBEV, Vehicle;b9F8;G9A8MC19FZ23;Não ativo;GO Mode;Unknown;0;0;NO;;;;;;;Never Transmitted;Abrir no navegador
G9-A9Y-A4S-SKJ9;AMBEV, Vehicle;b853;G9A9YA4SSKJ9;Não ativo;GO Mode;Unknown;0;0;NO;;;;;;;Never Transmitted;Abrir no navegador
G9-ABN-0KW-YTE9;AMBEV, Vehicle;b7B6;G9ABN0KWYTE9;Não ativo;GO Mode;Unknown;0;0;NO;;;;;;;Never Transmitted;Abrir no navegador
G9-AE9-FW9-DAM3;AMBEV, Vehicle;b826;G9AE9FW9DAM3;Não ativo;GO Mode;Unknown;0;0;NO;;;;;;;Never Transmitted;Abrir no navegador
G9-AF4-5WX-1X9K;AMBEV, Vehicle;bA2B;G9AF45WX1X9K;Não ativo;GO Mode;Unknown;0;0;NO;;;;;;;Never Transmitted;Abrir no navegador
G9-ARC-WPS-FUDD;AMBEV, Vehicle;b7DD;G9ARCWPSFUDD;Não ativo;GO Mode;Unknown;0;0;NO;;;;;;;Never Transmitted;Abrir no navegador
G9-ARK-PJZ-UBXP;AMBEV, Vehicle;b820;G9ARKPJZUBXP;Não ativo;GO Mode;Unknown;0;0;NO;;;;;;;Never Transmitted;Abrir no navegador
G9-AV3-HCK-RDEV;AMBEV, Vehicle;bA63;G9AV3HCKRDEV;Não ativo;GO Mode;Unknown;0;0;NO;;;;;;;Never Transmitted;Abrir no navegador
G9-AVK-YP6-YV3D;AMBEV, Vehicle;b797;G9AVKYP6YV3D;Não ativo;GO Mode;Unknown;0;0;NO;;;;;;;Never Transmitted;Abrir no navegador
G9-AVS-342-84ZW;AMBEV, Vehicle;b9FD;G9AVS34284ZW;Não ativo;GO Mode;Unknown;0;0;NO;;;;;;;Never Transmitted;Abrir no navegador
G9-AWX-6ZW-J4HS;AMBEV, Vehicle;b833;G9AWX6ZWJ4HS;Não ativo;GO Mode;Unknown;0;0;NO;;;;;;;Never Transmitted;Abrir no navegador
G9-AX6-ASX-TCZ5;AMBEV, Vehicle;b80A;G9AX6ASXTCZ5;Não ativo;GO Mode;Unknown;0;0;NO;;;;;;;Never Transmitted;Abrir no navegador
G9-AYB-AF8-R5NT;AMBEV, Vehicle;b8B9;G9AYBAF8R5NT;Não ativo;GO Mode;Unknown;0;0;NO;;;;;;;Never Transmitted;Abrir no navegador
G9-AYX-RXW-B1C6;AMBEV, Vehicle;b907;G9AYXRXWB1C6;Não ativo;GO Mode;Unknown;0;0;NO;;;;;;;Never Transmitted;Abrir no navegador
G9-B2P-TEY-3FWY;AMBEV, Vehicle;b869;G9B2PTEY3FWY;Não ativo;GO Mode;Unknown;0;0;NO;;;;;;;Never Transmitted;Abrir no navegador
G9-B47-7XR-4MP7;AMBEV, Vehicle;b914;G9B477XR4MP7;Não ativo;GO Mode;Unknown;0;0;NO;;;;;;;Never Transmitted;Abrir no navegador
G9-B58-RMW-5RUB;AMBEV, Vehicle;b9F2;G9B58RMW5RUB;Não ativo;GO Mode;Unknown;0;0;NO;;;;;;;Never Transmitted;Abrir no navegador
G9-B5S-C0N-S3VW;AMBEV, Vehicle;b965;G9B5SC0NS3VW;Não ativo;GO Mode;Unknown;0;0;NO;;;;;;;Never Transmitted;Abrir no navegador
G9-B7R-TE0-VY3V;AMBEV, Vehicle;b9CD;G9B7RTE0VY3V;Não ativo;GO Mode;Unknown;0;0;NO;;;;;;;Never Transmitted;Abrir no navegador
G9-BAH-M56-B6Z1;AMBEV, Vehicle;b966;G9BAHM56B6Z1;Não ativo;GO Mode;Unknown;0;0;NO;;;;;;;Never Transmitted;Abrir no navegador
G9-BC2-J3W-ZP3T;AMBEV, Vehicle;b7AE;G9BC2J3WZP3T;Não ativo;GO Mode;Unknown;0;0;NO;;;;;;;Never Transmitted;Abrir no navegador
G9-BDX-JNP-P29P;AMBEV, Vehicle;b976;G9BDXJNPP29P;Não ativo;GO Mode;Unknown;0;0;NO;;;;;;;Never Transmitted;Abrir no navegador
G9-BEF-JAT-2924;AMBEV, Vehicle;bA53;G9BEFJAT2924;Não ativo;GO Mode;Unknown;0;0;NO;;;;;;;Never Transmitted;Abrir no navegador
G9-BER-NXB-U2T9;AMBEV, Vehicle;b92A;G9BERNXBU2T9;Não ativo;GO Mode;Unknown;0;0;NO;;;;;;;Never Transmitted;Abrir no navegador
G9-BF7-EHM-S3MH;AMBEV, Vehicle;b995;G9BF7EHMS3MH;Não ativo;GO Mode;Unknown;0;0;NO;;;;;;;Never Transmitted;Abrir no navegador
G9-BFH-A1T-0SBJ;AMBEV, Vehicle;b9B8;G9BFHA1T0SBJ;Não ativo;GO Mode;Unknown;0;0;NO;;;;;;;Never Transmitted;Abrir no navegador
G9-BKA-Y5U-00F2;AMBEV, Vehicle;b898;G9BKAY5U00F2;Não ativo;GO Mode;Unknown;0;0;NO;;;;;;;Never Transmitted;Abrir no navegador
G9-BM2-U77-4YR1;AMBEV, Vehicle;b9F7;G9BM2U774YR1;Não ativo;GO Mode;Unknown;0;0;NO;;;;;;;Never Transmitted;Abrir no navegador
G9-BMZ-KFH-940D;AMBEV, Vehicle;b949;G9BMZKFH940D;Não ativo;GO Mode;Unknown;0;0;NO;;;;;;;Never Transmitted;Abrir no navegador
G9-BN9-B28-4M1X;AMBEV, Vehicle;b9DD;G9BN9B284M1X;Não ativo;GO Mode;Unknown;0;0;NO;;;;;;;Never Transmitted;Abrir no navegador
G9-BR4-VY0-TPBS;AMBEV, Vehicle;b880;G9BR4VY0TPBS;Não ativo;GO Mode;Unknown;0;0;NO;;;;;;;Never Transmitted;Abrir no navegador
G9-BRH-125-M84X;AMBEV, Vehicle;b8BE;G9BRH125M84X;Não ativo;GO Mode;Unknown;0;0;NO;;;;;;;Never Transmitted;Abrir no navegador
G9-BRZ-DEB-W1RY;AMBEV, Vehicle;b86F;G9BRZDEBW1RY;Não ativo;GO Mode;Unknown;0;0;NO;;;;;;;Never Transmitted;Abrir no navegador
G9-BSW-PV5-24C6;AMBEV, Vehicle;b369;G9BSWPV524C6;Off-line para 3+ Dias;GO Mode;46057,69208;46057,52164;46057,69208;NO;;;Av. Estados Unidos, 1090 - Jardim Europa, Piracicaba - SP, 13416-500, Brasil;61 Days;60; Days;60 Days;Abrir no navegador
G9-BTV-DB7-X6AD;AMBEV, Vehicle;b98B;G9BTVDB7X6AD;Não ativo;GO Mode;Unknown;0;0;NO;;;;;;;Never Transmitted;Abrir no navegador
G9-BWD-V4K-XAK3;AMBEV, Vehicle;b7ED;G9BWDV4KXAK3;Não ativo;GO Mode;Unknown;0;0;NO;;;;;;;Never Transmitted;Abrir no navegador
G9-BX3-AZM-F6K0;AMBEV, Vehicle;bA08;G9BX3AZMF6K0;Não ativo;GO Mode;Unknown;0;0;NO;;;;;;;Never Transmitted;Abrir no navegador
G9-BX6-KDJ-4FJV;AMBEV, Vehicle;b9AD;G9BX6KDJ4FJV;Não ativo;GO Mode;Unknown;0;0;NO;;;;;;;Never Transmitted;Abrir no navegador
G9-BXE-0XN-E6J4;AMBEV, Vehicle;b8E6;G9BXE0XNE6J4;Não ativo;GO Mode;Unknown;0;0;NO;;;;;;;Never Transmitted;Abrir no navegador
G9-BY6-KHM-3RZ4;AMBEV, Vehicle;b7DC;G9BY6KHM3RZ4;Não ativo;GO Mode;Unknown;0;0;NO;;;;;;;Never Transmitted;Abrir no navegador
G9-BYY-M7H-1XZR;AMBEV, Vehicle;b7E1;G9BYYM7H1XZR;Não ativo;GO Mode;Unknown;0;0;NO;;;;;;;Never Transmitted;Abrir no navegador
G9-BYY-VK0-Y11Y;AMBEV, Vehicle;b95A;G9BYYVK0Y11Y;Não ativo;GO Mode;Unknown;0;0;NO;;;;;;;Never Transmitted;Abrir no navegador
G9-BZ6-W4C-DZB5;AMBEV, Vehicle;b9D1;G9BZ6W4CDZB5;Não ativo;GO Mode;Unknown;0;0;NO;;;;;;;Never Transmitted;Abrir no navegador
G9-BZE-M7T-6N1W;AMBEV, Vehicle;b36E;G9BZEM7T6N1W;Não ativo;GO Mode;Unknown;0;0;NO;;;;;;;Never Transmitted;Abrir no navegador
G9-BZM-0JH-D3NN;AMBEV, Vehicle;b8F0;G9BZM0JHD3NN;Não ativo;GO Mode;Unknown;0;0;NO;;;;;;;Never Transmitted;Abrir no navegador
G9-C22-BJB-HSTD;AMBEV, Vehicle;bA1E;G9C22BJBHSTD;Não ativo;GO Mode;Unknown;0;0;NO;;;;;;;Never Transmitted;Abrir no navegador
G9-C3N-DWD-0C81;AMBEV, Vehicle;b6CD;G9C3NDWD0C81;Não ativo;GO Mode;Unknown;0;0;NO;;;;;;;Never Transmitted;Abrir no navegador
G9-C60-J8A-R8FR;AMBEV, Vehicle;bA0F;G9C60J8AR8FR;Não ativo;GO Mode;Unknown;0;0;NO;;;;;;;Never Transmitted;Abrir no navegador
G9-C85-1FZ-VSDV;AMBEV, Vehicle;b951;G9C851FZVSDV;Não ativo;GO Mode;Unknown;0;0;NO;;;;;;;Never Transmitted;Abrir no navegador
G9-C8C-WHB-9BV1;AMBEV, Vehicle;bA72;G9C8CWHB9BV1;Não ativo;GO Mode;Unknown;0;0;NO;;;;;;;Never Transmitted;Abrir no navegador
G9-C8U-A56-PHCY;AMBEV, Vehicle;b952;G9C8UA56PHCY;Não ativo;GO Mode;Unknown;0;0;NO;;;;;;;Never Transmitted;Abrir no navegador
G9-C97-T3A-41WS;AMBEV, Vehicle;b9B2;G9C97T3A41WS;Não ativo;GO Mode;Unknown;0;0;NO;;;;;;;Never Transmitted;Abrir no navegador
G9-C9V-P2Z-C324;AMBEV, Vehicle;b801;G9C9VP2ZC324;Não ativo;GO Mode;Unknown;0;0;NO;;;;;;;Never Transmitted;Abrir no navegador
G9-C9Y-WEU-YF3C;AMBEV, Vehicle;b7D9;G9C9YWEUYF3C;Não ativo;GO Mode;Unknown;0;0;NO;;;;;;;Never Transmitted;Abrir no navegador
G9-CAN-N7B-X4YW;AMBEV, Vehicle;b8B0;G9CANN7BX4YW;Não ativo;GO Mode;Unknown;0;0;NO;;;;;;;Never Transmitted;Abrir no navegador
G9-CAV-8VY-7BK6;AMBEV, Vehicle;b893;G9CAV8VY7BK6;Não ativo;GO Mode;Unknown;0;0;NO;;;;;;;Never Transmitted;Abrir no navegador
G9-CBV-B5W-E797;AMBEV, Vehicle;b932;G9CBVB5WE797;Não ativo;GO Mode;Unknown;0;0;NO;;;;;;;Never Transmitted;Abrir no navegador
G9-CC5-6KY-33XA;AMBEV, Vehicle;b974;G9CC56KY33XA;Não ativo;GO Mode;Unknown;0;0;NO;;;;;;;Never Transmitted;Abrir no navegador
G9-CC5-RDV-UV1F;AMBEV, Vehicle;b972;G9CC5RDVUV1F;Não ativo;GO Mode;Unknown;0;0;NO;;;;;;;Never Transmitted;Abrir no navegador
G9-CF4-6MB-FKVE;AMBEV, Vehicle;bA1B;G9CF46MBFKVE;Não ativo;GO Mode;Unknown;0;0;NO;;;;;;;Never Transmitted;Abrir no navegador
G9-CMJ-TN6-EER5;AMBEV, Vehicle;b887;G9CMJTN6EER5;Não ativo;GO Mode;Unknown;0;0;NO;;;;;;;Never Transmitted;Abrir no navegador
G9-CS9-06A-KDWK;AMBEV, Vehicle;b81C;G9CS906AKDWK;Não ativo;GO Mode;Unknown;0;0;NO;;;;;;;Never Transmitted;Abrir no navegador
G9-CT0-RWS-U43D;AMBEV, Vehicle;b899;G9CT0RWSU43D;Não ativo;GO Mode;Unknown;0;0;NO;;;;;;;Never Transmitted;Abrir no navegador
G9-CVS-JE9-XFTC;AMBEV, Vehicle;b9AA;G9CVSJE9XFTC;Não ativo;GO Mode;Unknown;0;0;NO;;;;;;;Never Transmitted;Abrir no navegador
G9-CX9-8AR-V05E;AMBEV, Vehicle;b8C4;G9CX98ARV05E;Não ativo;GO Mode;Unknown;0;0;NO;;;;;;;Never Transmitted;Abrir no navegador
G9-D09-841-2MXM;AMBEV, Vehicle;b9B7;G9D098412MXM;Não ativo;GO Mode;Unknown;0;0;NO;;;;;;;Never Transmitted;Abrir no navegador
G9-D19-X38-J5J5;AMBEV, Vehicle;bA68;G9D19X38J5J5;Não ativo;GO Mode;Unknown;0;0;NO;;;;;;;Never Transmitted;Abrir no navegador
G9-D1H-5AP-WS0N;AMBEV, Vehicle;b847;G9D1H5APWS0N;Não ativo;GO Mode;Unknown;0;0;NO;;;;;;;Never Transmitted;Abrir no navegador
G9-D1M-34W-J879;AMBEV, Vehicle;b884;G9D1M34WJ879;Não ativo;GO Mode;Unknown;0;0;NO;;;;;;;Never Transmitted;Abrir no navegador
G9-D25-J4D-B237;AMBEV, Vehicle;b891;G9D25J4DB237;Não ativo;GO Mode;Unknown;0;0;NO;;;;;;;Never Transmitted;Abrir no navegador
G9-D34-735-9TBC;AMBEV, Vehicle;b362;G9D347359TBC;Off-line para 3+ Dias;GO Mode;46057,69215;46057,52194;46057,69215;NO;;;Av. Estados Unidos, 1099 - Jardim Europa, Piracicaba - SP, 13416-500, Brasil;61 Days;60; Days;60 Days;Abrir no navegador
G9-D5C-UA6-JTEF;AMBEV, Vehicle;b82B;G9D5CUA6JTEF;Não ativo;GO Mode;Unknown;0;0;NO;;;;;;;Never Transmitted;Abrir no navegador
G9-D7H-23M-53V1;AMBEV, Vehicle;bA0D;G9D7H23M53V1;Não ativo;GO Mode;Unknown;0;0;NO;;;;;;;Never Transmitted;Abrir no navegador
G9-DCH-H6E-V76J;AMBEV, Vehicle;b7BB;G9DCHH6EV76J;Não ativo;GO Mode;Unknown;0;0;NO;;;;;;;Never Transmitted;Abrir no navegador
G9-DCZ-8RW-JMWZ;AMBEV, Vehicle;b6DD;G9DCZ8RWJMWZ;Não ativo;GO Mode;Unknown;0;0;NO;;;;;;;Never Transmitted;Abrir no navegador
G9-DE0-WA9-BAJC;AMBEV, Vehicle;b7BD;G9DE0WA9BAJC;Não ativo;GO Mode;Unknown;0;0;NO;;;;;;;Never Transmitted;Abrir no navegador
G9-DEB-MEZ-CJVP;AMBEV, Vehicle;b956;G9DEBMEZCJVP;Não ativo;GO Mode;Unknown;0;0;NO;;;;;;;Never Transmitted;Abrir no navegador
G9-DET-8TK-RF6X;AMBEV, Vehicle;b7BC;G9DET8TKRF6X;Não ativo;GO Mode;Unknown;0;0;NO;;;;;;;Never Transmitted;Abrir no navegador
G9-DR5-EXV-CF89;AMBEV, Vehicle;b6C9;G9DR5EXVCF89;Não ativo;GO Mode;Unknown;0;0;NO;;;;;;;Never Transmitted;Abrir no navegador
G9-DTX-6YH-DFA1;AMBEV, Vehicle;b912;G9DTX6YHDFA1;Não ativo;GO Mode;Unknown;0;0;NO;;;;;;;Never Transmitted;Abrir no navegador
G9-DV6-1FD-96C5;AMBEV, Vehicle;b89B;G9DV61FD96C5;Não ativo;GO Mode;Unknown;0;0;NO;;;;;;;Never Transmitted;Abrir no navegador
G9-DVB-7ZB-W38T;AMBEV, Vehicle;b7B0;G9DVB7ZBW38T;Não ativo;GO Mode;Unknown;0;0;NO;;;;;;;Never Transmitted;Abrir no navegador
G9-DW1-3C5-DM1K;AMBEV, Vehicle;b93A;G9DW13C5DM1K;Não ativo;GO Mode;Unknown;0;0;NO;;;;;;;Never Transmitted;Abrir no navegador
G9-DWM-7AY-V2D0;AMBEV, Vehicle;b7B1;G9DWM7AYV2D0;Não ativo;GO Mode;Unknown;0;0;NO;;;;;;;Never Transmitted;Abrir no navegador
G9-DY1-AJ8-J4S5;AMBEV, Vehicle;b9C1;G9DY1AJ8J4S5;Não ativo;GO Mode;Unknown;0;0;NO;;;;;;;Never Transmitted;Abrir no navegador
G9-DYN-X0X-SU86;AMBEV, Vehicle;b52F;G9DYNX0XSU86;Não ativo;GO Mode;Unknown;0;0;NO;;;;;;;Never Transmitted;Abrir no navegador
G9-E01-13B-MXC8;AMBEV, Vehicle;b7E6;G9E0113BMXC8;Não ativo;GO Mode;Unknown;0;0;NO;;;;;;;Never Transmitted;Abrir no navegador
G9-E03-NKT-A33K;AMBEV, Vehicle;b795;G9E03NKTA33K;Não ativo;GO Mode;Unknown;0;0;NO;;;;;;;Never Transmitted;Abrir no navegador
G9-E1A-ZJP-S1Z0;AMBEV, Vehicle;bA4D;G9E1AZJPS1Z0;Não ativo;GO Mode;Unknown;0;0;NO;;;;;;;Never Transmitted;Abrir no navegador
G9-E22-Z4S-P6WC;AMBEV, Vehicle;b7BF;G9E22Z4SP6WC;Não ativo;GO Mode;Unknown;0;0;NO;;;;;;;Never Transmitted;Abrir no navegador
G9-E2D-EWR-82A7;AMBEV, Vehicle;b7CE;G9E2DEWR82A7;Não ativo;GO Mode;Unknown;0;0;NO;;;;;;;Never Transmitted;Abrir no navegador
G9-E3D-R3F-E89Z;AMBEV, Vehicle;b87B;G9E3DR3FE89Z;Não ativo;GO Mode;Unknown;0;0;NO;;;;;;;Never Transmitted;Abrir no navegador
G9-E3M-780-MTKA;AMBEV, Vehicle;bA5F;G9E3M780MTKA;Não ativo;GO Mode;Unknown;0;0;NO;;;;;;;Never Transmitted;Abrir no navegador
G9-E3V-BFP-ESWU;AMBEV, Vehicle;b980;G9E3VBFPESWU;Não ativo;GO Mode;Unknown;0;0;NO;;;;;;;Never Transmitted;Abrir no navegador
G9-E6N-KC6-63SY;AMBEV, Vehicle;b910;G9E6NKC663SY;Não ativo;GO Mode;Unknown;0;0;NO;;;;;;;Never Transmitted;Abrir no navegador
G9-E74-JMU-KEU1;AMBEV, Vehicle;bA07;G9E74JMUKEU1;Não ativo;GO Mode;Unknown;0;0;NO;;;;;;;Never Transmitted;Abrir no navegador
G9-EAD-PD7-BZ62;AMBEV, Vehicle;b828;G9EADPD7BZ62;Não ativo;GO Mode;Unknown;0;0;NO;;;;;;;Never Transmitted;Abrir no navegador
G9-EAU-B1Z-U228;AMBEV, Vehicle;bA05;G9EAUB1ZU228;Não ativo;GO Mode;Unknown;0;0;NO;;;;;;;Never Transmitted;Abrir no navegador
G9-EBX-3D3-ENNZ;AMBEV, Vehicle;b9E3;G9EBX3D3ENNZ;Não ativo;GO Mode;Unknown;0;0;NO;;;;;;;Never Transmitted;Abrir no navegador
G9-EEM-1V1-JDXF;AMBEV, Vehicle;b6C0;G9EEM1V1JDXF;Não ativo;GO Mode;Unknown;0;0;NO;;;;;;;Never Transmitted;Abrir no navegador
G9-EKB-UB0-KPTU;Vehicle;b719;G9EKBUB0KPTU;Não ativo;GO Mode;Unknown;0;0;NO;;;;;;;Never Transmitted;Abrir no navegador
G9-EKC-Y5F-FR8M;AMBEV, Vehicle;b8F8;G9EKCY5FFR8M;Não ativo;GO Mode;Unknown;0;0;NO;;;;;;;Never Transmitted;Abrir no navegador
G9-ES1-W69-7YYV;AMBEV, Vehicle;b7FB;G9ES1W697YYV;Não ativo;GO Mode;Unknown;0;0;NO;;;;;;;Never Transmitted;Abrir no navegador
G9-EUE-91A-YES9;AMBEV, Vehicle;b7E3;G9EUE91AYES9;Não ativo;GO Mode;Unknown;0;0;NO;;;;;;;Never Transmitted;Abrir no navegador
G9-EV0-CCJ-CVYM;AMBEV, Vehicle;b7AC;G9EV0CCJCVYM;Não ativo;GO Mode;Unknown;0;0;NO;;;;;;;Never Transmitted;Abrir no navegador
G9-EV2-CKH-WXB0;AMBEV, Vehicle;b871;G9EV2CKHWXB0;Não ativo;GO Mode;Unknown;0;0;NO;;;;;;;Never Transmitted;Abrir no navegador
G9-EVD-WN9-15V4;AMBEV, Vehicle;b8E9;G9EVDWN915V4;Não ativo;GO Mode;Unknown;0;0;NO;;;;;;;Never Transmitted;Abrir no navegador
G9-EX4-DN4-V6JK;AMBEV, Vehicle;b7C1;G9EX4DN4V6JK;Não ativo;GO Mode;Unknown;0;0;NO;;;;;;;Never Transmitted;Abrir no navegador
G9-EY8-Y1J-BU87;AMBEV, Vehicle;b836;G9EY8Y1JBU87;Não ativo;GO Mode;Unknown;0;0;NO;;;;;;;Never Transmitted;Abrir no navegador
G9-EYY-F05-2H1X;AMBEV, Vehicle;bA4B;G9EYYF052H1X;Não ativo;GO Mode;Unknown;0;0;NO;;;;;;;Never Transmitted;Abrir no navegador
G9-EZ2-0WZ-M48N;AMBEV, Vehicle;b8A8;G9EZ20WZM48N;Não ativo;GO Mode;Unknown;0;0;NO;;;;;;;Never Transmitted;Abrir no navegador
G9-EZU-SZT-WTAM;AMBEV, Vehicle;b7DF;G9EZUSZTWTAM;Não ativo;GO Mode;Unknown;0;0;NO;;;;;;;Never Transmitted;Abrir no navegador
G9-F27-RM6-KBT6;AMBEV, Vehicle;b8EB;G9F27RM6KBT6;Não ativo;GO Mode;Unknown;0;0;NO;;;;;;;Never Transmitted;Abrir no navegador
G9-F2C-8KP-WX1B;AMBEV, Vehicle;bA70;G9F2C8KPWX1B;Não ativo;GO Mode;Unknown;0;0;NO;;;;;;;Never Transmitted;Abrir no navegador
G9-F3Y-BTX-6898;AMBEV, Vehicle;b92E;G9F3YBTX6898;Não ativo;GO Mode;Unknown;0;0;NO;;;;;;;Never Transmitted;Abrir no navegador
G9-F5C-3VW-SB51;AMBEV, Vehicle;b9A6;G9F5C3VWSB51;Não ativo;GO Mode;Unknown;0;0;NO;;;;;;;Never Transmitted;Abrir no navegador
G9-F6E-JS3-9ZN3;AMBEV, Vehicle;b926;G9F6EJS39ZN3;Não ativo;GO Mode;Unknown;0;0;NO;;;;;;;Never Transmitted;Abrir no navegador
G9-F9H-RC0-BY67;AMBEV, Vehicle;b868;G9F9HRC0BY67;Não ativo;GO Mode;Unknown;0;0;NO;;;;;;;Never Transmitted;Abrir no navegador
G9-FAP-0S5-F854;AMBEV, Vehicle;bA19;G9FAP0S5F854;Não ativo;GO Mode;Unknown;0;0;NO;;;;;;;Never Transmitted;Abrir no navegador
G9-FBU-BCX-VD1R;AMBEV, Vehicle;b827;G9FBUBCXVD1R;Não ativo;GO Mode;Unknown;0;0;NO;;;;;;;Never Transmitted;Abrir no navegador
G9-FD6-P96-29ER;AMBEV, Vehicle;b7F6;G9FD6P9629ER;Não ativo;GO Mode;Unknown;0;0;NO;;;;;;;Never Transmitted;Abrir no navegador
G9-FDD-U20-EAHW;AMBEV, Vehicle;b9C0;G9FDDU20EAHW;Não ativo;GO Mode;Unknown;0;0;NO;;;;;;;Never Transmitted;Abrir no navegador
G9-FEY-3V0-Y3HK;AMBEV, Vehicle;b7BA;G9FEY3V0Y3HK;Não ativo;GO Mode;Unknown;0;0;NO;;;;;;;Never Transmitted;Abrir no navegador
G9-FF2-WVB-NBAH;AMBEV, Vehicle;b9C8;G9FF2WVBNBAH;Não ativo;GO Mode;Unknown;0;0;NO;;;;;;;Never Transmitted;Abrir no navegador
G9-FHX-3D3-784U;AMBEV, Vehicle;b906;G9FHX3D3784U;Não ativo;GO Mode;Unknown;0;0;NO;;;;;;;Never Transmitted;Abrir no navegador
G9-FJD-5XS-1AXR;AMBEV, Vehicle;b8A9;G9FJD5XS1AXR;Não ativo;GO Mode;Unknown;0;0;NO;;;;;;;Never Transmitted;Abrir no navegador
G9-FKE-UTJ-MKVC;AMBEV, Vehicle;b810;G9FKEUTJMKVC;Não ativo;GO Mode;Unknown;0;0;NO;;;;;;;Never Transmitted;Abrir no navegador
G9-FKS-K59-R3S3;AMBEV, Vehicle;b822;G9FKSK59R3S3;Não ativo;GO Mode;Unknown;0;0;NO;;;;;;;Never Transmitted;Abrir no navegador
G9-FMP-WD0-6SNK;AMBEV, Vehicle;bA2D;G9FMPWD06SNK;Não ativo;GO Mode;Unknown;0;0;NO;;;;;;;Never Transmitted;Abrir no navegador
G9-FMS-0X3-WY84;AMBEV, Vehicle;b8B3;G9FMS0X3WY84;Não ativo;GO Mode;Unknown;0;0;NO;;;;;;;Never Transmitted;Abrir no navegador
G9-FMV-NUS-EYSV;AMBEV, Vehicle;b875;G9FMVNUSEYSV;Não ativo;GO Mode;Unknown;0;0;NO;;;;;;;Never Transmitted;Abrir no navegador
G9-FNH-Z01-E9YF;AMBEV, Vehicle;b82C;G9FNHZ01E9YF;Não ativo;GO Mode;Unknown;0;0;NO;;;;;;;Never Transmitted;Abrir no navegador
G9-FNU-PY1-5HE2;AMBEV, Vehicle;b812;G9FNUPY15HE2;Não ativo;GO Mode;Unknown;0;0;NO;;;;;;;Never Transmitted;Abrir no navegador
G9-FR5-2R4-XY1N;AMBEV, Vehicle;bA21;G9FR52R4XY1N;Não ativo;GO Mode;Unknown;0;0;NO;;;;;;;Never Transmitted;Abrir no navegador
G9-FSP-03M-9HJT;AMBEV, Vehicle;b923;G9FSP03M9HJT;Não ativo;GO Mode;Unknown;0;0;NO;;;;;;;Never Transmitted;Abrir no navegador
G9-FST-F15-USZW;AMBEV, Vehicle;b964;G9FSTF15USZW;Não ativo;GO Mode;Unknown;0;0;NO;;;;;;;Never Transmitted;Abrir no navegador
G9-FTB-WEF-ME3R;AMBEV, Vehicle;bA6F;G9FTBWEFME3R;Não ativo;GO Mode;Unknown;0;0;NO;;;;;;;Never Transmitted;Abrir no navegador
G9-FVM-133-A02H;AMBEV, Vehicle;b90C;G9FVM133A02H;Não ativo;GO Mode;Unknown;0;0;NO;;;;;;;Never Transmitted;Abrir no navegador
G9-FX3-SFR-55DN;AMBEV, Vehicle;b850;G9FX3SFR55DN;Não ativo;GO Mode;Unknown;0;0;NO;;;;;;;Never Transmitted;Abrir no navegador
G9-FXM-80V-344W;AMBEV, Vehicle;bA34;G9FXM80V344W;Não ativo;GO Mode;Unknown;0;0;NO;;;;;;;Never Transmitted;Abrir no navegador
G9-FZS-5Y7-429H;AMBEV, Vehicle;b7E0;G9FZS5Y7429H;Não ativo;GO Mode;Unknown;0;0;NO;;;;;;;Never Transmitted;Abrir no navegador
G9-H17-X3A-WFU0;AMBEV, Vehicle;b967;G9H17X3AWFU0;Não ativo;GO Mode;Unknown;0;0;NO;;;;;;;Never Transmitted;Abrir no navegador
G9-H22-2N1-04PH;AMBEV, Vehicle;b9D2;G9H222N104PH;Não ativo;GO Mode;Unknown;0;0;NO;;;;;;;Never Transmitted;Abrir no navegador
G9-H39-BV0-AKNC;AMBEV, Vehicle;bA69;G9H39BV0AKNC;Não ativo;GO Mode;Unknown;0;0;NO;;;;;;;Never Transmitted;Abrir no navegador
G9-H6M-4E0-DJT7;AMBEV, Vehicle;b7D6;G9H6M4E0DJT7;Não ativo;GO Mode;Unknown;0;0;NO;;;;;;;Never Transmitted;Abrir no navegador
G9-H6P-PTA-6RXJ;AMBEV, Vehicle;b94D;G9H6PPTA6RXJ;Não ativo;GO Mode;Unknown;0;0;NO;;;;;;;Never Transmitted;Abrir no navegador
G9-H7B-473-64JH;AMBEV, Vehicle, Gasoline or Petrol;b736;G9H7B47364JH;Off-line para 3+ Dias;GO Mode;46108,72592;46108,71042;46108,72592;NO;;;R. Aranha, 235 - Santa Efigenia, Brumadinho - MG, 35460-000, Brasil;10 Days;9; Days;9 Days;Abrir no navegador
G9-H7C-VAV-15UY;AMBEV, Vehicle;b9EF;G9H7CVAV15UY;Não ativo;GO Mode;Unknown;0;0;NO;;;;;;;Never Transmitted;Abrir no navegador
G9-H7T-ZA8-RR01;AMBEV, Vehicle;b920;G9H7TZA8RR01;Não ativo;GO Mode;Unknown;0;0;NO;;;;;;;Never Transmitted;Abrir no navegador
G9-H9D-C0J-EKZ7;AMBEV, Vehicle;b79F;G9H9DC0JEKZ7;Não ativo;GO Mode;Unknown;0;0;NO;;;;;;;Never Transmitted;Abrir no navegador
G9-H9R-3JV-DX44;AMBEV, Vehicle;b82F;G9H9R3JVDX44;Não ativo;GO Mode;Unknown;0;0;NO;;;;;;;Never Transmitted;Abrir no navegador
G9-H9Z-RS3-6V2F;AMBEV, Vehicle;b9C9;G9H9ZRS36V2F;Não ativo;GO Mode;Unknown;0;0;NO;;;;;;;Never Transmitted;Abrir no navegador
G9-HD9-PC0-AHVC;AMBEV, Vehicle;b8BD;G9HD9PC0AHVC;Não ativo;GO Mode;Unknown;0;0;NO;;;;;;;Never Transmitted;Abrir no navegador
G9-HED-9HN-50JK;AMBEV, Vehicle;bA1D;G9HED9HN50JK;Não ativo;GO Mode;Unknown;0;0;NO;;;;;;;Never Transmitted;Abrir no navegador
G9-HEH-DZ1-BDJX;AMBEV, Vehicle;b8F4;G9HEHDZ1BDJX;Não ativo;GO Mode;Unknown;0;0;NO;;;;;;;Never Transmitted;Abrir no navegador
G9-HEN-57J-1BCT;AMBEV, Vehicle;b6E2;G9HEN57J1BCT;Não ativo;GO Mode;Unknown;0;0;NO;;;;;;;Never Transmitted;Abrir no navegador
G9-HF4-4AV-C11E;AMBEV, Vehicle;b32D;G9HF44AVC11E;Não ativo;GO Mode;Unknown;0;0;NO;;;;;;;Never Transmitted;Abrir no navegador
G9-HJ5-FKP-8XPJ;AMBEV, Vehicle;b8AD;G9HJ5FKP8XPJ;Não ativo;GO Mode;Unknown;0;0;NO;;;;;;;Never Transmitted;Abrir no navegador
G9-HJH-DSZ-DKTS;AMBEV, Vehicle;b7DA;G9HJHDSZDKTS;Não ativo;GO Mode;Unknown;0;0;NO;;;;;;;Never Transmitted;Abrir no navegador
G9-HKH-DZT-0V9M;AMBEV, Vehicle;b251;G9HKHDZT0V9M;Não ativo;GO Mode;Unknown;0;0;NO;;;;;;;Never Transmitted;Abrir no navegador
G9-HN6-SM6-VC99;AMBEV, Vehicle;b8F3;G9HN6SM6VC99;Não ativo;GO Mode;Unknown;0;0;NO;;;;;;;Never Transmitted;Abrir no navegador
G9-HNP-E4X-WAY4;AMBEV, Vehicle;bA02;G9HNPE4XWAY4;Não ativo;GO Mode;Unknown;0;0;NO;;;;;;;Never Transmitted;Abrir no navegador
G9-HPJ-R4Z-269J;AMBEV, Vehicle;b934;G9HPJR4Z269J;Não ativo;GO Mode;Unknown;0;0;NO;;;;;;;Never Transmitted;Abrir no navegador
G9-HU5-YYF-426M;AMBEV, Vehicle;b9EE;G9HU5YYF426M;Não ativo;GO Mode;Unknown;0;0;NO;;;;;;;Never Transmitted;Abrir no navegador
G9-HUJ-JN8-6E40;AMBEV, Vehicle;b9DB;G9HUJJN86E40;Não ativo;GO Mode;Unknown;0;0;NO;;;;;;;Never Transmitted;Abrir no navegador
G9-HW1-1PK-PVMA;AMBEV, Vehicle;b94E;G9HW11PKPVMA;Não ativo;GO Mode;Unknown;0;0;NO;;;;;;;Never Transmitted;Abrir no navegador
G9-HX1-C0D-TJU3;AMBEV, Vehicle;b586;G9HX1C0DTJU3;Não ativo;GO Mode;Unknown;0;0;NO;;;;;;;Never Transmitted;Abrir no navegador
G9-J1F-EK5-A6V2;AMBEV, Vehicle;b996;G9J1FEK5A6V2;Não ativo;GO Mode;Unknown;0;0;NO;;;;;;;Never Transmitted;Abrir no navegador
G9-J1V-9U0-3MMJ;AMBEV, Vehicle;b900;G9J1V9U03MMJ;Não ativo;GO Mode;Unknown;0;0;NO;;;;;;;Never Transmitted;Abrir no navegador
G9-J2V-9C6-3857;AMBEV, Vehicle;bA57;G9J2V9C63857;Não ativo;GO Mode;Unknown;0;0;NO;;;;;;;Never Transmitted;Abrir no navegador
G9-J32-Y28-K2V3;AMBEV, Vehicle;b819;G9J32Y28K2V3;Não ativo;GO Mode;Unknown;0;0;NO;;;;;;;Never Transmitted;Abrir no navegador
G9-J3V-0V8-AZYK;AMBEV, Vehicle;b83F;G9J3V0V8AZYK;Não ativo;GO Mode;Unknown;0;0;NO;;;;;;;Never Transmitted;Abrir no navegador
G9-J5D-Z89-0NM9;AMBEV, Vehicle;bA0A;G9J5DZ890NM9;Não ativo;GO Mode;Unknown;0;0;NO;;;;;;;Never Transmitted;Abrir no navegador
G9-J5H-5W5-JANB;AMBEV, Vehicle;b8E1;G9J5H5W5JANB;Não ativo;GO Mode;Unknown;0;0;NO;;;;;;;Never Transmitted;Abrir no navegador
G9-J7H-W6S-RVUZ;AMBEV, Vehicle;bA29;G9J7HW6SRVUZ;Não ativo;GO Mode;Unknown;0;0;NO;;;;;;;Never Transmitted;Abrir no navegador
G9-J9Y-R0R-668Z;AMBEV, Vehicle;b806;G9J9YR0R668Z;Não ativo;GO Mode;Unknown;0;0;NO;;;;;;;Never Transmitted;Abrir no navegador
G9-JBB-220-ZY63;AMBEV, Vehicle;b90F;G9JBB220ZY63;Não ativo;GO Mode;Unknown;0;0;NO;;;;;;;Never Transmitted;Abrir no navegador
G9-JBC-FK3-3BHR;AMBEV, Vehicle;b824;G9JBCFK33BHR;Não ativo;GO Mode;Unknown;0;0;NO;;;;;;;Never Transmitted;Abrir no navegador
G9-JHC-PVM-JZ7C;AMBEV, Vehicle;b8AE;G9JHCPVMJZ7C;Não ativo;GO Mode;Unknown;0;0;NO;;;;;;;Never Transmitted;Abrir no navegador
G9-JK1-URZ-X4PP;AMBEV, Vehicle;b969;G9JK1URZX4PP;Não ativo;GO Mode;Unknown;0;0;NO;;;;;;;Never Transmitted;Abrir no navegador
G9-JRJ-5HN-244J;AMBEV, Vehicle;b7F3;G9JRJ5HN244J;Não ativo;GO Mode;Unknown;0;0;NO;;;;;;;Never Transmitted;Abrir no navegador
G9-JVT-1VB-5N4S;AMBEV, Vehicle;b999;G9JVT1VB5N4S;Não ativo;GO Mode;Unknown;0;0;NO;;;;;;;Never Transmitted;Abrir no navegador
G9-JWY-M8H-6CVZ;AMBEV, Vehicle;bA20;G9JWYM8H6CVZ;Não ativo;GO Mode;Unknown;0;0;NO;;;;;;;Never Transmitted;Abrir no navegador
G9-JZW-00W-JZN6;AMBEV, Vehicle;b7FF;G9JZW00WJZN6;Não ativo;GO Mode;Unknown;0;0;NO;;;;;;;Never Transmitted;Abrir no navegador
G9-K2E-31H-YV1X;AMBEV, Vehicle;b9E5;G9K2E31HYV1X;Não ativo;GO Mode;Unknown;0;0;NO;;;;;;;Never Transmitted;Abrir no navegador
G9-K2N-534-S3UC;AMBEV, Vehicle;b851;G9K2N534S3UC;Não ativo;GO Mode;Unknown;0;0;NO;;;;;;;Never Transmitted;Abrir no navegador
G9-K30-FPU-3SY2;AMBEV, Vehicle;b9E7;G9K30FPU3SY2;Não ativo;GO Mode;Unknown;0;0;NO;;;;;;;Never Transmitted;Abrir no navegador
G9-K4N-HT7-NCEC;AMBEV, Vehicle;b69E;G9K4NHT7NCEC;Não ativo;GO Mode;Unknown;0;0;NO;;;;;;;Never Transmitted;Abrir no navegador
G9-K4U-7Z3-YAMD;AMBEV, Vehicle;b856;G9K4U7Z3YAMD;Não ativo;GO Mode;Unknown;0;0;NO;;;;;;;Never Transmitted;Abrir no navegador
G9-K65-XJZ-XNMD;AMBEV, Vehicle;b81A;G9K65XJZXNMD;Não ativo;GO Mode;Unknown;0;0;NO;;;;;;;Never Transmitted;Abrir no navegador
G9-K7B-R4D-VP8Z;AMBEV, Vehicle;b925;G9K7BR4DVP8Z;Não ativo;GO Mode;Unknown;0;0;NO;;;;;;;Never Transmitted;Abrir no navegador
G9-K8M-21F-Y2AZ;AMBEV, Vehicle;b7F7;G9K8M21FY2AZ;Não ativo;GO Mode;Unknown;0;0;NO;;;;;;;Never Transmitted;Abrir no navegador
G9-KA9-TY9-WH7V;AMBEV, Vehicle;b8CC;G9KA9TY9WH7V;Não ativo;GO Mode;Unknown;0;0;NO;;;;;;;Never Transmitted;Abrir no navegador
G9-KAK-85J-TANX;AMBEV, Vehicle;b682;G9KAK85JTANX;Não ativo;GO Mode;Unknown;0;0;NO;;;;;;;Never Transmitted;Abrir no navegador
G9-KBF-9A9-1F2N;AMBEV, Vehicle;bA66;G9KBF9A91F2N;Não ativo;GO Mode;Unknown;0;0;NO;;;;;;;Never Transmitted;Abrir no navegador
G9-KBY-X21-P2BS;AMBEV, Vehicle;b84A;G9KBYX21P2BS;Não ativo;GO Mode;Unknown;0;0;NO;;;;;;;Never Transmitted;Abrir no navegador
G9-KC1-4A6-ZEWJ;AMBEV, Vehicle;b85D;G9KC14A6ZEWJ;Não ativo;GO Mode;Unknown;0;0;NO;;;;;;;Never Transmitted;Abrir no navegador
G9-KEC-19P-MZSS;AMBEV, Vehicle;b90B;G9KEC19PMZSS;Não ativo;GO Mode;Unknown;0;0;NO;;;;;;;Never Transmitted;Abrir no navegador
G9-KEF-M35-JBC1;AMBEV, Vehicle;b998;G9KEFM35JBC1;Não ativo;GO Mode;Unknown;0;0;NO;;;;;;;Never Transmitted;Abrir no navegador
G9-KH3-AX6-MBFD;AMBEV, Vehicle;b9DE;G9KH3AX6MBFD;Não ativo;GO Mode;Unknown;0;0;NO;;;;;;;Never Transmitted;Abrir no navegador
G9-KJ7-ABH-Z35R;AMBEV, Vehicle;b96C;G9KJ7ABHZ35R;Não ativo;GO Mode;Unknown;0;0;NO;;;;;;;Never Transmitted;Abrir no navegador
G9-KMU-ZMW-BC2P;AMBEV, Vehicle;bA62;G9KMUZMWBC2P;Não ativo;GO Mode;Unknown;0;0;NO;;;;;;;Never Transmitted;Abrir no navegador
G9-KN7-WU8-ZJDJ;AMBEV, Vehicle;bA61;G9KN7WU8ZJDJ;Não ativo;GO Mode;Unknown;0;0;NO;;;;;;;Never Transmitted;Abrir no navegador
G9-KPA-WFV-SHA2;AMBEV, Vehicle;b8D1;G9KPAWFVSHA2;Não ativo;GO Mode;Unknown;0;0;NO;;;;;;;Never Transmitted;Abrir no navegador
G9-KRF-1SX-9PM8;AMBEV, Vehicle;bA2A;G9KRF1SX9PM8;Não ativo;GO Mode;Unknown;0;0;NO;;;;;;;Never Transmitted;Abrir no navegador
G9-KRS-62U-057J;AMBEV, Vehicle;b7CB;G9KRS62U057J;Não ativo;GO Mode;Unknown;0;0;NO;;;;;;;Never Transmitted;Abrir no navegador
G9-KSV-SMP-6EYR;AMBEV, Vehicle;b882;G9KSVSMP6EYR;Não ativo;GO Mode;Unknown;0;0;NO;;;;;;;Never Transmitted;Abrir no navegador
G9-KU2-WBM-J1FN;AMBEV, Vehicle;b987;G9KU2WBMJ1FN;Não ativo;GO Mode;Unknown;0;0;NO;;;;;;;Never Transmitted;Abrir no navegador
G9-KU8-T05-X5F2;AMBEV, Vehicle;b96B;G9KU8T05X5F2;Não ativo;GO Mode;Unknown;0;0;NO;;;;;;;Never Transmitted;Abrir no navegador
G9-KVP-1FY-N2TS;AMBEV, Vehicle;b96D;G9KVP1FYN2TS;Não ativo;GO Mode;Unknown;0;0;NO;;;;;;;Never Transmitted;Abrir no navegador
G9-KY0-1Z2-F3WU;AMBEV, Vehicle;b6A4;G9KY01Z2F3WU;Não ativo;GO Mode;Unknown;0;0;NO;;;;;;;Never Transmitted;Abrir no navegador
G9-KY6-XM7-F4JB;AMBEV, Vehicle;bA2F;G9KY6XM7F4JB;Não ativo;GO Mode;Unknown;0;0;NO;;;;;;;Never Transmitted;Abrir no navegador
G9-KZH-0ZS-2YPU;AMBEV, Vehicle;b9E6;G9KZH0ZS2YPU;Não ativo;GO Mode;Unknown;0;0;NO;;;;;;;Never Transmitted;Abrir no navegador
G9-M08-E27-DA66;AMBEV, Vehicle;b863;G9M08E27DA66;Não ativo;GO Mode;Unknown;0;0;NO;;;;;;;Never Transmitted;Abrir no navegador
G9-M14-28F-4J11;AMBEV, Vehicle;b959;G9M1428F4J11;Não ativo;GO Mode;Unknown;0;0;NO;;;;;;;Never Transmitted;Abrir no navegador
G9-M1N-EX7-4YPX;AMBEV, Vehicle;b93E;G9M1NEX74YPX;Não ativo;GO Mode;Unknown;0;0;NO;;;;;;;Never Transmitted;Abrir no navegador
G9-M25-CND-UX64;AMBEV, Vehicle;b948;G9M25CNDUX64;Não ativo;GO Mode;Unknown;0;0;NO;;;;;;;Never Transmitted;Abrir no navegador
G9-M4A-70D-255Z;AMBEV, Vehicle;bA52;G9M4A70D255Z;Não ativo;GO Mode;Unknown;0;0;NO;;;;;;;Never Transmitted;Abrir no navegador
G9-M57-CD1-KJTZ;AMBEV, Vehicle;bA76;G9M57CD1KJTZ;Não ativo;Pro Mode;Unknown;0;0;NO;;;;;;;Never Transmitted;Abrir no navegador
G9-M5Y-Y5D-KW2Z;AMBEV, Vehicle;bA1F;G9M5YY5DKW2Z;Não ativo;GO Mode;Unknown;0;0;NO;;;;;;;Never Transmitted;Abrir no navegador
G9-M7W-NNA-KFKX;AMBEV, Vehicle;bA30;G9M7WNNAKFKX;Não ativo;GO Mode;Unknown;0;0;NO;;;;;;;Never Transmitted;Abrir no navegador
G9-M87-S21-WDTF;AMBEV, Vehicle;b8F7;G9M87S21WDTF;Não ativo;GO Mode;Unknown;0;0;NO;;;;;;;Never Transmitted;Abrir no navegador
G9-M8N-HX8-1FCR;AMBEV, Vehicle;b892;G9M8NHX81FCR;Não ativo;GO Mode;Unknown;0;0;NO;;;;;;;Never Transmitted;Abrir no navegador
G9-M8S-Y70-92SH;AMBEV, Vehicle;bA13;G9M8SY7092SH;Não ativo;GO Mode;Unknown;0;0;NO;;;;;;;Never Transmitted;Abrir no navegador
G9-M9E-0E3-NR73;AMBEV, Vehicle;b7F5;G9M9E0E3NR73;Não ativo;GO Mode;Unknown;0;0;NO;;;;;;;Never Transmitted;Abrir no navegador
G9-MAJ-A3X-UXSD;AMBEV, Vehicle;b7A2;G9MAJA3XUXSD;Não ativo;GO Mode;Unknown;0;0;NO;;;;;;;Never Transmitted;Abrir no navegador
G9-MDZ-J44-7TT6;AMBEV, Vehicle;b9C6;G9MDZJ447TT6;Não ativo;GO Mode;Unknown;0;0;NO;;;;;;;Never Transmitted;Abrir no navegador
G9-ME7-XW0-9A5U;AMBEV, Vehicle;b7C4;G9ME7XW09A5U;Não ativo;GO Mode;Unknown;0;0;NO;;;;;;;Never Transmitted;Abrir no navegador
G9-MED-CN5-WW9D;AMBEV, Vehicle;b876;G9MEDCN5WW9D;Não ativo;GO Mode;Unknown;0;0;NO;;;;;;;Never Transmitted;Abrir no navegador
G9-MF9-FJ2-SX52;AMBEV, Vehicle;b803;G9MF9FJ2SX52;Não ativo;GO Mode;Unknown;0;0;NO;;;;;;;Never Transmitted;Abrir no navegador
G9-MFX-D3B-88HN;AMBEV, Vehicle;b501;G9MFXD3B88HN;Não ativo;GO Mode;Unknown;0;0;NO;;;;;;;Never Transmitted;Abrir no navegador
G9-MHT-XRT-D8SW;AMBEV, Vehicle;b6C2;G9MHTXRTD8SW;Não ativo;GO Mode;Unknown;0;0;NO;;;;;;;Never Transmitted;Abrir no navegador
G9-MJX-12P-EZVV;AMBEV, Vehicle;b81D;G9MJX12PEZVV;Não ativo;GO Mode;Unknown;0;0;NO;;;;;;;Never Transmitted;Abrir no navegador
G9-MMJ-9JY-KFJM;AMBEV, Vehicle;b44B;G9MMJ9JYKFJM;Não ativo;GO Mode;Unknown;0;0;NO;;;;;;;Never Transmitted;Abrir no navegador
G9-MNY-UK5-Y1J2;AMBEV, Vehicle;b861;G9MNYUK5Y1J2;Não ativo;GO Mode;Unknown;0;0;NO;;;;;;;Never Transmitted;Abrir no navegador
G9-MSD-49H-M8DS;AMBEV, Vehicle;b8EA;G9MSD49HM8DS;Não ativo;GO Mode;Unknown;0;0;NO;;;;;;;Never Transmitted;Abrir no navegador
G9-MSR-2YM-DMWB;AMBEV, Vehicle;b68B;G9MSR2YMDMWB;Não ativo;GO Mode;Unknown;0;0;NO;;;;;;;Never Transmitted;Abrir no navegador
G9-MT0-4DP-WVMM;AMBEV, Vehicle;b7A9;G9MT04DPWVMM;Não ativo;GO Mode;Unknown;0;0;NO;;;;;;;Never Transmitted;Abrir no navegador
G9-MVP-C1C-E8J9;AMBEV, Vehicle;b9E4;G9MVPC1CE8J9;Não ativo;GO Mode;Unknown;0;0;NO;;;;;;;Never Transmitted;Abrir no navegador
G9-MXW-E0H-WTHA;AMBEV, Vehicle;b9EB;G9MXWE0HWTHA;Não ativo;GO Mode;Unknown;0;0;NO;;;;;;;Never Transmitted;Abrir no navegador
G9-MYS-EE6-APFA;AMBEV, Vehicle;bA0E;G9MYSEE6APFA;Não ativo;GO Mode;Unknown;0;0;NO;;;;;;;Never Transmitted;Abrir no navegador
G9-MZH-E81-AM73;AMBEV, Vehicle;b8ED;G9MZHE81AM73;Não ativo;GO Mode;Unknown;0;0;NO;;;;;;;Never Transmitted;Abrir no navegador
G9-N0W-EZX-S9BB;AMBEV, Vehicle;b7C0;G9N0WEZXS9BB;Não ativo;GO Mode;Unknown;0;0;NO;;;;;;;Never Transmitted;Abrir no navegador
G9-N3H-4PH-MTR4;AMBEV, Vehicle;bA41;G9N3H4PHMTR4;Não ativo;GO Mode;Unknown;0;0;NO;;;;;;;Never Transmitted;Abrir no navegador
G9-N5T-AZE-ZF5S;AMBEV, Vehicle;b794;G9N5TAZEZF5S;Não ativo;GO Mode;Unknown;0;0;NO;;;;;;;Never Transmitted;Abrir no navegador
G9-N6B-JM2-0TJU;AMBEV, Vehicle;b4AB;G9N6BJM20TJU;Não ativo;GO Mode;Unknown;0;0;NO;;;;;;;Never Transmitted;Abrir no navegador
G9-N6F-MM9-UV6E;AMBEV, Vehicle;b9F5;G9N6FMM9UV6E;Não ativo;GO Mode;Unknown;0;0;NO;;;;;;;Never Transmitted;Abrir no navegador
G9-N74-8X7-APX0;AMBEV, Vehicle;b950;G9N748X7APX0;Não ativo;GO Mode;Unknown;0;0;NO;;;;;;;Never Transmitted;Abrir no navegador
G9-N9C-KK5-79HU;AMBEV, Vehicle;b831;G9N9CKK579HU;Não ativo;GO Mode;Unknown;0;0;NO;;;;;;;Never Transmitted;Abrir no navegador
G9-N9K-SY2-H6H2;AMBEV, Vehicle;bA60;G9N9KSY2H6H2;Não ativo;GO Mode;Unknown;0;0;NO;;;;;;;Never Transmitted;Abrir no navegador
G9-NH9-H1K-NWSS;AMBEV, Vehicle;b8EF;G9NH9H1KNWSS;Não ativo;GO Mode;Unknown;0;0;NO;;;;;;;Never Transmitted;Abrir no navegador
G9-NHK-PME-RJ9T;AMBEV, Vehicle;b56D;G9NHKPMERJ9T;Off-line para 3+ Dias;GO Mode;46107,35978;46105,72834;46107,35978;NO;;;Av. Estados Unidos, 1080 - Jardim Europa, Piracicaba - SP, 13416-500, Brasil;13 Days;10; Days;10 Days;Abrir no navegador
G9-NHP-M4Z-WSWZ;AMBEV, Vehicle;bA2C;G9NHPM4ZWSWZ;Não ativo;GO Mode;Unknown;0;0;NO;;;;;;;Never Transmitted;Abrir no navegador
G9-NJ0-1E1-JVTF;AMBEV, Vehicle;b688;G9NJ01E1JVTF;Não ativo;GO Mode;Unknown;0;0;NO;;;;;;;Never Transmitted;Abrir no navegador
G9-NJ4-A3N-Z14S;AMBEV, Vehicle;b983;G9NJ4A3NZ14S;Não ativo;GO Mode;Unknown;0;0;NO;;;;;;;Never Transmitted;Abrir no navegador
G9-NK6-A2H-ZB6C;AMBEV, Vehicle;b982;G9NK6A2HZB6C;Não ativo;GO Mode;Unknown;0;0;NO;;;;;;;Never Transmitted;Abrir no navegador
G9-NK7-RWR-ZE78;AMBEV, Vehicle;b960;G9NK7RWRZE78;Não ativo;GO Mode;Unknown;0;0;NO;;;;;;;Never Transmitted;Abrir no navegador
G9-NKA-YMW-Z1PH;AMBEV, Vehicle;bA17;G9NKAYMWZ1PH;Não ativo;GO Mode;Unknown;0;0;NO;;;;;;;Never Transmitted;Abrir no navegador
G9-NR4-P3R-5F05;AMBEV, Vehicle;b7B8;G9NR4P3R5F05;Não ativo;GO Mode;Unknown;0;0;NO;;;;;;;Never Transmitted;Abrir no navegador
G9-NRB-552-R8C7;AMBEV, Vehicle;b99B;G9NRB552R8C7;Não ativo;GO Mode;Unknown;0;0;NO;;;;;;;Never Transmitted;Abrir no navegador
G9-NRX-RVJ-503P;AMBEV, Vehicle;b7FD;G9NRXRVJ503P;Não ativo;GO Mode;Unknown;0;0;NO;;;;;;;Never Transmitted;Abrir no navegador
G9-NUP-3R0-VM3D;AMBEV, Vehicle;b855;G9NUP3R0VM3D;Não ativo;GO Mode;Unknown;0;0;NO;;;;;;;Never Transmitted;Abrir no navegador
G9-NUR-3JT-ZEYN;AMBEV, Vehicle;b686;G9NUR3JTZEYN;Off-line para 3+ Dias;GO Mode;46001,61973;46001,5925;46001,61973;NO;;;R. Leste Cinco, 460 - Distrito Industrial I, Maracanaú - CE, 61939-020, Brasil;117 Days;116; Days;116 Days;Abrir no navegador
G9-NUR-YER-1UTJ;AMBEV, Vehicle;b7A1;G9NURYER1UTJ;Não ativo;GO Mode;Unknown;0;0;NO;;;;;;;Never Transmitted;Abrir no navegador
G9-NY6-3MN-TB5T;AMBEV, Vehicle;bA6D;G9NY63MNTB5T;Não ativo;GO Mode;Unknown;0;0;NO;;;;;;;Never Transmitted;Abrir no navegador
G9-NYZ-PWM-VR6N;AMBEV, Vehicle;b96A;G9NYZPWMVR6N;Não ativo;GO Mode;Unknown;0;0;NO;;;;;;;Never Transmitted;Abrir no navegador
G9-NZ1-R7U-YCZR;AMBEV, Vehicle;b8B2;G9NZ1R7UYCZR;Não ativo;GO Mode;Unknown;0;0;NO;;;;;;;Never Transmitted;Abrir no navegador
G9-NZT-7MW-14VB;AMBEV, Vehicle;bA01;G9NZT7MW14VB;Não ativo;GO Mode;Unknown;0;0;NO;;;;;;;Never Transmitted;Abrir no navegador
G9-P10-BUJ-S6SS;AMBEV, Vehicle;b99F;G9P10BUJS6SS;Não ativo;GO Mode;Unknown;0;0;NO;;;;;;;Never Transmitted;Abrir no navegador
G9-P31-HM1-NZWX;AMBEV, Vehicle, Diesel;b536;G9P31HM1NZWX;Off-line para 3+ Dias;GO Mode;45992,76476;45992,411;45992,76476;NO;;;R. Tiradentes, 435 - Centro, Piracicaba - SP, 13400-760, Brasil;126 Days;125; Days;125 Days;Abrir no navegador
G9-P37-540-NCB8;AMBEV, Vehicle;bA11;G9P37540NCB8;Não ativo;GO Mode;Unknown;0;0;NO;;;;;;;Never Transmitted;Abrir no navegador
G9-P4Y-4ZW-M2AP;AMBEV, Vehicle;b9BB;G9P4Y4ZWM2AP;Não ativo;GO Mode;Unknown;0;0;NO;;;;;;;Never Transmitted;Abrir no navegador
G9-P78-JAZ-MBCS;AMBEV, Vehicle;b829;G9P78JAZMBCS;Não ativo;GO Mode;Unknown;0;0;NO;;;;;;;Never Transmitted;Abrir no navegador
G9-P7J-K8A-6F71;AMBEV, Vehicle;b895;G9P7JK8A6F71;Não ativo;GO Mode;Unknown;0;0;NO;;;;;;;Never Transmitted;Abrir no navegador
G9-P93-FTP-C1RC;AMBEV, Vehicle;b2F6;G9P93FTPC1RC;Não ativo;GO Mode;Unknown;0;0;NO;;;;;;;Never Transmitted;Abrir no navegador
G9-P9T-KUE-N5A4;AMBEV, Vehicle;bA4C;G9P9TKUEN5A4;Não ativo;GO Mode;Unknown;0;0;NO;;;;;;;Never Transmitted;Abrir no navegador
G9-PCH-DZN-BA30;AMBEV, Vehicle;b811;G9PCHDZNBA30;Não ativo;GO Mode;Unknown;0;0;NO;;;;;;;Never Transmitted;Abrir no navegador
G9-PD2-NDH-Y476;AMBEV, Vehicle;b8D9;G9PD2NDHY476;Não ativo;GO Mode;Unknown;0;0;NO;;;;;;;Never Transmitted;Abrir no navegador
G9-PFA-FMS-91V0;AMBEV, Vehicle;b865;G9PFAFMS91V0;Não ativo;GO Mode;Unknown;0;0;NO;;;;;;;Never Transmitted;Abrir no navegador
G9-PFB-P8A-1D5D;AMBEV, Vehicle;bA6A;G9PFBP8A1D5D;Não ativo;GO Mode;Unknown;0;0;NO;;;;;;;Never Transmitted;Abrir no navegador
G9-PFF-HYE-Z7S0;AMBEV, Vehicle;b40D;G9PFFHYEZ7S0;Não ativo;GO Mode;Unknown;0;0;NO;;;;;;;Never Transmitted;Abrir no navegador
G9-PFX-313-TVK3;AMBEV, Vehicle;b9F6;G9PFX313TVK3;Não ativo;GO Mode;Unknown;0;0;NO;;;;;;;Never Transmitted;Abrir no navegador
G9-PH4-73B-4CZ7;AMBEV, Vehicle;b975;G9PH473B4CZ7;Não ativo;GO Mode;Unknown;0;0;NO;;;;;;;Never Transmitted;Abrir no navegador
G9-PH8-9PF-AZV9;AMBEV, Vehicle;b8AF;G9PH89PFAZV9;Não ativo;GO Mode;Unknown;0;0;NO;;;;;;;Never Transmitted;Abrir no navegador
G9-PK0-KAN-CU6U;AMBEV, Vehicle;b2A5;G9PK0KANCU6U;Não ativo;GO Mode;Unknown;0;0;NO;;;;;;;Never Transmitted;Abrir no navegador
G9-PKB-J57-59D6;AMBEV, Vehicle;bA16;G9PKBJ5759D6;Não ativo;GO Mode;Unknown;0;0;NO;;;;;;;Never Transmitted;Abrir no navegador
G9-PKC-M6K-ZPTX;AMBEV, Vehicle;b79C;G9PKCM6KZPTX;Não ativo;GO Mode;Unknown;0;0;NO;;;;;;;Never Transmitted;Abrir no navegador
G9-PMM-2ZH-N1CS;AMBEV, Vehicle;b864;G9PMM2ZHN1CS;Não ativo;GO Mode;Unknown;0;0;NO;;;;;;;Never Transmitted;Abrir no navegador
G9-PMY-HUT-DH88;AMBEV, Vehicle;b91F;G9PMYHUTDH88;Não ativo;GO Mode;Unknown;0;0;NO;;;;;;;Never Transmitted;Abrir no navegador
G9-PPM-VNY-BSNY;AMBEV, Vehicle;b9B9;G9PPMVNYBSNY;Não ativo;GO Mode;Unknown;0;0;NO;;;;;;;Never Transmitted;Abrir no navegador
G9-PRA-H8E-0TJS;AMBEV, Vehicle;b9D7;G9PRAH8E0TJS;Não ativo;GO Mode;Unknown;0;0;NO;;;;;;;Never Transmitted;Abrir no navegador
G9-PSE-FT3-ACSP;AMBEV, Vehicle;b8F6;G9PSEFT3ACSP;Não ativo;GO Mode;Unknown;0;0;NO;;;;;;;Never Transmitted;Abrir no navegador
G9-PSP-T9N-RA7F;AMBEV, Vehicle;b8FF;G9PSPT9NRA7F;Não ativo;GO Mode;Unknown;0;0;NO;;;;;;;Never Transmitted;Abrir no navegador
G9-PT0-KH9-3VZX;AMBEV, Vehicle;b67F;G9PT0KH93VZX;Não ativo;GO Mode;Unknown;0;0;NO;;;;;;;Never Transmitted;Abrir no navegador
G9-PT8-5TS-PXU4;AMBEV, Vehicle;b88B;G9PT85TSPXU4;Não ativo;GO Mode;Unknown;0;0;NO;;;;;;;Never Transmitted;Abrir no navegador
G9-PVN-5FT-5PSE;AMBEV, Vehicle;b961;G9PVN5FT5PSE;Não ativo;GO Mode;Unknown;0;0;NO;;;;;;;Never Transmitted;Abrir no navegador
G9-PVW-6KD-Y256;AMBEV, Vehicle;b7AF;G9PVW6KDY256;Não ativo;GO Mode;Unknown;0;0;NO;;;;;;;Never Transmitted;Abrir no navegador
G9-PWP-TPZ-UTZB;AMBEV, Vehicle;b68E;G9PWPTPZUTZB;Não ativo;GO Mode;Unknown;0;0;NO;;;;;;;Never Transmitted;Abrir no navegador
G9-PXN-C8W-81KZ;AMBEV, Vehicle;bA24;G9PXNC8W81KZ;Não ativo;GO Mode;Unknown;0;0;NO;;;;;;;Never Transmitted;Abrir no navegador
G9-R0E-BKX-664D;AMBEV, Vehicle;b809;G9R0EBKX664D;Não ativo;GO Mode;Unknown;0;0;NO;;;;;;;Never Transmitted;Abrir no navegador
G9-R0Z-MS7-40J2;AMBEV, Vehicle;b7DE;G9R0ZMS740J2;Não ativo;GO Mode;Unknown;0;0;NO;;;;;;;Never Transmitted;Abrir no navegador
G9-R20-FNY-ER20;AMBEV, Vehicle;b7E5;G9R20FNYER20;Não ativo;GO Mode;Unknown;0;0;NO;;;;;;;Never Transmitted;Abrir no navegador
G9-R2B-6D4-8C18;AMBEV, Vehicle;b7EA;G9R2B6D48C18;Não ativo;GO Mode;Unknown;0;0;NO;;;;;;;Never Transmitted;Abrir no navegador
G9-R49-X5U-Y1BV;AMBEV, Vehicle;b7A6;G9R49X5UY1BV;Não ativo;GO Mode;Unknown;0;0;NO;;;;;;;Never Transmitted;Abrir no navegador
G9-R62-DHB-5660;AMBEV, Vehicle;b8DE;G9R62DHB5660;Não ativo;GO Mode;Unknown;0;0;NO;;;;;;;Never Transmitted;Abrir no navegador
G9-R6N-UXT-EU64;AMBEV, Vehicle;b838;G9R6NUXTEU64;Não ativo;GO Mode;Unknown;0;0;NO;;;;;;;Never Transmitted;Abrir no navegador
G9-R93-P40-X4U3;AMBEV, Vehicle;b451;G9R93P40X4U3;Não ativo;GO Mode;Unknown;0;0;NO;;;;;;;Never Transmitted;Abrir no navegador
G9-RDS-7YV-60RC;AMBEV, Vehicle;b99A;G9RDS7YV60RC;Não ativo;GO Mode;Unknown;0;0;NO;;;;;;;Never Transmitted;Abrir no navegador
G9-RE1-10K-PTZ4;AMBEV, Vehicle;b95F;G9RE110KPTZ4;Não ativo;GO Mode;Unknown;0;0;NO;;;;;;;Never Transmitted;Abrir no navegador
G9-RE4-RCE-3VYB;AMBEV, Vehicle;b7D7;G9RE4RCE3VYB;Não ativo;GO Mode;Unknown;0;0;NO;;;;;;;Never Transmitted;Abrir no navegador
G9-RE9-92X-FM7K;AMBEV, Vehicle;b9A3;G9RE992XFM7K;Não ativo;GO Mode;Unknown;0;0;NO;;;;;;;Never Transmitted;Abrir no navegador
G9-RFF-7JZ-950X;AMBEV, Vehicle;b51C;G9RFF7JZ950X;Não ativo;GO Mode;Unknown;0;0;NO;;;;;;;Never Transmitted;Abrir no navegador
G9-RJ2-YT9-7YYZ;AMBEV, Vehicle;b9AE;G9RJ2YT97YYZ;Não ativo;GO Mode;Unknown;0;0;NO;;;;;;;Never Transmitted;Abrir no navegador
G9-RPW-HH6-E43M;AMBEV, Vehicle;bA36;G9RPWHH6E43M;Não ativo;GO Mode;Unknown;0;0;NO;;;;;;;Never Transmitted;Abrir no navegador
G9-RT7-7PR-0KE1;AMBEV, Vehicle;b94A;G9RT77PR0KE1;Não ativo;GO Mode;Unknown;0;0;NO;;;;;;;Never Transmitted;Abrir no navegador
G9-RU1-5ZJ-YVHD;AMBEV, Vehicle;bA15;G9RU15ZJYVHD;Não ativo;GO Mode;Unknown;0;0;NO;;;;;;;Never Transmitted;Abrir no navegador
G9-RWJ-0ER-SNA8;AMBEV, Vehicle;bA6B;G9RWJ0ERSNA8;Não ativo;GO Mode;Unknown;0;0;NO;;;;;;;Never Transmitted;Abrir no navegador
G9-RWV-T16-JC67;AMBEV, Vehicle;b5B1;G9RWVT16JC67;Não ativo;GO Mode;Unknown;0;0;NO;;;;;;;Never Transmitted;Abrir no navegador
G9-RWY-ZU4-X2H7;AMBEV, Vehicle;b939;G9RWYZU4X2H7;Não ativo;GO Mode;Unknown;0;0;NO;;;;;;;Never Transmitted;Abrir no navegador
G9-RXT-35R-SJ4V;AMBEV, Vehicle;b7DB;G9RXT35RSJ4V;Não ativo;GO Mode;Unknown;0;0;NO;;;;;;;Never Transmitted;Abrir no navegador
G9-RXY-3H4-0HFM;AMBEV, Vehicle;b9A9;G9RXY3H40HFM;Não ativo;GO Mode;Unknown;0;0;NO;;;;;;;Never Transmitted;Abrir no navegador
G9-S05-8HA-ZFW8;AMBEV, Vehicle;b872;G9S058HAZFW8;Não ativo;GO Mode;Unknown;0;0;NO;;;;;;;Never Transmitted;Abrir no navegador
G9-S12-C3F-Y1SZ;AMBEV, Vehicle;b79E;G9S12C3FY1SZ;Não ativo;GO Mode;Unknown;0;0;NO;;;;;;;Never Transmitted;Abrir no navegador
G9-S1V-7UH-XTKJ;AMBEV, Vehicle;b9B0;G9S1V7UHXTKJ;Não ativo;GO Mode;Unknown;0;0;NO;;;;;;;Never Transmitted;Abrir no navegador
G9-S2E-D24-873D;AMBEV, Vehicle;b9D0;G9S2ED24873D;Não ativo;GO Mode;Unknown;0;0;NO;;;;;;;Never Transmitted;Abrir no navegador
G9-S2P-W8V-5E2B;AMBEV, Vehicle;b9FB;G9S2PW8V5E2B;Não ativo;GO Mode;Unknown;0;0;NO;;;;;;;Never Transmitted;Abrir no navegador
G9-S2R-2MH-5174;AMBEV, Vehicle;b901;G9S2R2MH5174;Não ativo;GO Mode;Unknown;0;0;NO;;;;;;;Never Transmitted;Abrir no navegador
G9-S4U-039-W5PR;AMBEV, Vehicle;b86A;G9S4U039W5PR;Não ativo;GO Mode;Unknown;0;0;NO;;;;;;;Never Transmitted;Abrir no navegador
G9-S51-47H-X50Y;AMBEV, Vehicle;b947;G9S5147HX50Y;Não ativo;GO Mode;Unknown;0;0;NO;;;;;;;Never Transmitted;Abrir no navegador
G9-S7S-Z2K-PEXP;AMBEV, Vehicle;b978;G9S7SZ2KPEXP;Não ativo;GO Mode;Unknown;0;0;NO;;;;;;;Never Transmitted;Abrir no navegador
G9-S89-Z9X-VTYW;AMBEV, Vehicle;b7EE;G9S89Z9XVTYW;Não ativo;GO Mode;Unknown;0;0;NO;;;;;;;Never Transmitted;Abrir no navegador
G9-SA2-37B-ZS9Y;AMBEV, Vehicle;b89E;G9SA237BZS9Y;Não ativo;GO Mode;Unknown;0;0;NO;;;;;;;Never Transmitted;Abrir no navegador
G9-SB0-JPY-EWBB;AMBEV, Vehicle;b89C;G9SB0JPYEWBB;Não ativo;GO Mode;Unknown;0;0;NO;;;;;;;Never Transmitted;Abrir no navegador
G9-SC0-RRV-P6HH;AMBEV, Vehicle;bA49;G9SC0RRVP6HH;Não ativo;GO Mode;Unknown;0;0;NO;;;;;;;Never Transmitted;Abrir no navegador
G9-SCA-DXZ-A144;AMBEV, Vehicle;b9A2;G9SCADXZA144;Não ativo;GO Mode;Unknown;0;0;NO;;;;;;;Never Transmitted;Abrir no navegador
G9-SCZ-NN4-MNPK;AMBEV, Vehicle;b7A5;G9SCZNN4MNPK;Não ativo;GO Mode;Unknown;0;0;NO;;;;;;;Never Transmitted;Abrir no navegador
G9-SE5-JBZ-BDSD;AMBEV, Vehicle;b82D;G9SE5JBZBDSD;Não ativo;GO Mode;Unknown;0;0;NO;;;;;;;Never Transmitted;Abrir no navegador
G9-SEV-Y4U-3V9B;AMBEV, Vehicle;b814;G9SEVY4U3V9B;Não ativo;GO Mode;Unknown;0;0;NO;;;;;;;Never Transmitted;Abrir no navegador
G9-SFP-7WS-DMD3;AMBEV, Vehicle;b94C;G9SFP7WSDMD3;Não ativo;GO Mode;Unknown;0;0;NO;;;;;;;Never Transmitted;Abrir no navegador
G9-SFV-BHW-E09H;AMBEV, Vehicle;b8BF;G9SFVBHWE09H;Não ativo;GO Mode;Unknown;0;0;NO;;;;;;;Never Transmitted;Abrir no navegador
G9-SH6-9D2-KSKX;AMBEV, Vehicle;b903;G9SH69D2KSKX;Não ativo;GO Mode;Unknown;0;0;NO;;;;;;;Never Transmitted;Abrir no navegador
G9-SHW-BA1-HZ69;AMBEV, Vehicle;b8B8;G9SHWBA1HZ69;Não ativo;GO Mode;Unknown;0;0;NO;;;;;;;Never Transmitted;Abrir no navegador
G9-SHZ-7SW-NYS6;AMBEV, Vehicle;b8A4;G9SHZ7SWNYS6;Não ativo;GO Mode;Unknown;0;0;NO;;;;;;;Never Transmitted;Abrir no navegador
G9-SKX-VY5-W586;AMBEV, Vehicle;b8D5;G9SKXVY5W586;Não ativo;GO Mode;Unknown;0;0;NO;;;;;;;Never Transmitted;Abrir no navegador
G9-SM9-XVC-B142;AMBEV, Vehicle;b9FA;G9SM9XVCB142;Não ativo;GO Mode;Unknown;0;0;NO;;;;;;;Never Transmitted;Abrir no navegador
G9-SMC-NYE-ENCR;AMBEV, Vehicle;b95D;G9SMCNYEENCR;Não ativo;GO Mode;Unknown;0;0;NO;;;;;;;Never Transmitted;Abrir no navegador
G9-SN2-3ZY-X15T;AMBEV, Vehicle;b825;G9SN23ZYX15T;Não ativo;GO Mode;Unknown;0;0;NO;;;;;;;Never Transmitted;Abrir no navegador
G9-SP5-ZKT-414N;AMBEV, Vehicle;b977;G9SP5ZKT414N;Não ativo;GO Mode;Unknown;0;0;NO;;;;;;;Never Transmitted;Abrir no navegador
G9-SR7-6RX-6A25;AMBEV, Vehicle;b963;G9SR76RX6A25;Não ativo;GO Mode;Unknown;0;0;NO;;;;;;;Never Transmitted;Abrir no navegador
G9-SRT-STV-TDWB;AMBEV, Vehicle;bA04;G9SRTSTVTDWB;Não ativo;GO Mode;Unknown;0;0;NO;;;;;;;Never Transmitted;Abrir no navegador
G9-ST6-C8R-6TU8;AMBEV, Vehicle;b8D7;G9ST6C8R6TU8;Não ativo;GO Mode;Unknown;0;0;NO;;;;;;;Never Transmitted;Abrir no navegador
G9-SW6-76U-1WFR;AMBEV, Vehicle;bA67;G9SW676U1WFR;Não ativo;GO Mode;Unknown;0;0;NO;;;;;;;Never Transmitted;Abrir no navegador
G9-SYD-CBF-6Z8B;AMBEV, Vehicle;b938;G9SYDCBF6Z8B;Não ativo;GO Mode;Unknown;0;0;NO;;;;;;;Never Transmitted;Abrir no navegador
G9-SZY-VH1-BU7J;AMBEV, Vehicle;b62B;G9SZYVH1BU7J;Off-line para 3+ Dias;GO Mode;45979,62299;45979,61828;45979,62299;NO;;;Av. José Marão Filho, 8754 - Polo Comercial e Industrial, Votuporanga - SP, 15502-045, Brasil;139 Days;138; Days;138 Days;Abrir no navegador
G9-T0S-X2B-45KB;AMBEV, Vehicle;b85E;G9T0SX2B45KB;Não ativo;GO Mode;Unknown;0;0;NO;;;;;;;Never Transmitted;Abrir no navegador
G9-T3F-Y8V-TKCX;AMBEV, Vehicle;b6CC;G9T3FY8VTKCX;Não ativo;GO Mode;Unknown;0;0;NO;;;;;;;Never Transmitted;Abrir no navegador
G9-T3V-MCM-DS50;AMBEV, Vehicle;bA09;G9T3VMCMDS50;Não ativo;GO Mode;Unknown;0;0;NO;;;;;;;Never Transmitted;Abrir no navegador
G9-T3W-SJW-MJFA;AMBEV, Vehicle;b8C2;G9T3WSJWMJFA;Não ativo;GO Mode;Unknown;0;0;NO;;;;;;;Never Transmitted;Abrir no navegador
G9-T5H-F7T-FJWH;AMBEV, Vehicle;b9D6;G9T5HF7TFJWH;Não ativo;GO Mode;Unknown;0;0;NO;;;;;;;Never Transmitted;Abrir no navegador
G9-T66-DJH-D3Z4;AMBEV, Vehicle;b97F;G9T66DJHD3Z4;Não ativo;GO Mode;Unknown;0;0;NO;;;;;;;Never Transmitted;Abrir no navegador
G9-T6F-V3N-J9D0;AMBEV, Vehicle;b7D3;G9T6FV3NJ9D0;Não ativo;GO Mode;Unknown;0;0;NO;;;;;;;Never Transmitted;Abrir no navegador
G9-T7J-B74-2Z2J;AMBEV, Vehicle;b68F;G9T7JB742Z2J;Não ativo;GO Mode;Unknown;0;0;NO;;;;;;;Never Transmitted;Abrir no navegador
G9-TA1-R0N-1ZV6;AMBEV, Vehicle;b840;G9TA1R0N1ZV6;Não ativo;GO Mode;Unknown;0;0;NO;;;;;;;Never Transmitted;Abrir no navegador
G9-TA7-1A7-T779;AMBEV, Vehicle;b8A6;G9TA71A7T779;Não ativo;GO Mode;Unknown;0;0;NO;;;;;;;Never Transmitted;Abrir no navegador
G9-TAC-NJN-B6UK;AMBEV, Vehicle;b946;G9TACNJNB6UK;Não ativo;GO Mode;Unknown;0;0;NO;;;;;;;Never Transmitted;Abrir no navegador
G9-TAT-E6P-XUBH;AMBEV, Vehicle;b48D;G9TATE6PXUBH;Não ativo;GO Mode;Unknown;0;0;NO;;;;;;;Never Transmitted;Abrir no navegador
G9-TBV-P6B-UTFS;AMBEV, Vehicle;b8D4;G9TBVP6BUTFS;Não ativo;GO Mode;Unknown;0;0;NO;;;;;;;Never Transmitted;Abrir no navegador
G9-TCM-YYT-5473;AMBEV, Vehicle;b823;G9TCMYYT5473;Não ativo;GO Mode;Unknown;0;0;NO;;;;;;;Never Transmitted;Abrir no navegador
G9-TE7-RKW-ZF6R;AMBEV, Vehicle;b6A7;G9TE7RKWZF6R;Não ativo;GO Mode;Unknown;0;0;NO;;;;;;;Never Transmitted;Abrir no navegador
G9-TEW-16E-H5VP;AMBEV, Vehicle;b9BD;G9TEW16EH5VP;Não ativo;GO Mode;Unknown;0;0;NO;;;;;;;Never Transmitted;Abrir no navegador
G9-THY-SXA-8SSH;AMBEV, Vehicle;bA35;G9THYSXA8SSH;Não ativo;GO Mode;Unknown;0;0;NO;;;;;;;Never Transmitted;Abrir no navegador
G9-TK4-Y9B-VN17;AMBEV, Vehicle;b99D;G9TK4Y9BVN17;Não ativo;GO Mode;Unknown;0;0;NO;;;;;;;Never Transmitted;Abrir no navegador
G9-TME-RTE-25SH;AMBEV, Vehicle;bA5C;G9TMERTE25SH;Não ativo;GO Mode;Unknown;0;0;NO;;;;;;;Never Transmitted;Abrir no navegador
G9-TNF-T0K-31V0;AMBEV, Vehicle;b902;G9TNFT0K31V0;Não ativo;GO Mode;Unknown;0;0;NO;;;;;;;Never Transmitted;Abrir no navegador
G9-TNN-E38-V6FT;AMBEV, Vehicle;b95C;G9TNNE38V6FT;Não ativo;GO Mode;Unknown;0;0;NO;;;;;;;Never Transmitted;Abrir no navegador
G9-TPE-T9Y-3VH2;AMBEV, Vehicle;b98F;G9TPET9Y3VH2;Não ativo;GO Mode;Unknown;0;0;NO;;;;;;;Never Transmitted;Abrir no navegador
G9-TR1-BYU-DW92;AMBEV, Vehicle;b91C;G9TR1BYUDW92;Não ativo;GO Mode;Unknown;0;0;NO;;;;;;;Never Transmitted;Abrir no navegador
G9-TUC-BP0-4R1U;AMBEV, Vehicle;b59A;G9TUCBP04R1U;Off-line para 3+ Dias;GO Mode;46107,35977;46105,73037;46107,35977;NO;;;Av. Estados Unidos, 1099 - Jardim Europa, Piracicaba - SP, 13416-500, Brasil;13 Days;10; Days;10 Days;Abrir no navegador
G9-TV1-C7W-T44V;AMBEV, Vehicle;b8BC;G9TV1C7WT44V;Não ativo;GO Mode;Unknown;0;0;NO;;;;;;;Never Transmitted;Abrir no navegador
G9-TXC-4UW-1M50;AMBEV, Vehicle;b9D8;G9TXC4UW1M50;Não ativo;GO Mode;Unknown;0;0;NO;;;;;;;Never Transmitted;Abrir no navegador
G9-TZV-MWY-81NW;AMBEV, Vehicle;b7F8;G9TZVMWY81NW;Não ativo;GO Mode;Unknown;0;0;NO;;;;;;;Never Transmitted;Abrir no navegador
G9-U0V-757-6TSC;AMBEV, Vehicle;b83C;G9U0V7576TSC;Não ativo;GO Mode;Unknown;0;0;NO;;;;;;;Never Transmitted;Abrir no navegador
G9-U0Z-5RK-4ZY5;AMBEV, Vehicle;b88C;G9U0Z5RK4ZY5;Não ativo;GO Mode;Unknown;0;0;NO;;;;;;;Never Transmitted;Abrir no navegador
G9-U28-208-RPYJ;AMBEV, Vehicle;b9D5;G9U28208RPYJ;Não ativo;GO Mode;Unknown;0;0;NO;;;;;;;Never Transmitted;Abrir no navegador
G9-U2R-98R-2NJ5;AMBEV, Vehicle;b859;G9U2R98R2NJ5;Não ativo;GO Mode;Unknown;0;0;NO;;;;;;;Never Transmitted;Abrir no navegador
G9-U2Y-8E3-CRCZ;AMBEV, Vehicle;b8C3;G9U2Y8E3CRCZ;Não ativo;GO Mode;Unknown;0;0;NO;;;;;;;Never Transmitted;Abrir no navegador
G9-U4D-19B-V4ZJ;AMBEV, Vehicle;b913;G9U4D19BV4ZJ;Não ativo;GO Mode;Unknown;0;0;NO;;;;;;;Never Transmitted;Abrir no navegador
G9-U5U-X3Z-DZ56;AMBEV, Vehicle;b8C7;G9U5UX3ZDZ56;Não ativo;GO Mode;Unknown;0;0;NO;;;;;;;Never Transmitted;Abrir no navegador
G9-U66-S7C-ZUTM;AMBEV, Vehicle;b911;G9U66S7CZUTM;Não ativo;GO Mode;Unknown;0;0;NO;;;;;;;Never Transmitted;Abrir no navegador
G9-U8W-5UC-BJ3N;AMBEV, Vehicle;b91B;G9U8W5UCBJ3N;Não ativo;GO Mode;Unknown;0;0;NO;;;;;;;Never Transmitted;Abrir no navegador
G9-U90-U0R-R6CT;AMBEV, Vehicle;b858;G9U90U0RR6CT;Não ativo;GO Mode;Unknown;0;0;NO;;;;;;;Never Transmitted;Abrir no navegador
G9-UBW-RNS-KBET;AMBEV, Vehicle;b2C4;G9UBWRNSKBET;Não ativo;GO Mode;Unknown;0;0;NO;;;;;;;Never Transmitted;Abrir no navegador
G9-UC8-JCU-U3RP;Vehicle;b71B;G9UC8JCUU3RP;Não ativo;GO Mode;Unknown;0;0;NO;;;;;;;Never Transmitted;Abrir no navegador
G9-UE0-XHU-M22A;AMBEV, Vehicle;b80B;G9UE0XHUM22A;Não ativo;GO Mode;Unknown;0;0;NO;;;;;;;Never Transmitted;Abrir no navegador
G9-UFC-Y44-4TVC;AMBEV, Vehicle;b849;G9UFCY444TVC;Não ativo;GO Mode;Unknown;0;0;NO;;;;;;;Never Transmitted;Abrir no navegador
G9-UHM-U0A-YW32;AMBEV, Vehicle;b9B3;G9UHMU0AYW32;Não ativo;GO Mode;Unknown;0;0;NO;;;;;;;Never Transmitted;Abrir no navegador
G9-UJM-4SB-WHBP;AMBEV, Vehicle;b79D;G9UJM4SBWHBP;Não ativo;GO Mode;Unknown;0;0;NO;;;;;;;Never Transmitted;Abrir no navegador
G9-UMN-618-25WJ;AMBEV, Vehicle;b93C;G9UMN61825WJ;Não ativo;GO Mode;Unknown;0;0;NO;;;;;;;Never Transmitted;Abrir no navegador
G9-UMT-FE9-W8SF;AMBEV, Vehicle;b909;G9UMTFE9W8SF;Não ativo;GO Mode;Unknown;0;0;NO;;;;;;;Never Transmitted;Abrir no navegador
G9-UTD-YD3-54TK;AMBEV, Vehicle;b915;G9UTDYD354TK;Não ativo;GO Mode;Unknown;0;0;NO;;;;;;;Never Transmitted;Abrir no navegador
G9-UVP-XU0-H9DZ;AMBEV, Vehicle;bA6C;G9UVPXU0H9DZ;Não ativo;GO Mode;Unknown;0;0;NO;;;;;;;Never Transmitted;Abrir no navegador
G9-UVY-WSN-Y4CK;AMBEV, Vehicle;bA43;G9UVYWSNY4CK;Não ativo;GO Mode;Unknown;0;0;NO;;;;;;;Never Transmitted;Abrir no navegador
G9-UW1-MV3-Z2D9;AMBEV, Vehicle;b7CA;G9UW1MV3Z2D9;Não ativo;GO Mode;Unknown;0;0;NO;;;;;;;Never Transmitted;Abrir no navegador
G9-UW7-F7H-C8TT;AMBEV, Vehicle;b7FC;G9UW7F7HC8TT;Não ativo;GO Mode;Unknown;0;0;NO;;;;;;;Never Transmitted;Abrir no navegador
G9-V0R-BPT-DH35;AMBEV, Vehicle;b9C7;G9V0RBPTDH35;Não ativo;GO Mode;Unknown;0;0;NO;;;;;;;Never Transmitted;Abrir no navegador
G9-V24-ZAA-FXKT;AMBEV, Vehicle;b87C;G9V24ZAAFXKT;Não ativo;GO Mode;Unknown;0;0;NO;;;;;;;Never Transmitted;Abrir no navegador
G9-V3T-91J-07A8;AMBEV, Vehicle;b7B2;G9V3T91J07A8;Não ativo;GO Mode;Unknown;0;0;NO;;;;;;;Never Transmitted;Abrir no navegador
G9-V45-4A1-YT34;AMBEV, Vehicle;b9F4;G9V454A1YT34;Não ativo;GO Mode;Unknown;0;0;NO;;;;;;;Never Transmitted;Abrir no navegador
G9-V4F-Y72-A6H5;AMBEV, Vehicle;b673;G9V4FY72A6H5;Não ativo;GO Mode;Unknown;0;0;NO;;;;;;;Never Transmitted;Abrir no navegador
G9-V4H-8BA-T1MR;AMBEV, Vehicle;b881;G9V4H8BAT1MR;Não ativo;GO Mode;Unknown;0;0;NO;;;;;;;Never Transmitted;Abrir no navegador
G9-V5V-202-B12W;AMBEV, Vehicle;b7D5;G9V5V202B12W;Não ativo;GO Mode;Unknown;0;0;NO;;;;;;;Never Transmitted;Abrir no navegador
G9-V6K-7XD-CEHC;AMBEV, Vehicle;b8FC;G9V6K7XDCEHC;Não ativo;GO Mode;Unknown;0;0;NO;;;;;;;Never Transmitted;Abrir no navegador
G9-V6X-7N8-K98V;AMBEV, Vehicle;bA38;G9V6X7N8K98V;Não ativo;GO Mode;Unknown;0;0;NO;;;;;;;Never Transmitted;Abrir no navegador
G9-V7A-S8D-4T6B;AMBEV, Vehicle;b92B;G9V7AS8D4T6B;Não ativo;GO Mode;Unknown;0;0;NO;;;;;;;Never Transmitted;Abrir no navegador
G9-V7J-648-YX9F;AMBEV, Vehicle;b942;G9V7J648YX9F;Não ativo;GO Mode;Unknown;0;0;NO;;;;;;;Never Transmitted;Abrir no navegador
G9-V7N-W4E-ARWW;AMBEV, Vehicle;b8A1;G9V7NW4EARWW;Não ativo;GO Mode;Unknown;0;0;NO;;;;;;;Never Transmitted;Abrir no navegador
G9-V8F-F5W-TV5Z;AMBEV, Vehicle;b7BE;G9V8FF5WTV5Z;Não ativo;GO Mode;Unknown;0;0;NO;;;;;;;Never Transmitted;Abrir no navegador
G9-V8N-JHZ-HUC4;AMBEV, Vehicle;bA4E;G9V8NJHZHUC4;Não ativo;GO Mode;Unknown;0;0;NO;;;;;;;Never Transmitted;Abrir no navegador
G9-V8S-FRV-WKMV;AMBEV, Vehicle;b9A4;G9V8SFRVWKMV;Não ativo;GO Mode;Unknown;0;0;NO;;;;;;;Never Transmitted;Abrir no navegador
G9-V9Y-KX1-Z4P5;AMBEV, Vehicle;b7E4;G9V9YKX1Z4P5;Não ativo;GO Mode;Unknown;0;0;NO;;;;;;;Never Transmitted;Abrir no navegador
G9-VAP-TW4-YJB3;AMBEV, Vehicle;b888;G9VAPTW4YJB3;Não ativo;GO Mode;Unknown;0;0;NO;;;;;;;Never Transmitted;Abrir no navegador
G9-VDE-UP8-8MZE;AMBEV, Vehicle;b800;G9VDEUP88MZE;Não ativo;GO Mode;Unknown;0;0;NO;;;;;;;Never Transmitted;Abrir no navegador
G9-VJP-YX5-CV3H;AMBEV, Vehicle;b845;G9VJPYX5CV3H;Não ativo;GO Mode;Unknown;0;0;NO;;;;;;;Never Transmitted;Abrir no navegador
G9-VKV-DY4-2XNX;AMBEV, Vehicle;b89F;G9VKVDY42XNX;Não ativo;GO Mode;Unknown;0;0;NO;;;;;;;Never Transmitted;Abrir no navegador
G9-VMB-R35-BYDP;AMBEV, Vehicle;bA65;G9VMBR35BYDP;Não ativo;GO Mode;Unknown;0;0;NO;;;;;;;Never Transmitted;Abrir no navegador
G9-VS4-7CV-0PVP;AMBEV, Vehicle;b7B4;G9VS47CV0PVP;Não ativo;GO Mode;Unknown;0;0;NO;;;;;;;Never Transmitted;Abrir no navegador
G9-VSN-X30-8JYC;AMBEV, Vehicle;b98E;G9VSNX308JYC;Não ativo;GO Mode;Unknown;0;0;NO;;;;;;;Never Transmitted;Abrir no navegador
G9-VSU-2JB-CXB7;AMBEV, Vehicle;b990;G9VSU2JBCXB7;Não ativo;GO Mode;Unknown;0;0;NO;;;;;;;Never Transmitted;Abrir no navegador
G9-VTK-T3B-4PDH;AMBEV, Vehicle;b834;G9VTKT3B4PDH;Não ativo;GO Mode;Unknown;0;0;NO;;;;;;;Never Transmitted;Abrir no navegador
G9-VU5-A5Z-FRM3;AMBEV, Vehicle;b973;G9VU5A5ZFRM3;Não ativo;GO Mode;Unknown;0;0;NO;;;;;;;Never Transmitted;Abrir no navegador
G9-VUS-2HW-K5EU;AMBEV, Vehicle;b9F3;G9VUS2HWK5EU;Não ativo;GO Mode;Unknown;0;0;NO;;;;;;;Never Transmitted;Abrir no navegador
G9-VYT-CJ6-Y09Y;AMBEV, Vehicle;b7B5;G9VYTCJ6Y09Y;Não ativo;GO Mode;Unknown;0;0;NO;;;;;;;Never Transmitted;Abrir no navegador
G9-W3R-UEP-WU2X;AMBEV, Vehicle;b985;G9W3RUEPWU2X;Não ativo;GO Mode;Unknown;0;0;NO;;;;;;;Never Transmitted;Abrir no navegador
G9-WAY-EJN-FNF0;AMBEV, Vehicle;b924;G9WAYEJNFNF0;Não ativo;GO Mode;Unknown;0;0;NO;;;;;;;Never Transmitted;Abrir no navegador
G9-WC7-5C4-1YNJ;AMBEV, Vehicle;bA03;G9WC75C41YNJ;Não ativo;GO Mode;Unknown;0;0;NO;;;;;;;Never Transmitted;Abrir no navegador
G9-WCR-J32-0X0D;AMBEV, Vehicle;b9DA;G9WCRJ320X0D;Não ativo;GO Mode;Unknown;0;0;NO;;;;;;;Never Transmitted;Abrir no navegador
G9-WD4-03E-A0EM;AMBEV, Vehicle;b918;G9WD403EA0EM;Não ativo;GO Mode;Unknown;0;0;NO;;;;;;;Never Transmitted;Abrir no navegador
G9-WDX-F52-7RN6;AMBEV, Vehicle;b8EE;G9WDXF527RN6;Não ativo;GO Mode;Unknown;0;0;NO;;;;;;;Never Transmitted;Abrir no navegador
G9-WF5-YM1-V51Y;AMBEV, Vehicle;b8D0;G9WF5YM1V51Y;Não ativo;GO Mode;Unknown;0;0;NO;;;;;;;Never Transmitted;Abrir no navegador
G9-WHB-S8K-631C;AMBEV, Vehicle;b8AC;G9WHBS8K631C;Não ativo;GO Mode;Unknown;0;0;NO;;;;;;;Never Transmitted;Abrir no navegador
G9-WJ0-6SK-46WX;AMBEV, Vehicle;b7C8;G9WJ06SK46WX;Não ativo;GO Mode;Unknown;0;0;NO;;;;;;;Never Transmitted;Abrir no navegador
G9-WJ6-KKJ-315J;AMBEV, Vehicle;bA74;G9WJ6KKJ315J;Não ativo;GO Mode;Unknown;0;0;NO;;;;;;;Never Transmitted;Abrir no navegador
G9-WJU-P0T-JP5S;AMBEV, Vehicle;b7B7;G9WJUP0TJP5S;Não ativo;GO Mode;Unknown;0;0;NO;;;;;;;Never Transmitted;Abrir no navegador
G9-WK2-PM3-82DJ;AMBEV, Vehicle;b8C0;G9WK2PM382DJ;Não ativo;GO Mode;Unknown;0;0;NO;;;;;;;Never Transmitted;Abrir no navegador
G9-WK6-YWW-582M;AMBEV, Vehicle;b3B1;G9WK6YWW582M;Off-line para 3+ Dias;GO Mode;46021,34262;46020,72013;46021,34262;NO;;;R. Tiradentes, 435 - Centro, Piracicaba - SP, 13400-760, Brasil;98 Days;97; Days;97 Days;Abrir no navegador
G9-WKB-KH5-KZU7;AMBEV, Vehicle;b877;G9WKBKH5KZU7;Não ativo;GO Mode;Unknown;0;0;NO;;;;;;;Never Transmitted;Abrir no navegador
G9-WKN-9M1-PD3N;AMBEV, Vehicle;b7F4;G9WKN9M1PD3N;Não ativo;GO Mode;Unknown;0;0;NO;;;;;;;Never Transmitted;Abrir no navegador
G9-WN0-4B0-PA86;AMBEV, Vehicle;b8DC;G9WN04B0PA86;Não ativo;GO Mode;Unknown;0;0;NO;;;;;;;Never Transmitted;Abrir no navegador
G9-WNS-W49-S635;AMBEV, Vehicle;b9DF;G9WNSW49S635;Não ativo;GO Mode;Unknown;0;0;NO;;;;;;;Never Transmitted;Abrir no navegador
G9-WP6-R9F-FZMT;AMBEV, Vehicle;b7B9;G9WP6R9FFZMT;Não ativo;GO Mode;Unknown;0;0;NO;;;;;;;Never Transmitted;Abrir no navegador
G9-WR6-XV2-5BZ7;AMBEV, Vehicle;b6A6;G9WR6XV25BZ7;Não ativo;GO Mode;Unknown;0;0;NO;;;;;;;Never Transmitted;Abrir no navegador
G9-WTW-29Z-UKWJ;AMBEV, Vehicle;b6D0;G9WTW29ZUKWJ;Não ativo;GO Mode;Unknown;0;0;NO;;;;;;;Never Transmitted;Abrir no navegador
G9-WTY-W1J-6X4S;AMBEV, Vehicle;b9E0;G9WTYW1J6X4S;Não ativo;GO Mode;Unknown;0;0;NO;;;;;;;Never Transmitted;Abrir no navegador
G9-X31-JDT-RPVU;AMBEV, Vehicle;b8DD;G9X31JDTRPVU;Não ativo;GO Mode;Unknown;0;0;NO;;;;;;;Never Transmitted;Abrir no navegador
G9-X36-P05-4HYS;AMBEV, Vehicle;bA6E;G9X36P054HYS;Não ativo;GO Mode;Unknown;0;0;NO;;;;;;;Never Transmitted;Abrir no navegador
G9-X3E-503-A0FZ;AMBEV, Vehicle;b9CE;G9X3E503A0FZ;Não ativo;GO Mode;Unknown;0;0;NO;;;;;;;Never Transmitted;Abrir no navegador
G9-X3N-HT6-CDSB;AMBEV, Vehicle;bA28;G9X3NHT6CDSB;Não ativo;GO Mode;Unknown;0;0;NO;;;;;;;Never Transmitted;Abrir no navegador
G9-X5B-V00-E7CH;AMBEV, Vehicle;b84F;G9X5BV00E7CH;Não ativo;GO Mode;Unknown;0;0;NO;;;;;;;Never Transmitted;Abrir no navegador
G9-X5Y-4U5-EK3K;AMBEV, Vehicle;bA33;G9X5Y4U5EK3K;Não ativo;GO Mode;Unknown;0;0;NO;;;;;;;Never Transmitted;Abrir no navegador
G9-X6D-F6D-J4NA;AMBEV, Vehicle;b67D;G9X6DF6DJ4NA;Não ativo;GO Mode;Unknown;0;0;NO;;;;;;;Never Transmitted;Abrir no navegador
G9-XC8-41A-0JT8;AMBEV, Vehicle, Diesel;b609;G9XC841A0JT8;Off-line para 3+ Dias;GO Mode;45994,47847;45994,42897;45994,47847;NO;;;Av. José Marão Filho, 8754 - Polo Comercial e Industrial, Votuporanga - SP, 15502-045, Brasil;124 Days;123; Days;123 Days;Abrir no navegador
G9-XD0-E9H-E7N3;AMBEV, Vehicle;b921;G9XD0E9HE7N3;Não ativo;GO Mode;Unknown;0;0;NO;;;;;;;Never Transmitted;Abrir no navegador
G9-XD1-A4N-00Y8;AMBEV, Vehicle;bA56;G9XD1A4N00Y8;Não ativo;GO Mode;Unknown;0;0;NO;;;;;;;Never Transmitted;Abrir no navegador
G9-XE0-4UT-PUUW;AMBEV, Vehicle;bA46;G9XE04UTPUUW;Não ativo;GO Mode;Unknown;0;0;NO;;;;;;;Never Transmitted;Abrir no navegador
G9-XH1-1Z5-ZTRH;AMBEV, Vehicle;b928;G9XH11Z5ZTRH;Não ativo;GO Mode;Unknown;0;0;NO;;;;;;;Never Transmitted;Abrir no navegador
G9-XH3-3MV-06K5;AMBEV, Vehicle;b41D;G9XH33MV06K5;Não ativo;GO Mode;Unknown;0;0;NO;;;;;;;Never Transmitted;Abrir no navegador
G9-XH4-VUR-EVC7;AMBEV, Vehicle;b98A;G9XH4VUREVC7;Não ativo;GO Mode;Unknown;0;0;NO;;;;;;;Never Transmitted;Abrir no navegador
G9-XKE-U8H-ZS95;AMBEV, Vehicle;b81E;G9XKEU8HZS95;Não ativo;GO Mode;Unknown;0;0;NO;;;;;;;Never Transmitted;Abrir no navegador
G9-XKP-898-PS62;AMBEV, Vehicle;b7F0;G9XKP898PS62;Não ativo;GO Mode;Unknown;0;0;NO;;;;;;;Never Transmitted;Abrir no navegador
G9-XMH-KR5-5Z7C;AMBEV, Vehicle;b91D;G9XMHKR55Z7C;Não ativo;GO Mode;Unknown;0;0;NO;;;;;;;Never Transmitted;Abrir no navegador
G9-XSW-3ST-CRFP;AMBEV, Vehicle;b84D;G9XSW3STCRFP;Não ativo;GO Mode;Unknown;0;0;NO;;;;;;;Never Transmitted;Abrir no navegador
G9-XTV-D5E-CUW8;AMBEV, Vehicle;b9AB;G9XTVD5ECUW8;Não ativo;GO Mode;Unknown;0;0;NO;;;;;;;Never Transmitted;Abrir no navegador
G9-XUD-TRM-D3SD;AMBEV, Vehicle;b943;G9XUDTRMD3SD;Não ativo;GO Mode;Unknown;0;0;NO;;;;;;;Never Transmitted;Abrir no navegador
G9-XUH-JV6-VJSZ;AMBEV, Vehicle;b896;G9XUHJV6VJSZ;Não ativo;GO Mode;Unknown;0;0;NO;;;;;;;Never Transmitted;Abrir no navegador
G9-XUK-7E9-72KR;AMBEV, Vehicle;b992;G9XUK7E972KR;Não ativo;GO Mode;Unknown;0;0;NO;;;;;;;Never Transmitted;Abrir no navegador
G9-XUT-UAK-ET1H;AMBEV, Vehicle;b9A1;G9XUTUAKET1H;Não ativo;GO Mode;Unknown;0;0;NO;;;;;;;Never Transmitted;Abrir no navegador
G9-XVH-ME6-6TZM;AMBEV, Vehicle;bA4A;G9XVHME66TZM;Não ativo;GO Mode;Unknown;0;0;NO;;;;;;;Never Transmitted;Abrir no navegador
G9-XVZ-WRE-S7T9;AMBEV, Vehicle;b737;G9XVZWRES7T9;Off-line para 3+ Dias;GO Mode;46057,69209;46057,52605;46057,69209;NO;;;Av. Estados Unidos, 1090 - Jardim Europa, Piracicaba - SP, 13416-500, Brasil;61 Days;60; Days;60 Days;Abrir no navegador
G9-XW9-B27-F2VZ;AMBEV, Vehicle;b90E;G9XW9B27F2VZ;Não ativo;GO Mode;Unknown;0;0;NO;;;;;;;Never Transmitted;Abrir no navegador
G9-XWD-32K-YKX0;AMBEV, Vehicle;bA26;G9XWD32KYKX0;Não ativo;GO Mode;Unknown;0;0;NO;;;;;;;Never Transmitted;Abrir no navegador
G9-XWH-2AB-YRMP;AMBEV, Vehicle;b7C3;G9XWH2ABYRMP;Não ativo;GO Mode;Unknown;0;0;NO;;;;;;;Never Transmitted;Abrir no navegador
G9-XZ0-C6J-5NED;AMBEV, Vehicle;b7B3;G9XZ0C6J5NED;Não ativo;GO Mode;Unknown;0;0;NO;;;;;;;Never Transmitted;Abrir no navegador
G9-XZE-PDX-PSUH;AMBEV, Vehicle;bA00;G9XZEPDXPSUH;Não ativo;GO Mode;Unknown;0;0;NO;;;;;;;Never Transmitted;Abrir no navegador
G9-Y07-E27-TZMZ;AMBEV, Vehicle;b7F1;G9Y07E27TZMZ;Não ativo;GO Mode;Unknown;0;0;NO;;;;;;;Never Transmitted;Abrir no navegador
G9-Y1W-KK5-JKX5;AMBEV, Vehicle;b9AC;G9Y1WKK5JKX5;Não ativo;GO Mode;Unknown;0;0;NO;;;;;;;Never Transmitted;Abrir no navegador
G9-Y2B-8YK-3WD6;AMBEV, Vehicle;b410;G9Y2B8YK3WD6;Não ativo;GO Mode;Unknown;0;0;NO;;;;;;;Never Transmitted;Abrir no navegador
G9-Y32-K5H-NUBT;AMBEV, Vehicle;bA40;G9Y32K5HNUBT;Não ativo;GO Mode;Unknown;0;0;NO;;;;;;;Never Transmitted;Abrir no navegador
G9-Y4D-68U-0SP6;AMBEV, Vehicle;b9BE;G9Y4D68U0SP6;Não ativo;GO Mode;Unknown;0;0;NO;;;;;;;Never Transmitted;Abrir no navegador
G9-Y61-P60-T4FK;AMBEV, Vehicle;bA5A;G9Y61P60T4FK;Não ativo;GO Mode;Unknown;0;0;NO;;;;;;;Never Transmitted;Abrir no navegador
G9-Y7X-6FS-U1UC;AMBEV, Vehicle;b6C4;G9Y7X6FSU1UC;Não ativo;GO Mode;Unknown;0;0;NO;;;;;;;Never Transmitted;Abrir no navegador
G9-Y95-V2F-V4S3;AMBEV, Vehicle;b9B4;G9Y95V2FV4S3;Não ativo;GO Mode;Unknown;0;0;NO;;;;;;;Never Transmitted;Abrir no navegador
G9-YA7-DEC-YTYC;AMBEV, Vehicle;b7E2;G9YA7DECYTYC;Não ativo;GO Mode;Unknown;0;0;NO;;;;;;;Never Transmitted;Abrir no navegador
G9-YAM-UWM-8KYT;AMBEV, Vehicle;b8E3;G9YAMUWM8KYT;Não ativo;GO Mode;Unknown;0;0;NO;;;;;;;Never Transmitted;Abrir no navegador
G9-YAW-B8J-VX37;AMBEV, Vehicle;b816;G9YAWB8JVX37;Não ativo;GO Mode;Unknown;0;0;NO;;;;;;;Never Transmitted;Abrir no navegador
G9-YB1-U22-P410;AMBEV, Vehicle;b905;G9YB1U22P410;Não ativo;GO Mode;Unknown;0;0;NO;;;;;;;Never Transmitted;Abrir no navegador
G9-YK3-TXP-2J2A;AMBEV, Vehicle;b6E3;G9YK3TXP2J2A;Não ativo;GO Mode;Unknown;0;0;NO;;;;;;;Never Transmitted;Abrir no navegador
G9-YMW-DC5-AS7Y;AMBEV, Vehicle;b8E5;G9YMWDC5AS7Y;Não ativo;GO Mode;Unknown;0;0;NO;;;;;;;Never Transmitted;Abrir no navegador
G9-YPH-U6W-3K7Y;AMBEV, Vehicle;bA3B;G9YPHU6W3K7Y;Não ativo;GO Mode;Unknown;0;0;NO;;;;;;;Never Transmitted;Abrir no navegador
G9-YSY-6FP-HDNW;AMBEV, Vehicle;b937;G9YSY6FPHDNW;Não ativo;GO Mode;Unknown;0;0;NO;;;;;;;Never Transmitted;Abrir no navegador
G9-YTN-3PH-N5AY;AMBEV, Vehicle;b8FB;G9YTN3PHN5AY;Não ativo;GO Mode;Unknown;0;0;NO;;;;;;;Never Transmitted;Abrir no navegador
G9-YUF-815-R1UT;AMBEV, Vehicle;b837;G9YUF815R1UT;Não ativo;GO Mode;Unknown;0;0;NO;;;;;;;Never Transmitted;Abrir no navegador
G9-YV1-SZY-A42E;AMBEV, Vehicle;b88A;G9YV1SZYA42E;Não ativo;GO Mode;Unknown;0;0;NO;;;;;;;Never Transmitted;Abrir no navegador
G9-YV4-NPF-RSW5;AMBEV, Vehicle;b878;G9YV4NPFRSW5;Não ativo;GO Mode;Unknown;0;0;NO;;;;;;;Never Transmitted;Abrir no navegador
G9-YW7-B68-E7NB;AMBEV, Vehicle;b79A;G9YW7B68E7NB;Não ativo;GO Mode;Unknown;0;0;NO;;;;;;;Never Transmitted;Abrir no navegador
G9-YX2-UD0-NZA4;AMBEV, Vehicle;b9A5;G9YX2UD0NZA4;Não ativo;GO Mode;Unknown;0;0;NO;;;;;;;Never Transmitted;Abrir no navegador
G9-Z0K-WCW-F9VH;AMBEV, Vehicle;bA18;G9Z0KWCWF9VH;Não ativo;GO Mode;Unknown;0;0;NO;;;;;;;Never Transmitted;Abrir no navegador
G9-Z0M-B5R-D15A;AMBEV, Vehicle;b7A0;G9Z0MB5RD15A;Não ativo;GO Mode;Unknown;0;0;NO;;;;;;;Never Transmitted;Abrir no navegador
G9-Z1P-8E7-4232;AMBEV, Vehicle;b852;G9Z1P8E74232;Não ativo;GO Mode;Unknown;0;0;NO;;;;;;;Never Transmitted;Abrir no navegador
G9-Z3P-51S-5ADS;AMBEV, Vehicle;bA73;G9Z3P51S5ADS;Não ativo;GO Mode;Unknown;0;0;NO;;;;;;;Never Transmitted;Abrir no navegador
G9-Z44-6BP-U7XZ;AMBEV, Vehicle;b96F;G9Z446BPU7XZ;Não ativo;GO Mode;Unknown;0;0;NO;;;;;;;Never Transmitted;Abrir no navegador
G9-Z69-Z47-W82S;AMBEV, Vehicle;b89A;G9Z69Z47W82S;Não ativo;GO Mode;Unknown;0;0;NO;;;;;;;Never Transmitted;Abrir no navegador
G9-ZA4-DFH-PMNP;AMBEV, Vehicle;bA27;G9ZA4DFHPMNP;Não ativo;GO Mode;Unknown;0;0;NO;;;;;;;Never Transmitted;Abrir no navegador
G9-ZAH-HH5-NMF2;AMBEV, Vehicle;b9F1;G9ZAHHH5NMF2;Não ativo;GO Mode;Unknown;0;0;NO;;;;;;;Never Transmitted;Abrir no navegador
G9-ZBN-BMB-CWAX;AMBEV, Vehicle;b927;G9ZBNBMBCWAX;Não ativo;GO Mode;Unknown;0;0;NO;;;;;;;Never Transmitted;Abrir no navegador
G9-ZD5-N47-F81Z;AMBEV, Vehicle;b7C5;G9ZD5N47F81Z;Não ativo;GO Mode;Unknown;0;0;NO;;;;;;;Never Transmitted;Abrir no navegador
G9-ZD9-E05-UWYY;AMBEV, Vehicle;bA39;G9ZD9E05UWYY;Não ativo;GO Mode;Unknown;0;0;NO;;;;;;;Never Transmitted;Abrir no navegador
G9-ZE4-1VB-7089;AMBEV, Vehicle;bA58;G9ZE41VB7089;Não ativo;GO Mode;Unknown;0;0;NO;;;;;;;Never Transmitted;Abrir no navegador
G9-ZEC-4AS-242R;AMBEV, Vehicle;b8F5;G9ZEC4AS242R;Não ativo;GO Mode;Unknown;0;0;NO;;;;;;;Never Transmitted;Abrir no navegador
G9-ZHX-J7Y-TZEB;AMBEV, Vehicle;b9C2;G9ZHXJ7YTZEB;Não ativo;GO Mode;Unknown;0;0;NO;;;;;;;Never Transmitted;Abrir no navegador
G9-ZJA-8PX-9A45;AMBEV, Vehicle;b95B;G9ZJA8PX9A45;Não ativo;GO Mode;Unknown;0;0;NO;;;;;;;Never Transmitted;Abrir no navegador
G9-ZJD-DKH-T4HP;AMBEV, Vehicle;b8C6;G9ZJDDKHT4HP;Não ativo;GO Mode;Unknown;0;0;NO;;;;;;;Never Transmitted;Abrir no navegador
G9-ZK0-PK4-9M71;AMBEV, Vehicle;b8F2;G9ZK0PK49M71;Não ativo;GO Mode;Unknown;0;0;NO;;;;;;;Never Transmitted;Abrir no navegador
G9-ZNC-KDV-RWN7;AMBEV, Vehicle;bA22;G9ZNCKDVRWN7;Não ativo;GO Mode;Unknown;0;0;NO;;;;;;;Never Transmitted;Abrir no navegador
G9-ZPF-6PH-YMVD;AMBEV, Vehicle;bA37;G9ZPF6PHYMVD;Não ativo;GO Mode;Unknown;0;0;NO;;;;;;;Never Transmitted;Abrir no navegador
G9-ZTS-N0K-CB97;AMBEV, Vehicle;b885;G9ZTSN0KCB97;Não ativo;GO Mode;Unknown;0;0;NO;;;;;;;Never Transmitted;Abrir no navegador
G9-ZUD-8HX-1B01;AMBEV, Vehicle;b83D;G9ZUD8HX1B01;Não ativo;GO Mode;Unknown;0;0;NO;;;;;;;Never Transmitted;Abrir no navegador
G9-ZZC-576-BWFK;AMBEV, Vehicle;b7E7;G9ZZC576BWFK;Não ativo;GO Mode;Unknown;0;0;NO;;;;;;;Never Transmitted;Abrir no navegador
G91DPST9XZ9B;AMBEV, Vehicle;b745;G91DPST9XZ9B;Não ativo;GO Mode;Unknown;0;0;NO;;;;;;;Never Transmitted;Abrir no navegador
G9BU3N5DD7A7;AMBEV, Vehicle;b741;G9BU3N5DD7A7;Off-line para 3+ Dias;GO Mode;45951,40241;45951,40241;45951,40241;NO;;;;167 Days;166; Days;166 Days;Abrir no navegador
G9D7RTHUUFXR;AMBEV, Vehicle;b742;G9D7RTHUUFXR;Off-line para 3+ Dias;GO Mode;46057,69208;46057,64713;46057,69208;NO;;;Av. Estados Unidos, 1099 - Jardim Europa, Piracicaba - SP, 13416-500, Brasil;61 Days;60; Days;60 Days;Abrir no navegador
G9JK1VVSWW3K;AMBEV, Vehicle;b746;G9JK1VVSWW3K;Não ativo;GO Mode;Unknown;0;0;NO;;;;;;;Never Transmitted;Abrir no navegador
GCM8D91;ROTA RJ ES_CDD CAMPO GRANDE, Vehicle, CAMBIO MANUAL, VOLKSWAGEN, COMBUSTÃO, REG_MACRO REGIÃO RJ ES, CAMINHÃO TOCO / TRUCK, TRS_CONLOG, UNI_CDD CAMPO GRANDE, 80 km/h;b604;G9612E9YMK14;OK;GO Mode;46118,34341;46118,34341;46118,34341;YES;;;*CD RIO (40km), *CD RIO (50km): Estr. Rio São Paulo, 6011 - Campo Grande, Rio de Janeiro - RJ, 23075-900, Brasil;;1; Minutes;;Abrir no navegador
GCY8I52;ROTA RJ ES_CDD SAO CRISTOVAO, Vehicle, Diesel, CAMBIO MANUAL, MERCEDES BENZ, COMBUSTÃO, REG_MACRO REGIÃO RJ ES, CAMINHÃO TOCO / TRUCK, TRS_LOG 20, UNI_CDD SÃO CRISTOVAO, 80 km/h;b318;G95M71567W2D;OK;GO Mode;46118,33227;46118,09901;46118,33227;YES;;;CD AMBEV (PACK CARREGAMENTO), CD AMBEV: R. Benedito Otoni, 24 - Imperial de São Cristóvão, Rio de Janeiro - RJ, 20940-001, Brasil;;10; Minutes;;Abrir no navegador
GDU9B11;ROTA SP_CDD PRESID. PRUDENTE, Vehicle, Diesel, CAMBIO MANUAL, MERCEDES BENZ, COMBUSTÃO, REG_MACRO REGIÃO SP, CAMINHÃO TOCO / TRUCK, TRS_IMEDIATO, UNI_CDD PRESID. PRUDENTE, 80 km/h;b288;G9JY94EHTCBT;OK;GO Mode;46118,33841;46118,33767;46118,33841;YES;;;Rod. Comendador Alberto Bonfiglioli 241, SP, 19063-390, Brazil;;5; Minutes;;Abrir no navegador
GII6E83;SUP SE - EMP_JACAREI, Vehicle, Diesel, CAMBIO AUTOMATICO OU SEMI AUTOMATICO, MERCEDES BENZ, COMBUSTÃO, REG_SUPPLY SE, CAVALO MECÂNICO, TRS_IMEDIATO, UNI_EMP JACAREI, 90 km/h;b3E8;G9F5WETW156F;OK;GO Mode;46118,34336;46118,34336;46118,34336;YES;;;Estr. Mun. do Jaguari, 10081 - Pagador de Andrade, Jacareí - SP, 12334-400, Brasil;;1; Minutes;;Abrir no navegador
GJF9C42;ROTA SP_CDD PRESID. PRUDENTE, Vehicle, Diesel, CAMBIO MANUAL, MERCEDES BENZ, COMBUSTÃO, REG_MACRO REGIÃO SP, CAMINHÃO TOCO / TRUCK, TRS_IMEDIATO, UNI_CDD PRESID. PRUDENTE, 80 km/h;b267;G967H3DNU14D;OK;GO Mode;46118,34316;46118,34316;46118,34316;YES;;;Av. Joaquim Constantino, 500 - Vila Formosa, Pres. Prudente - SP, 19013-660, Brasil;;1; Minutes;;Abrir no navegador
IEV 1200T PLUS | RHT 6A49 | 2021;JAC, Vehicle, Battery Electric Vehicle, Manually Classified Powertrain, Relatório_Elétrico, Relatórios_Todos, FALSO, PESADOS;b1;G9EAZ3H53TEK;OK (Parado);ProPlus Mode;46118,33262;46116,71878;46118,33262;NO;LowVoltage;"This asset's battery is low, and the device may not be receiving enough power.
Please follow these steps:
Check your asset's battery, and electrical system health.
Confirm you are able to start your engine or asset, and check that your device is powered.
If this device is still offline, contact your fleet's Telematics Representative for further assistance.";*CD RIO (20km): 2MV6+25 Cubo Kids - Anil, Rio de Janeiro - RJ, 22755, Brasil;;10; Minutes;10 Minutes;Abrir no navegador
JBL5H98-1;AMBEV, Vehicle;b832;G99DB32DWPHT;OK;GO Mode;46118,34336;46118,34336;46118,34336;YES;;;Br-262, Km 362,6 Oeste - Coqueiro Verde, Juatuba - MG, 35675-000, Brasil;;1; Minutes;;Abrir no navegador
MB Axor | DML 0B93| UREADER GNV;Vehicle, MERCEDES BENZ, FALSO, PESADOS;b6;G9W0AB6X9DHM;OK;Pro Mode;46118,34317;46118,34317;46118,34317;YES;;;Av. Paschoal Thomeu, 1142 - Vila Nova Bonsucesso, Guarulhos - SP, 07175-090, Brasil;;1; Minutes;;Abrir no navegador
QSO3I45;SUP SE - EMP_PIRAI, Vehicle, Diesel, CAMBIO AUTOMATICO OU SEMI AUTOMATICO, MERCEDES BENZ, COMBUSTÃO, REG_SUPPLY SE, CAVALO MECÂNICO, TRS_CONLOG, UNI_EMP PIRAI, 90 km/h;b3A6;G9XRR0BW93AZ;OK;GO Mode;46118,34297;46118,34295;46118,34297;YES;;;Rod. Pres. Dutra, Sn - Km 237 - Piraí, RJ, 27175-000, Brasil;;1; Minutes;;Abrir no navegador
QSO5E95;SUP COMG - EMP_JUATUBA, Vehicle, Diesel, CAMBIO AUTOMATICO OU SEMI AUTOMATICO, MERCEDES BENZ, COMBUSTÃO, REG_SUPPLY COMG, CAVALO MECÂNICO, TRS_NEPOMUCENO, UNI_EMP JUATUBA, 90 km/h;b695;G951XHAKC3N7;OK;GO Mode;06/04/2026;06/04/2026;06/04/2026;YES;;;ES-165, 2512 - Aracê, Domingos Martins - ES, 29260-000, Brasil;;2; Minutes;;Abrir no navegador
QSO6D98;SUP COMG - EMP_JUATUBA, Vehicle, Diesel, CAMBIO AUTOMATICO OU SEMI AUTOMATICO, MERCEDES BENZ, COMBUSTÃO, REG_SUPPLY COMG, CAVALO MECÂNICO, TRS_NEPOMUCENO, UNI_EMP JUATUBA, 90 km/h;b698;G9V9D6EKYWS8;OK;GO Mode;46118,34323;46118,34323;46118,34323;YES;;;Estr. Mun. do Jaguari, 9876-10276 - Rio Abaixo, Jacareí - SP, Brasil - Rio Abaixo, Jacareí - SP, 12334-400, Brasil;;1; Minutes;;Abrir no navegador
QSO6I04;SUP COMG - EMP_UBERLANDIA, Vehicle, Diesel, CAMBIO AUTOMATICO OU SEMI AUTOMATICO, MERCEDES BENZ, COMBUSTÃO, REG_SUPPLY COMG, CAVALO MECÂNICO, TRS_IMEDIATO, UNI_EMP UBERLANDIA, 90 km/h;b4C5;G98VHBU6133M;OK;GO Mode;06/04/2026;06/04/2026;06/04/2026;YES;;;Av. Beira-Rio, 4701 - A Definir Em Campo, Santa Luzia - MG, 33040-260, Brasil;;1; Minutes;;Abrir no navegador
QSO9A19;ROTA SUL_CDD FLORIANOPOLIS, Vehicle, CAMBIO MANUAL, VOLKSWAGEN, COMBUSTÃO, REG_MACRO REGIÃO SUL, CAMINHÃO TOCO / TRUCK, TRS_CONLOG, UNI_CDD FLORIANOPOLIS, 80 km/h;b600;G9Y1FKEX00T0;OK (Parado);GO Mode;06/04/2026;25/03/2026;06/04/2026;NO;;;BR-101, 1275 - Pte. do Imaruim, Palhoça - SC, 88134-000, Brasil;;1; Minutes;1 Minutes;Abrir no navegador
QSP0E08;ROTA SP_CDD BARUERI, Vehicle, Diesel, Manually Classified Powertrain, CAMBIO MANUAL, MERCEDES BENZ, COMBUSTÃO, REG_MACRO REGIÃO SP, CAMINHÃO TOCO / TRUCK, TRS_FADEL, UNI_CDD BARUERI, 80 km/h;b210;G9UM5TCH5MFC;OK;GO Mode;06/04/2026;06/04/2026;06/04/2026;YES;;;Av. Pres. Vargas, 316 - Vila Caldas, Carapicuíba - SP, 06310-100, Brasil;;1; Minutes;;Abrir no navegador
QSP1D76;ROTA SP_CDD BARUERI, Vehicle, Diesel, CAMBIO MANUAL, MERCEDES BENZ, COMBUSTÃO, REG_MACRO REGIÃO SP, CAMINHÃO TOCO / TRUCK, TRS_FADEL, UNI_CDD BARUERI, 80 km/h;b23F;G9E00RVRVUPN;OK;GO Mode;06/04/2026;06/04/2026;06/04/2026;YES;;;R. Pedro de Oliveira, 30 - Vila Sul Americana, Carapicuíba - SP, 06397-085, Brasil;;1; Minutes;;Abrir no navegador
QSP4J19;ROTA SP_CDD BARUERI, Vehicle, Diesel, Manually Classified Powertrain, CAMBIO MANUAL, MERCEDES BENZ, COMBUSTÃO, REG_MACRO REGIÃO SP, CAMINHÃO TOCO / TRUCK, TRS_FADEL, UNI_CDD BARUERI, 80 km/h;b225;G9SDM3SU919B;OK (Parado);GO Mode;06/04/2026;04/04/2026;06/04/2026;NO;;;R. Pedro de Oliveira, 106 - Vila Sul Americana, Carapicuíba - SP, 06397-085, Brasil;;2; Minutes;2 Minutes;Abrir no navegador
QSP5B31;ROTA SP_CDD BARUERI, Vehicle, Diesel, CAMBIO MANUAL, MERCEDES BENZ, COMBUSTÃO, REG_MACRO REGIÃO SP, CAMINHÃO TOCO / TRUCK, TRS_FADEL, UNI_CDD BARUERI, 80 km/h;b20B;G90825NAM13H;OK;GO Mode;06/04/2026;06/04/2026;06/04/2026;YES;;;R. João Guidi, 13 - Vila Sul Americana, Carapicuíba - SP, 06397-080, Brasil;;4; Minutes;;Abrir no navegador
QSP6J36;SUP SE - EMP_PIRAI, Vehicle, Diesel, CAMBIO AUTOMATICO OU SEMI AUTOMATICO, MERCEDES BENZ, COMBUSTÃO, REG_SUPPLY SE, CAVALO MECÂNICO, TRS_CONLOG, UNI_EMP PIRAI, 90 km/h;b51E;G9T9X11X3PKM;OK;GO Mode;06/04/2026;06/04/2026;06/04/2026;YES;;;RJ, 23890-000, Brazil;;1; Minutes;;Abrir no navegador
QSP7C03;SUP SE - EMP_PIRAI, Vehicle, Diesel, CAMBIO AUTOMATICO OU SEMI AUTOMATICO, MERCEDES BENZ, COMBUSTÃO, REG_SUPPLY SE, CAVALO MECÂNICO, TRS_CONLOG, UNI_EMP PIRAI, 90 km/h;b38F;G9URAPNT64RW;OK;GO Mode;06/04/2026;06/04/2026;06/04/2026;YES;;;Rod. Pres. Dutra, 236 - Santa Amalia, Piraí - RJ, 27175-000, Brasil;;1; Minutes;;Abrir no navegador
QSP8G05;SUP SE - EMP_JAGUARIUNA, Vehicle, Diesel, CAMBIO AUTOMATICO OU SEMI AUTOMATICO, MERCEDES BENZ, COMBUSTÃO, REG_SUPPLY SE, CAVALO MECÂNICO, TRS_IMEDIATO, UNI_EMP JAGUARIUNA, 90 km/h;b3EB;G94XFKD6YHTP;OK;GO Mode;06/04/2026;06/04/2026;06/04/2026;YES;;;R. Dr. Ulysses Guimarães, 648 - Lot. Industrial Coral, Mauá - SP, 09370-843, Brasil;;1; Minutes;;Abrir no navegador
QSQ0D87;ROTA SUL_CDD FLORIANOPOLIS, Vehicle, CAMBIO MANUAL, VOLKSWAGEN, COMBUSTÃO, REG_MACRO REGIÃO SUL, CAMINHÃO TOCO / TRUCK, TRS_CONLOG, UNI_CDD FLORIANOPOLIS, 80 km/h;b60C;G94J0WY950N7;OK;GO Mode;06/04/2026;06/04/2026;06/04/2026;YES;;;R. Frei Lauro, 28 - Pte. do Imaruim, Palhoça - SC, 88130-750, Brasil;;3; Minutes;;Abrir no navegador
QSQ0F37;SUP COMG - EMP_JUATUBA, Vehicle, Diesel, CAMBIO AUTOMATICO OU SEMI AUTOMATICO, MERCEDES BENZ, COMBUSTÃO, REG_SUPPLY COMG, CAVALO MECÂNICO, TRS_NEPOMUCENO, UNI_EMP JUATUBA, 90 km/h;b6A8;G9HD4UWBAN3W;OK;GO Mode;06/04/2026;06/04/2026;06/04/2026;YES;;;MG-050, 46 - Juatuba, MG, 35675-000, Brasil;;1; Minutes;;Abrir no navegador
QSQ1C66;ROTA RJ ES_CDD SAO CRISTOVAO, Vehicle, Diesel, CAMBIO MANUAL, MERCEDES BENZ, COMBUSTÃO, REG_MACRO REGIÃO RJ ES, CAMINHÃO TOCO / TRUCK, TRS_LOG 20, UNI_CDD SÃO CRISTOVAO, 80 km/h;b260;G956B0M8201X;Off-line para 3+ Dias;GO Mode;31/03/2026;31/03/2026;31/03/2026;NO;LowVoltage;"This asset's battery is low, and the device may not be receiving enough power.
Please follow these steps:
Check your asset's battery, and electrical system health.
Confirm you are able to start your engine or asset, and check that your device is powered.
If this device is still offline, contact your fleet's Telematics Representative for further assistance.";CD AMBEV: Viaduto do Gasômetro, 128 - Imperial de São Cristóvão, Rio de Janeiro - RJ, 20931-675, Brasil;6 Days;5; Days;5 Days;Abrir no navegador
QSQ3D29;ROTA SP_CDD RIBEIRAO PRETO, Vehicle, Diesel, CAMBIO MANUAL, MERCEDES BENZ, COMBUSTÃO, REG_MACRO REGIÃO SP, CAMINHÃO TOCO / TRUCK, TRS_IMEDIATO, UNI_CDD RIBEIRÃO PRETO, 80 km/h;b2D7;G918KZ8VDSCC;OK;GO Mode;06/04/2026;06/04/2026;06/04/2026;YES;;;Q6XW+Q2 - Lot. Parque dos Lagos, Ribeirão Preto - SP, 14097-140, Brasil;;14; Minutes;;Abrir no navegador
QSQ3G91;ROTA SP_CDD PRESID. PRUDENTE, Vehicle, Diesel, CAMBIO MANUAL, MERCEDES BENZ, COMBUSTÃO, REG_MACRO REGIÃO SP, CAMINHÃO TOCO / TRUCK, TRS_IMEDIATO, UNI_CDD PRESID. PRUDENTE, 80 km/h;b2EB;G9CB21NX6Z6T;OK;GO Mode;06/04/2026;06/04/2026;06/04/2026;YES;;;R. Aurora Francisco de Camargo, 767 - Centro, Panorama - SP, 17980-000, Brasil;;12; Minutes;;Abrir no navegador
QSQ3I87;SUP COMG - EMP_UBERLANDIA, Vehicle, Diesel, CAMBIO AUTOMATICO OU SEMI AUTOMATICO, MERCEDES BENZ, COMBUSTÃO, REG_SUPPLY COMG, CAVALO MECÂNICO, TRS_IMEDIATO, UNI_EMP UBERLANDIA, 90 km/h;b504;G9TT6ZKW8MX9;OK;GO Mode;06/04/2026;05/04/2026;06/04/2026;YES;;;SCIA Quadra 11 Conjunto 1, 08 - SCIA, Brasília - DF, 71250-500, Brasil;;1; Minutes;;Abrir no navegador
QSQ4B05;ROTA SP_CDD SAO JOSE CAMPOS, Vehicle, Diesel, CAMBIO MANUAL, MERCEDES BENZ, COMBUSTÃO, REG_MACRO REGIÃO SP, CAMINHÃO TOCO / TRUCK, TRS_FADEL, UNI_CDD SÃO JOSÉ DOS CAMPOS, 80 km/h;b238;G91VYH3TRYUF;OK;GO Mode;06/04/2026;06/04/2026;06/04/2026;YES;;;R. Cel. Antônio Francisco de Abreu 417, SP, 12380-000, Brazil;;1; Minutes;;Abrir no navegador
QSQ5E95;ROTA RJ ES_CDD SAO CRISTOVAO, Vehicle, Diesel, CAMBIO MANUAL, MERCEDES BENZ, COMBUSTÃO, REG_MACRO REGIÃO RJ ES, CAMINHÃO TOCO / TRUCK, TRS_LOG 20, UNI_CDD SÃO CRISTOVAO, 80 km/h;b301;G9KXC2BFTBDX;OK;GO Mode;06/04/2026;06/04/2026;06/04/2026;YES;;;*CD RIO (10km): R. Gustavo Sampaio, 877-783 - Leme, Rio de Janeiro - RJ, 22010-010, Brasil;;10; Minutes;;Abrir no navegador
QSQ6C18;ROTA SP_CDD BARUERI, Vehicle, Diesel, CAMBIO MANUAL, MERCEDES BENZ, COMBUSTÃO, REG_MACRO REGIÃO SP, CAMINHÃO TOCO / TRUCK, TRS_FADEL, UNI_CDD BARUERI, 80 km/h;b224;G9KF0J8CJSK1;OK;GO Mode;06/04/2026;06/04/2026;06/04/2026;YES;;;R. Pedro de Oliveira, 106 - Vila Sul Americana, Carapicuíba - SP, 06397-085, Brasil;;11; Minutes;;Abrir no navegador
QSQ7A93;ROTA SP_CDD DIADEMA, Vehicle, Diesel, CAMBIO MANUAL, MERCEDES BENZ, COMBUSTÃO, REG_MACRO REGIÃO SP, CAMINHÃO TOCO / TRUCK, TRS_LOG 20, UNI_CDD DIADEMA, 80 km/h;b26C;G940VVCB7815;OK;GO Mode;06/04/2026;06/04/2026;06/04/2026;YES;;;Av. Fagundes de Oliveira, 868 - Vila Padre Anchieta, Diadema - SP, 09950-300, Brasil;;5; Minutes;;Abrir no navegador
QSQ7B09;SUP COMG - EMP_CUIABA, Vehicle, Diesel, CAMBIO AUTOMATICO OU SEMI AUTOMATICO, MERCEDES BENZ, COMBUSTÃO, REG_SUPPLY COMG, CAVALO MECÂNICO, TRS_CONLOG, UNI_EMP CUIABA, 90 km/h;b4AC;G9CJH7NMR8X2;OK (Parado);GO Mode;06/04/2026;05/04/2026;06/04/2026;NO;;;Av. Antártica, 2999 - Parque Res. Tropical Ville, Cuiabá - MT, 78042-355, Brasil;;6; Minutes;6 Minutes;Abrir no navegador
QSQ8F61;ROTA RJ ES_CDD SAO CRISTOVAO, Vehicle, Manually Classified Powertrain, CAMBIO MANUAL, MERCEDES BENZ, COMBUSTÃO, REG_MACRO REGIÃO RJ ES, CAMINHÃO TOCO / TRUCK, TRS_LOG 20, UNI_CDD SÃO CRISTOVAO, 80 km/h;b244;G9K2S5WWZMZE;OK (Parado);GO Mode;06/04/2026;01/04/2026;06/04/2026;NO;LowVoltage;"This asset's battery is low, and the device may not be receiving enough power.
Please follow these steps:
Check your asset's battery, and electrical system health.
Confirm you are able to start your engine or asset, and check that your device is powered.
If this device is still offline, contact your fleet's Telematics Representative for further assistance.";CD AMBEV: Viaduto do Gasômetro, 19 - Imperial de São Cristóvão, Rio de Janeiro - RJ, 20931-675, Brasil;;2; Days;2 Days;Abrir no navegador
QSR3F17;ROTA SP_CDD BARUERI, Vehicle, Diesel, Manually Classified Powertrain, CAMBIO MANUAL, MERCEDES BENZ, COMBUSTÃO, REG_MACRO REGIÃO SP, CAMINHÃO TOCO / TRUCK, TRS_FADEL, UNI_CDD BARUERI, 80 km/h;b209;G9EB071A75SN;OK;GO Mode;06/04/2026;06/04/2026;06/04/2026;YES;;;Av. dos Autonomistas, 1828 - Vila Yara, Osasco - SP, 06020-010, Brasil;;2; Minutes;;Abrir no navegador
QSR8D61;ROTA SP_CDD SUZANO, Vehicle, Diesel, CAMBIO MANUAL, MERCEDES BENZ, COMBUSTÃO, REG_MACRO REGIÃO SP, CAMINHÃO TOCO / TRUCK, TRS_NEPOMUCENO, UNI_CDD SUZANO, 80 km/h;b57A;G904VTPP4EZX;Off-line para 3+ Dias;GO Mode;02/04/2026;01/04/2026;02/04/2026;NO;;;Rod. Índio Tibiriçá, 2323 - Rancho Alegre, Ribeirão Pires - SP, 09415-000, Brasil;5 Days;3; Days;3 Days;Abrir no navegador
QSS0E37;ROTA SP_CDD SAO JOSE CAMPOS, Vehicle, Diesel, CAMBIO MANUAL, MERCEDES BENZ, COMBUSTÃO, REG_MACRO REGIÃO SP, CAMINHÃO TOCO / TRUCK, TRS_FADEL, UNI_CDD SÃO JOSÉ DOS CAMPOS, 80 km/h;b266;G9E5NJKAM3BN;OK;GO Mode;06/04/2026;06/04/2026;06/04/2026;YES;;;R. Carlos Marcondes, 1480 - Jardim Limoeiro, São José dos Campos - SP, 12230-002, Brasil;;1; Minutes;;Abrir no navegador
QSS2F68;SUP SE - EMP_PIRAI, Vehicle, Diesel, CAMBIO AUTOMATICO OU SEMI AUTOMATICO, MERCEDES BENZ, COMBUSTÃO, REG_SUPPLY SE, CAVALO MECÂNICO, TRS_CONLOG, UNI_EMP PIRAI, 90 km/h;b514;G99FVY1173NN;OK;GO Mode;06/04/2026;06/04/2026;06/04/2026;YES;;;*CD RIO (50km): R. I Gomes, 80 - Caluge, Itaboraí - RJ, 24804-295, Brasil;;5; Minutes;;Abrir no navegador
QSS3A39;ROTA RJ ES_CDD SAO CRISTOVAO, Vehicle, Diesel, CAMBIO MANUAL, MERCEDES BENZ, COMBUSTÃO, REG_MACRO REGIÃO RJ ES, CAMINHÃO TOCO / TRUCK, TRS_LOG 20, UNI_CDD SÃO CRISTOVAO, 80 km/h;b259;G9UTNBN9ADFX;OK;GO Mode;06/04/2026;06/04/2026;06/04/2026;YES;;;CD AMBEV: Viaduto do Gasômetro, 19 - Imperial de São Cristóvão, Rio de Janeiro - RJ, 20931-675, Brasil;;8; Minutes;;Abrir no navegador
QSS3A81;ROTA SP_CDD DIADEMA, Vehicle, Diesel, CAMBIO MANUAL, MERCEDES BENZ, COMBUSTÃO, REG_MACRO REGIÃO SP, CAMINHÃO TOCO / TRUCK, TRS_LOG 20, UNI_CDD DIADEMA, 80 km/h;b24A;G9H3FTYB4JZ6;OK;GO Mode;06/04/2026;06/04/2026;06/04/2026;YES;;;R. Georg Rexroth, 31 - Piraporinha, Diadema - SP, 09951-270, Brasil;;1; Minutes;;Abrir no navegador
QSS5D18;SUP SE - EMP_MACACU, Vehicle, Diesel, CAMBIO AUTOMATICO OU SEMI AUTOMATICO, MERCEDES BENZ, COMBUSTÃO, REG_SUPPLY SE, CAVALO MECÂNICO, TRS_CONLOG, UNI_EMP MACACU, 90 km/h;b54B;G91THMWP2717;OK;GO Mode;06/04/2026;05/04/2026;06/04/2026;YES;;;F8J2+34 - Funchal, Cachoeiras de Macacu - RJ, 28680-000, Brasil;;16; Minutes;;Abrir no navegador
QSS6D23;ROTA SP_CDD DIADEMA, Vehicle, Diesel, CAMBIO MANUAL, MERCEDES BENZ, COMBUSTÃO, REG_MACRO REGIÃO SP, CAMINHÃO TOCO / TRUCK, TRS_LOG 20, UNI_CDD DIADEMA, 80 km/h;b31C;G9084PFC57TM;Off-line para 3+ Dias;GO Mode;02/04/2026;02/04/2026;02/04/2026;NO;;;Av. Fábio Eduardo Ramos Esquivel, 2279 - Centro, Diadema - SP, 09941-201, Brasil;4 Days;3; Days;3 Days;Abrir no navegador
QSS6E76;ROTA SP_CDD PRESID. PRUDENTE, Vehicle, Diesel, CAMBIO MANUAL, MERCEDES BENZ, COMBUSTÃO, REG_MACRO REGIÃO SP, CAMINHÃO TOCO / TRUCK, TRS_IMEDIATO, UNI_CDD PRESID. PRUDENTE, 80 km/h;b5F1;G936EU5U7VAH;OK (Parado);GO Mode;06/04/2026;04/04/2026;06/04/2026;NO;;;R. Carlos Ignácio Alcêncio, 10 - Uep6-S.2, Pres. Prudente - SP, 19045-373, Brasil;;6; Minutes;6 Minutes;Abrir no navegador
QSS7H19;ROTA SUL_CDD PELOTAS, Vehicle, CAMBIO MANUAL, VOLKSWAGEN, COMBUSTÃO, REG_MACRO REGIÃO SUL, CAMINHÃO TOCO / TRUCK, TRS_CONLOG, UNI_CDD PELOTAS, 80 km/h;b415;G9B4MP5EDX8F;OK;GO Mode;06/04/2026;06/04/2026;06/04/2026;YES;;;BR-471 - Santa Terezinha, Pelotas - RS, Brasil - Santa Terezinha, Pelotas - RS, 96015, Brasil;;1; Minutes;;Abrir no navegador
QSS7J53;ROTA SP_CDD DIADEMA, Vehicle, Diesel, CAMBIO MANUAL, MERCEDES BENZ, COMBUSTÃO, REG_MACRO REGIÃO SP, CAMINHÃO TOCO / TRUCK, TRS_LOG 20, UNI_CDD DIADEMA, 80 km/h;b265;G9SF1BMT53DM;OK;GO Mode;06/04/2026;06/04/2026;06/04/2026;YES;;;R. Georg Rexroth, 31 - Piraporinha, Diadema - SP, 09951-270, Brasil;;1; Minutes;;Abrir no navegador
QST7B08;ROTA SP_CDD SAO JOSE CAMPOS, Vehicle, Diesel, CAMBIO MANUAL, MERCEDES BENZ, COMBUSTÃO, REG_MACRO REGIÃO SP, CAMINHÃO TOCO / TRUCK, TRS_FADEL, UNI_CDD SÃO JOSÉ DOS CAMPOS, 80 km/h;b239;G9NFXHHBPR4R;OK;GO Mode;06/04/2026;06/04/2026;06/04/2026;YES;;;Av. Dr. Ademar de Barros, 621 - Vila Adyana, São José dos Campos - SP, 12245-011, Brasil;;1; Minutes;;Abrir no navegador
QST9I20;ROTA SUL_CDD PELOTAS, Vehicle, CAMBIO MANUAL, VOLKSWAGEN, COMBUSTÃO, REG_MACRO REGIÃO SUL, CAMINHÃO TOCO / TRUCK, TRS_CONLOG, UNI_CDD PELOTAS, 80 km/h;b613;G99R0RH3CMUW;OK;GO Mode;06/04/2026;06/04/2026;06/04/2026;YES;;;R. Jacob Rheingantz, 1310 - São Lourenço do Sul, RS, 96170-000, Brasil;;1; Minutes;;Abrir no navegador
QSU2D64;SUP COMG - EMP_JUATUBA, Vehicle, Diesel, CAMBIO AUTOMATICO OU SEMI AUTOMATICO, MERCEDES BENZ, COMBUSTÃO, REG_SUPPLY COMG, CAVALO MECÂNICO, TRS_NEPOMUCENO, UNI_EMP JUATUBA, 90 km/h;b5AD;G9MHHC99U08A;OK;GO Mode;06/04/2026;06/04/2026;06/04/2026;YES;;;BR - 381, Km 947 - Rod. Fernão Dias - Extrema, MG, 37640-000, Brasil;;1; Minutes;;Abrir no navegador
QSU6I55;SUP COMG - EMP_UBERLANDIA, Vehicle, Diesel, CAMBIO AUTOMATICO OU SEMI AUTOMATICO, MERCEDES BENZ, COMBUSTÃO, REG_SUPPLY COMG, CAVALO MECÂNICO, TRS_IMEDIATO, UNI_EMP UBERLANDIA, 90 km/h;b4C2;G9WWJ93ZY8RC;OK;GO Mode;05/04/2026;05/04/2026;05/04/2026;YES;;;BR-040, 1159 - Luziânia, GO, Brasil;;8; Days;;Abrir no navegador
QSU8C52;ROTA SP_CDD DIADEMA, Vehicle, Diesel, CAMBIO MANUAL, MERCEDES BENZ, COMBUSTÃO, REG_MACRO REGIÃO SP, CAMINHÃO TOCO / TRUCK, TRS_LOG 20, UNI_CDD DIADEMA, 80 km/h;b22E;G926DC2J4X8U;OK;GO Mode;06/04/2026;06/04/2026;06/04/2026;YES;;;Av. Washington Luís, 2180 - Santo Amaro, São Paulo - SP, 04662-002, Brasil;;1; Minutes;;Abrir no navegador
QSU8D49;SUP SE - EMP_PIRAI, Vehicle, Diesel, CAMBIO AUTOMATICO OU SEMI AUTOMATICO, MERCEDES BENZ, COMBUSTÃO, REG_SUPPLY SE, CAVALO MECÂNICO, TRS_CONLOG, UNI_EMP PIRAI, 90 km/h;b487;G9FPFBBFVFTC;OK;GO Mode;06/04/2026;05/04/2026;06/04/2026;YES;;;Rod. Pres. Dutra, 27 - Piraí, RJ, 27175-000, Brasil;;14; Minutes;;Abrir no navegador
QSV1C04;SUP SE - EMP_JACAREI, Vehicle, Diesel, CAMBIO AUTOMATICO OU SEMI AUTOMATICO, MERCEDES BENZ, COMBUSTÃO, REG_SUPPLY SE, CAVALO MECÂNICO, TRS_IMEDIATO, UNI_EMP JACAREI, 90 km/h;b3D3;G9K8YEYED86A;OK (Parado);GO Mode;05/04/2026;02/04/2026;05/04/2026;NO;;;Estr. Mun. do Jaguari, 9876-10276 - Rio Abaixo, Jacareí - SP, Brasil - Rio Abaixo, Jacareí - SP, 12334-400, Brasil;;17; Days;17 Days;Abrir no navegador
QSV3B49;ROTA RJ ES_CDD SAO CRISTOVAO, Vehicle, Diesel, CAMBIO MANUAL, MERCEDES BENZ, COMBUSTÃO, REG_MACRO REGIÃO RJ ES, CAMINHÃO TOCO / TRUCK, TRS_LOG 20, UNI_CDD SÃO CRISTOVAO, 80 km/h;b312;G9DCAWNF8ZNH;OK;GO Mode;06/04/2026;06/04/2026;06/04/2026;YES;;;*CD RIO (10km): Rua General Caldwell, 203 - Centro, Rio de Janeiro - RJ, 20230-192, Brasil;;8; Minutes;;Abrir no navegador
QSV3I55;SUP SE - EMP_PIRAI, Vehicle, Diesel, CAMBIO AUTOMATICO OU SEMI AUTOMATICO, MERCEDES BENZ, COMBUSTÃO, REG_SUPPLY SE, CAVALO MECÂNICO, TRS_CONLOG, UNI_EMP PIRAI, 90 km/h;b6C6;G9R5WP6D3B06;OK;GO Mode;06/04/2026;06/04/2026;06/04/2026;YES;;;Rod. Pres. Dutra, 237 - Santa Amalia, Piraí - RJ, 27175-000, Brasil;;5; Minutes;;Abrir no navegador
QSV4C23;SUP SE - EMP_JACAREI, Vehicle, Diesel, CAMBIO AUTOMATICO OU SEMI AUTOMATICO, MERCEDES BENZ, COMBUSTÃO, REG_SUPPLY SE, CAVALO MECÂNICO, TRS_IMEDIATO, UNI_EMP JACAREI, 90 km/h;b3AF;G9JADEYE2X2F;OK;GO Mode;06/04/2026;06/04/2026;06/04/2026;YES;;;R. Carlos Marcondes, 1480 - Jardim Limoeiro, São José dos Campos - SP, 12230-002, Brasil;;34; Minutes;;Abrir no navegador
QSV4D23;SUP SE - EMP_GUARULHOS, Vehicle, Diesel, CAMBIO AUTOMATICO OU SEMI AUTOMATICO, MERCEDES BENZ, COMBUSTÃO, REG_SUPPLY SE, CAVALO MECÂNICO, TRS_IMEDIATO, UNI_EMP GUARULHOS, 90 km/h;b3B6;G91Z2X62J4HR;Off-line para 3+ Dias;GO Mode;13/10/2025;13/10/2025;13/10/2025;NO;;;R. 15, 164 - Batistini, São Bernardo do Campo - SP, 09847, Brasil;175 Days;174; Days;174 Days;Abrir no navegador
QSV4F74;SUP SUL - EMP_AGUDOS, Vehicle, Diesel, CAMBIO AUTOMATICO OU SEMI AUTOMATICO, MERCEDES BENZ, COMBUSTÃO, REG_SUPPLY SUL, CAVALO MECÂNICO, TRS_IMEDIATO, UNI_EMP AGUDOS, 90 km/h;b4C4;G9CE7X2M8VXS;OK;GO Mode;06/04/2026;06/04/2026;06/04/2026;YES;;;Rod. Marechal Rondon, 4 - Promissão, SP, 16370-000, Brasil;;1; Minutes;;Abrir no navegador
QSV6I35;ROTA SP_CDD SUZANO, Vehicle, Diesel, CAMBIO MANUAL, MERCEDES BENZ, COMBUSTÃO, REG_MACRO REGIÃO SP, CAMINHÃO TOCO / TRUCK, TRS_NEPOMUCENO, UNI_CDD SUZANO, 80 km/h;b561;G9SJKMUXEZUU;OK;GO Mode;06/04/2026;06/04/2026;06/04/2026;YES;;;R. Ernesto Joaquim de Souza, 460 - Chácaras Ceres, Suzano - SP, 08655-805, Brasil;;9; Minutes;;Abrir no navegador
QSV8E56;ROTA SUL_CDD CURITIBA, Vehicle, Diesel, CAMBIO MANUAL, MERCEDES BENZ, COMBUSTÃO, REG_MACRO REGIÃO SUL, CAMINHÃO TOCO / TRUCK, TRS_IMEDIATO, UNI_CDD CURITIBA, 80 km/h;b276;G96NJ77V2NB6;OK;GO Mode;06/04/2026;06/04/2026;06/04/2026;YES;;;R. Alfredo Pinto, 1397 - Parque da Fonte, São José dos Pinhais - PR, 83050-320, Brasil;;1; Minutes;;Abrir no navegador
QSW0H52;ROTA SP_CDD DIADEMA, Vehicle, Diesel, CAMBIO MANUAL, MERCEDES BENZ, COMBUSTÃO, REG_MACRO REGIÃO SP, CAMINHÃO TOCO / TRUCK, TRS_LOG 20, UNI_CDD DIADEMA, 80 km/h;b240;G9X504CTZYRN;OK;GO Mode;06/04/2026;06/04/2026;06/04/2026;YES;;;R. Georg Rexroth, 31 - Piraporinha, Diadema - SP, 09951-270, Brasil;;1; Minutes;;Abrir no navegador
QSW1J06;ROTA SP_CDD SAO JOSE CAMPOS, Vehicle, Diesel, CAMBIO MANUAL, MERCEDES BENZ, COMBUSTÃO, REG_MACRO REGIÃO SP, CAMINHÃO TOCO / TRUCK, TRS_FADEL, UNI_CDD SÃO JOSÉ DOS CAMPOS, 80 km/h;b5C6;G91N70JTFTTW;OK;GO Mode;06/04/2026;06/04/2026;06/04/2026;YES;;;R. Carlos Marcondes, 315 - Jardim Limoeiro, São José dos Campos - SP, 12230-002, Brasil;;1; Minutes;;Abrir no navegador
QSW2E36;SUP SE - EMP_GUARULHOS, Vehicle, Diesel, CAMBIO AUTOMATICO OU SEMI AUTOMATICO, MERCEDES BENZ, COMBUSTÃO, REG_SUPPLY SE, CAVALO MECÂNICO, TRS_IMEDIATO, UNI_EMP GUARULHOS, 90 km/h;b6E0;G9ZCEN580AJA;OK;GO Mode;06/04/2026;06/04/2026;06/04/2026;YES;;;R. Georg Rexroth, 31 - Piraporinha, Diadema - SP, 09951-270, Brasil;;1; Minutes;;Abrir no navegador
QSW3I60;ROTA SP_CDD BARUERI, Vehicle, Diesel, CAMBIO MANUAL, MERCEDES BENZ, COMBUSTÃO, REG_MACRO REGIÃO SP, CAMINHÃO TOCO / TRUCK, TRS_FADEL, UNI_CDD BARUERI, 80 km/h;b538;G9M0NYSKTACR;OK;GO Mode;06/04/2026;05/04/2026;06/04/2026;YES;;;R. Pedro de Oliveira, 106 - Vila Sul Americana, Carapicuíba - SP, 06397-085, Brasil;;12; Minutes;;Abrir no navegador
QSW5C96;ROTA RJ ES_CDD CAMPO GRANDE, Vehicle, CAMBIO MANUAL, VOLKSWAGEN, COMBUSTÃO, REG_MACRO REGIÃO RJ ES, CAMINHÃO TOCO / TRUCK, TRS_CONLOG, UNI_CDD CAMPO GRANDE, 80 km/h;b616;G9XEN4CRNHJ8;OK;GO Mode;06/04/2026;06/04/2026;06/04/2026;YES;;;*CD RIO (50km): Estr. Rio São Paulo, 6663 - Campo Grande, Rio de Janeiro - RJ, 23095-701, Brasil;;1; Minutes;;Abrir no navegador
QSX1F91;ROTA SP_CDD PRESID. PRUDENTE, Vehicle, Diesel, CAMBIO MANUAL, MERCEDES BENZ, COMBUSTÃO, REG_MACRO REGIÃO SP, CAMINHÃO TOCO / TRUCK, TRS_IMEDIATO, UNI_CDD PRESID. PRUDENTE, 80 km/h;b25F;G92BE7SEY7X0;OK;GO Mode;06/04/2026;06/04/2026;06/04/2026;YES;;;R. Alvino Gomes Teixeira, 2410 - Parque Furquim, Pres. Prudente - SP, 19033-000, Brasil;;13; Minutes;;Abrir no navegador
QSX4I96;ROTA SP_CDD EMBU, Vehicle, Manually Classified Powertrain, CAMBIO MANUAL, MERCEDES BENZ, COMBUSTÃO, REG_MACRO REGIÃO SP, CAMINHÃO TOCO / TRUCK, TRS_IMEDIATO, UNI_CDD EMBU, 80 km/h;b49B;G9ESJWZSCCW2;OK (Parado);GO Mode;06/04/2026;02/04/2026;06/04/2026;NO;;;Av. Rotary, 1720 - Vila Isis Cristina, Embu das Artes - SP, 06815-490, Brasil;;18; Minutes;18 Minutes;Abrir no navegador
QSX6F36;SUP COMG - EMP_UBERLANDIA, Vehicle, Diesel, CAMBIO AUTOMATICO OU SEMI AUTOMATICO, MERCEDES BENZ, COMBUSTÃO, REG_SUPPLY COMG, CAVALO MECÂNICO, TRS_IMEDIATO, UNI_EMP UBERLANDIA, 90 km/h;b53C;G9VKU44JEDK4;OK;GO Mode;06/04/2026;06/04/2026;06/04/2026;YES;;;BR-452, Santa Helena de Goiás - GO, 75920-000, Brasil;;18; Minutes;;Abrir no navegador
QSX6H29;ROTA SP_CDD DIADEMA, Vehicle, Diesel, Manually Classified Powertrain, CAMBIO MANUAL, MERCEDES BENZ, COMBUSTÃO, REG_MACRO REGIÃO SP, CAMINHÃO TOCO / TRUCK, TRS_LOG 20, UNI_CDD DIADEMA, 80 km/h;b247;G9B8W008SZ27;OK;GO Mode;06/04/2026;06/04/2026;06/04/2026;YES;;;R. Vicente Januário D'ângelo, 108 - Jd Iraja, São Bernardo do Campo - SP, 09781-310, Brasil;;1; Minutes;;Abrir no navegador
QSX9H97;SUP COMG - EMP_UBERLANDIA, Vehicle, Diesel, CAMBIO AUTOMATICO OU SEMI AUTOMATICO, MERCEDES BENZ, COMBUSTÃO, REG_SUPPLY COMG, CAVALO MECÂNICO, TRS_IMEDIATO, UNI_EMP UBERLANDIA, 90 km/h;b511;G942BT1DWT3E;OK;GO Mode;06/04/2026;06/04/2026;06/04/2026;YES;;;Avenida Voluntários de Guará, 831 Rodovia Anhanguera Rodovia - km 399 - Guará, SP, 14580-000, Brasil;;5; Minutes;;Abrir no navegador
QSY0F05;ROTA SP_CDD CAMPINAS, Vehicle, Diesel, CAMBIO MANUAL, MERCEDES BENZ, COMBUSTÃO, REG_MACRO REGIÃO SP, CAMINHÃO TOCO / TRUCK, TRS_IMEDIATO, UNI_CDD CAMPINAS, 80 km/h;b605;G97TNMXK79NW;OK;GO Mode;06/04/2026;06/04/2026;06/04/2026;YES;;;Av. Paris, 96-700 - Cascata, Paulínia - SP, 13140-000, Brasil;;7; Minutes;;Abrir no navegador
QSY0F74;SUP COMG - EMP_JUATUBA, Vehicle, Diesel, CAMBIO AUTOMATICO OU SEMI AUTOMATICO, MERCEDES BENZ, COMBUSTÃO, REG_SUPPLY COMG, CAVALO MECÂNICO, TRS_NEPOMUCENO, UNI_EMP JUATUBA, 90 km/h;b595;G9BEPH34V6K3;OK;GO Mode;06/04/2026;06/04/2026;06/04/2026;YES;;;Rod. Fernão Dias, KM 871 - Pouso Alegre, MG, 37550-000, Brasil;;5; Minutes;;Abrir no navegador
QSY4D84;SUP SE - EMP_JACAREI, Vehicle, Diesel, CAMBIO AUTOMATICO OU SEMI AUTOMATICO, MERCEDES BENZ, COMBUSTÃO, REG_SUPPLY SE, CAVALO MECÂNICO, TRS_IMEDIATO, UNI_EMP JACAREI, 90 km/h;b3AE;G97YFWTXYSD3;OK;GO Mode;06/04/2026;06/04/2026;06/04/2026;YES;;;Rod. Marechal Rondon, 527 - Alvorada, Araçatuba - SP, 16018-805, Brasil;;1; Minutes;;Abrir no navegador
QSY8D17;ROTA SP_CDD SUZANO, Vehicle, Diesel, CAMBIO MANUAL, MERCEDES BENZ, COMBUSTÃO, REG_MACRO REGIÃO SP, CAMINHÃO TOCO / TRUCK, TRS_NEPOMUCENO, UNI_CDD SUZANO, 80 km/h;b5C8;G9E2XJF024FT;OK;GO Mode;06/04/2026;06/04/2026;06/04/2026;YES;;;R. Rafael da Anunciação Fontes, 235 - Chácaras Ceres, Suzano - SP, 08655-243, Brasil;;1; Minutes;;Abrir no navegador
QSY8E10;ROTA SP_CDD DIADEMA, Vehicle, Diesel, CAMBIO MANUAL, MERCEDES BENZ, COMBUSTÃO, REG_MACRO REGIÃO SP, CAMINHÃO TOCO / TRUCK, TRS_LOG 20, UNI_CDD DIADEMA, 80 km/h;b334;G970D6C77VJ6;OK;GO Mode;06/04/2026;06/04/2026;06/04/2026;YES;;;R. Jurubatuba, 1242 - Centro, São Bernardo do Campo - SP, 09725-000, Brasil;;5; Minutes;;Abrir no navegador
QSY9C91;ROTA SP_CDD PRESID. PRUDENTE, Vehicle, Diesel, CAMBIO MANUAL, MERCEDES BENZ, COMBUSTÃO, REG_MACRO REGIÃO SP, CAMINHÃO TOCO / TRUCK, TRS_IMEDIATO, UNI_CDD PRESID. PRUDENTE, 80 km/h;b249;G9VP5HTXC8BN;OK (Parado);GO Mode;06/04/2026;04/04/2026;06/04/2026;NO;;;R. Mário Ramos, 230 - Uep6-S.2, Pres. Prudente - SP, 19045-690, Brasil;;12; Minutes;12 Minutes;Abrir no navegador
QSZ3D66;AMBEV, Vehicle, Diesel;b53D;G9RHS7CMHN8C;OK;GO Mode;06/04/2026;06/04/2026;06/04/2026;YES;;;Alameda Santa Filomena, 755 - Guaxinduva, Atibaia - SP, 12945-755, Brasil;;1; Minutes;;Abrir no navegador
QSZ4D41;ROTA SUL_CDD PELOTAS, Vehicle, CAMBIO MANUAL, VOLKSWAGEN, COMBUSTÃO, REG_MACRO REGIÃO SUL, CAMINHÃO TOCO / TRUCK, TRS_CONLOG, UNI_CDD PELOTAS, 80 km/h;b617;G9HCJ3PPA625;OK;GO Mode;06/04/2026;06/04/2026;06/04/2026;YES;;;BR-471 - Santa Terezinha, Pelotas - RS, Brasil - Santa Terezinha, Pelotas - RS, 96015, Brasil;;1; Minutes;;Abrir no navegador
QSZ7E17;ROTA SUL_CDD CURITIBA, Vehicle, Manually Classified Powertrain, CAMBIO MANUAL, MERCEDES BENZ, COMBUSTÃO, REG_MACRO REGIÃO SUL, CAMINHÃO TOCO / TRUCK, TRS_IMEDIATO, UNI_CDD CURITIBA, 80 km/h;b4AD;G97AU6JABYEW;OK;GO Mode;06/04/2026;06/04/2026;06/04/2026;YES;;;R. Nilto Jacob, 96 - Parque da Fonte, São José dos Pinhais - PR, 83050-670, Brasil;;1; Minutes;;Abrir no navegador
QSZ7F78;ROTA SP_CDD SAO JOSE CAMPOS, Vehicle, Diesel, Manually Classified Powertrain, CAMBIO MANUAL, MERCEDES BENZ, COMBUSTÃO, REG_MACRO REGIÃO SP, CAMINHÃO TOCO / TRUCK, TRS_FADEL, UNI_CDD SÃO JOSÉ DOS CAMPOS, 80 km/h;b252;G95D3VPYKBBR;OK;GO Mode;06/04/2026;06/04/2026;06/04/2026;YES;;;Av. Antônio A Carvalho Rosa, 344 - Parque Brasil, Jacareí - SP, 12328-000, Brasil;;3; Minutes;;Abrir no navegador
QSZ7G10;AS RJ ES_AS CAMPO GRANDE, Vehicle, CAMBIO AUTOMATICO OU SEMI AUTOMATICO, VOLKSWAGEN, COMBUSTÃO, REG_MACRO REGIÃO RJ ES, CAVALO MECÂNICO, TRS_CONLOG, UNI_AS CAMPO GRANDE, 90 km/h;b412;G9D1AZM4X3NN;OK (Parado);GO Mode;06/04/2026;04/04/2026;06/04/2026;NO;;;*CD RIO (50km): AmBev Rio de Janeiro - Estr. Rio São Paulo, 7611 - Campo Grande, Rio de Janeiro - RJ, 26298-420, Brasil;;4; Minutes;4 Minutes;Abrir no navegador
QSZ9G87;ROTA SP_CDD CAMPINAS, Vehicle, Diesel, CAMBIO MANUAL, MERCEDES BENZ, COMBUSTÃO, REG_MACRO REGIÃO SP, CAMINHÃO TOCO / TRUCK, TRS_IMEDIATO, UNI_CDD CAMPINAS, 80 km/h;b49F;G9K6789R4B4T;Off-line para 3+ Dias;GO Mode;02/04/2026;27/03/2026;02/04/2026;NO;;;Rodovia Professor Zeferino Vaz, KM 123 - Santa Terezinha, Paulínia - SP, 13140-000, Brasil;10 Days;3; Days;3 Days;Abrir no navegador
QZK5F68;AMBEV, Vehicle;b463;G9Y88YENUR57;Off-line para 3+ Dias;GO Mode;02/02/2026;02/02/2026;02/02/2026;NO;;;Av. Torquato Tapajós, 708 - Novo Israel, Manaus - AM, 69039, Brasil;63 Days;62; Days;62 Days;Abrir no navegador
RAG7230;SUP SUL - LATA_LAGES, Vehicle, Diesel, CAMBIO AUTOMATICO OU SEMI AUTOMATICO, VOLKSWAGEN, COMBUSTÃO, REG_SUPPLY SUL, CAVALO MECÂNICO, TRS_RODALOG, UNI_INS LATA LAGES, 90 km/h;b342;G9DXU26N8AUP;OK;GO Mode;06/04/2026;06/04/2026;06/04/2026;YES;;;Beco do Pacheco, 9747 - Águas Claras, Viamão - RS, 94410-140, Brasil;;14; Minutes;;Abrir no navegador
RHT5F13;ROTA RJ ES_CDD JACAREPAGUA, Vehicle, Battery Electric Vehicle, CAMBIO MANUAL, MERCEDES BENZ, COMBUSTÃO, REG_MACRO REGIÃO RJ ES, CAMINHÃO TOCO / TRUCK, TRS_FADEL, UNI_CDD JACAREPAGUA, 80 km/h;b97A;G95HTYP62BFW;OK;GO Mode;06/04/2026;06/04/2026;06/04/2026;YES;LowVoltage;"This asset's battery is low, and the device may not be receiving enough power.
Please follow these steps:
Check your asset's battery, and electrical system health.
Confirm you are able to start your engine or asset, and check that your device is powered.
If this device is still offline, contact your fleet's Telematics Representative for further assistance.";*CD RIO (20km): R. Caminho do Cavaco, 1 - Anil, Rio de Janeiro - RJ, 22753-034, Brasil;;1; Minutes;;Abrir no navegador
RIZ4E82;AS RJ ES_AS CAMPO GRANDE, Vehicle, Diesel, CAMBIO AUTOMATICO OU SEMI AUTOMATICO, SCANIA, COMBUSTÃO, REG_MACRO REGIÃO RJ ES, CAVALO MECÂNICO, TRS_FADEL, UNI_AS CAMPO GRANDE, 90 km/h;b46A;G9VA0ER5TD7F;OK;GO Mode;06/04/2026;06/04/2026;06/04/2026;YES;;;*CD RIO (50km): R. Valdir Oliveira, 5 - Jardins, Seropédica - RJ, 23890-094, Brasil;;3; Minutes;;Abrir no navegador
RPH1B50;AMBEV, Vehicle, Diesel;b4B0;G9K7R8WDX7NN;OK;GO Mode;06/04/2026;06/04/2026;06/04/2026;YES;;;BR-135, 806, Itapecuru Mirim - MA, 65485-000, Brasil;;1; Minutes;;Abrir no navegador
RPH8B16-1;AMBEV, Vehicle, Diesel;b4AA;G9H0CPDAF9DV;Off-line para 3+ Dias;GO Mode;24/03/2026;24/03/2026;24/03/2026;NO;;;9M2W+56, São Luís - MA, Brasil;13 Days;12; Days;12 Days;Abrir no navegador
RQP6D04;SUP NE - EMP_ESTANCIA, Vehicle, Diesel, CAMBIO AUTOMATICO OU SEMI AUTOMATICO, SCANIA, COMBUSTÃO, REG_SUPPLY NE, CAVALO MECÂNICO, TRS_GHISOLFI, UNI_EMP ESTANCIA, 90 km/h;b6D7;G98MX23HK6NT;Off-line para 3+ Dias;GO Mode;21/03/2026;21/03/2026;21/03/2026;NO;;;Rod. Governador Mário Covas, 1117, Amélia Rodrigues - BA, 44230-000, Brasil;16 Days;15; Days;15 Days;Abrir no navegador
RTD5B06;ROTA RJ ES_CDD MACACU, Vehicle, Diesel, CAMBIO MANUAL, IVECO, COMBUSTÃO, REG_MACRO REGIÃO RJ ES, VANS, TRS_CONLOG, UNI_CDD MACACU, 80 km/h;b685;G9JAJAMBEBCH;OK;GO Mode;06/04/2026;06/04/2026;06/04/2026;YES;;;F8J2+34 - Funchal, Cachoeiras de Macacu - RJ, 28680-000, Brasil;;31; Minutes;;Abrir no navegador
RXR9C05;SUP SUL - LATA_LAGES, Vehicle, Diesel, Manually Classified Powertrain, CAMBIO AUTOMATICO OU SEMI AUTOMATICO, VOLVO, COMBUSTÃO, REG_SUPPLY SUL, CAVALO MECÂNICO, TRS_RODALOG, UNI_INS LATA LAGES, 90 km/h;b341;G9ETUX7PHR1F;OK;GO Mode;05/04/2026;05/04/2026;05/04/2026;YES;;;R. Soli Réis, 413 - Boqueirão, Lages - SC, 88514-700, Brasil;;13; Days;;Abrir no navegador
SUF7B25;SUP SUL - EMP_AGUDOS, Vehicle, Diesel, Manually Classified Powertrain, CAMBIO AUTOMATICO OU SEMI AUTOMATICO, MERCEDES BENZ, COMBUSTÃO, REG_SUPPLY SUL, CAVALO MECÂNICO, TRS_IMEDIATO, UNI_EMP AGUDOS, 90 km/h;b3F8;G9MDMXHZJDHX;OK;GO Mode;06/04/2026;06/04/2026;06/04/2026;YES;;;Av. Engenheiro Camilo Dinucci, 637 - Araraquara, SP, 14808-100, Brasil;;1; Minutes;;Abrir no navegador
SUG8I65;SUP SE - EMP_JAGUARIUNA, Vehicle, Diesel, CAMBIO AUTOMATICO OU SEMI AUTOMATICO, MERCEDES BENZ, COMBUSTÃO, REG_SUPPLY SE, CAVALO MECÂNICO, TRS_IMEDIATO, UNI_EMP JAGUARIUNA, 90 km/h;b4CE;G9PAN1BW4PZE;OK;GO Mode;06/04/2026;06/04/2026;06/04/2026;YES;;;Av. Antártica, 1950, Jaguariúna - SP, 13820-000, Brasil;;4; Minutes;;Abrir no navegador
SUH8G96;SUP SE - EMP_PIRAI, Vehicle, Diesel, CAMBIO AUTOMATICO OU SEMI AUTOMATICO, MERCEDES BENZ, COMBUSTÃO, REG_SUPPLY SE, CAVALO MECÂNICO, TRS_CONLOG, UNI_EMP PIRAI, 90 km/h;b505;G9KKD75FRM6P;OK;GO Mode;06/04/2026;06/04/2026;06/04/2026;YES;;;Rod. Pres. Dutra, 237 - Centro, Piraí - RJ, 27175-000, Brasil;;2; Minutes;;Abrir no navegador
SUQ6A65;SUP COMG - EMP_UBERLANDIA, Vehicle, Diesel, CAMBIO AUTOMATICO OU SEMI AUTOMATICO, MERCEDES BENZ, COMBUSTÃO, REG_SUPPLY COMG, CAVALO MECÂNICO, TRS_IMEDIATO, UNI_EMP UBERLANDIA, 90 km/h;b4D5;G95CTM6Y6NPV;OK;GO Mode;06/04/2026;06/04/2026;06/04/2026;YES;;;SCIA Quadra 11 Conjunto 1, 08 - SCIA, Brasília - DF, 71250-500, Brasil;;6; Minutes;;Abrir no navegador
SUY7A26;SUP SE - EMP_JACAREI, Vehicle, Diesel, CAMBIO AUTOMATICO OU SEMI AUTOMATICO, MERCEDES BENZ, COMBUSTÃO, REG_SUPPLY SE, CAVALO MECÂNICO, TRS_IMEDIATO, UNI_EMP JACAREI, 90 km/h;b3DB;G9HWWH561K3C;OK;GO Mode;06/04/2026;06/04/2026;06/04/2026;YES;;;Av. América, SN - Chácaras Guanabara, Guararema - SP, 08900-000, Brasil;;1; Minutes;;Abrir no navegador
SVF5E12;ROTA SP_CDD PRESID. PRUDENTE, Vehicle, Diesel, CAMBIO MANUAL, MERCEDES BENZ, COMBUSTÃO, REG_MACRO REGIÃO SP, CAMINHÃO TOCO / TRUCK, TRS_IMEDIATO, UNI_CDD PRESID. PRUDENTE, 80 km/h;b257;G9F6CN90ABJD;OK;GO Mode;06/04/2026;06/04/2026;06/04/2026;YES;;;Av. Joaquim Constantino, 460 - Vila Formosa, Pres. Prudente - SP, 19013-660, Brasil;;3; Minutes;;Abrir no navegador
SWH4D82;SUP SE - EMP_PIRAI, Vehicle, Diesel, CAMBIO AUTOMATICO OU SEMI AUTOMATICO, MERCEDES BENZ, COMBUSTÃO, REG_SUPPLY SE, CAVALO MECÂNICO, TRS_CONLOG, UNI_EMP PIRAI, 90 km/h;b3A3;G93F57FN69HW;OK;GO Mode;06/04/2026;06/04/2026;06/04/2026;YES;;;Rua Atílio Biscuola, 1600 - Terra Nobre, Louveira - SP, 13290-000, Brasil - Res. Aziz Louveira, Louveira - SP, 13290-000, Brasil;;1; Minutes;;Abrir no navegador
SWY1I74;SUP COMG - EMP_CUIABA, Vehicle, Diesel, CAMBIO AUTOMATICO OU SEMI AUTOMATICO, MERCEDES BENZ, COMBUSTÃO, REG_SUPPLY COMG, CAVALO MECÂNICO, TRS_CONLOG, UNI_EMP CUIABA, 90 km/h;b499;G90NSYU4T33V;OK;GO Mode;06/04/2026;06/04/2026;06/04/2026;YES;;;BR-060 - Rio Verde, Jataí - GO, Brasil;;15; Minutes;;Abrir no navegador
TCY3D53;ROTA NE_CDD VIT DA CONQUISTA, Vehicle, Diesel, CAMBIO MANUAL, MERCEDES BENZ, COMBUSTÃO, REG_MACRO REGIÃO NE, CAMINHÃO TOCO / TRUCK, TRS_NEPOMUCENO, UNI_CDD VIT DA CONQUISTA, 80 km/h;b479;G9D2751KT4YF;OK;GO Mode;06/04/2026;06/04/2026;06/04/2026;YES;;;R. Primeiro de Maio, 221 - Alto Maron, Vitória da Conquista - BA, 45005-088, Brasil;;7; Minutes;;Abrir no navegador
THH1C99;SUP NE - EMP_NOVA NE, Vehicle, Diesel, CAMBIO AUTOMATICO OU SEMI AUTOMATICO, VOLVO, COMBUSTÃO, REG_SUPPLY NE, CAVALO MECÂNICO, TRS_HORIZONTE, UNI_EMP NOVA NE, 90 km/h;b453;G9M4UEJC880A;OK;GO Mode;06/04/2026;06/04/2026;06/04/2026;YES;;;Rodovia Governador Mário Covas, São José de Mipibu - RN, 59162-000, Brasil;;1; Minutes;;Abrir no navegador
THH5A07;SUP NE - EMP_NOVA NE, Vehicle, Diesel, CAMBIO AUTOMATICO OU SEMI AUTOMATICO, VOLVO, COMBUSTÃO, REG_SUPPLY NE, CAVALO MECÂNICO, TRS_HORIZONTE, UNI_EMP NOVA NE, 90 km/h;b46C;G993ENS3FEXT;OK;GO Mode;06/04/2026;06/04/2026;06/04/2026;YES;;;Rodovia Governador Mário Covas, São José de Mipibu - RN, 59162-000, Brasil;;4; Minutes;;Abrir no navegador
THH8E04;SUP NE - EMP_NOVA NE, Vehicle, Diesel, CAMBIO AUTOMATICO OU SEMI AUTOMATICO, VOLVO, COMBUSTÃO, REG_SUPPLY NE, CAVALO MECÂNICO, TRS_HORIZONTE, UNI_EMP NOVA NE, 90 km/h;b45B;G98RWH68TZMM;OK;GO Mode;06/04/2026;06/04/2026;06/04/2026;YES;;;Rodovia Governador Mário Covas, São José de Mipibu - RN, 59162-000, Brasil;;9; Minutes;;Abrir no navegador
THH9D19;SUP NE - EMP_BAHIA, Vehicle, Diesel, CAMBIO AUTOMATICO OU SEMI AUTOMATICO, VOLVO, COMBUSTÃO, REG_SUPPLY NE, CAVALO MECÂNICO, TRS_HORIZONTE, UNI_EMP BAHIA, 90 km/h;b571;G99BYX3KEVR9;OK;GO Mode;06/04/2026;06/04/2026;06/04/2026;YES;;;BA-535 - Camaçari, BA, 42850-000, Brasil;;11; Minutes;;Abrir no navegador
THP6F76;ROTA NO_CDD CEARA, Vehicle, Diesel, CAMBIO MANUAL, MERCEDES BENZ, COMBUSTÃO, REG_MACRO REGIÃO NO, CAMINHÃO TOCO / TRUCK, TRS_FADEL, UNI_CDD CEARA, 80 km/h;b36C;G9BB5KMCJT2X;OK;GO Mode;06/04/2026;06/04/2026;06/04/2026;YES;;;R. Leste Cinco, 460 - Distrito Industrial I, Maracanaú - CE, 61939-020, Brasil;;1; Minutes;;Abrir no navegador
TIE3J06;ROTA NO_CDD CEARA, Vehicle, Diesel, CAMBIO MANUAL, MERCEDES BENZ, COMBUSTÃO, REG_MACRO REGIÃO NO, CAMINHÃO TOCO / TRUCK, TRS_FADEL, UNI_CDD CEARA, 80 km/h;b67B;G9BKR2PB8UYM;OK;GO Mode;06/04/2026;06/04/2026;06/04/2026;YES;;;R. Leste Cinco, 460 - Distrito Industrial I, Maracanaú - CE, 61939-020, Brasil;;1; Minutes;;Abrir no navegador
TIE4B36;ROTA NO_CDD CEARA, Vehicle, Diesel, CAMBIO MANUAL, MERCEDES BENZ, COMBUSTÃO, REG_MACRO REGIÃO NO, CAMINHÃO TOCO / TRUCK, TRS_FADEL, UNI_CDD CEARA, 80 km/h;b35A;G9EEBTA74U34;OK;GO Mode;06/04/2026;06/04/2026;06/04/2026;YES;;;R. Edgard Augusto Teixeira, 1415 - Jardim Paraiso, Maracanaú - CE, 61935-150, Brasil;;7; Minutes;;Abrir no navegador
TIE4C76;ROTA NO_CDD CEARA, Vehicle, Diesel, CAMBIO MANUAL, MERCEDES BENZ, COMBUSTÃO, REG_MACRO REGIÃO NO, CAMINHÃO TOCO / TRUCK, TRS_FADEL, UNI_CDD CEARA, 80 km/h;b66E;G9HA1R0WKTKY;OK;GO Mode;06/04/2026;06/04/2026;06/04/2026;YES;;;R. Leste Cinco, 460 - Distrito Industrial I, Maracanaú - CE, 61939-020, Brasil;;1; Minutes;;Abrir no navegador
TIE4E76;ROTA NO_CDD CEARA, Vehicle, Diesel, CAMBIO MANUAL, MERCEDES BENZ, COMBUSTÃO, REG_MACRO REGIÃO NO, CAMINHÃO TOCO / TRUCK, TRS_FADEL, UNI_CDD CEARA, 80 km/h;b689;G9E4FE1K9P4W;OK;GO Mode;06/04/2026;06/04/2026;06/04/2026;YES;;;R. Leste Cinco, 460 - Distrito Industrial I, Maracanaú - CE, 61939-020, Brasil;;1; Minutes;;Abrir no navegador
TIE4H16;ROTA NO_CDD CEARA, Vehicle, Diesel, CAMBIO MANUAL, MERCEDES BENZ, COMBUSTÃO, REG_MACRO REGIÃO NO, CAMINHÃO TOCO / TRUCK, TRS_FADEL, UNI_CDD CEARA, 80 km/h;b41E;G91418ZC7902;OK;GO Mode;06/04/2026;06/04/2026;06/04/2026;YES;;;R. Leste Cinco, 460 - Distrito Industrial I, Maracanaú - CE, 61939-020, Brasil;;1; Minutes;;Abrir no navegador
TIE5C06;ROTA NO_CDD CEARA, Vehicle, Diesel, CAMBIO MANUAL, MERCEDES BENZ, COMBUSTÃO, REG_MACRO REGIÃO NO, CAMINHÃO TOCO / TRUCK, TRS_FADEL, UNI_CDD CEARA, 80 km/h;b413;G9Z87EHT8H2W;OK;GO Mode;06/04/2026;06/04/2026;06/04/2026;YES;;;R. Leste Cinco, 382 - Jereissati - Setor A, Maracanaú - CE, 61939-020, Brasil;;1; Minutes;;Abrir no navegador
TIG5G06;ROTA NO_CDD CEARA, Vehicle, Diesel, CAMBIO MANUAL, MERCEDES BENZ, COMBUSTÃO, REG_MACRO REGIÃO NO, CAMINHÃO TOCO / TRUCK, TRS_FADEL, UNI_CDD CEARA, 80 km/h;b678;G93W7JWBC2WR;OK;GO Mode;06/04/2026;06/04/2026;06/04/2026;YES;;;R. Leste Cinco, 460 - Distrito Industrial I, Maracanaú - CE, 61939-020, Brasil;;13; Minutes;;Abrir no navegador
TIL6J16;ROTA NO_CDD CEARA, Vehicle, Diesel, CAMBIO MANUAL, MERCEDES BENZ, COMBUSTÃO, REG_MACRO REGIÃO NO, CAMINHÃO TOCO / TRUCK, TRS_FADEL, UNI_CDD CEARA, 80 km/h;b6A2;G9S1KPJJAMAT;OK;GO Mode;06/04/2026;06/04/2026;06/04/2026;YES;;;R. Leste Cinco, 460 - Distrito Industrial I, Maracanaú - CE, 61939-020, Brasil;;6; Minutes;;Abrir no navegador
TIL7C46;ROTA NO_CDD CEARA, Vehicle, Diesel, CAMBIO MANUAL, MERCEDES BENZ, COMBUSTÃO, REG_MACRO REGIÃO NO, CAMINHÃO TOCO / TRUCK, TRS_FADEL, UNI_CDD CEARA, 80 km/h;b670;G9YC535XKSSE;OK;GO Mode;06/04/2026;06/04/2026;06/04/2026;YES;;;R. Leste Cinco, 382 - Jereissati - Setor A, Maracanaú - CE, 61939-020, Brasil;;1; Minutes;;Abrir no navegador
TIL7D86;ROTA NO_CDD CEARA, Vehicle, Diesel, CAMBIO MANUAL, MERCEDES BENZ, COMBUSTÃO, REG_MACRO REGIÃO NO, CAMINHÃO TOCO / TRUCK, TRS_FADEL, UNI_CDD CEARA, 80 km/h;b679;G9YZMENXF346;OK;GO Mode;06/04/2026;06/04/2026;06/04/2026;YES;;;R. Leste Cinco, 382 - Jereissati - Setor A, Maracanaú - CE, 61939-020, Brasil;;1; Minutes;;Abrir no navegador
TIL7F76;ROTA NO_CDD CEARA, Vehicle, Diesel, CAMBIO MANUAL, MERCEDES BENZ, COMBUSTÃO, REG_MACRO REGIÃO NO, CAMINHÃO TOCO / TRUCK, TRS_FADEL, UNI_CDD CEARA, 80 km/h;b66F;G9XUTBVR7J67;OK;GO Mode;06/04/2026;06/04/2026;06/04/2026;YES;;;R. Leste Cinco, 382 - Jereissati - Setor A, Maracanaú - CE, 61939-020, Brasil;;1; Minutes;;Abrir no navegador
TIL7G46;ROTA NO_CDD CEARA, Vehicle, Diesel, CAMBIO MANUAL, MERCEDES BENZ, COMBUSTÃO, REG_MACRO REGIÃO NO, CAMINHÃO TOCO / TRUCK, TRS_FADEL, UNI_CDD CEARA, 80 km/h;b694;G9U2DEY965J6;OK;GO Mode;06/04/2026;06/04/2026;06/04/2026;YES;;;R. Leste Cinco, 460 - Distrito Industrial I, Maracanaú - CE, 61939-020, Brasil;;4; Minutes;;Abrir no navegador
TIL7H46;ROTA NO_CDD CEARA, Vehicle, Diesel, CAMBIO MANUAL, MERCEDES BENZ, COMBUSTÃO, REG_MACRO REGIÃO NO, CAMINHÃO TOCO / TRUCK, TRS_FADEL, UNI_CDD CEARA, 80 km/h;b66D;G9VZFKN6CY2F;OK;GO Mode;06/04/2026;06/04/2026;06/04/2026;YES;;;R. Leste Cinco, 460 - Distrito Industrial I, Maracanaú - CE, 61939-020, Brasil;;1; Minutes;;Abrir no navegador
TIL7J06;ROTA NO_CDD CEARA, Vehicle, Diesel, CAMBIO MANUAL, MERCEDES BENZ, COMBUSTÃO, REG_MACRO REGIÃO NO, CAMINHÃO TOCO / TRUCK, TRS_FADEL, UNI_CDD CEARA, 80 km/h;b680;G9YPTRV49U0T;OK;GO Mode;06/04/2026;06/04/2026;06/04/2026;YES;;;R. Leste Cinco, 460 - Distrito Industrial I, Maracanaú - CE, 61939-020, Brasil;;1; Minutes;;Abrir no navegador
TIL8C66;ROTA NO_CDD CEARA, Vehicle, Diesel, CAMBIO MANUAL, MERCEDES BENZ, COMBUSTÃO, REG_MACRO REGIÃO NO, CAMINHÃO TOCO / TRUCK, TRS_FADEL, UNI_CDD CEARA, 80 km/h;b66C;G9RYX1EKH4R2;OK;GO Mode;06/04/2026;06/04/2026;06/04/2026;YES;;;R. Leste Cinco, 460 - Distrito Industrial I, Maracanaú - CE, 61939-020, Brasil;;1; Minutes;;Abrir no navegador
TIL8D26;ROTA NO_CDD CEARA, Vehicle, Diesel, CAMBIO MANUAL, MERCEDES BENZ, COMBUSTÃO, REG_MACRO REGIÃO NO, CAMINHÃO TOCO / TRUCK, TRS_FADEL, UNI_CDD CEARA, 80 km/h;b69D;G96757YCNNFJ;OK;GO Mode;06/04/2026;06/04/2026;06/04/2026;YES;;;R. Cento Oito, 171 - Cj Timbo, Maracanaú - CE, 61936-080, Brasil;;6; Minutes;;Abrir no navegador
TIS5B43;SUP COMG - EMP_CUIABA, Vehicle, Diesel, CAMBIO AUTOMATICO OU SEMI AUTOMATICO, MERCEDES BENZ, COMBUSTÃO, REG_SUPPLY COMG, CAVALO MECÂNICO, TRS_CONLOG, UNI_EMP CUIABA, 90 km/h;b492;G95TEMYU721J;OK (Parado);GO Mode;06/04/2026;04/04/2026;06/04/2026;NO;;;R. Um (Jd Buenos Aíres), 2 - São Mateus, Várzea Grande - MT, 78150, Brasil;;12; Minutes;12 Minutes;Abrir no navegador
TIV8H45;SUP SUL - EMP_AGUDOS, Vehicle, Diesel, CAMBIO AUTOMATICO OU SEMI AUTOMATICO, MERCEDES BENZ, COMBUSTÃO, REG_SUPPLY SUL, CAVALO MECÂNICO, TRS_IMEDIATO, UNI_EMP AGUDOS, 90 km/h;b3B8;G99W6FUWNV9B;Off-line para 3+ Dias;GO Mode;05/11/2025;05/11/2025;05/11/2025;NO;;;Av. do Contorno, 28 - Nucleo Hab. Fortunato Rocha Lima, Bauru - SP, 17066-731, Brasil;152 Days;151; Days;151 Days;Abrir no navegador
TIX5C44;SUP SE - EMP_GUARULHOS, Vehicle, Diesel, CAMBIO AUTOMATICO OU SEMI AUTOMATICO, MERCEDES BENZ, COMBUSTÃO, REG_SUPPLY SE, CAVALO MECÂNICO, TRS_IMEDIATO, UNI_EMP GUARULHOS, 90 km/h;b3C4;G962ZDRXYHNB;OK;GO Mode;06/04/2026;06/04/2026;06/04/2026;YES;;;CD AMBEV JUNDIAI: Av. Marginal, 66 - St. Industrial, Jundiaí - SP, 13212-240, Brasil;;12; Minutes;;Abrir no navegador
TIY1J28;SUP SE - EMP_PIRAI, Vehicle, Diesel, CAMBIO AUTOMATICO OU SEMI AUTOMATICO, MERCEDES BENZ, COMBUSTÃO, REG_SUPPLY SE, CAVALO MECÂNICO, TRS_CONLOG, UNI_EMP PIRAI, 90 km/h;b459;G9T2H8YWRB52;OK;GO Mode;06/04/2026;06/04/2026;06/04/2026;YES;;;Rod. Dom Pedro I, 3583, Nazaré Paulista - SP, 12960-000, Brasil;;1; Minutes;;Abrir no navegador
TIY5J26;ROTA SP_CDD CAMPINAS, Vehicle, Diesel, CAMBIO MANUAL, MERCEDES BENZ, COMBUSTÃO, REG_MACRO REGIÃO SP, CAMINHÃO TOCO / TRUCK, TRS_IMEDIATO, UNI_CDD CAMPINAS, 80 km/h;b5EC;G99SZTF5184E;OK;GO Mode;06/04/2026;06/04/2026;06/04/2026;YES;;;R. José Bonifácio, 4 - Chácara São José, Paulínia - SP, 13145-660, Brasil;;1; Minutes;;Abrir no navegador
TJE0F95;SUP SE - EMP_JACAREI, Vehicle, Diesel, CAMBIO AUTOMATICO OU SEMI AUTOMATICO, MERCEDES BENZ, COMBUSTÃO, REG_SUPPLY SE, CAVALO MECÂNICO, TRS_IMEDIATO, UNI_EMP JACAREI, 90 km/h;b3D7;G9CDYMPECZXW;Off-line para 3+ Dias;GO Mode;26/12/2025;26/12/2025;26/12/2025;NO;;;Estr. Mun. do Jaguari, 9876-10276 - Rio Abaixo, Jacareí - SP, Brasil - Rio Abaixo, Jacareí - SP, 12334-400, Brasil;101 Days;100; Days;100 Days;Abrir no navegador
TJG8A72;ROTA SP_CDD PRESID. PRUDENTE, Vehicle, Diesel, CAMBIO MANUAL, MERCEDES BENZ, COMBUSTÃO, REG_MACRO REGIÃO SP, CAMINHÃO TOCO / TRUCK, TRS_IMEDIATO, UNI_CDD PRESID. PRUDENTE, 80 km/h;b253;G9APEVVFBV7R;OK;GO Mode;06/04/2026;06/04/2026;06/04/2026;YES;;;R. Maria Guevara Branco, 76a - Conj. Brasil Novo, Pres. Prudente - SP, 19034-530, Brasil;;1; Minutes;;Abrir no navegador
TJG8G84;SUP SUL - EMP_AGUDOS, Vehicle, Diesel, CAMBIO AUTOMATICO OU SEMI AUTOMATICO, MERCEDES BENZ, COMBUSTÃO, REG_SUPPLY SUL, CAVALO MECÂNICO, TRS_IMEDIATO, UNI_EMP AGUDOS, 90 km/h;b575;G9S8PP3K2B21;OK;GO Mode;06/04/2026;06/04/2026;06/04/2026;YES;;;Zona - AMBEV GRAN DOURADOS - MATO GROSSO DO SUL (trecho 11): 37X5+RP - Santa Cruz do Rio Pardo, SP, 18900-000, Brasil;;1; Minutes;;Abrir no navegador
TJI7A54;ROTA SUL_CDD FRANCISCO BELTRAO, Vehicle, Diesel, CAMBIO MANUAL, MERCEDES BENZ, COMBUSTÃO, REG_MACRO REGIÃO SUL, CAMINHÃO TOCO / TRUCK, TRS_LOG 20, UNI_CDD FRANCISCO BELTRÃO, 80 km/h;b287;G9MWF1TCVDUC;OK;GO Mode;06/04/2026;06/04/2026;06/04/2026;YES;;;PR-483 - Francisco Beltrão, PR, Brasil;;1; Hour;;Abrir no navegador
TJQ9H36;SUP SE - EMP_JAGUARIUNA, Vehicle, Diesel, CAMBIO AUTOMATICO OU SEMI AUTOMATICO, MERCEDES BENZ, COMBUSTÃO, REG_SUPPLY SE, CAVALO MECÂNICO, TRS_IMEDIATO, UNI_EMP JAGUARIUNA, 90 km/h;b3C1;G98CNZ84F4ZX;OK;GO Mode;06/04/2026;06/04/2026;06/04/2026;YES;;;SP-340, KM 141 - S/N, Santo Antônio de Posse - SP, 13830-000, Brasil;;6; Minutes;;Abrir no navegador
TJR6F17;ROTA SP_CDD TAUBATE, Vehicle, Diesel, CAMBIO MANUAL, MERCEDES BENZ, COMBUSTÃO, REG_MACRO REGIÃO SP, CAMINHÃO TOCO / TRUCK, TRS_FADEL, UNI_CDD TAUBATÉ, 80 km/h;b356;G9BRFCRRUH9Y;OK;GO Mode;06/04/2026;06/04/2026;06/04/2026;YES;;;Av. Independência, 30 - Independência, Taubaté - SP, 12031-000, Brasil;;3; Minutes;;Abrir no navegador
TJT2F43;SUP SE - EMP_GUARULHOS, Vehicle, Diesel, Manually Classified Powertrain, CAMBIO AUTOMATICO OU SEMI AUTOMATICO, MERCEDES BENZ, COMBUSTÃO, REG_SUPPLY SE, CAVALO MECÂNICO, TRS_IMEDIATO, UNI_EMP GUARULHOS, 90 km/h;b3BF;G9YT5XK3V1TE;OK;GO Mode;06/04/2026;06/04/2026;06/04/2026;YES;;;R. Rozendo Rodrigues Do Prado, 177 - Vila Sao Joao, Mogi Mirim - SP, 13800-663, Brasil;;1; Minutes;;Abrir no navegador
TJX7F72;ROTA SP_CDD PRESID. PRUDENTE, Vehicle, Diesel, CAMBIO MANUAL, MERCEDES BENZ, COMBUSTÃO, REG_MACRO REGIÃO SP, CAMINHÃO TOCO / TRUCK, TRS_IMEDIATO, UNI_CDD PRESID. PRUDENTE, 80 km/h;b27F;G9KRWJ5D2YWJ;OK;GO Mode;06/04/2026;06/04/2026;06/04/2026;YES;;;Rua Aparecido Martins Péres, 416 - Parque Res. Servantes, Pres. Prudente - SP, 19085-210, Brasil;;4; Minutes;;Abrir no navegador
TJZ9C83;SUP SE - EMP_PIRAI, Vehicle, Diesel, CAMBIO AUTOMATICO OU SEMI AUTOMATICO, MERCEDES BENZ, COMBUSTÃO, REG_SUPPLY SE, CAVALO MECÂNICO, TRS_CONLOG, UNI_EMP PIRAI, 90 km/h;b46B;G93Y29DCF26U;Off-line para 3+ Dias;GO Mode;21/01/2026;21/01/2026;21/01/2026;NO;;;Av. Dep. Federal Dr Mário Tamborindeguy km 82, SP, 12580-000, Brazil;75 Days;74; Days;74 Days;Abrir no navegador
TKC5E95;SUP COMG - EMP_CUIABA, Vehicle, Diesel, CAMBIO AUTOMATICO OU SEMI AUTOMATICO, MERCEDES BENZ, COMBUSTÃO, REG_SUPPLY COMG, CAVALO MECÂNICO, TRS_CONLOG, UNI_EMP CUIABA, 90 km/h;b495;G9TNMKHC094M;OK;GO Mode;06/04/2026;06/04/2026;06/04/2026;YES;;;BR-365, 640 - Dona Zulmira, Uberlândia - MG, 38416-000, Brasil;;6; Minutes;;Abrir no navegador
TKG7A56;SUP SUL - EMP_AGUDOS, Vehicle, Diesel, CAMBIO AUTOMATICO OU SEMI AUTOMATICO, MERCEDES BENZ, COMBUSTÃO, REG_SUPPLY SUL, CAVALO MECÂNICO, TRS_IMEDIATO, UNI_EMP AGUDOS, 90 km/h;b3C6;G93FD1M6KZ8B;OK;GO Mode;06/04/2026;06/04/2026;06/04/2026;YES;;;Rod. Marechal Rondon, 527 - Alvorada, Araçatuba - SP, 16018-805, Brasil;;6; Minutes;;Abrir no navegador
TKO8F44;SUP COMG - EMP_UBERLANDIA, Vehicle, Diesel, CAMBIO AUTOMATICO OU SEMI AUTOMATICO, MERCEDES BENZ, COMBUSTÃO, REG_SUPPLY COMG, CAVALO MECÂNICO, TRS_IMEDIATO, UNI_EMP UBERLANDIA, 90 km/h;b4E0;G964DJ7D3198;Off-line para 2 - 3 Dias;GO Mode;03/04/2026;03/04/2026;03/04/2026;NO;;;2WPH+M5 - Tapuirama, Uberlândia - MG, Brasil;3 Days;2; Days;2 Days;Abrir no navegador
TKW1I76;SUP SE - EMP_JAGUARIUNA, Vehicle, Diesel, CAMBIO AUTOMATICO OU SEMI AUTOMATICO, MERCEDES BENZ, COMBUSTÃO, REG_SUPPLY SE, CAVALO MECÂNICO, TRS_IMEDIATO, UNI_EMP JAGUARIUNA, 90 km/h;b3B4;G919RX0TZEXA;OK;GO Mode;06/04/2026;05/04/2026;06/04/2026;YES;;;Rod. Pres. Dutra, 6, Queluz - SP, 12800-000, Brasil;;10; Minutes;;Abrir no navegador
TLB6A85;SUP COMG - EMP_UBERLANDIA, Vehicle, Diesel, CAMBIO AUTOMATICO OU SEMI AUTOMATICO, MERCEDES BENZ, COMBUSTÃO, REG_SUPPLY COMG, CAVALO MECÂNICO, TRS_IMEDIATO, UNI_EMP UBERLANDIA, 90 km/h;b4BC;G97MFHT1X9R5;OK;GO Mode;06/04/2026;06/04/2026;06/04/2026;YES;;;BR-040, s/n - Cristalina, GO, 73850-000, Brasil;;1; Minutes;;Abrir no navegador
TLJ9F48;ROTA SUL_CDD CURITIBA, Vehicle, Diesel, CAMBIO MANUAL, MERCEDES BENZ, COMBUSTÃO, REG_MACRO REGIÃO SUL, CAMINHÃO TOCO / TRUCK, TRS_IMEDIATO, UNI_CDD CURITIBA, 80 km/h;b31B;G9F5BRRPTP04;OK;GO Mode;06/04/2026;06/04/2026;06/04/2026;YES;;;R. Alfredo Pinto, 1405 - Parque da Fonte, São José dos Pinhais - PR, 83050-320, Brasil;;1; Minutes;;Abrir no navegador
TLN4B64;SUP SUL - EMP_AGUDOS, Vehicle, Diesel, CAMBIO AUTOMATICO OU SEMI AUTOMATICO, MERCEDES BENZ, COMBUSTÃO, REG_SUPPLY SUL, CAVALO MECÂNICO, TRS_IMEDIATO, UNI_EMP AGUDOS, 90 km/h;b557;G9MHAPX31F3K;OK;GO Mode;06/04/2026;06/04/2026;06/04/2026;YES;;;R. Luís Carlos Zani, 2805 - Jardim Santa Paula, Ibiporã - PR, 86200-000, Brasil;;1; Minutes;;Abrir no navegador
TLO2J14;SUP SE - EMP_JAGUARIUNA, Vehicle, Diesel, CAMBIO AUTOMATICO OU SEMI AUTOMATICO, MERCEDES BENZ, COMBUSTÃO, REG_SUPPLY SE, CAVALO MECÂNICO, TRS_IMEDIATO, UNI_EMP JAGUARIUNA, 90 km/h;b3B9;G98P0MRR97R5;Off-line para 3+ Dias;GO Mode;02/04/2026;31/03/2026;02/04/2026;NO;;;Rod. Gov. Dr. Adhemar Pereira de Barros Km 159, SP, 13803-070, Brazil;6 Days;3; Days;3 Days;Abrir no navegador
TLP8J25;SUP COMG - EMP_UBERLANDIA, Vehicle, Diesel, CAMBIO AUTOMATICO OU SEMI AUTOMATICO, MERCEDES BENZ, COMBUSTÃO, REG_SUPPLY COMG, CAVALO MECÂNICO, TRS_IMEDIATO, UNI_EMP UBERLANDIA, 90 km/h;b4C9;G9P97YC29FFC;OK;GO Mode;06/04/2026;06/04/2026;06/04/2026;YES;;;BR-040, 22553 - barrreira, Conselheiro Lafaiete - MG, 36407-430, Brasil;;16; Minutes;;Abrir no navegador
TLS1B24;ROTA SP_CDD SUZANO, Vehicle, Diesel, CAMBIO MANUAL, MERCEDES BENZ, COMBUSTÃO, REG_MACRO REGIÃO SP, CAMINHÃO TOCO / TRUCK, TRS_NEPOMUCENO, UNI_CDD SUZANO, 80 km/h;b596;G9ED115U7Y0F;OK;GO Mode;06/04/2026;06/04/2026;06/04/2026;YES;;;R. Ernesto Joaquim de Souza, 460 - Chácaras Ceres, Suzano - SP, 08655-805, Brasil;;35; Minutes;;Abrir no navegador
TLV4C04;SUP COMG - EMP_UBERLANDIA, Vehicle, Diesel, CAMBIO AUTOMATICO OU SEMI AUTOMATICO, MERCEDES BENZ, COMBUSTÃO, REG_SUPPLY COMG, CAVALO MECÂNICO, TRS_IMEDIATO, UNI_EMP UBERLANDIA, 90 km/h;b4CC;G9FDVPE7JUTS;OK;GO Mode;05/04/2026;05/04/2026;05/04/2026;YES;;;Rod. dos Imigrantes, 111 - Cohab Primavera, Várzea Grande - MT, 78145-435, Brasil;;9; Days;;Abrir no navegador
TMC1A46;ROTA SP_CDD SAO JOSE CAMPOS, Vehicle, Diesel, CAMBIO MANUAL, MERCEDES BENZ, COMBUSTÃO, REG_MACRO REGIÃO SP, CAMINHÃO TOCO / TRUCK, TRS_FADEL, UNI_CDD SÃO JOSÉ DOS CAMPOS, 80 km/h;b5DD;G9SD4952TYND;OK;GO Mode;06/04/2026;06/04/2026;06/04/2026;YES;;;R. Carlos Marcondes, 1368 - Jardim Limoeiro, São José dos Campos - SP, 12241-421, Brasil;;2; Minutes;;Abrir no navegador
TMD7H15;SUP SE - EMP_JACAREI, Vehicle, Diesel, CAMBIO AUTOMATICO OU SEMI AUTOMATICO, MERCEDES BENZ, COMBUSTÃO, REG_SUPPLY SE, CAVALO MECÂNICO, TRS_IMEDIATO, UNI_EMP JACAREI, 90 km/h;b4DB;G9YBW484D5YN;OK;GO Mode;06/04/2026;06/04/2026;06/04/2026;YES;;;Rod. Santos Dumont, 24 - Jardim Celani, Salto - SP, 13326, Brasil;;1; Minutes;;Abrir no navegador
TMI2C75;SUP SE - EMP_JAGUARIUNA, Vehicle, Diesel, CAMBIO AUTOMATICO OU SEMI AUTOMATICO, MERCEDES BENZ, COMBUSTÃO, REG_SUPPLY SE, CAVALO MECÂNICO, TRS_IMEDIATO, UNI_EMP JAGUARIUNA, 90 km/h;b3C2;G9P5H55KAPAD;OK;GO Mode;06/04/2026;05/04/2026;06/04/2026;YES;;;Av. Antártica, 1353, Jaguariúna - SP, 13918-000, Brasil;;12; Minutes;;Abrir no navegador
TOM1H62;ROTA RJ ES_CDD VITORIA, Vehicle, Diesel, CAMBIO MANUAL, MERCEDES BENZ, COMBUSTÃO, REG_MACRO REGIÃO RJ ES, CAMINHÃO TOCO / TRUCK, TRS_FADEL, UNI_CDD VITORIA, 80 km/h;b590;G9M0CEZWWW7C;OK;GO Mode;06/04/2026;06/04/2026;06/04/2026;YES;;;Av. Central, 350 - Adalberto Simao Nader, Guarapari - ES, 29227-105, Brasil;;4; Minutes;;Abrir no navegador
TOM2F32;ROTA RJ ES_CDD VITORIA, Vehicle, Diesel, CAMBIO MANUAL, MERCEDES BENZ, COMBUSTÃO, REG_MACRO REGIÃO RJ ES, CAMINHÃO TOCO / TRUCK, TRS_FADEL, UNI_CDD VITORIA, 80 km/h;b56F;G9F8M6ZNZRAU;OK;GO Mode;06/04/2026;06/04/2026;06/04/2026;YES;;;Rod. Br 101 Norte Contorno, 766 - Santana, Cariacica - ES, 29158-029, Brasil;;1; Minutes;;Abrir no navegador
TOM2J43;ROTA RJ ES_CDD VITORIA, Vehicle, Diesel, CAMBIO MANUAL, MERCEDES BENZ, COMBUSTÃO, REG_MACRO REGIÃO RJ ES, CAMINHÃO TOCO / TRUCK, TRS_FADEL, UNI_CDD VITORIA, 80 km/h;b574;G9SY1Z6RREDY;OK;GO Mode;06/04/2026;06/04/2026;06/04/2026;YES;;;Av. Central, 49 - Recanto da Sereia, Guarapari - ES, 29227-110, Brasil;;1; Minutes;;Abrir no navegador
TOM5C66;ROTA RJ ES_CDD VITORIA, Vehicle, Diesel, CAMBIO MANUAL, MERCEDES BENZ, COMBUSTÃO, REG_MACRO REGIÃO RJ ES, CAMINHÃO TOCO / TRUCK, TRS_FADEL, UNI_CDD VITORIA, 80 km/h;b566;G9CNHWM561M6;OK;GO Mode;06/04/2026;05/04/2026;06/04/2026;YES;;;Rod. Br 101 Norte Contorno, 766 - Santana, Cariacica - ES, 29158-029, Brasil;;17; Minutes;;Abrir no navegador
TOM5E54;ROTA RJ ES_CDD VITORIA, Vehicle, Diesel, CAMBIO MANUAL, MERCEDES BENZ, COMBUSTÃO, REG_MACRO REGIÃO RJ ES, CAMINHÃO TOCO / TRUCK, TRS_FADEL, UNI_CDD VITORIA, 80 km/h;b355;G9Y5RPHY3F49;OK;GO Mode;06/04/2026;06/04/2026;06/04/2026;YES;;;Rod. Jones dos Santos Neves, 4707 - São Gabriel, Guarapari - ES, 29215-205, Brasil;;1; Minutes;;Abrir no navegador
TOM5E67;ROTA RJ ES_CDD VITORIA, Vehicle, Diesel, CAMBIO MANUAL, MERCEDES BENZ, COMBUSTÃO, REG_MACRO REGIÃO RJ ES, CAMINHÃO TOCO / TRUCK, TRS_FADEL, UNI_CDD VITORIA, 80 km/h;b568;G9A23EC8R4Z6;OK;GO Mode;06/04/2026;06/04/2026;06/04/2026;YES;;;Rod. Br 101 Norte Contorno, 766 - Santana, Cariacica - ES, 29158-029, Brasil;;1; Hour;;Abrir no navegador
TOM5E70;ROTA RJ ES_CDD VITORIA, Vehicle, Diesel, CAMBIO MANUAL, MERCEDES BENZ, COMBUSTÃO, REG_MACRO REGIÃO RJ ES, CAMINHÃO TOCO / TRUCK, TRS_FADEL, UNI_CDD VITORIA, 80 km/h;b585;G9DW02Y8DE9R;OK;GO Mode;06/04/2026;06/04/2026;06/04/2026;YES;;;Rod. Br 101 Norte Contorno, 766 - Santana, Cariacica - ES, 29158-029, Brasil;;1; Minutes;;Abrir no navegador
TOM5E75;ROTA RJ ES_CDD VITORIA, Vehicle, Diesel, CAMBIO MANUAL, MERCEDES BENZ, COMBUSTÃO, REG_MACRO REGIÃO RJ ES, CAMINHÃO TOCO / TRUCK, TRS_FADEL, UNI_CDD VITORIA, 80 km/h;b57F;G9VJF51WAYFH;OK;GO Mode;06/04/2026;06/04/2026;06/04/2026;YES;;;Rod. Jones dos Santos Neves, 3069 - São José, Guarapari - ES, 29213-506, Brasil;;2; Minutes;;Abrir no navegador
TOM5F20;ROTA RJ ES_CDD VITORIA, Vehicle, Diesel, CAMBIO MANUAL, MERCEDES BENZ, COMBUSTÃO, REG_MACRO REGIÃO RJ ES, CAMINHÃO TOCO / TRUCK, TRS_FADEL, UNI_CDD VITORIA, 80 km/h;b55F;G9YANJ82SW0V;OK;GO Mode;06/04/2026;06/04/2026;06/04/2026;YES;;;BR-101, 30 - Serra do Anil, Cariacica - ES, 29147-030, Brasil;;1; Hour;;Abrir no navegador
TOM5F25;ROTA RJ ES_CDD VITORIA, Vehicle, Manually Classified Powertrain, CAMBIO MANUAL, MERCEDES BENZ, COMBUSTÃO, REG_MACRO REGIÃO RJ ES, CAMINHÃO TOCO / TRUCK, TRS_FADEL, UNI_CDD VITORIA, 80 km/h;b583;G9VPBFF9KT78;OK;GO Mode;06/04/2026;06/04/2026;06/04/2026;YES;;;Rod. Jones dos Santos Neves, 3069 - São José, Guarapari - ES, 29213-506, Brasil;;1; Minutes;;Abrir no navegador
TOM5F30;ROTA RJ ES_CDD VITORIA, Vehicle, Diesel, CAMBIO MANUAL, MERCEDES BENZ, COMBUSTÃO, REG_MACRO REGIÃO RJ ES, CAMINHÃO TOCO / TRUCK, TRS_FADEL, UNI_CDD VITORIA, 80 km/h;b592;G9YNM36WM7WN;OK;GO Mode;06/04/2026;06/04/2026;06/04/2026;YES;;;BR-101, 30 - Serra do Anil, Cariacica - ES, 29147-030, Brasil;;1; Minutes;;Abrir no navegador
TOM5F48;ROTA RJ ES_CDD VITORIA, Vehicle, Manually Classified Powertrain, CAMBIO MANUAL, MERCEDES BENZ, COMBUSTÃO, REG_MACRO REGIÃO RJ ES, CAMINHÃO TOCO / TRUCK, TRS_FADEL, UNI_CDD VITORIA, 80 km/h;b562;G9U34C481AAV;OK;GO Mode;06/04/2026;06/04/2026;06/04/2026;YES;;;Rod. Br 101 Norte Contorno, 766 - Santana, Cariacica - ES, 29158-029, Brasil;;1; Minutes;;Abrir no navegador
TOM6D30;ROTA RJ ES_CDD VITORIA, Vehicle, Diesel, CAMBIO MANUAL, MERCEDES BENZ, COMBUSTÃO, REG_MACRO REGIÃO RJ ES, CAMINHÃO TOCO / TRUCK, TRS_FADEL, UNI_CDD VITORIA, 80 km/h;b564;G9R4DAT5JS50;OK;GO Mode;06/04/2026;06/04/2026;06/04/2026;YES;;;Rod. Jones dos Santos Neves, número 7 - São José, Guarapari - ES, 29213, Brasil;;1; Minutes;;Abrir no navegador
TOM6G21;ROTA RJ ES_CDD VITORIA, Vehicle, Manually Classified Powertrain, CAMBIO MANUAL, MERCEDES BENZ, COMBUSTÃO, REG_MACRO REGIÃO RJ ES, CAMINHÃO TOCO / TRUCK, TRS_FADEL, UNI_CDD VITORIA, 80 km/h;b55B;G92E62XNZ2BC;OK;GO Mode;06/04/2026;06/04/2026;06/04/2026;YES;;;Rod. Br 101 Norte Contorno, 766 - Santana, Cariacica - ES, 29158-029, Brasil;;11; Minutes;;Abrir no navegador
TOM9F63;ROTA RJ ES_CDD VITORIA, Vehicle, Diesel, CAMBIO MANUAL, MERCEDES BENZ, COMBUSTÃO, REG_MACRO REGIÃO RJ ES, CAMINHÃO TOCO / TRUCK, TRS_FADEL, UNI_CDD VITORIA, 80 km/h;b522;G9B3FSB4BZ45;OK;GO Mode;06/04/2026;06/04/2026;06/04/2026;YES;;;R. São José, 362 - Jardim Limoeiro, Serra - ES, 29164-037, Brasil;;1; Minutes;;Abrir no navegador
TOM9G87;ROTA RJ ES_CDD VITORIA, Vehicle, Diesel, CAMBIO MANUAL, MERCEDES BENZ, COMBUSTÃO, REG_MACRO REGIÃO RJ ES, CAMINHÃO TOCO / TRUCK, TRS_FADEL, UNI_CDD VITORIA, 80 km/h;b625;G95B4W2W7339;OK;GO Mode;06/04/2026;06/04/2026;06/04/2026;YES;;;Rod. Br 101 Norte Contorno, 766 - Santana, Cariacica - ES, 29158-029, Brasil;;20; Minutes;;Abrir no navegador
TOM9G90;ROTA RJ ES_CDD VITORIA, Vehicle, Diesel, CAMBIO MANUAL, MERCEDES BENZ, COMBUSTÃO, REG_MACRO REGIÃO RJ ES, CAMINHÃO TOCO / TRUCK, TRS_FADEL, UNI_CDD VITORIA, 80 km/h;b533;G9B2J0A3DRCR;OK (Parado);GO Mode;06/04/2026;04/04/2026;06/04/2026;NO;;;Rod. Br 101 Norte Contorno, 766 - Santana, Cariacica - ES, 29158-029, Brasil;;16; Minutes;16 Minutes;Abrir no navegador
TOM9G91;ROTA RJ ES_CDD VITORIA, Vehicle, Diesel, CAMBIO MANUAL, MERCEDES BENZ, COMBUSTÃO, REG_MACRO REGIÃO RJ ES, CAMINHÃO TOCO / TRUCK, TRS_FADEL, UNI_CDD VITORIA, 80 km/h;b516;G9CKE214BZ0D;OK;GO Mode;06/04/2026;06/04/2026;06/04/2026;YES;;;Rod. Br 101 Norte Contorno, 766 - Santana, Cariacica - ES, 29158-029, Brasil;;9; Minutes;;Abrir no navegador
TOM9G92;ROTA RJ ES_CDD VITORIA, Vehicle, Diesel, CAMBIO MANUAL, MERCEDES BENZ, COMBUSTÃO, REG_MACRO REGIÃO RJ ES, CAMINHÃO TOCO / TRUCK, TRS_FADEL, UNI_CDD VITORIA, 80 km/h;b51A;G9E18DA1T52C;OK;GO Mode;06/04/2026;06/04/2026;06/04/2026;YES;;;BR-101, 30 - Serra do Anil, Cariacica - ES, 29147-030, Brasil;;1; Minutes;;Abrir no navegador
TOM9G94;ROTA RJ ES_CDD VITORIA, Vehicle, Diesel, CAMBIO MANUAL, MERCEDES BENZ, COMBUSTÃO, REG_MACRO REGIÃO RJ ES, CAMINHÃO TOCO / TRUCK, TRS_FADEL, UNI_CDD VITORIA, 80 km/h;b5D8;G9Y9N9U0NMT1;OK;GO Mode;06/04/2026;06/04/2026;06/04/2026;YES;;;Rod. Br 101 Norte Contorno, 766 - Santana, Cariacica - ES, 29158-029, Brasil;;1; Minutes;;Abrir no navegador
TOM9G99;ROTA RJ ES_CDD VITORIA, Vehicle, Diesel, CAMBIO MANUAL, MERCEDES BENZ, COMBUSTÃO, REG_MACRO REGIÃO RJ ES, CAMINHÃO TOCO / TRUCK, TRS_FADEL, UNI_CDD VITORIA, 80 km/h;b5E3;G9XF2B5W3HF4;OK;GO Mode;06/04/2026;06/04/2026;06/04/2026;YES;;;BR-101, 30 - Serra do Anil, Cariacica - ES, 29147-030, Brasil;;1; Minutes;;Abrir no navegador
TOM9H00;ROTA RJ ES_CDD VITORIA, Vehicle, Diesel, CAMBIO MANUAL, MERCEDES BENZ, COMBUSTÃO, REG_MACRO REGIÃO RJ ES, CAMINHÃO TOCO / TRUCK, TRS_FADEL, UNI_CDD VITORIA, 80 km/h;b56A;G9SRKH0KF39C;OK;GO Mode;06/04/2026;06/04/2026;06/04/2026;YES;;;BR-101, 30 - Serra do Anil, Cariacica - ES, 29147-030, Brasil;;1; Minutes;;Abrir no navegador
TOM9H01;ROTA RJ ES_CDD VITORIA, Vehicle, Diesel, CAMBIO MANUAL, MERCEDES BENZ, COMBUSTÃO, REG_MACRO REGIÃO RJ ES, CAMINHÃO TOCO / TRUCK, TRS_FADEL, UNI_CDD VITORIA, 80 km/h;b531;G9NUVCTNB2JR;OK;GO Mode;06/04/2026;06/04/2026;06/04/2026;YES;;;BR-101, 30 - Serra do Anil, Cariacica - ES, 29147-030, Brasil;;1; Minutes;;Abrir no navegador
TOM9H17;ROTA RJ ES_CDD VITORIA, Vehicle, Diesel, CAMBIO MANUAL, MERCEDES BENZ, COMBUSTÃO, REG_MACRO REGIÃO RJ ES, CAMINHÃO TOCO / TRUCK, TRS_FADEL, UNI_CDD VITORIA, 80 km/h;b6C7;G97Z02KT47CV;OK;GO Mode;06/04/2026;05/04/2026;06/04/2026;YES;;;Rod. Br 101 Norte Contorno, 766 - Santana, Cariacica - ES, 29158-029, Brasil;;6; Minutes;;Abrir no navegador
TOM9H22;ROTA RJ ES_CDD VITORIA, Vehicle, Diesel, CAMBIO MANUAL, MERCEDES BENZ, COMBUSTÃO, REG_MACRO REGIÃO RJ ES, CAMINHÃO TOCO / TRUCK, TRS_FADEL, UNI_CDD VITORIA, 80 km/h;b582;G9V45N2SNS8H;OK;GO Mode;06/04/2026;06/04/2026;06/04/2026;YES;;;Rod. Br 101 Norte Contorno, 766 - Santana, Cariacica - ES, 29158-029, Brasil;;11; Minutes;;Abrir no navegador
TOM9H25;ROTA RJ ES_CDD VITORIA, Vehicle, Diesel, CAMBIO MANUAL, MERCEDES BENZ, COMBUSTÃO, REG_MACRO REGIÃO RJ ES, CAMINHÃO TOCO / TRUCK, TRS_FADEL, UNI_CDD VITORIA, 80 km/h;b626;G9WWRYSV5VN8;OK;GO Mode;06/04/2026;06/04/2026;06/04/2026;YES;;;BR-101, 30 - Serra do Anil, Cariacica - ES, 29147-030, Brasil;;5; Minutes;;Abrir no navegador
TOM9H29;ROTA RJ ES_CDD VITORIA, Vehicle, Diesel, CAMBIO MANUAL, MERCEDES BENZ, COMBUSTÃO, REG_MACRO REGIÃO RJ ES, CAMINHÃO TOCO / TRUCK, TRS_FADEL, UNI_CDD VITORIA, 80 km/h;b5D0;G98SCC5SJRCU;OK;GO Mode;06/04/2026;06/04/2026;06/04/2026;YES;;;BR-101, 327981 - Guarapari, ES, 29227-404, Brasil;;1; Minutes;;Abrir no navegador
TOM9H31;ROTA RJ ES_CDD VITORIA, Vehicle, Diesel, CAMBIO MANUAL, MERCEDES BENZ, COMBUSTÃO, REG_MACRO REGIÃO RJ ES, CAMINHÃO TOCO / TRUCK, TRS_FADEL, UNI_CDD VITORIA, 80 km/h;b598;G9FHXAMKZKJH;OK;GO Mode;06/04/2026;06/04/2026;06/04/2026;YES;;;Rod. Br 101 Norte Contorno, 766 - Santana, Cariacica - ES, 29158-029, Brasil;;13; Minutes;;Abrir no navegador
TOM9H35;ROTA RJ ES_CDD VITORIA, Vehicle, Diesel, CAMBIO MANUAL, MERCEDES BENZ, COMBUSTÃO, REG_MACRO REGIÃO RJ ES, CAMINHÃO TOCO / TRUCK, TRS_FADEL, UNI_CDD VITORIA, 80 km/h;b597;G94WAMUHR1J8;OK;GO Mode;06/04/2026;06/04/2026;06/04/2026;YES;;;Avenida Oceânica, 1038 Edifício Taj Mahal - loja 1 - Praia do Morro, Guarapari - ES, 29216-080, Brasil;;4; Minutes;;Abrir no navegador
TOM9H38;ROTA RJ ES_CDD VITORIA, Vehicle, Diesel, CAMBIO MANUAL, MERCEDES BENZ, COMBUSTÃO, REG_MACRO REGIÃO RJ ES, CAMINHÃO TOCO / TRUCK, TRS_FADEL, UNI_CDD VITORIA, 80 km/h;b62E;G9461PZA7WMM;OK;GO Mode;06/04/2026;06/04/2026;06/04/2026;YES;;;Rod. Br 101 Norte Contorno, 766 - Santana, Cariacica - ES, 29158-029, Brasil;;1; Minutes;;Abrir no navegador
TOM9H40;ROTA RJ ES_CDD VITORIA, Vehicle, Diesel, CAMBIO MANUAL, MERCEDES BENZ, COMBUSTÃO, REG_MACRO REGIÃO RJ ES, CAMINHÃO TOCO / TRUCK, TRS_FADEL, UNI_CDD VITORIA, 80 km/h;b5D7;G9Z48BTRR5N7;OK;GO Mode;06/04/2026;06/04/2026;06/04/2026;YES;;;R. Agenor Alves dos Santos, 370 - Nossa Sra. da Conceicao, Guarapari - ES, 29213-090, Brasil;;14; Minutes;;Abrir no navegador
TOM9H70;ROTA RJ ES_CDD VITORIA, Vehicle, Diesel, CAMBIO MANUAL, MERCEDES BENZ, COMBUSTÃO, REG_MACRO REGIÃO RJ ES, CAMINHÃO TOCO / TRUCK, TRS_FADEL, UNI_CDD VITORIA, 80 km/h;b627;G9HB9ZWWMZ09;OK;GO Mode;06/04/2026;06/04/2026;06/04/2026;YES;;;Rod. Br 101 Norte Contorno, 766 - Santana, Cariacica - ES, 29158-029, Brasil;;5; Minutes;;Abrir no navegador
TOM9H78;ROTA RJ ES_CDD VITORIA, Vehicle, Diesel, CAMBIO MANUAL, MERCEDES BENZ, COMBUSTÃO, REG_MACRO REGIÃO RJ ES, CAMINHÃO TOCO / TRUCK, TRS_FADEL, UNI_CDD VITORIA, 80 km/h;b5AF;G9H524SUDP98;OK;GO Mode;06/04/2026;06/04/2026;06/04/2026;YES;;;Rod. Br 101 Norte Contorno, 766 - Santana, Cariacica - ES, 29158-029, Brasil;;16; Minutes;;Abrir no navegador
TPW9F68;SUP SUL - EMP_LAGES, Vehicle, Diesel, Manually Classified Powertrain, CAMBIO AUTOMATICO OU SEMI AUTOMATICO, MERCEDES BENZ, COMBUSTÃO, REG_SUPPLY SUL, CAVALO MECÂNICO, TRS_RODALOG, UNI_EMP LAGES, 90 km/h;b455;G90JPNX9ZXEV;OK;GO Mode;06/04/2026;06/04/2026;06/04/2026;YES;;;R. José Pedro de Assis, 123 - Areia Branca dos Assis, Mandirituba - PR, 83800-000, Brasil;;4; Minutes;;Abrir no navegador
TPW9F98;SUP SUL - EMP_LAGES, Vehicle, Diesel, CAMBIO AUTOMATICO OU SEMI AUTOMATICO, MERCEDES BENZ, COMBUSTÃO, REG_SUPPLY SUL, CAVALO MECÂNICO, TRS_RODALOG, UNI_EMP LAGES, 90 km/h;b474;G9Z8UA9SJ8AH;OK;GO Mode;06/04/2026;06/04/2026;06/04/2026;YES;;;Ponto Posto Taborda - Colonia Lima, Mandirituba - PR, 83800-000, Brasil;;19; Minutes;;Abrir no navegador
TPW9G38;SUP SUL - EMP_LAGES, Vehicle, Diesel, CAMBIO AUTOMATICO OU SEMI AUTOMATICO, MERCEDES BENZ, COMBUSTÃO, REG_SUPPLY SUL, CAVALO MECÂNICO, TRS_RODALOG, UNI_EMP LAGES, 90 km/h;b468;G94KTCH8Y37P;OK;GO Mode;06/04/2026;06/04/2026;06/04/2026;YES;;;BR-282 - São José do Cerrito, SC, 88570-000, Brasil;;13; Minutes;;Abrir no navegador
TPW9H78;SUP SUL - EMP_LAGES, Vehicle, Diesel, CAMBIO AUTOMATICO OU SEMI AUTOMATICO, MERCEDES BENZ, COMBUSTÃO, REG_SUPPLY SUL, CAVALO MECÂNICO, TRS_RODALOG, UNI_EMP LAGES, 90 km/h;b454;G92WMJ7W4CSH;Off-line para 3+ Dias;GO Mode;02/04/2026;02/04/2026;02/04/2026;NO;;;R. Galibis, 213 - Santo Onofre, Cascavel - PR, 85806-390, Brasil;4 Days;3; Days;3 Days;Abrir no navegador
TPZ3D18;SUP SUL - EMP_LAGES, Vehicle, Diesel, CAMBIO AUTOMATICO OU SEMI AUTOMATICO, MERCEDES BENZ, COMBUSTÃO, REG_SUPPLY SUL, CAVALO MECÂNICO, TRS_RODALOG, UNI_EMP LAGES, 90 km/h;b456;G9F68ZFJKW7F;OK;GO Mode;06/04/2026;06/04/2026;06/04/2026;YES;;;Rod. Régis Bittencourt, Pte. Alta - SC, 88550-000, Brasil;;5; Minutes;;Abrir no navegador
TPZ3E18;SUP SUL - EMP_LAGES, Vehicle, Diesel, CAMBIO AUTOMATICO OU SEMI AUTOMATICO, MERCEDES BENZ, COMBUSTÃO, REG_SUPPLY SUL, CAVALO MECÂNICO, TRS_RODALOG, UNI_EMP LAGES, 90 km/h;b470;G9CMTUF0F4JS;OK;GO Mode;06/04/2026;06/04/2026;06/04/2026;YES;;;BR-282 - São José do Cerrito, SC, 88570-000, Brasil;;1; Minutes;;Abrir no navegador
TPZ3E68;SUP SUL - EMP_LAGES, Vehicle, Diesel, CAMBIO AUTOMATICO OU SEMI AUTOMATICO, MERCEDES BENZ, COMBUSTÃO, REG_SUPPLY SUL, CAVALO MECÂNICO, TRS_RODALOG, UNI_EMP LAGES, 90 km/h;b466;G9F2ZR3T6F2B;OK;GO Mode;06/04/2026;06/04/2026;06/04/2026;YES;;;Rod. Ulysses Guimarães, Catanduvas - SC, 89670-000, Brasil;;7; Minutes;;Abrir no navegador
TPZ3G48;SUP SUL - EMP_LAGES, Vehicle, Diesel, CAMBIO AUTOMATICO OU SEMI AUTOMATICO, MERCEDES BENZ, COMBUSTÃO, REG_SUPPLY SUL, CAVALO MECÂNICO, TRS_RODALOG, UNI_EMP LAGES, 90 km/h;b44A;G917S4NTY307;OK;GO Mode;06/04/2026;06/04/2026;06/04/2026;YES;;;BR-282, 6565 - Área Industrial, Lages - SC, 88514-695, Brasil;;17; Minutes;;Abrir no navegador
TTL8F60;ROTA RJ ES_CDD JACAREPAGUA, Vehicle, Diesel, Manually Classified Powertrain, CAMBIO MANUAL, MERCEDES BENZ, COMBUSTÃO, REG_MACRO REGIÃO RJ ES, CAMINHÃO TOCO / TRUCK, TRS_FADEL, UNI_CDD JACAREPAGUA, 80 km/h;b221;G9MVRYX2R099;OK;GO Mode;06/04/2026;06/04/2026;06/04/2026;YES;;;*CD RIO (20km): R. Tirol, 542 - Freguesia (Jacarepaguá), Rio de Janeiro - RJ, 22750-009, Brasil;;1; Minutes;;Abrir no navegador
TTL8F61;ROTA RJ ES_CDD JACAREPAGUA, Vehicle, Diesel, CAMBIO MANUAL, MERCEDES BENZ, COMBUSTÃO, REG_MACRO REGIÃO RJ ES, CAMINHÃO TOCO / TRUCK, TRS_FADEL, UNI_CDD JACAREPAGUA, 80 km/h;b222;G93EK5ZSJ17K;OK;GO Mode;06/04/2026;06/04/2026;06/04/2026;YES;;;*CD RIO (20km): Estr. de Jacarepaguá, 6069 - Anil, Rio de Janeiro - RJ, 22753-033, Brasil;;2; Minutes;;Abrir no navegador
TTL8F62;ROTA RJ ES_CDD JACAREPAGUA, Vehicle, Diesel, CAMBIO MANUAL, MERCEDES BENZ, COMBUSTÃO, REG_MACRO REGIÃO RJ ES, CAMINHÃO TOCO / TRUCK, TRS_FADEL, UNI_CDD JACAREPAGUA, 80 km/h;b216;G997MUMAPSJP;OK;GO Mode;06/04/2026;06/04/2026;06/04/2026;YES;;;*CD RIO (20km): Estr. de Jacarepaguá, 5411 - Anil, Rio de Janeiro - RJ, 22753-033, Brasil;;11; Minutes;;Abrir no navegador
TTL9H18;ROTA RJ ES_CDD PAVUNA, Vehicle, Diesel, CAMBIO MANUAL, MERCEDES BENZ, COMBUSTÃO, REG_MACRO REGIÃO RJ ES, CAMINHÃO TOCO / TRUCK, TRS_FADEL, UNI_CDD PAVUNA, 80 km/h;b235;G9BU6WF2RPFD;OK;GO Mode;06/04/2026;06/04/2026;06/04/2026;YES;;;*CD RIO (20km): Rod. Pres. Dutra, 145 - Pavuna, Rio de Janeiro - RJ, 21535-630, Brasil;;23; Minutes;;Abrir no navegador
TTL9H19;ROTA RJ ES_CDD PAVUNA, Vehicle, Manually Classified Powertrain, CAMBIO MANUAL, MERCEDES BENZ, COMBUSTÃO, REG_MACRO REGIÃO RJ ES, CAMINHÃO TOCO / TRUCK, TRS_FADEL, UNI_CDD PAVUNA, 80 km/h;b23B;G9NBZD7NBYS0;OK;GO Mode;06/04/2026;05/04/2026;06/04/2026;YES;;;*CD RIO (20km): Av. Cel. Phidias Távora, 935 - Pavuna, Rio de Janeiro - RJ, 21535-510, Brasil;;7; Minutes;;Abrir no navegador
TTL9H20;ROTA RJ ES_CDD PAVUNA, Vehicle, Diesel, CAMBIO MANUAL, MERCEDES BENZ, COMBUSTÃO, REG_MACRO REGIÃO RJ ES, CAMINHÃO TOCO / TRUCK, TRS_FADEL, UNI_CDD PAVUNA, 80 km/h;b274;G9VD0AWZ2SMA;OK;GO Mode;06/04/2026;06/04/2026;06/04/2026;YES;;;*CD RIO (20km): Rod. Pres. Dutra, 145 - Pavuna, Rio de Janeiro - RJ, 21535-630, Brasil;;1; Minutes;;Abrir no navegador
TTL9H21;ROTA RJ ES_CDD JACAREPAGUA, Vehicle, Diesel, CAMBIO MANUAL, MERCEDES BENZ, COMBUSTÃO, REG_MACRO REGIÃO RJ ES, CAMINHÃO TOCO / TRUCK, TRS_FADEL, UNI_CDD JACAREPAGUA, 80 km/h;b264;G9V18F103329;OK;GO Mode;06/04/2026;06/04/2026;06/04/2026;YES;;;*CD RIO (20km): Estr. do Engenho d'Água, 655 - Anil, Rio de Janeiro - RJ, 22765-240, Brasil;;1; Minutes;;Abrir no navegador
TTL9H22;ROTA RJ ES_CDD JACAREPAGUA, Vehicle, Diesel, CAMBIO MANUAL, MERCEDES BENZ, COMBUSTÃO, REG_MACRO REGIÃO RJ ES, CAMINHÃO TOCO / TRUCK, TRS_FADEL, UNI_CDD JACAREPAGUA, 80 km/h;b2F7;G9VSA370YZV1;OK;GO Mode;06/04/2026;06/04/2026;06/04/2026;YES;;;*CD RIO (20km): Estr. de Jacarepaguá, 6310 - Anil, Rio de Janeiro - RJ, 22755-145, Brasil;;1; Minutes;;Abrir no navegador
TTM8F01;ROTA RJ ES_CDD JACAREPAGUA, Vehicle, Diesel, Manually Classified Powertrain, CAMBIO MANUAL, MERCEDES BENZ, COMBUSTÃO, REG_MACRO REGIÃO RJ ES, CAMINHÃO TOCO / TRUCK, TRS_FADEL, UNI_CDD JACAREPAGUA, 80 km/h;b271;G9X67HBT3R0V;OK;GO Mode;06/04/2026;06/04/2026;06/04/2026;YES;;;*CD RIO (20km): Estr. do Engenho d'Água, 655 - Anil, Rio de Janeiro - RJ, 22765-240, Brasil;;19; Minutes;;Abrir no navegador
TTM8F02;ROTA RJ ES_CDD JACAREPAGUA, Vehicle, Diesel, CAMBIO MANUAL, MERCEDES BENZ, COMBUSTÃO, REG_MACRO REGIÃO RJ ES, CAMINHÃO TOCO / TRUCK, TRS_FADEL, UNI_CDD JACAREPAGUA, 80 km/h;b692;G9FRJ0E1MJYH;OK (Parado);GO Mode;06/04/2026;04/04/2026;06/04/2026;NO;;;*CD RIO (20km): 2MV6+25 Cubo Kids - Anil, Rio de Janeiro - RJ, 22755, Brasil;;5; Minutes;5 Minutes;Abrir no navegador
TTM8F03;ROTA RJ ES_CDD JACAREPAGUA, Vehicle, Diesel, Manually Classified Powertrain, CAMBIO MANUAL, MERCEDES BENZ, COMBUSTÃO, REG_MACRO REGIÃO RJ ES, CAMINHÃO TOCO / TRUCK, TRS_FADEL, UNI_CDD JACAREPAGUA, 80 km/h;b263;G96NU8W9F5XT;OK (Parado);GO Mode;06/04/2026;04/04/2026;06/04/2026;NO;;;*CD RIO (20km): Estr. do Engenho d'Água, 655 - Anil, Rio de Janeiro - RJ, 22765-240, Brasil;;8; Minutes;8 Minutes;Abrir no navegador
TTM8F04;ROTA RJ ES_CDD JACAREPAGUA, Vehicle, Diesel, CAMBIO MANUAL, MERCEDES BENZ, COMBUSTÃO, REG_MACRO REGIÃO RJ ES, CAMINHÃO TOCO / TRUCK, TRS_FADEL, UNI_CDD JACAREPAGUA, 80 km/h;b6A1;G9K8M576AU22;OK;GO Mode;06/04/2026;06/04/2026;06/04/2026;YES;;;*CD RIO (20km): Estr. do Engenho d'Água, 655 - Anil, Rio de Janeiro - RJ, 22765-240, Brasil;;10; Minutes;;Abrir no navegador
TTM9G77;ROTA RJ ES_CDD JACAREPAGUA, Vehicle, Diesel, CAMBIO MANUAL, MERCEDES BENZ, COMBUSTÃO, REG_MACRO REGIÃO RJ ES, CAMINHÃO TOCO / TRUCK, TRS_FADEL, UNI_CDD JACAREPAGUA, 80 km/h;b236;G9HXZ31YKS1E;Off-line para 3+ Dias;GO Mode;30/03/2026;30/03/2026;30/03/2026;NO;;;*CD RIO (10km): R. Ouricuri, 23 - Ramos, Rio de Janeiro - RJ, 21030-010, Brasil;7 Days;6; Days;6 Days;Abrir no navegador
TTM9G78;ROTA RJ ES_CDD JACAREPAGUA, Vehicle, Diesel, CAMBIO MANUAL, MERCEDES BENZ, COMBUSTÃO, REG_MACRO REGIÃO RJ ES, CAMINHÃO TOCO / TRUCK, TRS_FADEL, UNI_CDD JACAREPAGUA, 80 km/h;b25A;G9KF7KV9DNN3;OK;GO Mode;06/04/2026;06/04/2026;06/04/2026;YES;;;*CD RIO (20km): Estr. de Jacarepaguá, 5953 - Anil, Rio de Janeiro - RJ, 22753-030, Brasil;;1; Minutes;;Abrir no navegador
TTM9G79;ROTA RJ ES_CDD JACAREPAGUA, Vehicle, Diesel, CAMBIO MANUAL, MERCEDES BENZ, COMBUSTÃO, REG_MACRO REGIÃO RJ ES, CAMINHÃO TOCO / TRUCK, TRS_FADEL, UNI_CDD JACAREPAGUA, 80 km/h;b30E;G942U0WFUN6T;OK;GO Mode;06/04/2026;06/04/2026;06/04/2026;YES;;;*CD RIO (20km): Estr. de Jacarepaguá, 6345 - Anil, Rio de Janeiro - RJ, 22765-270, Brasil;;3; Minutes;;Abrir no navegador
TTM9G80;ROTA RJ ES_CDD PAVUNA, Vehicle, Diesel, CAMBIO MANUAL, MERCEDES BENZ, COMBUSTÃO, REG_MACRO REGIÃO RJ ES, CAMINHÃO TOCO / TRUCK, TRS_FADEL, UNI_CDD PAVUNA, 80 km/h;b23E;G9M7NTEB4VA7;OK;GO Mode;06/04/2026;06/04/2026;06/04/2026;YES;;;*CD RIO (40km): R. Valença, 16 - Rodilândia, Nova Iguaçu - RJ, 26083-220, Brasil;;1; Minutes;;Abrir no navegador
TTM9G81;ROTA RJ ES_CDD PAVUNA, Vehicle, Diesel, CAMBIO MANUAL, MERCEDES BENZ, COMBUSTÃO, REG_MACRO REGIÃO RJ ES, CAMINHÃO TOCO / TRUCK, TRS_FADEL, UNI_CDD PAVUNA, 80 km/h;b230;G9CEHBZHD60D;OK;GO Mode;06/04/2026;06/04/2026;06/04/2026;YES;;;*CD RIO (30km): Rua Antônio José Bitencourt, 476 - Centro, Nilópolis - RJ, 26535-001, Brasil;;1; Minutes;;Abrir no navegador
TTN8C51;ROTA RJ ES_CDD JACAREPAGUA, Vehicle, Diesel, CAMBIO MANUAL, MERCEDES BENZ, COMBUSTÃO, REG_MACRO REGIÃO RJ ES, CAMINHÃO TOCO / TRUCK, TRS_FADEL, UNI_CDD JACAREPAGUA, 80 km/h;b25C;G9FT8K41J7K1;Off-line para 3+ Dias;GO Mode;26/03/2026;26/03/2026;26/03/2026;NO;;;*CD RIO (30km): Av. Carlos Marques Rollo, 881 - Vila Itaci, Nova Iguaçu - RJ, 26225-490, Brasil;11 Days;10; Days;10 Days;Abrir no navegador
TTN9E53;ROTA RJ ES_CDD PAVUNA, Vehicle, Diesel, CAMBIO MANUAL, MERCEDES BENZ, COMBUSTÃO, REG_MACRO REGIÃO RJ ES, CAMINHÃO TOCO / TRUCK, TRS_FADEL, UNI_CDD PAVUNA, 80 km/h;b6D2;G9W3J4JA45Z4;OK;GO Mode;06/04/2026;06/04/2026;06/04/2026;YES;;;*CD RIO (20km): Av. Cel. Phidias Távora, 92 - Pavuna, Rio de Janeiro - RJ, 21535-510, Brasil;;1; Minutes;;Abrir no navegador
TTN9E54;ROTA RJ ES_CDD PAVUNA, Vehicle, Diesel, CAMBIO MANUAL, MERCEDES BENZ, COMBUSTÃO, REG_MACRO REGIÃO RJ ES, CAMINHÃO TOCO / TRUCK, TRS_FADEL, UNI_CDD PAVUNA, 80 km/h;b275;G9FCHKJC75UY;OK;GO Mode;06/04/2026;06/04/2026;06/04/2026;YES;;;*CD RIO (40km): R. Maurícia, 1013 - Rodilândia, Nova Iguaçu - RJ, 26083-210, Brasil;;1; Minutes;;Abrir no navegador
TTN9E55;ROTA RJ ES_CDD PAVUNA, Vehicle, Diesel, CAMBIO MANUAL, MERCEDES BENZ, COMBUSTÃO, REG_MACRO REGIÃO RJ ES, CAMINHÃO TOCO / TRUCK, TRS_FADEL, UNI_CDD PAVUNA, 80 km/h;b26F;G90USCUH622T;OK;GO Mode;06/04/2026;06/04/2026;06/04/2026;YES;;;*CD RIO (20km): Av. Canal da Pavuna, 670 - Pavuna, Rio de Janeiro - RJ, 21535-630, Brasil;;31; Minutes;;Abrir no navegador
TTO2J50;ROTA RJ ES_CDD JACAREPAGUA, Vehicle, Diesel, CAMBIO MANUAL, MERCEDES BENZ, COMBUSTÃO, REG_MACRO REGIÃO RJ ES, CAMINHÃO TOCO / TRUCK, TRS_FADEL, UNI_CDD JACAREPAGUA, 80 km/h;b231;G90XPB835K2C;OK;GO Mode;06/04/2026;05/04/2026;06/04/2026;YES;;;*CD RIO (20km): Estr. do Engenho d'Água, 655 - Anil, Rio de Janeiro - RJ, 22765-240, Brasil;;8; Minutes;;Abrir no navegador
TTO2J51;ROTA RJ ES_CDD JACAREPAGUA, Combustão, Vehicle, Diesel, CAMBIO MANUAL, MERCEDES BENZ, REG_MACRO REGIÃO RJ ES, CAMINHÃO TOCO / TRUCK, TRS_FADEL, UNI_CDD JACAREPAGUA, 80 km/h;b220;G9SHFPDNP1NH;OK;GO Mode;06/04/2026;06/04/2026;06/04/2026;YES;;;*CD RIO (20km): Estr. de Jacarepaguá, 5808 - Anil, Rio de Janeiro - RJ, 22753-034, Brasil;;1; Minutes;;Abrir no navegador
TTO7H63;ROTA RJ ES_CDD JACAREPAGUA, Vehicle, Diesel, CAMBIO MANUAL, MERCEDES BENZ, COMBUSTÃO, REG_MACRO REGIÃO RJ ES, CAMINHÃO TOCO / TRUCK, TRS_FADEL, UNI_CDD JACAREPAGUA, 80 km/h;b69C;G9FTZ5VR7ZDH;OK (Parado);GO Mode;06/04/2026;04/04/2026;06/04/2026;NO;;;*CD RIO (20km): Estr. de Jacarepaguá, 5895 - Anil, Rio de Janeiro - RJ, 22753-033, Brasil;;15; Minutes;15 Minutes;Abrir no navegador
TTO7H64;ROTA RJ ES_CDD PAVUNA, Vehicle, Diesel, CAMBIO MANUAL, MERCEDES BENZ, COMBUSTÃO, REG_MACRO REGIÃO RJ ES, CAMINHÃO TOCO / TRUCK, TRS_FADEL, UNI_CDD PAVUNA, 80 km/h;b2FC;G9T5B3JH733S;OK;GO Mode;06/04/2026;06/04/2026;06/04/2026;YES;;;*CD RIO (10km): R. Ipiru, 77 - Cacuia, Rio de Janeiro - RJ, 21931-095, Brasil;;1; Minutes;;Abrir no navegador
TTO7H65;ROTA RJ ES_CDD PAVUNA, Vehicle, Diesel, CAMBIO MANUAL, MERCEDES BENZ, COMBUSTÃO, REG_MACRO REGIÃO RJ ES, CAMINHÃO TOCO / TRUCK, TRS_FADEL, UNI_CDD PAVUNA, 80 km/h;b2D8;G9NB52KA84V3;OK;GO Mode;06/04/2026;06/04/2026;06/04/2026;YES;;;*CD RIO (20km): R. Praia da Rosa, 1350 - Moneró, Rio de Janeiro - RJ, 21920-110, Brasil;;1; Minutes;;Abrir no navegador
TTO7H66;ROTA RJ ES_CDD JACAREPAGUA, Vehicle, Diesel, CAMBIO MANUAL, MERCEDES BENZ, COMBUSTÃO, REG_MACRO REGIÃO RJ ES, CAMINHÃO TOCO / TRUCK, TRS_FADEL, UNI_CDD JACAREPAGUA, 80 km/h;b363;G9ZJRZ2FX5HK;OK (Parado);GO Mode;06/04/2026;04/04/2026;06/04/2026;NO;;;*CD RIO (20km): Estr. do Engenho d'Água, 655 - Anil, Rio de Janeiro - RJ, 22765-240, Brasil;;17; Minutes;17 Minutes;Abrir no navegador
TTO7H67;ROTA RJ ES_CDD JACAREPAGUA, Vehicle, Diesel, CAMBIO MANUAL, MERCEDES BENZ, COMBUSTÃO, REG_MACRO REGIÃO RJ ES, CAMINHÃO TOCO / TRUCK, TRS_FADEL, UNI_CDD JACAREPAGUA, 80 km/h;b36B;G9PW2CM9YKV7;OK (Parado);GO Mode;06/04/2026;04/04/2026;06/04/2026;NO;;;*CD RIO (20km): Estr. do Engenho d'Água, 655 - Anil, Rio de Janeiro - RJ, 22765-240, Brasil;;4; Minutes;4 Minutes;Abrir no navegador
TTO7H68;ROTA RJ ES_CDD JACAREPAGUA, Vehicle, Diesel, CAMBIO MANUAL, MERCEDES BENZ, COMBUSTÃO, REG_MACRO REGIÃO RJ ES, CAMINHÃO TOCO / TRUCK, TRS_FADEL, UNI_CDD JACAREPAGUA, 80 km/h;b35F;G9WE46X2RTHT;OK (Parado);GO Mode;06/04/2026;04/04/2026;06/04/2026;NO;;;*CD RIO (20km): Estr. do Engenho d'Água, 655 - Anil, Rio de Janeiro - RJ, 22765-240, Brasil;;34; Minutes;34 Minutes;Abrir no navegador
TTO7H69;ROTA MG_CDD UBERABA, Vehicle, Diesel, CAMBIO MANUAL, MERCEDES BENZ, COMBUSTÃO, REG_MACRO REGIÃO MG, CAMINHÃO TOCO / TRUCK, TRS_FADEL, UNI_CDD UBERABA, 80 km/h;b512;G9VCUXKCRVMX;OK;GO Mode;06/04/2026;06/04/2026;06/04/2026;YES;;;BR-262, Uberaba - MG, Brasil;;13; Minutes;;Abrir no navegador
TTP2G89;ROTA RJ ES_CDD CAMPOS, Vehicle, Diesel, CAMBIO MANUAL, MERCEDES BENZ, COMBUSTÃO, REG_MACRO REGIÃO RJ ES, CAMINHÃO TOCO / TRUCK, TRS_FADEL, UNI_CDD CAMPOS, 80 km/h;b20C;G9K1V79S2JKH;OK;GO Mode;06/04/2026;06/04/2026;06/04/2026;YES;;;R. Espírito Santo, 184 - Caju, Campos dos Goytacazes - RJ, 28051-070, Brasil;;3; Minutes;;Abrir no navegador
TTP2G90;ROTA RJ ES_CDD JACAREPAGUA, Vehicle, Diesel, CAMBIO MANUAL, MERCEDES BENZ, COMBUSTÃO, REG_MACRO REGIÃO RJ ES, CAMINHÃO TOCO / TRUCK, TRS_FADEL, UNI_CDD JACAREPAGUA, 80 km/h;b223;G9B1KRRPMCUX;OK;GO Mode;06/04/2026;06/04/2026;06/04/2026;YES;;;*CD RIO (20km): Estr. do Engenho d'Água, 655 - Anil, Rio de Janeiro - RJ, 22765-240, Brasil;;1; Minutes;;Abrir no navegador
TTP2G91;ROTA RJ ES_CDD CAMPOS, Vehicle, Diesel, CAMBIO MANUAL, MERCEDES BENZ, COMBUSTÃO, REG_MACRO REGIÃO RJ ES, CAMINHÃO TOCO / TRUCK, TRS_FADEL, UNI_CDD CAMPOS, 80 km/h;b20F;G96FSPB21KHA;OK;GO Mode;06/04/2026;06/04/2026;06/04/2026;YES;;;BR-356, 80 - Caju, Campos dos Goytacazes - RJ, 28010-550, Brasil;;6; Minutes;;Abrir no navegador
TTP6B50;ROTA RJ ES_CDD JACAREPAGUA, Vehicle, Diesel, CAMBIO MANUAL, MERCEDES BENZ, COMBUSTÃO, REG_MACRO REGIÃO RJ ES, CAMINHÃO TOCO / TRUCK, TRS_FADEL, UNI_CDD JACAREPAGUA, 80 km/h;b684;G94D3E3NBMB7;OK;GO Mode;06/04/2026;06/04/2026;06/04/2026;YES;;;*CD RIO (20km): R. Caminho do Cavaco, 177 - Anil, Rio de Janeiro - RJ, 22753-034, Brasil;;11; Minutes;;Abrir no navegador
TTP7F72;ROTA RJ ES_CDD JACAREPAGUA, Vehicle, Diesel, CAMBIO MANUAL, MERCEDES BENZ, COMBUSTÃO, REG_MACRO REGIÃO RJ ES, CAMINHÃO TOCO / TRUCK, TRS_FADEL, UNI_CDD JACAREPAGUA, 80 km/h;b319;G9E6E02WY0T9;OK;GO Mode;06/04/2026;06/04/2026;06/04/2026;YES;;;*CD RIO (20km): R. Caminho do Cavaco, 177 - Anil, Rio de Janeiro - RJ, 22753-034, Brasil;;10; Minutes;;Abrir no navegador
TTP7F73;ROTA RJ ES_CDD JACAREPAGUA, Vehicle, Diesel, CAMBIO MANUAL, MERCEDES BENZ, COMBUSTÃO, REG_MACRO REGIÃO RJ ES, CAMINHÃO TOCO / TRUCK, TRS_FADEL, UNI_CDD JACAREPAGUA, 80 km/h;b2CF;G9UMSAW16TJD;OK;GO Mode;06/04/2026;06/04/2026;06/04/2026;YES;;;*CD RIO (20km): Estr. de Jacarepaguá, 5895 - Anil, Rio de Janeiro - RJ, 22753-033, Brasil;;13; Minutes;;Abrir no navegador
TTP7F74;ROTA RJ ES_CDD JACAREPAGUA, Vehicle, Diesel, CAMBIO MANUAL, MERCEDES BENZ, COMBUSTÃO, REG_MACRO REGIÃO RJ ES, CAMINHÃO TOCO / TRUCK, TRS_FADEL, UNI_CDD JACAREPAGUA, 80 km/h;b2E9;G9KN6T12UU8F;OK;GO Mode;06/04/2026;06/04/2026;06/04/2026;YES;;;*CD RIO (20km): Estr. de Jacarepaguá, 6345 - Anil, Rio de Janeiro - RJ, 22765-270, Brasil;;1; Minutes;;Abrir no navegador
TTP7F75;ROTA RJ ES_CDD JACAREPAGUA, Vehicle, Diesel, CAMBIO MANUAL, MERCEDES BENZ, COMBUSTÃO, REG_MACRO REGIÃO RJ ES, CAMINHÃO TOCO / TRUCK, TRS_FADEL, UNI_CDD JACAREPAGUA, 80 km/h;b329;G9DY49B5WSS4;OK (Parado);GO Mode;06/04/2026;04/04/2026;06/04/2026;NO;;;*CD RIO (20km): Estr. do Engenho d'Água, 655 - Anil, Rio de Janeiro - RJ, 22765-240, Brasil;;13; Minutes;13 Minutes;Abrir no navegador
TTP7F76  ;ROTA RJ ES_CDD PAVUNA, Vehicle, Diesel, CAMBIO MANUAL, MERCEDES BENZ, COMBUSTÃO, REG_MACRO REGIÃO RJ ES, CAMINHÃO TOCO / TRUCK, TRS_FADEL, UNI_CDD PAVUNA, 80 km/h;b326;G93U0N94KB45;OK;GO Mode;06/04/2026;06/04/2026;06/04/2026;YES;;;*CD RIO (20km): Av. Cel. Phidias Távora, 935 - Pavuna, Rio de Janeiro - RJ, 21535-510, Brasil;;1; Minutes;;Abrir no navegador
TTP7F77;ROTA RJ ES_CDL ITAPERUNA, Vehicle, Diesel, CAMBIO MANUAL, MERCEDES BENZ, COMBUSTÃO, REG_MACRO REGIÃO RJ ES, CAMINHÃO TOCO / TRUCK, TRS_FADEL, UNI_CDL ITAPERUNA, 80 km/h;b359;G98NR6Y6Y9A7;OK;GO Mode;06/04/2026;06/04/2026;06/04/2026;YES;;;R. Silva Jardim, 383 - Mal. Castelo Branco, Itaperuna - RJ, 28300-000, Brasil;;6; Minutes;;Abrir no navegador
TTP7F81;ROTA MG_CDD UBERABA, Vehicle, Diesel, CAMBIO MANUAL, MERCEDES BENZ, COMBUSTÃO, REG_MACRO REGIÃO MG, CAMINHÃO TOCO / TRUCK, TRS_FADEL, UNI_CDD UBERABA, 80 km/h;b5CE;G9N0T635SYME;OK;GO Mode;06/04/2026;06/04/2026;06/04/2026;YES;;;Av. José Geraldo de Souza, 444 - Jardim Copacabana, Uberaba - MG, 38048-600, Brasil;;19; Minutes;;Abrir no navegador
TTP7F82;ROTA MG_CDD UBERABA, Vehicle, Diesel, CAMBIO MANUAL, MERCEDES BENZ, COMBUSTÃO, REG_MACRO REGIÃO MG, CAMINHÃO TOCO / TRUCK, TRS_FADEL, UNI_CDD UBERABA, 80 km/h;b543;G9M736PJK94B;OK;GO Mode;06/04/2026;06/04/2026;06/04/2026;YES;;;Av. Santos Dumont, 2645 - Vila Santa Maria, Uberaba - MG, 38050-400, Brasil;;4; Minutes;;Abrir no navegador
TTQ4C99;ROTA RJ ES_CDD JACAREPAGUA, Vehicle, Diesel, CAMBIO MANUAL, MERCEDES BENZ, COMBUSTÃO, REG_MACRO REGIÃO RJ ES, CAMINHÃO TOCO / TRUCK, TRS_FADEL, UNI_CDD JACAREPAGUA, 80 km/h;b2B9;G9NRM5WN0R2D;OK;GO Mode;06/04/2026;06/04/2026;06/04/2026;YES;;;*CD RIO (20km): Estr. de Jacarepaguá, 5895 - Freguesia (Jacarepaguá), Rio de Janeiro - RJ, 22753-033, Brasil;;1; Minutes;;Abrir no navegador
TTQ4D00;ROTA RJ ES_CDD JACAREPAGUA, Vehicle, Diesel, CAMBIO MANUAL, MERCEDES BENZ, COMBUSTÃO, REG_MACRO REGIÃO RJ ES, CAMINHÃO TOCO / TRUCK, TRS_FADEL, UNI_CDD JACAREPAGUA, 80 km/h;b328;G9AHCN517X0Y;OK;GO Mode;06/04/2026;06/04/2026;06/04/2026;YES;;;*CD RIO (20km): Estr. do Engenho d'Água, 655 - Anil, Rio de Janeiro - RJ, 22765-240, Brasil;;12; Minutes;;Abrir no navegador
TTQ5H12;ROTA RJ ES_CDD JACAREPAGUA, Vehicle, Diesel, CAMBIO MANUAL, MERCEDES BENZ, COMBUSTÃO, REG_MACRO REGIÃO RJ ES, CAMINHÃO TOCO / TRUCK, TRS_FADEL, UNI_CDD JACAREPAGUA, 80 km/h;b696;G95TSC67MTF2;OK;GO Mode;06/04/2026;06/04/2026;06/04/2026;YES;;;*CD RIO (20km): R. Caminho do Cavaco, 177 - Anil, Rio de Janeiro - RJ, 22753-034, Brasil;;1; Minutes;;Abrir no navegador
TTQ5H13;ROTA RJ ES_CDD JACAREPAGUA, Vehicle, Diesel, CAMBIO MANUAL, MERCEDES BENZ, COMBUSTÃO, REG_MACRO REGIÃO RJ ES, CAMINHÃO TOCO / TRUCK, TRS_FADEL, UNI_CDD JACAREPAGUA, 80 km/h;b690;G92ACP3JZFPR;OK;GO Mode;06/04/2026;06/04/2026;06/04/2026;YES;;;*CD RIO (20km): 2MV6+25 Cubo Kids - Anil, Rio de Janeiro - RJ, 22755, Brasil;;3; Minutes;;Abrir no navegador
TTQ5H14;ROTA RJ ES_CDD JACAREPAGUA, Vehicle, Diesel, CAMBIO MANUAL, MERCEDES BENZ, COMBUSTÃO, REG_MACRO REGIÃO RJ ES, CAMINHÃO TOCO / TRUCK, TRS_FADEL, UNI_CDD JACAREPAGUA, 80 km/h;b35C;G9EM1USUJ2D7;Off-line para 3+ Dias;GO Mode;23/03/2026;23/03/2026;23/03/2026;NO;;;*CD RIO (10km): Rua Ouricuri 200 beco do forro n°20 - Maré, Rio de Janeiro - RJ, 21030-010, Brasil;14 Days;13; Days;13 Days;Abrir no navegador
TTQ6D26;AS RJ ES_AS CAMPO GRANDE, Vehicle, Diesel, CAMBIO AUTOMATICO OU SEMI AUTOMATICO, MERCEDES BENZ, COMBUSTÃO, REG_MACRO REGIÃO RJ ES, CAVALO MECÂNICO, TRS_FADEL, UNI_AS CAMPO GRANDE, 90 km/h;b52B;G95RU7UR87TV;OK (Parado);GO Mode;06/04/2026;02/04/2026;06/04/2026;NO;;;*CD RIO (50km): AmBev Rio de Janeiro - Estr. Rio São Paulo, 7611 - Campo Grande, Rio de Janeiro - RJ, 26298-420, Brasil;;1; Minutes;1 Minutes;Abrir no navegador
TTQ9A77;ROTA RJ ES_CDD NITEROI, Vehicle, Diesel, CAMBIO MANUAL, MERCEDES BENZ, COMBUSTÃO, REG_MACRO REGIÃO RJ ES, CAMINHÃO TOCO / TRUCK, TRS_FADEL, UNI_CDD NITEROI, 80 km/h;b5CB;G942DC9PD96Y;OK;GO Mode;06/04/2026;06/04/2026;06/04/2026;YES;;;*CD RIO (30km): Av. Santa Luzia, 457 - Santa Luzia, São Gonçalo - RJ, 24722-315, Brasil;;1; Minutes;;Abrir no navegador
TTQ9A78;ROTA MG_CDD UBERLANDIA, Vehicle, Diesel, CAMBIO MANUAL, MERCEDES BENZ, COMBUSTÃO, REG_MACRO REGIÃO MG, CAMINHÃO TOCO / TRUCK, TRS_FADEL, UNI_CDD UBERLANDIA, 80 km/h;b5B4;G9W8ANCDFYUE;OK;GO Mode;06/04/2026;06/04/2026;06/04/2026;YES;;;R. Geraldo Vitórino, 60 - Taiaman, Uberlândia - MG, 38415-174, Brasil;;2; Minutes;;Abrir no navegador
TTQ9A80;ROTA RJ ES_CDD NITEROI, Vehicle, Diesel, CAMBIO MANUAL, MERCEDES BENZ, COMBUSTÃO, REG_MACRO REGIÃO RJ ES, CAMINHÃO TOCO / TRUCK, TRS_FADEL, UNI_CDD NITEROI, 80 km/h;b5EB;G9UWT95VWX33;OK;GO Mode;06/04/2026;06/04/2026;06/04/2026;YES;;;*CD RIO (30km): Av. Santa Luzia, 133 - Santa Luzia, São Gonçalo - RJ, 24722-315, Brasil;;1; Minutes;;Abrir no navegador
TTQ9A81;ROTA RJ ES_CDD NITEROI, Vehicle, Manually Classified Powertrain, CAMBIO MANUAL, MERCEDES BENZ, COMBUSTÃO, REG_MACRO REGIÃO RJ ES, CAMINHÃO TOCO / TRUCK, TRS_FADEL, UNI_CDD NITEROI, 80 km/h;b59D;G9ZAB3FTNDFA;OK;GO Mode;06/04/2026;06/04/2026;06/04/2026;YES;;;*CD RIO (30km): Av. Santa Luzia, 734 - Santa Luzia, São Gonçalo - RJ, 24721-270, Brasil;;1; Minutes;;Abrir no navegador
TTR5E47;ROTA RJ ES_CDD JACAREPAGUA, Vehicle, Diesel, CAMBIO MANUAL, MERCEDES BENZ, COMBUSTÃO, REG_MACRO REGIÃO RJ ES, CAMINHÃO TOCO / TRUCK, TRS_FADEL, UNI_CDD JACAREPAGUA, 80 km/h;b311;G9F7SE3XC8BK;OK (Parado);GO Mode;06/04/2026;04/04/2026;06/04/2026;NO;;;*CD RIO (20km): 2MV6+25 Cubo Kids - Anil, Rio de Janeiro - RJ, 22755, Brasil;;27; Minutes;27 Minutes;Abrir no navegador
TTR6A54;AS RJ ES_AS CAMPO GRANDE, Vehicle, Diesel, CAMBIO AUTOMATICO OU SEMI AUTOMATICO, MERCEDES BENZ, COMBUSTÃO, REG_MACRO REGIÃO RJ ES, CAVALO MECÂNICO, TRS_FADEL, UNI_AS CAMPO GRANDE, 90 km/h;b518;G9R4RWHKCYZ2;OK;GO Mode;06/04/2026;06/04/2026;06/04/2026;YES;;;*CD RIO (40km): R. Vítor Alves, 864 - Campo Grande, Rio de Janeiro - RJ, 23080-180, Brasil;;3; Minutes;;Abrir no navegador
TTR6A55;AS RJ ES_AS CAMPO GRANDE, Vehicle, Diesel, CAMBIO AUTOMATICO OU SEMI AUTOMATICO, MERCEDES BENZ, COMBUSTÃO, REG_MACRO REGIÃO RJ ES, CAVALO MECÂNICO, TRS_FADEL, UNI_AS CAMPO GRANDE, 90 km/h;b537;G9HU5RNE6W16;OK;GO Mode;06/04/2026;06/04/2026;06/04/2026;YES;;;*CD RIO (40km): Rua Beija-Flor, 6 - Santa Cruz, Rio de Janeiro - RJ, 23555-350, Brasil;;1; Minutes;;Abrir no navegador
TTR6A56;AS RJ ES_AS CAMPO GRANDE, Vehicle, Diesel, CAMBIO AUTOMATICO OU SEMI AUTOMATICO, MERCEDES BENZ, COMBUSTÃO, REG_MACRO REGIÃO RJ ES, CAVALO MECÂNICO, TRS_FADEL, UNI_AS CAMPO GRANDE, 90 km/h;b513;G9N2MEW1T1SW;OK;GO Mode;06/04/2026;06/04/2026;06/04/2026;YES;;;*CD RIO (50km): Estrada Sem Nome - Campo Grande, Rio de Janeiro - RJ, 23075, Brasil;;1; Minutes;;Abrir no navegador
TTR6A57;AS RJ ES_AS CAMPO GRANDE, Vehicle, Diesel, CAMBIO AUTOMATICO OU SEMI AUTOMATICO, MERCEDES BENZ, COMBUSTÃO, REG_MACRO REGIÃO RJ ES, CAVALO MECÂNICO, TRS_FADEL, UNI_AS CAMPO GRANDE, 90 km/h;b4F5;G95WJMK2VRN7;OK;GO Mode;06/04/2026;06/04/2026;06/04/2026;YES;;;*CD RIO (50km): Estrada Sem Nome - Campo Grande, Rio de Janeiro - RJ, 23075, Brasil;;18; Minutes;;Abrir no navegador
TTR8H41;ROTA RJ ES_CDD NITEROI, Vehicle, Diesel, CAMBIO MANUAL, MERCEDES BENZ, COMBUSTÃO, REG_MACRO REGIÃO RJ ES, CAMINHÃO TOCO / TRUCK, TRS_FADEL, UNI_CDD NITEROI, 80 km/h;b5D2;G966VSD6C1PV;OK;GO Mode;06/04/2026;06/04/2026;06/04/2026;YES;;;*CD RIO (30km): Av. Santa Luzia, 457 - Santa Luzia, São Gonçalo - RJ, 24722-315, Brasil;;1; Minutes;;Abrir no navegador
TTR8H49;ROTA MG_CDD UBERLANDIA, Vehicle, Diesel, CAMBIO MANUAL, MERCEDES BENZ, COMBUSTÃO, REG_MACRO REGIÃO MG, CAMINHÃO TOCO / TRUCK, TRS_FADEL, UNI_CDD UBERLANDIA, 80 km/h;b5CF;G9H5RH51V0JZ;OK (Parado);GO Mode;05/04/2026;31/03/2026;05/04/2026;NO;;;R. Vereadora Drika Protetora, 420 - Uberlândia, MG, 38415, Brasil;;16; Days;16 Days;Abrir no navegador
TTR8H50;ROTA RJ ES_CDD NITEROI, Vehicle, Diesel, CAMBIO MANUAL, MERCEDES BENZ, COMBUSTÃO, REG_MACRO REGIÃO RJ ES, CAMINHÃO TOCO / TRUCK, TRS_FADEL, UNI_CDD NITEROI, 80 km/h;b546;G9WBCE9BZH64;OK;GO Mode;06/04/2026;06/04/2026;06/04/2026;YES;;;*CD RIO (40km): R. A, 19 - Vila Brasil, Itaboraí - RJ, 24800, Brasil;;5; Minutes;;Abrir no navegador
TTR8H51;ROTA MG_CDD UBERLANDIA, Vehicle, Diesel, CAMBIO MANUAL, MERCEDES BENZ, COMBUSTÃO, REG_MACRO REGIÃO MG, CAMINHÃO TOCO / TRUCK, TRS_FADEL, UNI_CDD UBERLANDIA, 80 km/h;b58D;G9XMAVBDSPRM;OK (Parado);GO Mode;05/04/2026;31/03/2026;05/04/2026;NO;;;R. Vereadora Drika Protetora, 420 - Uberlândia, MG, 38415, Brasil;;13; Days;13 Days;Abrir no navegador
TTS5F12;ROTA RJ ES_CDL ITAPERUNA, Vehicle, Diesel, CAMBIO MANUAL, MERCEDES BENZ, COMBUSTÃO, REG_MACRO REGIÃO RJ ES, CAMINHÃO TOCO / TRUCK, TRS_FADEL, UNI_CDL ITAPERUNA, 80 km/h;b521;G931Y5B3A487;OK;GO Mode;06/04/2026;06/04/2026;06/04/2026;YES;;;R. Ouvídio Dias dos Reis, 5 - Itaperuna, RJ, 28300-000, Brasil;;6; Minutes;;Abrir no navegador
TTS6A88;AS RJ ES_AS CAMPO GRANDE, Vehicle, Diesel, CAMBIO AUTOMATICO OU SEMI AUTOMATICO, MERCEDES BENZ, COMBUSTÃO, REG_MACRO REGIÃO RJ ES, CAVALO MECÂNICO, TRS_FADEL, UNI_AS CAMPO GRANDE, 90 km/h;b510;G93RHMCH9YW5;OK;GO Mode;06/04/2026;06/04/2026;06/04/2026;YES;;;*CD RIO (50km): Estrada Sem Nome - Campo Grande, Rio de Janeiro - RJ, 23075, Brasil;;4; Minutes;;Abrir no navegador
TTS8I74;ROTA MG_CDD UBERLANDIA, Vehicle, Diesel, CAMBIO MANUAL, MERCEDES BENZ, COMBUSTÃO, REG_MACRO REGIÃO MG, CAMINHÃO TOCO / TRUCK, TRS_FADEL, UNI_CDD UBERLANDIA, 80 km/h;b5E2;G9B6M5T2AWSY;OK (Parado);GO Mode;05/04/2026;01/04/2026;05/04/2026;NO;;;Rod. Quatrocentos e Noventa e Sete 2, MG, 38414-512, Brazil;;17; Days;17 Days;Abrir no navegador
TTS8I75;ROTA MG_CDD UBERLANDIA, Vehicle, Diesel, CAMBIO MANUAL, MERCEDES BENZ, COMBUSTÃO, REG_MACRO REGIÃO MG, CAMINHÃO TOCO / TRUCK, TRS_FADEL, UNI_CDD UBERLANDIA, 80 km/h;b68D;G926X3E9KPR8;OK (Parado);GO Mode;05/04/2026;02/04/2026;05/04/2026;NO;;;R. Cleto Gomes Correa, 4 - Luizote de Freitas, Uberlândia - MG, 38418-494, Brasil;;13; Days;13 Days;Abrir no navegador
TTS8I76;ROTA RJ ES_CDD NITEROI, Vehicle, Diesel, CAMBIO MANUAL, MERCEDES BENZ, COMBUSTÃO, REG_MACRO REGIÃO RJ ES, CAMINHÃO TOCO / TRUCK, TRS_FADEL, UNI_CDD NITEROI, 80 km/h;b51D;G9Z36MBW5VE3;OK (Parado);GO Mode;06/04/2026;04/04/2026;06/04/2026;NO;;;*CD RIO (30km): Av. Santa Luzia, 1032 - Santa Luzia, São Gonçalo - RJ, 24722-315, Brasil;;5; Minutes;5 Minutes;Abrir no navegador
TTS8I77;ROTA MG_CDD UBERABA, Vehicle, Diesel, CAMBIO MANUAL, MERCEDES BENZ, COMBUSTÃO, REG_MACRO REGIÃO MG, CAMINHÃO TOCO / TRUCK, TRS_FADEL, UNI_CDD UBERABA, 80 km/h;b5D4;G9JT1C3661YY;OK;GO Mode;06/04/2026;06/04/2026;06/04/2026;YES;;;R. Fernando da Silva Melo, 968 - Jardim Metrópole, Uberaba - MG, 38037-070, Brasil;;2; Minutes;;Abrir no navegador
TTS8I80;ROTA MG_CDD UBERABA, Vehicle, Diesel, CAMBIO MANUAL, MERCEDES BENZ, COMBUSTÃO, REG_MACRO REGIÃO MG, CAMINHÃO TOCO / TRUCK, TRS_FADEL, UNI_CDD UBERABA, 80 km/h;b5DC;G9CAA976SNS1;OK (Parado);GO Mode;06/04/2026;04/04/2026;06/04/2026;NO;;;R. Dr. Décio Moreira, 4, Uberaba - MG, 38073-750, Brasil;;14; Minutes;14 Minutes;Abrir no navegador
TTT8E60;ROTA MG_CDD UBERLANDIA, Vehicle, Diesel, CAMBIO MANUAL, MERCEDES BENZ, COMBUSTÃO, REG_MACRO REGIÃO MG, CAMINHÃO TOCO / TRUCK, TRS_FADEL, UNI_CDD UBERLANDIA, 80 km/h;b5D5;G9BTAAU1K6UM;OK;GO Mode;06/04/2026;06/04/2026;06/04/2026;YES;;;BR-497, 3 - Luizote de Freitas, Uberlândia - MG, 38414-512, Brasil;;1; Minutes;;Abrir no navegador
TTU3G68;ROTA RJ ES_CDD JACAREPAGUA, Vehicle, Diesel, CAMBIO MANUAL, MERCEDES BENZ, COMBUSTÃO, REG_MACRO REGIÃO RJ ES, CAMINHÃO TOCO / TRUCK, TRS_FADEL, UNI_CDD JACAREPAGUA, 80 km/h;b357;G9JDYYTNWT44;OK (Parado);GO Mode;06/04/2026;04/04/2026;06/04/2026;NO;;;*CD RIO (20km): Estr. do Engenho d'Água, 655 - Anil, Rio de Janeiro - RJ, 22765-240, Brasil;;12; Minutes;12 Minutes;Abrir no navegador
TTU3G72;ROTA MG_CDD UBERABA, Vehicle, Diesel, CAMBIO MANUAL, MERCEDES BENZ, COMBUSTÃO, REG_MACRO REGIÃO MG, CAMINHÃO TOCO / TRUCK, TRS_FADEL, UNI_CDD UBERABA, 80 km/h;b5EE;G9ZB1NP5C0H0;OK (Parado);GO Mode;06/04/2026;04/04/2026;06/04/2026;NO;;;R. Dr. Décio Moreira, 4, Uberaba - MG, 38073-750, Brasil;;14; Minutes;14 Minutes;Abrir no navegador
TTU3G73;ROTA MG_CDD UBERABA, Vehicle, Diesel, CAMBIO MANUAL, MERCEDES BENZ, COMBUSTÃO, REG_MACRO REGIÃO MG, CAMINHÃO TOCO / TRUCK, TRS_FADEL, UNI_CDD UBERABA, 80 km/h;b4F2;G98KEEZJSREK;OK;GO Mode;06/04/2026;06/04/2026;06/04/2026;YES;;;BR-050, 1200 - Parque Hileia, Uberaba - MG, 38055-010, Brasil;;1; Minutes;;Abrir no navegador
TTV1J84;ROTA RJ ES_CDD CAMPOS, Vehicle, Diesel, CAMBIO MANUAL, MERCEDES BENZ, COMBUSTÃO, REG_MACRO REGIÃO RJ ES, CAMINHÃO TOCO / TRUCK, TRS_FADEL, UNI_CDD CAMPOS, 80 km/h;b213;G974D5FTAJVS;OK;GO Mode;06/04/2026;06/04/2026;06/04/2026;YES;;;Av. Pres. Vargas, 510 - Santa Cruz, Campos dos Goytacazes - RJ, 28053-100, Brasil;;1; Minutes;;Abrir no navegador
TTV1J85;ROTA RJ ES_CDD CAMPOS, Vehicle, Diesel, CAMBIO MANUAL, MERCEDES BENZ, COMBUSTÃO, REG_MACRO REGIÃO RJ ES, CAMINHÃO TOCO / TRUCK, TRS_FADEL, UNI_CDD CAMPOS, 80 km/h;b207;G9HH3AZY8ZV7;OK;GO Mode;06/04/2026;06/04/2026;06/04/2026;YES;;;Av. 15 de Novembro, 563/585 - Caju, Campos dos Goytacazes - RJ, 28035-100, Brasil;;1; Minutes;;Abrir no navegador
TTV1J86;ROTA RJ ES_CDD JACAREPAGUA, Vehicle, Diesel, CAMBIO MANUAL, MERCEDES BENZ, COMBUSTÃO, REG_MACRO REGIÃO RJ ES, CAMINHÃO TOCO / TRUCK, TRS_FADEL, UNI_CDD JACAREPAGUA, 80 km/h;b21E;G9562HV52MYJ;OK;GO Mode;06/04/2026;06/04/2026;06/04/2026;YES;;;*CD RIO (20km): Estr. de Jacarepaguá, 5895 - Freguesia (Jacarepaguá), Rio de Janeiro - RJ, 22753-033, Brasil;;1; Minutes;;Abrir no navegador
TUA2D16;ROTA RJ ES_CDD JACAREPAGUA, Vehicle, Diesel, CAMBIO MANUAL, MERCEDES BENZ, COMBUSTÃO, REG_MACRO REGIÃO RJ ES, CAMINHÃO TOCO / TRUCK, TRS_FADEL, UNI_CDD JACAREPAGUA, 80 km/h;b691;G9FUV3XNCWAY;OK (Parado);GO Mode;06/04/2026;04/04/2026;06/04/2026;NO;;;*CD RIO (20km): Estr. do Engenho d'Água, 655 - Anil, Rio de Janeiro - RJ, 22765-240, Brasil;;3; Minutes;3 Minutes;Abrir no navegador
TUA2D17;ROTA RJ ES_CDD PAVUNA, Vehicle, Diesel, CAMBIO MANUAL, MERCEDES BENZ, COMBUSTÃO, REG_MACRO REGIÃO RJ ES, CAMINHÃO TOCO / TRUCK, TRS_FADEL, UNI_CDD PAVUNA, 80 km/h;b234;G9K6ARUS9JAR;OK;GO Mode;06/04/2026;06/04/2026;06/04/2026;YES;;;*CD RIO (20km): R. Jorn. Geraldo Rocha, 258 - Jardim América, Rio de Janeiro - RJ, 21240-080, Brasil;;1; Minutes;;Abrir no navegador
TUA2E65;ROTA RJ ES_CDD PAVUNA, Vehicle, Diesel, CAMBIO MANUAL, MERCEDES BENZ, COMBUSTÃO, REG_MACRO REGIÃO RJ ES, CAMINHÃO TOCO / TRUCK, TRS_FADEL, UNI_CDD PAVUNA, 80 km/h;b36A;G9EWU5Z9XCJY;OK;GO Mode;06/04/2026;06/04/2026;06/04/2026;YES;;;*CD RIO (20km): Av. Cel. Phidias Távora, 131 - Pavuna, Rio de Janeiro - RJ, 21535-510, Brasil;;1; Minutes;;Abrir no navegador
TUA2E66;ROTA RJ ES_CDD JACAREPAGUA, Vehicle, Diesel, CAMBIO MANUAL, MERCEDES BENZ, COMBUSTÃO, REG_MACRO REGIÃO RJ ES, CAMINHÃO TOCO / TRUCK, TRS_FADEL, UNI_CDD JACAREPAGUA, 80 km/h;b2E6;G9K5PKH3B3JK;OK;GO Mode;06/04/2026;06/04/2026;06/04/2026;YES;;;*CD RIO (20km): 2MV6+25 Cubo Kids - Anil, Rio de Janeiro - RJ, 22755, Brasil;;16; Minutes;;Abrir no navegador
TUA2E67;ROTA RJ ES_CDD JACAREPAGUA, Vehicle, Diesel, CAMBIO MANUAL, MERCEDES BENZ, COMBUSTÃO, REG_MACRO REGIÃO RJ ES, CAMINHÃO TOCO / TRUCK, TRS_FADEL, UNI_CDD JACAREPAGUA, 80 km/h;b365;G9TSVNNYT837;OK;GO Mode;06/04/2026;06/04/2026;06/04/2026;YES;;;*CD RIO (20km): Estr. do Engenho d'Água, 655 - Anil, Rio de Janeiro - RJ, 22765-240, Brasil;;10; Minutes;;Abrir no navegador
TUA2H67;ROTA RJ ES_CDD NITEROI, Vehicle, Diesel, CAMBIO MANUAL, MERCEDES BENZ, COMBUSTÃO, REG_MACRO REGIÃO RJ ES, CAMINHÃO TOCO / TRUCK, TRS_FADEL, UNI_CDD NITEROI, 80 km/h;b63C;G97SW79XTBDM;OK;GO Mode;06/04/2026;06/04/2026;06/04/2026;YES;;;*CD RIO (30km): Av. Santa Luzia, 347 - Santa Luzia, São Gonçalo - RJ, 24722-315, Brasil;;1; Minutes;;Abrir no navegador
TUA2H68;ROTA RJ ES_CDD PAVUNA, Vehicle, Diesel, CAMBIO MANUAL, MERCEDES BENZ, COMBUSTÃO, REG_MACRO REGIÃO RJ ES, CAMINHÃO TOCO / TRUCK, TRS_FADEL, UNI_CDD PAVUNA, 80 km/h;b5B7;G9K8FD5R6VXU;OK (Parado);GO Mode;06/04/2026;04/04/2026;06/04/2026;NO;;;*CD RIO (20km): Rod. Pres. Dutra, 145 - Pavuna, Rio de Janeiro - RJ, 21535-630, Brasil;;17; Minutes;17 Minutes;Abrir no navegador
TUA2H69;ROTA RJ ES_CDD NITEROI, Vehicle, Diesel, CAMBIO MANUAL, MERCEDES BENZ, COMBUSTÃO, REG_MACRO REGIÃO RJ ES, CAMINHÃO TOCO / TRUCK, TRS_FADEL, UNI_CDD NITEROI, 80 km/h;b5E1;G9RBYYX3AHNK;OK;GO Mode;06/04/2026;06/04/2026;06/04/2026;YES;;;*CD RIO (40km): BR-101, s/n - Três Pontes, Itaboraí - RJ, 24809-234, Brasil;;1; Minutes;;Abrir no navegador
TUA2H70;ROTA RJ ES_CDD NITEROI, Vehicle, Diesel, CAMBIO MANUAL, MERCEDES BENZ, COMBUSTÃO, REG_MACRO REGIÃO RJ ES, CAMINHÃO TOCO / TRUCK, TRS_FADEL, UNI_CDD NITEROI, 80 km/h;b5D9;G9UHJA25RW0F;OK (Parado);GO Mode;06/04/2026;04/04/2026;06/04/2026;NO;;;*CD RIO (30km): R. Alberto Magno Garcia, 119 - Santa Luzia, São Gonçalo - RJ, 24722-515, Brasil;;15; Minutes;15 Minutes;Abrir no navegador
TUF1J26;ROTA RJ ES_CDD JACAREPAGUA, Vehicle, Diesel, CAMBIO MANUAL, MERCEDES BENZ, COMBUSTÃO, REG_MACRO REGIÃO RJ ES, CAMINHÃO TOCO / TRUCK, TRS_FADEL, UNI_CDD JACAREPAGUA, 80 km/h;b20E;G99FWDVR8210;OK;GO Mode;06/04/2026;05/04/2026;06/04/2026;YES;;;*CD RIO (20km): Estr. do Engenho d'Água, 655 - Anil, Rio de Janeiro - RJ, 22765-240, Brasil;;15; Minutes;;Abrir no navegador
TUF1J27;ROTA RJ ES_CDD JACAREPAGUA, Vehicle, Diesel, CAMBIO MANUAL, MERCEDES BENZ, COMBUSTÃO, REG_MACRO REGIÃO RJ ES, CAMINHÃO TOCO / TRUCK, TRS_FADEL, UNI_CDD JACAREPAGUA, 80 km/h;b217;G97P8UTJWX52;OK;GO Mode;06/04/2026;06/04/2026;06/04/2026;YES;;;*CD RIO (20km): Av. Otávio Malta, 1201 - Anil, Rio de Janeiro - RJ, 22765-820, Brasil;;1; Minutes;;Abrir no navegador
TUF1J28;ROTA RJ ES_CDD JACAREPAGUA, Vehicle, Diesel, CAMBIO MANUAL, MERCEDES BENZ, COMBUSTÃO, REG_MACRO REGIÃO RJ ES, CAMINHÃO TOCO / TRUCK, TRS_FADEL, UNI_CDD JACAREPAGUA, 80 km/h;b214;G9H7EU49C6U5;OK;GO Mode;06/04/2026;06/04/2026;06/04/2026;YES;;;*CD RIO (20km): Estr. do Engenho d'Água, 655 - Anil, Rio de Janeiro - RJ, 22765-240, Brasil;;13; Minutes;;Abrir no navegador
TUF1J29;ROTA RJ ES_CDD CAMPOS, Vehicle, Diesel, CAMBIO MANUAL, MERCEDES BENZ, COMBUSTÃO, REG_MACRO REGIÃO RJ ES, CAMINHÃO TOCO / TRUCK, TRS_FADEL, UNI_CDD CAMPOS, 80 km/h;b211;G9EWTUHDBCTA;OK;GO Mode;06/04/2026;06/04/2026;06/04/2026;YES;;;Av. Pres. Vargas, 528 - Santa Cruz, Campos dos Goytacazes - RJ, 28053-100, Brasil;;1; Minutes;;Abrir no navegador
TUJ2D30;ROTA RJ ES_CDD JACAREPAGUA, Vehicle, Diesel, CAMBIO MANUAL, MERCEDES BENZ, COMBUSTÃO, REG_MACRO REGIÃO RJ ES, CAMINHÃO TOCO / TRUCK, TRS_FADEL, UNI_CDD JACAREPAGUA, 80 km/h;b325;G982KPDNRFEC;OK (Parado);GO Mode;06/04/2026;04/04/2026;06/04/2026;NO;;;*CD RIO (20km): Estr. do Engenho d'Água, 655 - Anil, Rio de Janeiro - RJ, 22765-240, Brasil;;13; Minutes;13 Minutes;Abrir no navegador
TUJ2D31;ROTA RJ ES_CDD JACAREPAGUA, Vehicle, Diesel, CAMBIO MANUAL, MERCEDES BENZ, COMBUSTÃO, REG_MACRO REGIÃO RJ ES, CAMINHÃO TOCO / TRUCK, TRS_FADEL, UNI_CDD JACAREPAGUA, 80 km/h;b31F;G91RR3674FJP;OK (Parado);GO Mode;06/04/2026;04/04/2026;06/04/2026;NO;;;*CD RIO (20km): R. O Tempo e O Vento, 54 - Anil, Rio de Janeiro - RJ, 22753-340, Brasil;;9; Minutes;9 Minutes;Abrir no navegador
TUJ2D32;ROTA RJ ES_CDD JACAREPAGUA, Vehicle, Diesel, CAMBIO MANUAL, MERCEDES BENZ, COMBUSTÃO, REG_MACRO REGIÃO RJ ES, CAMINHÃO TOCO / TRUCK, TRS_FADEL, UNI_CDD JACAREPAGUA, 80 km/h;b35D;G9UBRJ2373FC;OK (Parado);GO Mode;06/04/2026;04/04/2026;06/04/2026;NO;;;*CD RIO (20km): Estr. do Engenho d'Água, 655 - Anil, Rio de Janeiro - RJ, 22765-240, Brasil;;16; Minutes;16 Minutes;Abrir no navegador
TUK2A79;ROTA RJ ES_CDD JACAREPAGUA, Vehicle, Diesel, CAMBIO MANUAL, MERCEDES BENZ, COMBUSTÃO, REG_MACRO REGIÃO RJ ES, CAMINHÃO TOCO / TRUCK, TRS_FADEL, UNI_CDD JACAREPAGUA, 80 km/h;b353;G9UM456MZ8RH;OK (Parado);GO Mode;06/04/2026;04/04/2026;06/04/2026;NO;;;*CD RIO (20km): Estr. do Engenho d'Água, 655 - Anil, Rio de Janeiro - RJ, 22765-240, Brasil;;11; Minutes;11 Minutes;Abrir no navegador
TUK2A80;ROTA RJ ES_CDD JACAREPAGUA, Vehicle, Diesel, CAMBIO MANUAL, MERCEDES BENZ, COMBUSTÃO, REG_MACRO REGIÃO RJ ES, CAMINHÃO TOCO / TRUCK, TRS_FADEL, UNI_CDD JACAREPAGUA, 80 km/h;b24E;G9S5E7PV61MW;Off-line para 3+ Dias;GO Mode;12/11/2025;12/11/2025;12/11/2025;NO;;;*CD RIO (10km): R. Felizardo Fortes, 215 - Ramos, Rio de Janeiro - RJ, 21031-160, Brasil;145 Days;144; Days;144 Days;Abrir no navegador
TUK2A82;ROTA RJ ES_CDD PAVUNA, Vehicle, Diesel, CAMBIO MANUAL, MERCEDES BENZ, COMBUSTÃO, REG_MACRO REGIÃO RJ ES, CAMINHÃO TOCO / TRUCK, TRS_FADEL, UNI_CDD PAVUNA, 80 km/h;b233;G9BWTENUK12N;OK;GO Mode;06/04/2026;06/04/2026;06/04/2026;YES;;;*CD RIO (20km): R. Padre Leandro Altoé, 504 - Irajá, Rio de Janeiro - RJ, 21230-430, Brasil;;2; Minutes;;Abrir no navegador
TUK2C83;ROTA RJ ES_CDD JACAREPAGUA, Vehicle, Diesel, CAMBIO MANUAL, MERCEDES BENZ, COMBUSTÃO, REG_MACRO REGIÃO RJ ES, CAMINHÃO TOCO / TRUCK, TRS_FADEL, UNI_CDD JACAREPAGUA, 80 km/h;b6A5;G93TRVH8N1HW;Off-line para 3+ Dias;GO Mode;22/01/2026;14/01/2026;22/01/2026;NO;;;*CD RIO (10km): R. Santo Abelardo, 6 - Maré, Rio de Janeiro - RJ, 21030-250, Brasil;82 Days;74; Days;74 Days;Abrir no navegador
TUK2E04;ROTA RJ ES_CDL ITAPERUNA, Vehicle, Diesel, CAMBIO MANUAL, MERCEDES BENZ, COMBUSTÃO, REG_MACRO REGIÃO RJ ES, CAMINHÃO TOCO / TRUCK, TRS_FADEL, UNI_CDL ITAPERUNA, 80 km/h;b2ED;G9ZWCE9DH44H;OK;GO Mode;06/04/2026;06/04/2026;06/04/2026;YES;;;R. Cel. José Bastos, 753 - Mal. Castelo Branco, Itaperuna - RJ, 28300-000, Brasil;;9; Minutes;;Abrir no navegador
TUK2E05;ROTA RJ ES_CDD PAVUNA, Vehicle, Diesel, CAMBIO MANUAL, MERCEDES BENZ, COMBUSTÃO, REG_MACRO REGIÃO RJ ES, CAMINHÃO TOCO / TRUCK, TRS_FADEL, UNI_CDD PAVUNA, 80 km/h;b364;G9MDPF8BVAWY;OK;GO Mode;06/04/2026;06/04/2026;06/04/2026;YES;;;*CD RIO (20km): R. do Romancista, 52 - Freguesia (Ilha do Governador), Rio de Janeiro - RJ, 21911-170, Brasil;;1; Minutes;;Abrir no navegador
TUK2E06;ROTA RJ ES_CDD PAVUNA, Vehicle, Diesel, CAMBIO MANUAL, MERCEDES BENZ, COMBUSTÃO, REG_MACRO REGIÃO RJ ES, CAMINHÃO TOCO / TRUCK, TRS_FADEL, UNI_CDD PAVUNA, 80 km/h;b2FD;G9VEC50EJRRM;OK;GO Mode;06/04/2026;06/04/2026;06/04/2026;YES;;;*CD RIO (20km): Av. Cel. Phidias Távora, 935 - Pavuna, Rio de Janeiro - RJ, 21535-510, Brasil;;16; Minutes;;Abrir no navegador
TUK2E07;ROTA RJ ES_CDD JACAREPAGUA, Vehicle, Diesel, CAMBIO MANUAL, MERCEDES BENZ, COMBUSTÃO, REG_MACRO REGIÃO RJ ES, CAMINHÃO TOCO / TRUCK, TRS_FADEL, UNI_CDD JACAREPAGUA, 80 km/h;b699;G97D158MYH0Y;OK (Parado);GO Mode;06/04/2026;04/04/2026;06/04/2026;NO;;;*CD RIO (20km): R. O Tempo e O Vento, 54 - Anil, Rio de Janeiro - RJ, 22753-340, Brasil;;8; Minutes;8 Minutes;Abrir no navegador
TUK2E69;ROTA MG_CDD UBERLANDIA, Vehicle, Manually Classified Powertrain, CAMBIO MANUAL, MERCEDES BENZ, COMBUSTÃO, REG_MACRO REGIÃO MG, CAMINHÃO TOCO / TRUCK, TRS_FADEL, UNI_CDD UBERLANDIA, 80 km/h;b5DF;G93R3ETAHF2B;OK;GO Mode;06/04/2026;06/04/2026;06/04/2026;YES;;;BR-365, 7416 - Morada do Sol, Uberlândia - MG, Brasil;;25; Minutes;;Abrir no navegador
TUK2E70;ROTA MG_CDD UBERABA, Vehicle, Diesel, CAMBIO MANUAL, MERCEDES BENZ, COMBUSTÃO, REG_MACRO REGIÃO MG, CAMINHÃO TOCO / TRUCK, TRS_FADEL, UNI_CDD UBERABA, 80 km/h;b62F;G9KJ18E3SUYR;OK;GO Mode;06/04/2026;06/04/2026;06/04/2026;YES;;;R. Wanderlei Modesto Simões, 431 - Francisco Mazeto, Conceição das Alagoas - MG, 38120-000, Brasil;;6; Minutes;;Abrir no navegador
TUK2E71;ROTA MG_CDD UBERABA, Vehicle, Diesel, CAMBIO MANUAL, MERCEDES BENZ, COMBUSTÃO, REG_MACRO REGIÃO MG, CAMINHÃO TOCO / TRUCK, TRS_FADEL, UNI_CDD UBERABA, 80 km/h;b52D;G9RFR8ZYN5K7;OK;GO Mode;06/04/2026;06/04/2026;06/04/2026;YES;;;Av. Paulo, 4601 - Paraíso, Uberaba - MG, 38073-100, Brasil;;6; Minutes;;Abrir no navegador
TUK2G94;ROTA RJ ES_CDD NITEROI, Vehicle, Diesel, CAMBIO MANUAL, MERCEDES BENZ, COMBUSTÃO, REG_MACRO REGIÃO RJ ES, CAMINHÃO TOCO / TRUCK, TRS_FADEL, UNI_CDD NITEROI, 80 km/h;b5C9;G9PX5WNRRE0Y;OK (Parado);GO Mode;06/04/2026;16/03/2026;06/04/2026;NO;;;*CD RIO (30km): Av. Santa Luzia, 1032 - Santa Luzia, São Gonçalo - RJ, 24722-315, Brasil;;5; Minutes;5 Minutes;Abrir no navegador
TUK2G95;ROTA RJ ES_CDD NITEROI, Vehicle, Diesel, CAMBIO MANUAL, MERCEDES BENZ, COMBUSTÃO, REG_MACRO REGIÃO RJ ES, CAMINHÃO TOCO / TRUCK, TRS_FADEL, UNI_CDD NITEROI, 80 km/h;b51B;G9W28U2XJ3ET;OK (Parado);GO Mode;06/04/2026;04/04/2026;06/04/2026;NO;;;*CD RIO (30km): Av. Santa Luzia, 457 - Santa Luzia, São Gonçalo - RJ, 24722-315, Brasil;;2; Minutes;2 Minutes;Abrir no navegador
TUK2G96;ROTA MG_CDD UBERABA, Vehicle, Diesel, CAMBIO MANUAL, MERCEDES BENZ, COMBUSTÃO, REG_MACRO REGIÃO MG, CAMINHÃO TOCO / TRUCK, TRS_FADEL, UNI_CDD UBERABA, 80 km/h;b5E5;G9B0S358713H;Off-line para 3+ Dias;GO Mode;23/03/2026;18/03/2026;23/03/2026;NO;;;R. Arlíndo Melo, 1.675 - Recreio dos Bandeirantes, Uberaba - MG, 38040-120, Brasil;19 Days;13; Days;13 Days;Abrir no navegador
TUK2G97;ROTA RJ ES_CDD NITEROI, Vehicle, Diesel, CAMBIO MANUAL, MERCEDES BENZ, COMBUSTÃO, REG_MACRO REGIÃO RJ ES, CAMINHÃO TOCO / TRUCK, TRS_FADEL, UNI_CDD NITEROI, 80 km/h;b540;G9A4MRVJUCXH;OK;GO Mode;06/04/2026;05/04/2026;06/04/2026;YES;;;*CD RIO (30km): Av. Santa Luzia, 457 - Santa Luzia, São Gonçalo - RJ, 24722-315, Brasil;;1; Minutes;;Abrir no navegador
TUK2G98;ROTA RJ ES_CDD NITEROI, Vehicle, Diesel, CAMBIO MANUAL, MERCEDES BENZ, COMBUSTÃO, REG_MACRO REGIÃO RJ ES, CAMINHÃO TOCO / TRUCK, TRS_FADEL, UNI_CDD NITEROI, 80 km/h;b4F8;G993Y660YS2V;OK;GO Mode;06/04/2026;06/04/2026;06/04/2026;YES;;;*CD RIO (30km): Av. Santa Luzia, 457 - Santa Luzia, São Gonçalo - RJ, 24722-315, Brasil;;17; Minutes;;Abrir no navegador
TUL2D28;ROTA RJ ES_CDD JACAREPAGUA, Vehicle, Diesel, CAMBIO MANUAL, MERCEDES BENZ, COMBUSTÃO, REG_MACRO REGIÃO RJ ES, CAMINHÃO TOCO / TRUCK, TRS_FADEL, UNI_CDD JACAREPAGUA, 80 km/h;b53B;G9S308ABVVKY;OK (Parado);GO Mode;06/04/2026;04/04/2026;06/04/2026;NO;;;*CD RIO (20km): Estr. do Engenho d'Água, 655 - Anil, Rio de Janeiro - RJ, 22765-240, Brasil;;6; Minutes;6 Minutes;Abrir no navegador
TUQ2G99;ROTA MG_CDD UBERLANDIA, Vehicle, Diesel, CAMBIO MANUAL, MERCEDES BENZ, COMBUSTÃO, REG_MACRO REGIÃO MG, CAMINHÃO TOCO / TRUCK, TRS_FADEL, UNI_CDD UBERLANDIA, 80 km/h;b64D;G9HBAM6US5BZ;OK (Parado);GO Mode;05/04/2026;02/04/2026;05/04/2026;NO;;;R. Vereadora Drika Protetora, 420 - Uberlândia, MG, 38415, Brasil;;13; Days;13 Days;Abrir no navegador
TUU2A61;ROTA RJ ES_CDD PAVUNA, Vehicle, Diesel, CAMBIO MANUAL, MERCEDES BENZ, COMBUSTÃO, REG_MACRO REGIÃO RJ ES, CAMINHÃO TOCO / TRUCK, TRS_FADEL, UNI_CDD PAVUNA, 80 km/h;b237;G9FR083V9ZF3;OK;GO Mode;06/04/2026;06/04/2026;06/04/2026;YES;;;*CD RIO (20km): R. Projetada do Canal, 121 - Pavuna, Rio de Janeiro - RJ, 21535-520, Brasil;;8; Minutes;;Abrir no navegador
TUU2A62;ROTA RJ ES_CDD PAVUNA, Vehicle, Diesel, CAMBIO MANUAL, MERCEDES BENZ, COMBUSTÃO, REG_MACRO REGIÃO RJ ES, CAMINHÃO TOCO / TRUCK, TRS_FADEL, UNI_CDD PAVUNA, 80 km/h;b255;G904ZN91X2NT;OK;GO Mode;06/04/2026;06/04/2026;06/04/2026;YES;;;*CD RIO (20km): Av. Cel. Phidias Távora, 935 - Pavuna, Rio de Janeiro - RJ, 21535-510, Brasil;;3; Minutes;;Abrir no navegador
TUU2A63;ROTA RJ ES_CDD PAVUNA, Vehicle, Manually Classified Powertrain, CAMBIO MANUAL, MERCEDES BENZ, COMBUSTÃO, REG_MACRO REGIÃO RJ ES, CAMINHÃO TOCO / TRUCK, TRS_FADEL, UNI_CDD PAVUNA, 80 km/h;b258;G92FR74YUJMB;OK;GO Mode;06/04/2026;06/04/2026;06/04/2026;YES;;;*CD RIO (20km): Av. Cel. Phidias Távora, 935 - Pavuna, Rio de Janeiro - RJ, 21535-510, Brasil;;1; Minutes;;Abrir no navegador
TUU2A64;ROTA RJ ES_CDD PAVUNA, Vehicle, Diesel, CAMBIO MANUAL, MERCEDES BENZ, COMBUSTÃO, REG_MACRO REGIÃO RJ ES, CAMINHÃO TOCO / TRUCK, TRS_FADEL, UNI_CDD PAVUNA, 80 km/h;b23C;G9TWFS20FUY9;OK;GO Mode;06/04/2026;06/04/2026;06/04/2026;YES;;;*CD RIO (10km): Av. Dezessete, 877 - Galeão, Rio de Janeiro - RJ, 21941-310, Brasil;;8; Minutes;;Abrir no navegador
TUU2A65;ROTA RJ ES_CDD PAVUNA, Combustão, Vehicle, Diesel, CAMBIO MANUAL, MERCEDES BENZ, REG_MACRO REGIÃO RJ ES, CAMINHÃO TOCO / TRUCK, TRS_FADEL, UNI_CDD PAVUNA, 80 km/h;b2CE;G9J40HWXA526;OK;GO Mode;06/04/2026;06/04/2026;06/04/2026;YES;;;*CD RIO (30km): R. Roberto de Nazareth, 259 - Jardim Meriti, São João de Meriti - RJ, 25555-510, Brasil;;2; Minutes;;Abrir no navegador
TUU2D91;ROTA RJ ES_CDD JACAREPAGUA, Vehicle, Diesel, CAMBIO MANUAL, MERCEDES BENZ, COMBUSTÃO, REG_MACRO REGIÃO RJ ES, CAMINHÃO TOCO / TRUCK, TRS_FADEL, UNI_CDD JACAREPAGUA, 80 km/h;b2EC;G9HSPPUF2D30;OK (Parado);GO Mode;06/04/2026;04/04/2026;06/04/2026;NO;;;*CD RIO (20km): Estr. do Engenho d'Água, 655 - Anil, Rio de Janeiro - RJ, 22765-240, Brasil;;1; Hour;1 Hour;Abrir no navegador
TUU2D92;ROTA RJ ES_CDD JACAREPAGUA, Vehicle, Diesel, CAMBIO MANUAL, MERCEDES BENZ, COMBUSTÃO, REG_MACRO REGIÃO RJ ES, CAMINHÃO TOCO / TRUCK, TRS_FADEL, UNI_CDD JACAREPAGUA, 80 km/h;b34B;G9D0PD9AHTSF;OK (Parado);GO Mode;06/04/2026;04/04/2026;06/04/2026;NO;;;*CD RIO (20km): Estr. do Engenho d'Água, 655 - Anil, Rio de Janeiro - RJ, 22765-240, Brasil;;5; Minutes;5 Minutes;Abrir no navegador
TUU2D93;ROTA RJ ES_CDD JACAREPAGUA, Vehicle, Diesel, Manually Classified Powertrain, CAMBIO MANUAL, MERCEDES BENZ, COMBUSTÃO, REG_MACRO REGIÃO RJ ES, CAMINHÃO TOCO / TRUCK, TRS_FADEL, UNI_CDD JACAREPAGUA, 80 km/h;b350;G9CP4A585TAY;OK (Parado);GO Mode;06/04/2026;04/04/2026;06/04/2026;NO;;;*CD RIO (20km): Estr. do Engenho d'Água, 655 - Anil, Rio de Janeiro - RJ, 22765-240, Brasil;;4; Minutes;4 Minutes;Abrir no navegador
TUU2E49;ROTA MG_CDD UBERABA, Vehicle, Diesel, CAMBIO MANUAL, MERCEDES BENZ, COMBUSTÃO, REG_MACRO REGIÃO MG, CAMINHÃO TOCO / TRUCK, TRS_FADEL, UNI_CDD UBERABA, 80 km/h;b63E;G9WMP92A98MV;OK;GO Mode;06/04/2026;06/04/2026;06/04/2026;YES;;;R. Marcelo Pasquali Carlo Pirfo, 126 - Manoel Mendes, Uberaba - MG, 38082-162, Brasil;;2; Minutes;;Abrir no navegador
TUU2E50;ROTA MG_CDD UBERABA, Vehicle, Diesel, CAMBIO MANUAL, MERCEDES BENZ, COMBUSTÃO, REG_MACRO REGIÃO MG, CAMINHÃO TOCO / TRUCK, TRS_FADEL, UNI_CDD UBERABA, 80 km/h;b622;G94FK1VNMMMR;OK;GO Mode;06/04/2026;06/04/2026;06/04/2026;YES;;;Av. Paulo, 4601 - Paraíso, Uberaba - MG, 38073-100, Brasil;;1; Minutes;;Abrir no navegador
TUU2G94;ROTA MG_CDD UBERABA, Vehicle, Diesel, CAMBIO MANUAL, MERCEDES BENZ, COMBUSTÃO, REG_MACRO REGIÃO MG, CAMINHÃO TOCO / TRUCK, TRS_FADEL, UNI_CDD UBERABA, 80 km/h;b5E4;G9N3STRMXUYP;OK;GO Mode;06/04/2026;06/04/2026;06/04/2026;YES;;;Av. Paulo, 4601 - Paraíso, Uberaba - MG, 38073-100, Brasil;;1; Minutes;;Abrir no navegador
TUU2G95;ROTA MG_CDD UBERABA, Vehicle, Diesel, CAMBIO MANUAL, MERCEDES BENZ, COMBUSTÃO, REG_MACRO REGIÃO MG, CAMINHÃO TOCO / TRUCK, TRS_FADEL, UNI_CDD UBERABA, 80 km/h;b5E6;G9ZTETR0N7W8;OK;GO Mode;06/04/2026;06/04/2026;06/04/2026;YES;;;R. São Nicolau, 149 - Jardim Pinheiros, Uberaba - MG, 38030-430, Brasil;;1; Minutes;;Abrir no navegador
TUU2G96;ROTA RJ ES_CDD NITEROI, Vehicle, Diesel, CAMBIO MANUAL, MERCEDES BENZ, COMBUSTÃO, REG_MACRO REGIÃO RJ ES, CAMINHÃO TOCO / TRUCK, TRS_FADEL, UNI_CDD NITEROI, 80 km/h;b2EF;G9T5WT33S34C;OK;GO Mode;06/04/2026;06/04/2026;06/04/2026;YES;;;*CD RIO (40km): BR-101, 3309 - Três Pontes, Itaboraí - RJ, 24800, Brasil;;1; Minutes;;Abrir no navegador
TUU2G97;ROTA RJ ES_CDD PAVUNA, Vehicle, Diesel, CAMBIO MANUAL, MERCEDES BENZ, COMBUSTÃO, REG_MACRO REGIÃO RJ ES, CAMINHÃO TOCO / TRUCK, TRS_FADEL, UNI_CDD PAVUNA, 80 km/h;b629;G91M6D5D2DY4;OK;GO Mode;06/04/2026;06/04/2026;06/04/2026;YES;;;*CD RIO (20km): Av. Cel. Phidias Távora, 935 - Pavuna, Rio de Janeiro - RJ, 21535-510, Brasil;;1; Minutes;;Abrir no navegador
TUU2G98;ROTA RJ ES_CDD PAVUNA, Vehicle, Diesel, CAMBIO MANUAL, MERCEDES BENZ, COMBUSTÃO, REG_MACRO REGIÃO RJ ES, CAMINHÃO TOCO / TRUCK, TRS_FADEL, UNI_CDD PAVUNA, 80 km/h;b61E;G98P0H9MWDXD;OK;GO Mode;06/04/2026;06/04/2026;06/04/2026;YES;;;*CD RIO (20km): Rod. Pres. Dutra, 145 - Pavuna, Rio de Janeiro - RJ, 21535-630, Brasil;;10; Minutes;;Abrir no navegador
TUV2E19;ROTA RJ ES_CDD JACAREPAGUA, Vehicle, Diesel, CAMBIO MANUAL, MERCEDES BENZ, COMBUSTÃO, REG_MACRO REGIÃO RJ ES, CAMINHÃO TOCO / TRUCK, TRS_FADEL, UNI_CDD JACAREPAGUA, 80 km/h;b360;G9DRP890RV28;OK (Parado);GO Mode;06/04/2026;04/04/2026;06/04/2026;NO;;;*CD RIO (20km): R. O Tempo e O Vento, 54 - Anil, Rio de Janeiro - RJ, 22753-340, Brasil;;1; Minutes;1 Minutes;Abrir no navegador
TUV2E83;ROTA MG_CDD UBERLANDIA, Vehicle, Diesel, CAMBIO MANUAL, MERCEDES BENZ, COMBUSTÃO, REG_MACRO REGIÃO MG, CAMINHÃO TOCO / TRUCK, TRS_FADEL, UNI_CDD UBERLANDIA, 80 km/h;b549;G9JFWE0XU22Y;OK;GO Mode;06/04/2026;06/04/2026;06/04/2026;YES;;;BR-497, 3 - Luizote de Freitas, Uberlândia - MG, 38414-512, Brasil;;1; Minutes;;Abrir no navegador
TUV2E84;ROTA RJ ES_CDD JACAREPAGUA, Vehicle, Diesel, CAMBIO MANUAL, MERCEDES BENZ, COMBUSTÃO, REG_MACRO REGIÃO RJ ES, CAMINHÃO TOCO / TRUCK, TRS_FADEL, UNI_CDD JACAREPAGUA, 80 km/h;b4F7;G9VH2KBNRJW2;OK (Parado);GO Mode;06/04/2026;04/04/2026;06/04/2026;NO;;;*CD RIO (20km): R. O Tempo e O Vento, 54 - Anil, Rio de Janeiro - RJ, 22753-340, Brasil;;9; Minutes;9 Minutes;Abrir no navegador
TXI8H24;SUP COMG - EMP_HUB NOVA MINAS, Vehicle, Diesel, CAMBIO AUTOMATICO OU SEMI AUTOMATICO, MERCEDES BENZ, COMBUSTÃO, REG_SUPPLY COMG, CAVALO MECÂNICO, TRS_FADEL, UNI_EMP HUB NOVA MINAS, 90 km/h;b386;G9D238Y9BXUU;Off-line para 3+ Dias;GO Mode;27/03/2026;27/03/2026;27/03/2026;NO;;;Estr. Servidao Dos Fonsecas, 100 - Vapabucu, Sete Lagoas - MG, 35701-442, Brasil;10 Days;9; Days;9 Days;Abrir no navegador
TXI8H26;SUP SE - EMP_NOVA RIO, Vehicle, Diesel, CAMBIO AUTOMATICO OU SEMI AUTOMATICO, MERCEDES BENZ, COMBUSTÃO, REG_SUPPLY SE, CAVALO MECÂNICO, TRS_FADEL, UNI_EMP NOVA RIO, 90 km/h;b391;G9185WNB4WT1;OK;GO Mode;06/04/2026;05/04/2026;06/04/2026;YES;;;R. Belo Horizonte, 662 - Belvedere Club dos 500, Guaratinguetá - SP, 12523-010, Brasil;;7; Minutes;;Abrir no navegador
TXI8H29;SUP SE - EMP_NOVA RIO, Vehicle, Diesel, CAMBIO AUTOMATICO OU SEMI AUTOMATICO, MERCEDES BENZ, COMBUSTÃO, REG_SUPPLY SE, CAVALO MECÂNICO, TRS_FADEL, UNI_EMP NOVA RIO, 90 km/h;b3A9;G9U1NZ0A7MSD;OK;GO Mode;06/04/2026;06/04/2026;06/04/2026;YES;;;Rod. Governador Mário Covas, 109 - Santo Antonio, Tanguá - RJ, 24890-000, Brasil;;22; Minutes;;Abrir no navegador
TXI9A95;SUP COMG - EMP_HUB NOVA MINAS, Vehicle, Diesel, Manually Classified Powertrain, CAMBIO AUTOMATICO OU SEMI AUTOMATICO, MERCEDES BENZ, COMBUSTÃO, REG_SUPPLY COMG, CAVALO MECÂNICO, TRS_FADEL, UNI_EMP HUB NOVA MINAS, 90 km/h;b3A7;G9VWFX273HC1;OK;GO Mode;06/04/2026;05/04/2026;06/04/2026;YES;;;Av. Dr. Renato Azeredo, 4830 - Dante Lanza, Sete Lagoas - MG, 35701-495, Brasil;;13; Minutes;;Abrir no navegador
TXI9B02;SUP COMG - EMP_HUB NOVA MINAS, Vehicle, Diesel, CAMBIO AUTOMATICO OU SEMI AUTOMATICO, MERCEDES BENZ, COMBUSTÃO, REG_SUPPLY COMG, CAVALO MECÂNICO, TRS_FADEL, UNI_EMP HUB NOVA MINAS, 90 km/h;b39C;G9D3UBYD60XJ;OK;GO Mode;06/04/2026;06/04/2026;06/04/2026;YES;;;BR-381, km 662 - Santo Antônio do Amparo, MG, 37262-000, Brasil;;2; Minutes;;Abrir no navegador
TXI9B08;SUP COMG - EMP_HUB NOVA MINAS, Vehicle, Diesel, CAMBIO AUTOMATICO OU SEMI AUTOMATICO, MERCEDES BENZ, COMBUSTÃO, REG_SUPPLY COMG, CAVALO MECÂNICO, TRS_FADEL, UNI_EMP HUB NOVA MINAS, 90 km/h;b37C;G98YHWSFC6WW;OK (Parado);GO Mode;06/04/2026;30/03/2026;06/04/2026;NO;;;Av. Dr. Renato Azeredo, 4830 - Dante Lanza, Sete Lagoas - MG, 35701-495, Brasil;;3; Minutes;3 Minutes;Abrir no navegador
TXI9B11;SUP COMG - EMP_HUB NOVA MINAS, Vehicle, Diesel, CAMBIO AUTOMATICO OU SEMI AUTOMATICO, MERCEDES BENZ, COMBUSTÃO, REG_SUPPLY COMG, CAVALO MECÂNICO, TRS_FADEL, UNI_EMP HUB NOVA MINAS, 90 km/h;b399;G9P241EBCFCD;OK;GO Mode;06/04/2026;06/04/2026;06/04/2026;YES;;;Rod. Vga 156, 1055 - Distrito Industrial Cláudio Galvão Nogueira, Varginha - MG, 37002-000, Brasil;;2; Minutes;;Abrir no navegador
TXI9B16;SUP COMG - EMP_HUB NOVA MINAS, Vehicle, Diesel, CAMBIO AUTOMATICO OU SEMI AUTOMATICO, MERCEDES BENZ, COMBUSTÃO, REG_SUPPLY COMG, CAVALO MECÂNICO, TRS_FADEL, UNI_EMP HUB NOVA MINAS, 90 km/h;b37D;G90DY4ZPYVCH;OK;GO Mode;06/04/2026;05/04/2026;06/04/2026;YES;;;R. Manoelina de Jesus Ribeiro, 99999 - Res. Morumbi, Pouso Alegre - MG, 37556-690, Brasil;;16; Minutes;;Abrir no navegador
TXI9B21;SUP COMG - EMP_HUB NOVA MINAS, Vehicle, Diesel, CAMBIO AUTOMATICO OU SEMI AUTOMATICO, MERCEDES BENZ, COMBUSTÃO, REG_SUPPLY COMG, CAVALO MECÂNICO, TRS_FADEL, UNI_EMP HUB NOVA MINAS, 90 km/h;b384;G9MM3R6PXNS6;OK;GO Mode;06/04/2026;05/04/2026;06/04/2026;YES;;;Estr. Servidao Dos Fonsecas, 100 - Vapabucu, Sete Lagoas - MG, 35701-442, Brasil;;2; Minutes;;Abrir no navegador
TXI9B22;SUP COMG - EMP_HUB NOVA MINAS, Vehicle, Diesel, Manually Classified Powertrain, CAMBIO AUTOMATICO OU SEMI AUTOMATICO, MERCEDES BENZ, COMBUSTÃO, REG_SUPPLY COMG, CAVALO MECÂNICO, TRS_FADEL, UNI_EMP HUB NOVA MINAS, 90 km/h;b395;G9X7WEV2N8ET;OK;GO Mode;06/04/2026;06/04/2026;06/04/2026;YES;;;Rod. Fernão Dias, 4600, Campanha - MG, 37418-760, Brasil;;2; Minutes;;Abrir no navegador
TXI9B23;SUP COMG - EMP_HUB NOVA MINAS, Vehicle, Diesel, CAMBIO AUTOMATICO OU SEMI AUTOMATICO, MERCEDES BENZ, COMBUSTÃO, REG_SUPPLY COMG, CAVALO MECÂNICO, TRS_FADEL, UNI_EMP HUB NOVA MINAS, 90 km/h;b37E;G91N3RTW5YDK;OK;GO Mode;06/04/2026;06/04/2026;06/04/2026;YES;;;Av. Pres. Kennedy, 2653 - Jardim Sao Carlos, Alfenas - MG, 37137-210, Brasil;;1; Minutes;;Abrir no navegador
TXI9B28;SUP COMG - EMP_HUB NOVA MINAS, Vehicle, Diesel, Manually Classified Powertrain, CAMBIO AUTOMATICO OU SEMI AUTOMATICO, MERCEDES BENZ, COMBUSTÃO, REG_SUPPLY COMG, CAVALO MECÂNICO, TRS_FADEL, UNI_EMP HUB NOVA MINAS, 90 km/h;b3A4;G90T0P19NEH8;OK;GO Mode;06/04/2026;05/04/2026;06/04/2026;YES;;;Estr. Servidao Dos Fonsecas, 100 - Vapabucu, Sete Lagoas - MG, 35701-442, Brasil;;14; Minutes;;Abrir no navegador
TXI9B31;SUP COMG - EMP_HUB NOVA MINAS, Vehicle, Diesel, CAMBIO AUTOMATICO OU SEMI AUTOMATICO, MERCEDES BENZ, COMBUSTÃO, REG_SUPPLY COMG, CAVALO MECÂNICO, TRS_FADEL, UNI_EMP HUB NOVA MINAS, 90 km/h;b380;G9BSPA6AW1PW;OK;GO Mode;06/04/2026;06/04/2026;06/04/2026;YES;;;MG-238, 4048 - Jardim Primavera II, Sete Lagoas - MG, 35703-106, Brasil;;12; Minutes;;Abrir no navegador
TXI9B33;SUP COMG - EMP_HUB NOVA MINAS, Vehicle, Diesel, Manually Classified Powertrain, CAMBIO AUTOMATICO OU SEMI AUTOMATICO, MERCEDES BENZ, COMBUSTÃO, REG_SUPPLY COMG, CAVALO MECÂNICO, TRS_FADEL, UNI_EMP HUB NOVA MINAS, 90 km/h;b39F;G96KNRH97KFF;OK;GO Mode;06/04/2026;06/04/2026;06/04/2026;YES;;;Rod. Pres. Juscelino Kubitschek - João Pinheiro, MG, 38770-000, Brasil;;9; Minutes;;Abrir no navegador
TXI9B37;SUP SE - EMP_NOVA RIO, Vehicle, Diesel, CAMBIO AUTOMATICO OU SEMI AUTOMATICO, MERCEDES BENZ, COMBUSTÃO, REG_SUPPLY SE, CAVALO MECÂNICO, TRS_FADEL, UNI_EMP NOVA RIO, 90 km/h;b39B;G9JNYN7KJCEB;OK;GO Mode;06/04/2026;06/04/2026;06/04/2026;YES;;;*CD RIO (50km): Rod. Luiz Henrique Rezende Novaes 7337, RJ, 23087-005, Brazil;;12; Minutes;;Abrir no navegador
TXI9B40;SUP SE - EMP_NOVA RIO, Vehicle, Diesel, CAMBIO AUTOMATICO OU SEMI AUTOMATICO, MERCEDES BENZ, COMBUSTÃO, REG_SUPPLY SE, CAVALO MECÂNICO, TRS_FADEL, UNI_EMP NOVA RIO, 90 km/h;b394;G903KJHAZ60K;OK;GO Mode;06/04/2026;06/04/2026;06/04/2026;YES;;;Rod. Lúcio Meira, 3550 - São Luís, Volta Redonda - RJ, Brasil - São Luís, Volta Redonda - RJ, 27286-110, Brasil;;1; Minutes;;Abrir no navegador
TXI9B44;SUP SE - EMP_NOVA RIO, Vehicle, Diesel, CAMBIO AUTOMATICO OU SEMI AUTOMATICO, MERCEDES BENZ, COMBUSTÃO, REG_SUPPLY SE, CAVALO MECÂNICO, TRS_FADEL, UNI_EMP NOVA RIO, 90 km/h;b390;G9ERM5UNCKF3;OK;GO Mode;06/04/2026;06/04/2026;06/04/2026;YES;;;*CD RIO (50km): Estrada Sem Nome - Campo Grande, Rio de Janeiro - RJ, 23075, Brasil;;1; Minutes;;Abrir no navegador
TXI9B46;SUP SE - EMP_NOVA RIO, Vehicle, Diesel, CAMBIO AUTOMATICO OU SEMI AUTOMATICO, MERCEDES BENZ, COMBUSTÃO, REG_SUPPLY SE, CAVALO MECÂNICO, TRS_FADEL, UNI_EMP NOVA RIO, 90 km/h;b382;G991P2T74JE7;OK;GO Mode;06/04/2026;06/04/2026;06/04/2026;YES;;;*CD RIO (50km): Estrada Sem Nome - Campo Grande, Rio de Janeiro - RJ, Brasil;;1; Minutes;;Abrir no navegador
TXI9B54;SUP SE - EMP_NOVA RIO, Vehicle, Diesel, CAMBIO AUTOMATICO OU SEMI AUTOMATICO, MERCEDES BENZ, COMBUSTÃO, REG_SUPPLY SE, CAVALO MECÂNICO, TRS_FADEL, UNI_EMP NOVA RIO, 90 km/h;b39A;G9UFB7C1HW7E;OK;GO Mode;06/04/2026;06/04/2026;06/04/2026;YES;;;R. Dr. Silvio Bastos Tavares 129, RJ, 28051-250, Brazil;;1; Minutes;;Abrir no navegador
TXI9B55;SUP SE - EMP_NOVA RIO, Vehicle, Diesel, CAMBIO AUTOMATICO OU SEMI AUTOMATICO, MERCEDES BENZ, COMBUSTÃO, REG_SUPPLY SE, CAVALO MECÂNICO, TRS_FADEL, UNI_EMP NOVA RIO, 90 km/h;b38B;G938C2PDCCRY;OK;GO Mode;06/04/2026;06/04/2026;06/04/2026;YES;;;*CD RIO (40km): Rua Pierre Medavar, 37 - Vila Esperanca, Magé - RJ, 25900-000, Brasil;;1; Minutes;;Abrir no navegador
TXI9B58;SUP SE - EMP_NOVA RIO, Vehicle, Diesel, CAMBIO AUTOMATICO OU SEMI AUTOMATICO, MERCEDES BENZ, COMBUSTÃO, REG_SUPPLY SE, CAVALO MECÂNICO, TRS_FADEL, UNI_EMP NOVA RIO, 90 km/h;b387;G9MTSE72XCVT;Off-line para 3+ Dias;GO Mode;09/02/2026;09/02/2026;09/02/2026;NO;;;*CD RIO (50km): Av. Brasil, 49800 - Campo Grande, Rio de Janeiro - RJ, 21012-351, Brasil;56 Days;55; Days;55 Days;Abrir no navegador
TXI9B61;SUP SE - EMP_NOVA RIO, Vehicle, Diesel, CAMBIO AUTOMATICO OU SEMI AUTOMATICO, MERCEDES BENZ, COMBUSTÃO, REG_SUPPLY SE, CAVALO MECÂNICO, TRS_FADEL, UNI_EMP NOVA RIO, 90 km/h;b460;G9P0C5DDDK2S;OK;GO Mode;06/04/2026;05/04/2026;06/04/2026;YES;;;*CD RIO (50km): Av. Brasil, 49800 - Campo Grande, Rio de Janeiro - RJ, 21012-351, Brasil;;6; Minutes;;Abrir no navegador
TXI9B64;SUP SE - EMP_NOVA RIO, Vehicle, Diesel, CAMBIO AUTOMATICO OU SEMI AUTOMATICO, MERCEDES BENZ, COMBUSTÃO, REG_SUPPLY SE, CAVALO MECÂNICO, TRS_FADEL, UNI_EMP NOVA RIO, 90 km/h;b38D;G980CMZJ0N7J;OK;GO Mode;06/04/2026;05/04/2026;06/04/2026;YES;;;SP-065 - Pte. Alta, Jarinu - SP, 13240-000, Brasil;;2; Minutes;;Abrir no navegador
TXI9B67;SUP SE - EMP_NOVA RIO, Vehicle, Diesel, CAMBIO AUTOMATICO OU SEMI AUTOMATICO, MERCEDES BENZ, COMBUSTÃO, REG_SUPPLY SE, CAVALO MECÂNICO, TRS_FADEL, UNI_EMP NOVA RIO, 90 km/h;b3A5;G9AKCX20WRJZ;OK;GO Mode;06/04/2026;06/04/2026;06/04/2026;YES;;;BR-050 - Chácaras Nosso Recanto, Sales Oliveira - SP, 14660-000, Brasil;;1; Minutes;;Abrir no navegador
TXI9B71;SUP SE - EMP_NOVA RIO, Vehicle, Diesel, CAMBIO AUTOMATICO OU SEMI AUTOMATICO, MERCEDES BENZ, COMBUSTÃO, REG_SUPPLY SE, CAVALO MECÂNICO, TRS_FADEL, UNI_EMP NOVA RIO, 90 km/h;b3AB;G9903AC744FC;OK;GO Mode;06/04/2026;06/04/2026;06/04/2026;YES;;;Estr. Artur Antunes Quintanilha, 80 - Bela Vista, Rio Bonito - RJ, 28800-000, Brasil;;1; Minutes;;Abrir no navegador
TXI9B72;SUP SE - EMP_NOVA RIO, Vehicle, Diesel, CAMBIO AUTOMATICO OU SEMI AUTOMATICO, MERCEDES BENZ, COMBUSTÃO, REG_SUPPLY SE, CAVALO MECÂNICO, TRS_FADEL, UNI_EMP NOVA RIO, 90 km/h;b397;G9YKCB3RXHM7;OK;GO Mode;06/04/2026;06/04/2026;06/04/2026;YES;;;*CD RIO (40km), *CD RIO (50km): Est. Rio São Paulo - Campo Grande, Rio de Janeiro - RJ, 26298-420, Brasil;;1; Minutes;;Abrir no navegador
TXI9B79;SUP SE - EMP_NOVA RIO, Vehicle, Diesel, CAMBIO AUTOMATICO OU SEMI AUTOMATICO, MERCEDES BENZ, COMBUSTÃO, REG_SUPPLY SE, CAVALO MECÂNICO, TRS_FADEL, UNI_EMP NOVA RIO, 90 km/h;b396;G9VFKFRDYVVN;Off-line para 3+ Dias;GO Mode;19/03/2026;19/03/2026;19/03/2026;NO;;;*CD RIO (50km): Av. Brasil, 49800 - Campo Grande, Rio de Janeiro - RJ, 21012-351, Brasil;18 Days;17; Days;17 Days;Abrir no navegador
TXI9B80;SUP SE - EMP_NOVA RIO, Vehicle, Diesel, CAMBIO AUTOMATICO OU SEMI AUTOMATICO, MERCEDES BENZ, COMBUSTÃO, REG_SUPPLY SE, CAVALO MECÂNICO, TRS_FADEL, UNI_EMP NOVA RIO, 90 km/h;b3A0;G9SM382JS6H6;OK;GO Mode;06/04/2026;06/04/2026;06/04/2026;YES;;;Rod. Lúcio Meira, 3550 - São Luís, Volta Redonda - RJ, Brasil - Dom Bosco, Volta Redonda - RJ, 27286-110, Brasil;;1; Minutes;;Abrir no navegador
TXJ6C55;SUP SE - EMP_NOVA RIO, Vehicle, Diesel, CAMBIO AUTOMATICO OU SEMI AUTOMATICO, MERCEDES BENZ, COMBUSTÃO, REG_SUPPLY SE, CAVALO MECÂNICO, TRS_FADEL, UNI_EMP NOVA RIO, 90 km/h;b38A;G99SPSJ25P25;Off-line para 3+ Dias;GO Mode;30/03/2026;30/03/2026;30/03/2026;NO;;;*CD RIO (40km): Estr. Rio São Paulo, 6662 - Campo Grande, Rio de Janeiro - RJ, 26298-420, Brasil;7 Days;6; Days;6 Days;Abrir no navegador
TXO2F63;SUP SE - EMP_NOVA RIO, Vehicle, Diesel, CAMBIO AUTOMATICO OU SEMI AUTOMATICO, MERCEDES BENZ, COMBUSTÃO, REG_SUPPLY SE, CAVALO MECÂNICO, TRS_FADEL, UNI_EMP NOVA RIO, 90 km/h;b45D;G9BW2RS7FJ3M;OK;GO Mode;06/04/2026;06/04/2026;06/04/2026;YES;;;Zona - AMBEV GRAN DOURADOS - MATO GROSSO DO SUL (trecho 8): Rod. Pres. Dutra, 13674, Queluz - SP, 12800-000, Brasil;;1; Minutes;;Abrir no navegador
TXO2F65;SUP SE - EMP_NOVA RIO, Vehicle, Diesel, CAMBIO AUTOMATICO OU SEMI AUTOMATICO, MERCEDES BENZ, COMBUSTÃO, REG_SUPPLY SE, CAVALO MECÂNICO, TRS_FADEL, UNI_EMP NOVA RIO, 90 km/h;b48A;G9SZT0414E53;OK;GO Mode;06/04/2026;06/04/2026;06/04/2026;YES;;;*CD RIO (50km): Estrada Sem Nome - Campo Grande, Rio de Janeiro - RJ, Brasil;;1; Minutes;;Abrir no navegador
TXO2F66;SUP SE - EMP_NOVA RIO, Vehicle, Diesel, CAMBIO AUTOMATICO OU SEMI AUTOMATICO, MERCEDES BENZ, COMBUSTÃO, REG_SUPPLY SE, CAVALO MECÂNICO, TRS_FADEL, UNI_EMP NOVA RIO, 90 km/h;b544;G9UWEV0ADVAU;OK;GO Mode;06/04/2026;06/04/2026;06/04/2026;YES;;;MG-238, 4800 - Jardim Primavera II, Sete Lagoas - MG, Brasil;;16; Minutes;;Abrir no navegador
TXO2F67;SUP COMG - EMP_HUB NOVA MINAS, Vehicle, Diesel, CAMBIO AUTOMATICO OU SEMI AUTOMATICO, MERCEDES BENZ, COMBUSTÃO, REG_SUPPLY COMG, CAVALO MECÂNICO, TRS_FADEL, UNI_EMP HUB NOVA MINAS, 90 km/h;b489;G90E1V75NUFF;OK;GO Mode;06/04/2026;06/04/2026;06/04/2026;YES;;;BR-040 - Cristalina, GO, 73850-000, Brasil;;1; Hour;;Abrir no navegador
TXO2F68;SUP COMG - EMP_HUB NOVA MINAS, Vehicle, Diesel, CAMBIO AUTOMATICO OU SEMI AUTOMATICO, MERCEDES BENZ, COMBUSTÃO, REG_SUPPLY COMG, CAVALO MECÂNICO, TRS_FADEL, UNI_EMP HUB NOVA MINAS, 90 km/h;b48B;G9J959XUP4J5;OK;GO Mode;06/04/2026;06/04/2026;06/04/2026;YES;;;Rod. Fernão Dias, 360 - Santa Terezinha de Minas, Rio Manso - MG, 37418-760, Brasil;;1; Minutes;;Abrir no navegador
TXO2F69;SUP COMG - EMP_HUB NOVA MINAS, Vehicle, Diesel, CAMBIO AUTOMATICO OU SEMI AUTOMATICO, MERCEDES BENZ, COMBUSTÃO, REG_SUPPLY COMG, CAVALO MECÂNICO, TRS_FADEL, UNI_EMP HUB NOVA MINAS, 90 km/h;b491;G9PZEE9ZXDX5;OK;GO Mode;06/04/2026;06/04/2026;06/04/2026;YES;;;MG-238, 75 - Sete Lagoas, MG, 35703-106, Brasil;;13; Minutes;;Abrir no navegador
TXO2F71;SUP SE - EMP_NOVA RIO, Vehicle, Diesel, CAMBIO AUTOMATICO OU SEMI AUTOMATICO, MERCEDES BENZ, COMBUSTÃO, REG_SUPPLY SE, CAVALO MECÂNICO, TRS_FADEL, UNI_EMP NOVA RIO, 90 km/h;b46F;G9KH6NRSJEMM;OK;GO Mode;06/04/2026;06/04/2026;06/04/2026;YES;;;R. Miguel, 133 - Extrema, MG, 37640-000, Brasil;;1; Minutes;;Abrir no navegador
TXO2F74;SUP SE - EMP_NOVA RIO, Vehicle, Diesel, CAMBIO AUTOMATICO OU SEMI AUTOMATICO, MERCEDES BENZ, COMBUSTÃO, REG_SUPPLY SE, CAVALO MECÂNICO, TRS_FADEL, UNI_EMP NOVA RIO, 90 km/h;b461;G9KAA1AZNUWX;OK;GO Mode;06/04/2026;05/04/2026;06/04/2026;YES;;;*CD RIO (50km): Rod. Gov. Mário Covas, 47592 - Campo Grande, Rio de Janeiro - RJ, 23068, Brasil;;8; Minutes;;Abrir no navegador
TXO2F75;SUP SE - EMP_NOVA RIO, Vehicle, Diesel, CAMBIO AUTOMATICO OU SEMI AUTOMATICO, MERCEDES BENZ, COMBUSTÃO, REG_SUPPLY SE, CAVALO MECÂNICO, TRS_FADEL, UNI_EMP NOVA RIO, 90 km/h;b47A;G9D2NDFKWPF2;OK;GO Mode;06/04/2026;05/04/2026;06/04/2026;YES;;;*CD RIO (50km): Av. Brasil, 49800 - Campo Grande, Rio de Janeiro - RJ, 21012-351, Brasil;;18; Minutes;;Abrir no navegador
TXO9D65;ROTA NE_CDD BOM JESUS DA LAPA, Vehicle, Diesel, CAMBIO MANUAL, MERCEDES BENZ, COMBUSTÃO, REG_MACRO REGIÃO NE, CAMINHÃO TOCO / TRUCK, TRS_NEPOMUCENO, UNI_CDD BOM JESUS DA LAPA, 80 km/h;b2DB;G9HVY34S6VN0;OK (Parado);GO Mode;06/04/2026;04/04/2026;06/04/2026;NO;;;BA-160, 44 - Bom Jesus da Lapa, BA, 47600-000, Brasil;;6; Minutes;6 Minutes;Abrir no navegador
TXO9D70;ROTA NE_CDD ILHEUS, Vehicle, Diesel, CAMBIO MANUAL, MERCEDES BENZ, COMBUSTÃO, REG_MACRO REGIÃO NE, CAMINHÃO TOCO / TRUCK, TRS_NEPOMUCENO, UNI_CDD ILHEUS, 80 km/h;b32E;G93FNUXMZM5T;OK;GO Mode;06/04/2026;06/04/2026;06/04/2026;YES;;;Rod. Ilhéus-Uruçuca, 1550 - Iguape, Ilhéus - BA, 45650-150, Brasil;;16; Minutes;;Abrir no navegador
TXO9D72;ROTA NE_CDD BOM JESUS DA LAPA, Vehicle, Diesel, CAMBIO MANUAL, MERCEDES BENZ, COMBUSTÃO, REG_MACRO REGIÃO NE, CAMINHÃO TOCO / TRUCK, TRS_NEPOMUCENO, UNI_CDD BOM JESUS DA LAPA, 80 km/h;b31A;G92E28FTKP0M;OK;GO Mode;06/04/2026;06/04/2026;06/04/2026;YES;;;BA-160, 44 - Bom Jesus da Lapa, BA, 47600-000, Brasil;;1; Minutes;;Abrir no navegador
TXO9D74;ROTA NE_CDD ILHEUS, Vehicle, Diesel, CAMBIO MANUAL, MERCEDES BENZ, COMBUSTÃO, REG_MACRO REGIÃO NE, CAMINHÃO TOCO / TRUCK, TRS_NEPOMUCENO, UNI_CDD ILHEUS, 80 km/h;b32F;G9571S11N8VA;OK;GO Mode;06/04/2026;06/04/2026;06/04/2026;YES;;;Rod. Ilhéus-Uruçuca, 152 - Iguape, Ilhéus - BA, 45658-040, Brasil;;7; Minutes;;Abrir no navegador
TXO9D75;ROTA NE_CDD ILHEUS, Vehicle, Diesel, CAMBIO MANUAL, MERCEDES BENZ, COMBUSTÃO, REG_MACRO REGIÃO NE, CAMINHÃO TOCO / TRUCK, TRS_NEPOMUCENO, UNI_CDD ILHEUS, 80 km/h;b2F9;G9WD6C4D5V2E;OK;GO Mode;06/04/2026;06/04/2026;06/04/2026;YES;;;Rod. Ilhéus-Uruçuca, 325 - Iguape, Ilhéus - BA, 45658-262, Brasil;;1; Minutes;;Abrir no navegador
TXO9D78;ROTA NE_CDD FEIRA DE SANTANA, Vehicle, Diesel, CAMBIO MANUAL, MERCEDES BENZ, COMBUSTÃO, REG_MACRO REGIÃO NE, CAMINHÃO TOCO / TRUCK, TRS_NEPOMUCENO, UNI_CDD FEIRA DE SANTANA, 80 km/h;b2D2;G9PHFXZEX8EF;OK;GO Mode;06/04/2026;06/04/2026;06/04/2026;YES;;;M562+35 - Humildes, Feira de Santana - BA, Brasil;;10; Minutes;;Abrir no navegador
TXO9E02;ROTA NE_CDD ILHEUS, Vehicle, Diesel, CAMBIO MANUAL, MERCEDES BENZ, COMBUSTÃO, REG_MACRO REGIÃO NE, CAMINHÃO TOCO / TRUCK, TRS_NEPOMUCENO, UNI_CDD ILHEUS, 80 km/h;b372;G96DWH6K9T87;OK (Parado);GO Mode;05/04/2026;02/04/2026;05/04/2026;NO;;;Rod. Ilhéus-Uruçuca, 325 - Iguape, Ilhéus - BA, 45658-262, Brasil;;21; Days;21 Days;Abrir no navegador
TXO9E07;ROTA NE_CDD BOM JESUS DA LAPA, Vehicle, Diesel, CAMBIO MANUAL, MERCEDES BENZ, COMBUSTÃO, REG_MACRO REGIÃO NE, CAMINHÃO TOCO / TRUCK, TRS_NEPOMUCENO, UNI_CDD BOM JESUS DA LAPA, 80 km/h;b30F;G9CR784WNA67;OK;GO Mode;06/04/2026;06/04/2026;06/04/2026;YES;;;BA-160, 44 - Bom Jesus da Lapa, BA, 47600-000, Brasil;;2; Minutes;;Abrir no navegador
TXO9E14;ROTA NE_CDD GUANAMBI, Vehicle, Diesel, CAMBIO MANUAL, MERCEDES BENZ, COMBUSTÃO, REG_MACRO REGIÃO NE, CAMINHÃO TOCO / TRUCK, TRS_NEPOMUCENO, UNI_CDD GUANAMBI, 80 km/h;b327;G9547A679ZM3;OK;GO Mode;06/04/2026;06/04/2026;06/04/2026;YES;;;Av. Gov. Nilo Coelho, 511 - Industrial, Guanambi - BA, 46430-000, Brasil;;6; Minutes;;Abrir no navegador
TXO9E22;ROTA NE_CDD ILHEUS, Vehicle, Diesel, CAMBIO MANUAL, MERCEDES BENZ, COMBUSTÃO, REG_MACRO REGIÃO NE, CAMINHÃO TOCO / TRUCK, TRS_NEPOMUCENO, UNI_CDD ILHEUS, 80 km/h;b32B;G940XP42KX6D;OK;GO Mode;06/04/2026;06/04/2026;06/04/2026;YES;;;Rod. Ilhéus-Uruçuca, 325 - Iguape, Ilhéus - BA, 45658-262, Brasil;;1; Minutes;;Abrir no navegador
TXQ9G71;ROTA NE_CDD VIT DA CONQUISTA, Vehicle, Diesel, CAMBIO MANUAL, MERCEDES BENZ, COMBUSTÃO, REG_MACRO REGIÃO NE, CAMINHÃO TOCO / TRUCK, TRS_NEPOMUCENO, UNI_CDD VIT DA CONQUISTA, 80 km/h;b5FC;G97KTEEPV3SV;OK;GO Mode;06/04/2026;06/04/2026;06/04/2026;YES;;;R. R, 285 - Boa Vista, Vitória da Conquista - BA, 45026, Brasil;;2; Minutes;;Abrir no navegador
TXQ9I77;ROTA NE_CDD BOM JESUS DA LAPA, Vehicle, Diesel, CAMBIO MANUAL, MERCEDES BENZ, COMBUSTÃO, REG_MACRO REGIÃO NE, CAMINHÃO TOCO / TRUCK, TRS_NEPOMUCENO, UNI_CDD BOM JESUS DA LAPA, 80 km/h;b21D;G9ZFD4A50HJU;OK;GO Mode;06/04/2026;06/04/2026;06/04/2026;YES;;;BA-160, 44 - Bom Jesus da Lapa, BA, 47600-000, Brasil;;8; Minutes;;Abrir no navegador
TXQ9J59;ROTA NE_CDD VIT DA CONQUISTA, Vehicle, Diesel, CAMBIO MANUAL, MERCEDES BENZ, COMBUSTÃO, REG_MACRO REGIÃO NE, CAMINHÃO TOCO / TRUCK, TRS_NEPOMUCENO, UNI_CDD VIT DA CONQUISTA, 80 km/h;b5F3;G9DWJC7DW10T;OK;GO Mode;06/04/2026;06/04/2026;06/04/2026;YES;;;R. F, 125 - Cruzeiro, Vitória da Conquista - BA, 45003, Brasil;;13; Minutes;;Abrir no navegador
TXQ9J65;ROTA NE_CDD VIT DA CONQUISTA, Vehicle, Diesel, CAMBIO MANUAL, MERCEDES BENZ, COMBUSTÃO, REG_MACRO REGIÃO NE, CAMINHÃO TOCO / TRUCK, TRS_NEPOMUCENO, UNI_CDD VIT DA CONQUISTA, 80 km/h;b639;G92N1H3X3KTF;OK;GO Mode;06/04/2026;06/04/2026;06/04/2026;YES;;;Estr. Pará A Fazenda Boa Sorte, 101 - Vitória da Conquista, BA, 45057-116, Brasil;;1; Minutes;;Abrir no navegador
TXQ9J75;ROTA NE_CDD VIT DA CONQUISTA, Vehicle, Diesel, CAMBIO MANUAL, MERCEDES BENZ, COMBUSTÃO, REG_MACRO REGIÃO NE, CAMINHÃO TOCO / TRUCK, TRS_NEPOMUCENO, UNI_CDD VIT DA CONQUISTA, 80 km/h;b64C;G9RVT4WSJ3DM;OK (Parado);GO Mode;06/04/2026;04/04/2026;06/04/2026;NO;;;R. Cinco, 130 - Cruzeiro, Vitória da Conquista - BA, 45089-410, Brasil;;1; Minutes;1 Minutes;Abrir no navegador
TXQ9J89;ROTA NE_CDD JOAO PESSOA, Vehicle, Diesel, CAMBIO MANUAL, MERCEDES BENZ, COMBUSTÃO, REG_MACRO REGIÃO NE, CAMINHÃO TOCO / TRUCK, TRS_NEPOMUCENO, UNI_CDD JOAO PESSOA, 80 km/h;b5F8;G9256T3RRFAS;OK;GO Mode;06/04/2026;06/04/2026;06/04/2026;YES;;;Rodovia Barão, 728-918 - Distrito Industrial, João Pessoa - PB, 58081-400, Brasil;;1; Minutes;;Abrir no navegador
TXQ9J98;ROTA NE_CDD JOAO PESSOA, Vehicle, Diesel, CAMBIO MANUAL, MERCEDES BENZ, COMBUSTÃO, REG_MACRO REGIÃO NE, CAMINHÃO TOCO / TRUCK, TRS_NEPOMUCENO, UNI_CDD JOAO PESSOA, 80 km/h;b610;G9Y9KUX0N96U;OK;GO Mode;06/04/2026;06/04/2026;06/04/2026;YES;;;Av. Dr. Walter Belian, 2230 - Distrito Industrial, João Pessoa - PB, 58082-005, Brasil;;1; Minutes;;Abrir no navegador
TXR0A07;ROTA NE_CDD JOAO PESSOA, Vehicle, Diesel, CAMBIO MANUAL, MERCEDES BENZ, COMBUSTÃO, REG_MACRO REGIÃO NE, CAMINHÃO TOCO / TRUCK, TRS_NEPOMUCENO, UNI_CDD JOAO PESSOA, 80 km/h;b618;G97D7BF1PYCH;OK;GO Mode;06/04/2026;06/04/2026;06/04/2026;YES;;;Rodovia Barão, 728-918 - Distrito Industrial, João Pessoa - PB, 58081-400, Brasil;;1; Minutes;;Abrir no navegador
TXR0A14;ROTA NE_CDD JOAO PESSOA, Vehicle, Diesel, CAMBIO MANUAL, MERCEDES BENZ, COMBUSTÃO, REG_MACRO REGIÃO NE, CAMINHÃO TOCO / TRUCK, TRS_NEPOMUCENO, UNI_CDD JOAO PESSOA, 80 km/h;b5FD;G944V64THUUW;OK;GO Mode;06/04/2026;06/04/2026;06/04/2026;YES;;;Av. Eurípedes Tavares, 410 - Centro, João Pessoa - PB, 58013-290, Brasil;;1; Minutes;;Abrir no navegador
TXR0A19;ROTA NE_CDD JOAO PESSOA, Vehicle, Diesel, CAMBIO MANUAL, MERCEDES BENZ, COMBUSTÃO, REG_MACRO REGIÃO NE, CAMINHÃO TOCO / TRUCK, TRS_NEPOMUCENO, UNI_CDD JOAO PESSOA, 80 km/h;b643;G9J0PRJUNJ3P;OK;GO Mode;06/04/2026;06/04/2026;06/04/2026;YES;;;Av. Dr. Walter Belian, 2230 - Distrito Industrial, João Pessoa - PB, 58082-005, Brasil;;1; Minutes;;Abrir no navegador
TXR0J92;SUP SE - EMP_NOVA RIO, Vehicle, Diesel, CAMBIO AUTOMATICO OU SEMI AUTOMATICO, MERCEDES BENZ, COMBUSTÃO, REG_SUPPLY SE, CAVALO MECÂNICO, TRS_FADEL, UNI_EMP NOVA RIO, 90 km/h;b46E;G9TAN0YRFCSR;OK;GO Mode;06/04/2026;06/04/2026;06/04/2026;YES;;;R. Dr. Silvio Bastos Tavares 120, RJ, 28051-250, Brazil;;3; Minutes;;Abrir no navegador
TXR0J95;SUP SE - EMP_NOVA RIO, Vehicle, Diesel, CAMBIO AUTOMATICO OU SEMI AUTOMATICO, MERCEDES BENZ, COMBUSTÃO, REG_SUPPLY SE, CAVALO MECÂNICO, TRS_FADEL, UNI_EMP NOVA RIO, 90 km/h;b478;G9W9ZHESZWX8;OK;GO Mode;06/04/2026;06/04/2026;06/04/2026;YES;;;Av. Pres. Vargas, 473/483 - Campos dos Goytacazes, RJ, Brasil;;14; Minutes;;Abrir no navegador
TXR0J98;SUP SE - EMP_NOVA RIO, Vehicle, Diesel, CAMBIO AUTOMATICO OU SEMI AUTOMATICO, MERCEDES BENZ, COMBUSTÃO, REG_SUPPLY SE, CAVALO MECÂNICO, TRS_FADEL, UNI_EMP NOVA RIO, 90 km/h;b475;G9HWMN8XMZ50;OK;GO Mode;06/04/2026;06/04/2026;06/04/2026;YES;;;R. Dr. Silvio Bastos Tavares 40, RJ, 28051-250, Brazil;;7; Minutes;;Abrir no navegador
TXR1A03;SUP SE - EMP_NOVA RIO, Vehicle, Diesel, CAMBIO AUTOMATICO OU SEMI AUTOMATICO, MERCEDES BENZ, COMBUSTÃO, REG_SUPPLY SE, CAVALO MECÂNICO, TRS_FADEL, UNI_EMP NOVA RIO, 90 km/h;b465;G9F400CMYPU9;OK (Parado);GO Mode;06/04/2026;04/04/2026;06/04/2026;NO;;;*CD RIO (50km): Av. Brasil, 49800 - Campo Grande, Rio de Janeiro - RJ, 21012-351, Brasil;;11; Minutes;11 Minutes;Abrir no navegador
TXR1A07;SUP SE - EMP_NOVA RIO, Vehicle, Diesel, CAMBIO AUTOMATICO OU SEMI AUTOMATICO, MERCEDES BENZ, COMBUSTÃO, REG_SUPPLY SE, CAVALO MECÂNICO, TRS_FADEL, UNI_EMP NOVA RIO, 90 km/h;b467;G9DY0HDURF84;OK;GO Mode;06/04/2026;05/04/2026;06/04/2026;YES;;;*CD RIO (50km): Av. Brasil, 49800 - Campo Grande, Rio de Janeiro - RJ, 21012-351, Brasil;;2; Minutes;;Abrir no navegador
TXR1A13;SUP NE - EMP_TERESINA, Vehicle, Diesel, CAMBIO AUTOMATICO OU SEMI AUTOMATICO, MERCEDES BENZ, COMBUSTÃO, REG_SUPPLY NE, CAVALO MECÂNICO, TRS_FADEL, UNI_EMP TERESINA, 90 km/h;b517;G9PZXBANT72E;OK;GO Mode;06/04/2026;06/04/2026;06/04/2026;YES;;;R. Manoel Pereira Lins, 4 - Bom Nome, São José do Belmonte - PE, 56950-000, Brasil;;11; Minutes;;Abrir no navegador
TXR1A30;SUP SE - EMP_NOVA RIO, Vehicle, Diesel, CAMBIO AUTOMATICO OU SEMI AUTOMATICO, MERCEDES BENZ, COMBUSTÃO, REG_SUPPLY SE, CAVALO MECÂNICO, TRS_FADEL, UNI_EMP NOVA RIO, 90 km/h;b45A;G9EHHXYREHCJ;OK;GO Mode;06/04/2026;06/04/2026;06/04/2026;YES;;;BR-101, 30 - Serra do Anil, Cariacica - ES, 29147-030, Brasil;;1; Minutes;;Abrir no navegador
TXR1A33;SUP SE - EMP_NOVA RIO, Vehicle, Diesel, CAMBIO AUTOMATICO OU SEMI AUTOMATICO, MERCEDES BENZ, COMBUSTÃO, REG_SUPPLY SE, CAVALO MECÂNICO, TRS_FADEL, UNI_EMP NOVA RIO, 90 km/h;b47C;G989T51HAZ1S;Off-line para 3+ Dias;GO Mode;28/11/2025;28/11/2025;28/11/2025;NO;;;*CD RIO (50km): Av. Brasil, 49800 - Campo Grande, Rio de Janeiro - RJ, 21012-351, Brasil;129 Days;128; Days;128 Days;Abrir no navegador
TXR1A36;SUP SE - EMP_NOVA RIO, Vehicle, Diesel, CAMBIO AUTOMATICO OU SEMI AUTOMATICO, MERCEDES BENZ, COMBUSTÃO, REG_SUPPLY SE, CAVALO MECÂNICO, TRS_FADEL, UNI_EMP NOVA RIO, 90 km/h;b39D;G90FN2P7ESBB;OK;GO Mode;06/04/2026;05/04/2026;06/04/2026;YES;LowVoltage;"This asset's battery is low, and the device may not be receiving enough power.
Please follow these steps:
Check your asset's battery, and electrical system health.
Confirm you are able to start your engine or asset, and check that your device is powered.
If this device is still offline, contact your fleet's Telematics Representative for further assistance.";SP-065 - Pte. Alta, Jarinu - SP, 13240-000, Brasil;;16; Minutes;;Abrir no navegador
TXR1A38;SUP SE - EMP_NOVA RIO, Vehicle, Diesel, CAMBIO AUTOMATICO OU SEMI AUTOMATICO, MERCEDES BENZ, COMBUSTÃO, REG_SUPPLY SE, CAVALO MECÂNICO, TRS_FADEL, UNI_EMP NOVA RIO, 90 km/h;b37F;G9S6E9F2TCU0;OK;GO Mode;06/04/2026;06/04/2026;06/04/2026;YES;;;*CD RIO (50km): Estr. Rio São Paulo, 317 - Jardins, Seropédica - RJ, 23898-012, Brasil;;1; Minutes;;Abrir no navegador
TXR1A40;SUP SE - EMP_NOVA RIO, Vehicle, Diesel, CAMBIO AUTOMATICO OU SEMI AUTOMATICO, MERCEDES BENZ, COMBUSTÃO, REG_SUPPLY SE, CAVALO MECÂNICO, TRS_FADEL, UNI_EMP NOVA RIO, 90 km/h;b37B;G9J2RXC4T8VW;OK;GO Mode;06/04/2026;06/04/2026;06/04/2026;YES;;;*CD RIO (40km): Rod. Governador Mário Covas, 12079 - Retiro São Joaquim, Itaboraí - RJ, 24800-971, Brasil;;1; Minutes;;Abrir no navegador
TXR8E93;SUP SE - EMP_NOVA RIO, Vehicle, Diesel, CAMBIO AUTOMATICO OU SEMI AUTOMATICO, MERCEDES BENZ, COMBUSTÃO, REG_SUPPLY SE, CAVALO MECÂNICO, TRS_FADEL, UNI_EMP NOVA RIO, 90 km/h;b55A;G92MYFA5M35T;OK;GO Mode;06/04/2026;05/04/2026;06/04/2026;YES;;;*CD RIO (50km): Av. Brasil, 49800 - Campo Grande, Rio de Janeiro - RJ, 21012-351, Brasil;;8; Minutes;;Abrir no navegador
TXR8E98;SUP SE - EMP_NOVA RIO, Vehicle, Diesel, CAMBIO AUTOMATICO OU SEMI AUTOMATICO, MERCEDES BENZ, COMBUSTÃO, REG_SUPPLY SE, CAVALO MECÂNICO, TRS_FADEL, UNI_EMP NOVA RIO, 90 km/h;b567;G93W4SVA0VF6;OK;GO Mode;06/04/2026;05/04/2026;06/04/2026;YES;;;R. Miguel, 133 - Extrema, MG, 37640-000, Brasil;;17; Minutes;;Abrir no navegador
TXR8F00;SUP SE - EMP_NOVA RIO, Vehicle, Diesel, CAMBIO AUTOMATICO OU SEMI AUTOMATICO, MERCEDES BENZ, COMBUSTÃO, REG_SUPPLY SE, CAVALO MECÂNICO, TRS_FADEL, UNI_EMP NOVA RIO, 90 km/h;b55E;G9R7PBHUAWA6;OK;GO Mode;06/04/2026;06/04/2026;06/04/2026;YES;;;MG-238, 4800 - Jardim Primavera II, Sete Lagoas - MG, Brasil;;18; Minutes;;Abrir no navegador
TXR8F09;SUP NE - EMP_AQUIRAZ, Vehicle, Diesel, CAMBIO AUTOMATICO OU SEMI AUTOMATICO, MERCEDES BENZ, COMBUSTÃO, REG_SUPPLY NE, CAVALO MECÂNICO, TRS_FADEL, UNI_EMP AQUIRAZ, 90 km/h;b34E;G9WW7TNXSKS4;OK;GO Mode;06/04/2026;06/04/2026;06/04/2026;YES;;;BR-135 | Ambev (sentido terminal), São Luís - MA, Brasil;;1; Minutes;;Abrir no navegador
TXR8F14;SUP NE - EMP_AQUIRAZ, Vehicle, Diesel, CAMBIO AUTOMATICO OU SEMI AUTOMATICO, MERCEDES BENZ, COMBUSTÃO, REG_SUPPLY NE, CAVALO MECÂNICO, TRS_FADEL, UNI_EMP AQUIRAZ, 90 km/h;b66B;G9CKSP2HZ3Y0;OK;GO Mode;06/04/2026;06/04/2026;06/04/2026;YES;;;Av. Santa Tereza, 1102, Pres. Médici - MA, 65279-000, Brasil;;1; Minutes;;Abrir no navegador
TXR9I86;SUP SE - EMP_NOVA RIO, Vehicle, Diesel, CAMBIO AUTOMATICO OU SEMI AUTOMATICO, MERCEDES BENZ, COMBUSTÃO, REG_SUPPLY SE, CAVALO MECÂNICO, TRS_FADEL, UNI_EMP NOVA RIO, 90 km/h;b554;G9XE37TDEB3X;OK;GO Mode;06/04/2026;05/04/2026;06/04/2026;YES;;;BR-060, 2490 - Anápolis, GO, Brasil;;18; Minutes;;Abrir no navegador
TXS4I21;ROTA NE_CDD ILHEUS, Vehicle, Diesel, CAMBIO MANUAL, MERCEDES BENZ, COMBUSTÃO, REG_MACRO REGIÃO NE, CAMINHÃO TOCO / TRUCK, TRS_NEPOMUCENO, UNI_CDD ILHEUS, 80 km/h;b368;G9PZPZMFSVPC;OK;GO Mode;06/04/2026;06/04/2026;06/04/2026;YES;;;Av. Acm, 1 - Centro, Una - BA, 45690-000, Brasil;;3; Minutes;;Abrir no navegador
TXS4I37;ROTA NE_CDD FEIRA DE SANTANA, Vehicle, Diesel, CAMBIO MANUAL, MERCEDES BENZ, COMBUSTÃO, REG_MACRO REGIÃO NE, CAMINHÃO TOCO / TRUCK, TRS_NEPOMUCENO, UNI_CDD FEIRA DE SANTANA, 80 km/h;b35B;G930253E2JHY;OK;GO Mode;06/04/2026;06/04/2026;06/04/2026;YES;;;M562+35 - Humildes, Feira de Santana - BA, Brasil;;1; Minutes;;Abrir no navegador
TXS4I52;ROTA NE_CDD ILHEUS, Vehicle, Diesel, CAMBIO MANUAL, MERCEDES BENZ, COMBUSTÃO, REG_MACRO REGIÃO NE, CAMINHÃO TOCO / TRUCK, TRS_NEPOMUCENO, UNI_CDD ILHEUS, 80 km/h;b322;G97SYAE9CX6W;OK;GO Mode;06/04/2026;06/04/2026;06/04/2026;YES;;;R. Maria Pedro Hage, 80 - Itajuípe, BA, 45630-000, Brasil;;1; Minutes;;Abrir no navegador
TXS4I59;ROTA NE_CDD ILHEUS, Vehicle, Diesel, CAMBIO MANUAL, MERCEDES BENZ, COMBUSTÃO, REG_MACRO REGIÃO NE, CAMINHÃO TOCO / TRUCK, TRS_NEPOMUCENO, UNI_CDD ILHEUS, 80 km/h;b2FA;G9NSXW5TEUYH;OK;GO Mode;06/04/2026;06/04/2026;06/04/2026;YES;;;Av. Montival Lucas, 35 - Itajuípe, BA, 45630-000, Brasil;;7; Minutes;;Abrir no navegador
TXS4I94;ROTA NE_CDD GUANAMBI, Vehicle, Diesel, CAMBIO MANUAL, MERCEDES BENZ, COMBUSTÃO, REG_MACRO REGIÃO NE, CAMINHÃO TOCO / TRUCK, TRS_NEPOMUCENO, UNI_CDD GUANAMBI, 80 km/h;b35E;G9KH5HZRMCNP;OK;GO Mode;06/04/2026;06/04/2026;06/04/2026;YES;;;Av. Gov. Nilo Coelho, 511 - Industrial, Guanambi - BA, 46430-000, Brasil;;1; Minutes;;Abrir no navegador
TXS4J03;ROTA NE_CDD FEIRA DE SANTANA, Vehicle, Diesel, CAMBIO MANUAL, MERCEDES BENZ, COMBUSTÃO, REG_MACRO REGIÃO NE, CAMINHÃO TOCO / TRUCK, TRS_NEPOMUCENO, UNI_CDD FEIRA DE SANTANA, 80 km/h;b370;G9KJ313YSNUC;OK;GO Mode;06/04/2026;06/04/2026;06/04/2026;YES;;;M562+35 - Humildes, Feira de Santana - BA, Brasil;;14; Minutes;;Abrir no navegador
TXS4J08;ROTA NE_CDD ILHEUS, Vehicle, Diesel, CAMBIO MANUAL, MERCEDES BENZ, COMBUSTÃO, REG_MACRO REGIÃO NE, CAMINHÃO TOCO / TRUCK, TRS_NEPOMUCENO, UNI_CDD ILHEUS, 80 km/h;b34C;G9344AJYK021;OK;GO Mode;06/04/2026;06/04/2026;06/04/2026;YES;;;R. P, 19 - Itajuípe, BA, 45630-000, Brasil;;9; Minutes;;Abrir no navegador
TXS4J24;ROTA NE_CDD FEIRA DE SANTANA, Vehicle, Diesel, CAMBIO MANUAL, MERCEDES BENZ, COMBUSTÃO, REG_MACRO REGIÃO NE, CAMINHÃO TOCO / TRUCK, TRS_NEPOMUCENO, UNI_CDD FEIRA DE SANTANA, 80 km/h;b2F1;G9V8PJ21339J;OK;GO Mode;06/04/2026;06/04/2026;06/04/2026;YES;;;M562+35 - Humildes, Feira de Santana - BA, Brasil;;15; Minutes;;Abrir no navegador
TXS4J32;ROTA NE_CDD FEIRA DE SANTANA, Vehicle, Diesel, CAMBIO MANUAL, MERCEDES BENZ, COMBUSTÃO, REG_MACRO REGIÃO NE, CAMINHÃO TOCO / TRUCK, TRS_NEPOMUCENO, UNI_CDD FEIRA DE SANTANA, 80 km/h;b352;G93EPY79ABZH;OK;GO Mode;06/04/2026;06/04/2026;06/04/2026;YES;;;Rod. Governador Mário Covas - São Gonçalo dos Campos, BA, 44330-000, Brasil;;9; Minutes;;Abrir no navegador
TXS4J35;ROTA NE_CDD ILHEUS, Vehicle, Diesel, CAMBIO MANUAL, MERCEDES BENZ, COMBUSTÃO, REG_MACRO REGIÃO NE, CAMINHÃO TOCO / TRUCK, TRS_NEPOMUCENO, UNI_CDD ILHEUS, 80 km/h;b2A9;G9MUE8DZ3H94;OK (Parado);GO Mode;06/04/2026;02/04/2026;06/04/2026;NO;;;R. Maria Pedro Hage, 221-369 - Itajuípe, BA, 45630-000, Brasil;;3; Minutes;3 Minutes;Abrir no navegador
TYC3D64;ROTA NE_CDD VIT DA CONQUISTA, Vehicle, Diesel, CAMBIO MANUAL, MERCEDES BENZ, COMBUSTÃO, REG_MACRO REGIÃO NE, CAMINHÃO TOCO / TRUCK, TRS_NEPOMUCENO, UNI_CDD VIT DA CONQUISTA, 80 km/h;b44D;G93493B3BRN3;OK;GO Mode;06/04/2026;06/04/2026;06/04/2026;YES;;;R. Dom Climério, 102, Poções - BA, 45260-000, Brasil;;16; Minutes;;Abrir no navegador
UAT9E18;ROTA NO_CDD CEARA, Vehicle, Diesel, CAMBIO MANUAL, RENAULT, COMBUSTÃO, REG_MACRO REGIÃO NO, VANS, TRS_FADEL, UNI_CDD CEARA, 80 km/h;b672;G989R6S1VRK7;OK;GO Mode;06/04/2026;06/04/2026;06/04/2026;YES;;;Av. Parque Central, 2061 - Distrito Industrial I, Maracanaú - CE, 61939-140, Brasil;;13; Minutes;;Abrir no navegador
UAT9F64;ROTA NO_CDD NATAL, Vehicle, Diesel, CAMBIO MANUAL, RENAULT, COMBUSTÃO, REG_MACRO REGIÃO NO, VANS, TRS_FADEL, UNI_CDD NATAL, 80 km/h;b687;G97PF8VVMYFE;OK;GO Mode;06/04/2026;06/04/2026;06/04/2026;YES;;;Rodovia Governador Mário Covas, São José de Mipibu - RN, 59162-000, Brasil;;1; Minutes;;Abrir no navegador
UAT9F65;ROTA NO_CDD NATAL, Vehicle, Diesel, CAMBIO MANUAL, RENAULT, COMBUSTÃO, REG_MACRO REGIÃO NO, VANS, TRS_FADEL, UNI_CDD NATAL, 80 km/h;b681;G9BA4R2EC137;OK;GO Mode;06/04/2026;06/04/2026;06/04/2026;YES;;;Rodovia Governador Mário Covas, São José de Mipibu - RN, 59162-000, Brasil;;1; Minutes;;Abrir no navegador
UAT9F67;ROTA NO_CDD NATAL, Vehicle, Diesel, CAMBIO MANUAL, RENAULT, COMBUSTÃO, REG_MACRO REGIÃO NO, VANS, TRS_FADEL, UNI_CDD NATAL, 80 km/h;b69B;G961AAH022VD;OK;GO Mode;06/04/2026;06/04/2026;06/04/2026;YES;;;Rodovia Governador Mário Covas, São José de Mipibu - RN, 59162-000, Brasil;;4; Minutes;;Abrir no navegador
UAT9F68;ROTA NO_CDD NATAL, Vehicle, Diesel, CAMBIO MANUAL, RENAULT, COMBUSTÃO, REG_MACRO REGIÃO NO, VANS, TRS_FADEL, UNI_CDD NATAL, 80 km/h;b6A3;G98FJS9BH039;OK;GO Mode;06/04/2026;06/04/2026;06/04/2026;YES;;;Rodovia Governador Mário Covas, São José de Mipibu - RN, 59162-000, Brasil;;1; Minutes;;Abrir no navegador
UAT9F69;ROTA NO_CDD CEARA, Vehicle, Diesel, CAMBIO MANUAL, RENAULT, COMBUSTÃO, REG_MACRO REGIÃO NO, VANS, TRS_FADEL, UNI_CDD CEARA, 80 km/h;b671;G9SRB55TVSKJ;OK;GO Mode;06/04/2026;06/04/2026;06/04/2026;YES;;;R. Gen. Sampaio, 1654 - Bela Vista, Canindé - CE, 62700-000, Brasil;;12; Minutes;;Abrir no navegador
UAT9F71;ROTA NO_CDD CEARA, Vehicle, Diesel, CAMBIO MANUAL, RENAULT, COMBUSTÃO, REG_MACRO REGIÃO NO, VANS, TRS_FADEL, UNI_CDD CEARA, 80 km/h;b675;G9SP3V447EP4;OK;GO Mode;06/04/2026;06/04/2026;06/04/2026;YES;;;CE-085, 308 - São Gonçalo do Amarante, CE, 62670-000, Brasil;;4; Minutes;;Abrir no navegador
UAT9F73;ROTA NO_CDD CEARA, Vehicle, Diesel, CAMBIO MANUAL, RENAULT, COMBUSTÃO, REG_MACRO REGIÃO NO, VANS, TRS_FADEL, UNI_CDD CEARA, 80 km/h;b6F2;G98BPRRSTN38;OK;GO Mode;06/04/2026;06/04/2026;06/04/2026;YES;;;Av. Parque Central, 2061 - Distrito Industrial I, Maracanaú - CE, 61939-140, Brasil;;15; Minutes;;Abrir no navegador
UAU8E98;ROTA NE_CDD FEIRA DE SANTANA, Vehicle, Diesel, CAMBIO MANUAL, RENAULT, COMBUSTÃO, REG_MACRO REGIÃO NE, VANS, TRS_NEPOMUCENO, UNI_CDD FEIRA DE SANTANA, 80 km/h;b462;G90D069WPFYH;OK;GO Mode;06/04/2026;06/04/2026;06/04/2026;YES;;;M562+35 - Humildes, Feira de Santana - BA, Brasil;;16; Minutes;;Abrir no navegador
UAU8F05;ROTA NE_CDD FEIRA DE SANTANA, Vehicle, Diesel, CAMBIO MANUAL, RENAULT, COMBUSTÃO, REG_MACRO REGIÃO NE, VANS, TRS_NEPOMUCENO, UNI_CDD FEIRA DE SANTANA, 80 km/h;b44E;G9ZDP6PNU0TH;Off-line para 1 - 2 Dias;GO Mode;04/04/2026;04/04/2026;04/04/2026;NO;;;M562+35 - Humildes, Feira de Santana - BA, Brasil;2 Days;1; Days;1 Days;Abrir no navegador
UAU8F80;ROTA NE_CDD ILHEUS, Vehicle, Diesel, CAMBIO MANUAL, RENAULT, COMBUSTÃO, REG_MACRO REGIÃO NE, VANS, TRS_NEPOMUCENO, UNI_CDD ILHEUS, 80 km/h;b51F;G9NUF4ZVH92B;OK (Parado);GO Mode;06/04/2026;30/03/2026;06/04/2026;NO;;;Rod. Ilhéus-Uruçuca, 325 - Iguape, Ilhéus - BA, 45658-262, Brasil;;14; Minutes;14 Minutes;Abrir no navegador
UAU8F86;ROTA NE_CDD ILHEUS, Vehicle, Diesel, CAMBIO MANUAL, RENAULT, COMBUSTÃO, REG_MACRO REGIÃO NE, VANS, TRS_NEPOMUCENO, UNI_CDD ILHEUS, 80 km/h;b530;G9Y1P83KJ7E5;OK;GO Mode;06/04/2026;06/04/2026;06/04/2026;YES;;;Rod. Ilhéus-Uruçuca, 1550 - Iguape, Ilhéus - BA, 45650-150, Brasil;;1; Minutes;;Abrir no navegador
UAU9E68;ROTA NE_CDD JOAO PESSOA, Vehicle, Diesel, CAMBIO MANUAL, MERCEDES BENZ, COMBUSTÃO, REG_MACRO REGIÃO NE, CAMINHÃO TOCO / TRUCK, TRS_NEPOMUCENO, UNI_CDD JOAO PESSOA, 80 km/h;b74F;G9X11KKTEPHD;OK (Parado);GO Mode;05/04/2026;02/04/2026;05/04/2026;NO;;;Rua Luiz Lianza, 964 - Tambauzinho, João Pessoa - PB, 58041-100, Brasil;;15; Days;15 Days;Abrir no navegador
UAU9F10;ROTA NE_CDD JOAO PESSOA, Vehicle, Diesel, CAMBIO MANUAL, MERCEDES BENZ, COMBUSTÃO, REG_MACRO REGIÃO NE, CAMINHÃO TOCO / TRUCK, TRS_NEPOMUCENO, UNI_CDD JOAO PESSOA, 80 km/h;b751;G9ZUUPHR4B88;OK;GO Mode;06/04/2026;06/04/2026;06/04/2026;YES;;;Perimetral Sul, 183 - Distrito Industrial, João Pessoa - PB, 58010-010, Brasil;;2; Minutes;;Abrir no navegador
UAV0I10;ROTA NO_CDD FORTALEZA, Vehicle, Diesel, CAMBIO MANUAL, RENAULT, COMBUSTÃO, REG_MACRO REGIÃO NO, VANS, TRS_FADEL, UNI_CDD FORTALEZA, 80 km/h;b67C;G9N7VDVDRPTW;OK (Parado);GO Mode;06/04/2026;04/04/2026;06/04/2026;NO;;;R. 6 Companheiros, 813 - Barra do Ceará, Fortaleza - CE, 60331-790, Brasil;;4; Minutes;4 Minutes;Abrir no navegador
UAV0I12;ROTA NO_CDD FORTALEZA, Vehicle, Diesel, CAMBIO MANUAL, RENAULT, COMBUSTÃO, REG_MACRO REGIÃO NO, VANS, TRS_FADEL, UNI_CDD FORTALEZA, 80 km/h;b6DB;G99F0NJ1D247;OK;GO Mode;06/04/2026;06/04/2026;06/04/2026;YES;;;Av. 20 de Janeiro, 888 - Barra do Ceará, Fortaleza - CE, 60331-200, Brasil;;2; Minutes;;Abrir no navegador
UAV2H54;ROTA NO_CDD CEARA, Vehicle, Diesel, CAMBIO MANUAL, RENAULT, COMBUSTÃO, REG_MACRO REGIÃO NO, VANS, TRS_FADEL, UNI_CDD CEARA, 80 km/h;b56E;G9TWASNFS9DX;OK;GO Mode;06/04/2026;06/04/2026;06/04/2026;YES;;;Av. Raimundo Alcoforado, 383 - Alto Guaramiranga, Canindé - CE, 62700-000, Brasil;;10; Minutes;;Abrir no navegador
UAV2H55;ROTA NO_CDD CEARA, Vehicle, Diesel, CAMBIO MANUAL, RENAULT, COMBUSTÃO, REG_MACRO REGIÃO NO, VANS, TRS_FADEL, UNI_CDD CEARA, 80 km/h;b5A3;G9MC88J3N3DH;OK;GO Mode;06/04/2026;06/04/2026;06/04/2026;YES;;;Via Litorânea, 884 - Lagoinha, São Gonçalo do Amarante - CE, 62670-000, Brasil;;1; Minutes;;Abrir no navegador
UAV2H66;ROTA NO_CDD FORTALEZA, Vehicle, Manually Classified Powertrain, CAMBIO MANUAL, RENAULT, COMBUSTÃO, REG_MACRO REGIÃO NO, VANS, TRS_FADEL, UNI_CDD FORTALEZA, 80 km/h;b577;G94ZDT9716X3;OK;GO Mode;06/04/2026;06/04/2026;06/04/2026;YES;;;Av. 20 de Janeiro, 791 - Floresta, Fortaleza - CE, 60331-200, Brasil;;2; Minutes;;Abrir no navegador
UAV9I92;ROTA NO_CDD FORTALEZA, Vehicle, Diesel, CAMBIO MANUAL, RENAULT, COMBUSTÃO, REG_MACRO REGIÃO NO, VANS, TRS_FADEL, UNI_CDD FORTALEZA, 80 km/h;b683;G9DESZ87Z5MZ;OK;GO Mode;06/04/2026;06/04/2026;06/04/2026;YES;LowVoltage;"This asset's battery is low, and the device may not be receiving enough power.
Please follow these steps:
Check your asset's battery, and electrical system health.
Confirm you are able to start your engine or asset, and check that your device is powered.
If this device is still offline, contact your fleet's Telematics Representative for further assistance.";Av. 20 de Janeiro, 791 - Floresta, Fortaleza - CE, 60331-200, Brasil;;1; Minutes;;Abrir no navegador
UAV9I93;ROTA NO_CDD NATAL, Vehicle, Diesel, CAMBIO MANUAL, RENAULT, COMBUSTÃO, REG_MACRO REGIÃO NO, VANS, TRS_FADEL, UNI_CDD NATAL, 80 km/h;b3CF;G92B7MRZCJNP;OK;GO Mode;06/04/2026;06/04/2026;06/04/2026;YES;;;Rodovia Governador Mário Covas, São José de Mipibu - RN, 59162-000, Brasil;;2; Minutes;;Abrir no navegador
UAV9J47;ROTA NO_CDD NATAL, Vehicle, Diesel, CAMBIO MANUAL, RENAULT, COMBUSTÃO, REG_MACRO REGIÃO NO, VANS, TRS_FADEL, UNI_CDD NATAL, 80 km/h;b560;G9P2J541SVR8;OK;GO Mode;06/04/2026;06/04/2026;06/04/2026;YES;;;Rodovia Governador Mário Covas, São José de Mipibu - RN, 59162-000, Brasil;;1; Minutes;;Abrir no navegador
UAV9J52;ROTA NE_CDD FEIRA DE SANTANA, Vehicle, Diesel, CAMBIO MANUAL, RENAULT, COMBUSTÃO, REG_MACRO REGIÃO NE, VANS, TRS_NEPOMUCENO, UNI_CDD FEIRA DE SANTANA, 80 km/h;b44C;G9F95N0JFNC8;OK;GO Mode;06/04/2026;06/04/2026;06/04/2026;YES;LowVoltage;"This asset's battery is low, and the device may not be receiving enough power.
Please follow these steps:
Check your asset's battery, and electrical system health.
Confirm you are able to start your engine or asset, and check that your device is powered.
If this device is still offline, contact your fleet's Telematics Representative for further assistance.";M562+35 - Humildes, Feira de Santana - BA, Brasil;;13; Minutes;;Abrir no navegador
UAV9J53;ROTA NE_CDD FEIRA DE SANTANA, Vehicle, Diesel, CAMBIO MANUAL, RENAULT, COMBUSTÃO, REG_MACRO REGIÃO NE, VANS, TRS_NEPOMUCENO, UNI_CDD FEIRA DE SANTANA, 80 km/h;b450;G9ZZPKM87NZ1;Off-line para 3+ Dias;GO Mode;14/03/2026;14/03/2026;14/03/2026;NO;;;M562+35 - Humildes, Feira de Santana - BA, Brasil;23 Days;23; Days;23 Days;Abrir no navegador
UAV9J58;ROTA NE_CDD FEIRA DE SANTANA, Vehicle, Diesel, CAMBIO MANUAL, RENAULT, COMBUSTÃO, REG_MACRO REGIÃO NE, VANS, TRS_NEPOMUCENO, UNI_CDD FEIRA DE SANTANA, 80 km/h;b458;G96FBV4DZ0HF;OK;GO Mode;06/04/2026;05/04/2026;06/04/2026;YES;;;M562+35 - Humildes, Feira de Santana - BA, Brasil;;17; Minutes;;Abrir no navegador
UDA1G07;ROTA SUL_CDD LONDRINA, Vehicle, Diesel, CAMBIO MANUAL, MERCEDES BENZ, COMBUSTÃO, REG_MACRO REGIÃO SUL, CAMINHÃO TOCO / TRUCK, TRS_LOG 20, UNI_CDD LONDRINA, 80 km/h;b283;G93W7FYC8SX1;OK;GO Mode;06/04/2026;06/04/2026;06/04/2026;YES;;;R. Santa Clara, 219 - San Rafael, Ibiporã - PR, 86200-000, Brasil;;3; Minutes;;Abrir no navegador
UDA2A34;ROTA RJ ES_CDD PETROPOLIS, Vehicle, Diesel, CAMBIO MANUAL, MERCEDES BENZ, COMBUSTÃO, REG_MACRO REGIÃO RJ ES, CAMINHÃO TOCO / TRUCK, TRS_LOG 20, UNI_CDD PETROPOLIS, 80 km/h;b633;G93XJ34XCZ0N;OK;GO Mode;06/04/2026;06/04/2026;06/04/2026;YES;;;*CD RIO (50km): R. Mário Gelli, 241 - Nova Macaé, Petrópolis - RJ, 25665-455, Brasil;;3; Minutes;;Abrir no navegador
UDA3B45;SUP SE - EMP_JAGUARIUNA, Vehicle, Diesel, CAMBIO AUTOMATICO OU SEMI AUTOMATICO, MERCEDES BENZ, COMBUSTÃO, REG_SUPPLY SE, CAVALO MECÂNICO, TRS_IMEDIATO, UNI_EMP JAGUARIUNA, 90 km/h;b3DD;G95N8B1A1465;OK;GO Mode;06/04/2026;06/04/2026;06/04/2026;YES;;;R. João Furlan, 131 - Vila Menck, Osasco - SP, 06273-072, Brasil;;1; Minutes;;Abrir no navegador
UDA4C35;ROTA SP_CDD EMBU, Vehicle, Diesel, CAMBIO MANUAL, MERCEDES BENZ, COMBUSTÃO, REG_MACRO REGIÃO SP, CAMINHÃO TOCO / TRUCK, TRS_IMEDIATO, UNI_CDD EMBU, 80 km/h;b63F;G938JSKURZAB;OK;GO Mode;06/04/2026;06/04/2026;06/04/2026;YES;;;Sentido Curitiba - Rod. Régis Bittencourt, s/n - km 289 - Potuvera, Itapecerica da Serra - SP, 06882-700, Brasil;;1; Minutes;;Abrir no navegador
UDA7I74;SUP SE - EMP_GUARULHOS, Vehicle, Diesel, CAMBIO AUTOMATICO OU SEMI AUTOMATICO, MERCEDES BENZ, COMBUSTÃO, REG_SUPPLY SE, CAVALO MECÂNICO, TRS_IMEDIATO, UNI_EMP GUARULHOS, 90 km/h;b4C1;G95RDV2DS06Z;OK;GO Mode;05/04/2026;05/04/2026;05/04/2026;YES;;;PR-151 - Jaguariaíva, PR, 84200-000, Brasil;;14; Days;;Abrir no navegador
UDA8D53;ROTA CO_CDD RONDONOPOLIS, Vehicle, CAMBIO MANUAL, VOLKSWAGEN, COMBUSTÃO, REG_MACRO REGIÃO CO, CAMINHÃO TOCO / TRUCK, TRS_CONLOG, UNI_CDD RONDONOPOLIS, 80 km/h;b3DC;G999428WF08J;OK;GO Mode;06/04/2026;06/04/2026;06/04/2026;YES;;;Av. Quinze de Novembro, 1702, Alto Garças - MT, 78770-000, Brasil;;5; Days;;Abrir no navegador
UDA9C10;ROTA SP_CDD PRAIA GRANDE, Vehicle, Diesel, CAMBIO MANUAL, MERCEDES BENZ, COMBUSTÃO, REG_MACRO REGIÃO SP, CAMINHÃO TOCO / TRUCK, TRS_LOG 20, UNI_CDD PRAIA GRANDE, 80 km/h;b632;G93ABW1MR5UM;OK;GO Mode;06/04/2026;06/04/2026;06/04/2026;YES;;;R. José Maria Ruivo, 301 - Casqueiro, Cubatão - SP, 11533-070, Brasil;;1; Minutes;;Abrir no navegador
UDB1D80;SUP SUL - EMP_PONTA GROSSA, Vehicle, Diesel, CAMBIO AUTOMATICO OU SEMI AUTOMATICO, MERCEDES BENZ, COMBUSTÃO, REG_SUPPLY SUL, CAVALO MECÂNICO, TRS_LOG 20, UNI_EMP PONTA GROSSA, 90 km/h;b452;G9NUNY38ZVTH;Off-line para 1 - 2 Dias;GO Mode;05/04/2026;04/04/2026;05/04/2026;NO;;;PR-180, 360 - Pinheirinho, Francisco Beltrão - PR, 85615-000, Brasil;2 Days;1; Days;1 Days;Abrir no navegador
UDB2D80;ROTA SP_CDD SUZANO, Vehicle, Diesel, CAMBIO MANUAL, MERCEDES BENZ, COMBUSTÃO, REG_MACRO REGIÃO SP, CAMINHÃO TOCO / TRUCK, TRS_NEPOMUCENO, UNI_CDD SUZANO, 80 km/h;b57B;G90WF4MJ4BVE;OK (Parado);GO Mode;05/04/2026;02/04/2026;05/04/2026;NO;;;R. Rafael da Anunciação Fontes, 241 - Chácaras Ceres, Suzano - SP, 08655-243, Brasil;;9; Days;9 Days;Abrir no navegador
UDB4J32;SUP SUL - EMP_PONTA GROSSA, Vehicle, Diesel, CAMBIO AUTOMATICO OU SEMI AUTOMATICO, MERCEDES BENZ, COMBUSTÃO, REG_SUPPLY SUL, CAVALO MECÂNICO, TRS_LOG 20, UNI_EMP PONTA GROSSA, 90 km/h;b534;G9FZ86N53C9C;OK;GO Mode;06/04/2026;06/04/2026;06/04/2026;YES;;;Rod. Governador Mário Covas, 12500 - Canhanduba, Itajaí - SC, 88311-601, Brasil;;1; Minutes;;Abrir no navegador
UDB7F84;SUP SE - EMP_JUNDIAI, Vehicle, Diesel, CAMBIO AUTOMATICO OU SEMI AUTOMATICO, MERCEDES BENZ, COMBUSTÃO, REG_SUPPLY SE, CAVALO MECÂNICO, TRS_NEPOMUCENO, UNI_EMP JUNDIAI, 90 km/h;b4DC;G9WCSZA6BFR1;OK;GO Mode;06/04/2026;06/04/2026;06/04/2026;YES;;;CD AMBEV JUNDIAI: R. Pietro Antonio Leo, 201 - St. Industrial, Jundiaí - SP, 13213-007, Brasil;;19; Minutes;;Abrir no navegador
UDB7G87;ROTA SUL_CDD CASCAVEL, Vehicle, Diesel, CAMBIO MANUAL, MERCEDES BENZ, COMBUSTÃO, REG_MACRO REGIÃO SUL, CAMINHÃO TOCO / TRUCK, TRS_LOG 20, UNI_CDD CASCAVEL, 80 km/h;b324;G911531XY6ED;OK;GO Mode;06/04/2026;06/04/2026;06/04/2026;YES;;;R. das Orquídeas, 244 - Guarujá, Cascavel - PR, 85804-380, Brasil;;1; Minutes;;Abrir no navegador
UDB7J04;SUP COMG - EMP_JUATUBA, Vehicle, Diesel, CAMBIO AUTOMATICO OU SEMI AUTOMATICO, MERCEDES BENZ, COMBUSTÃO, REG_SUPPLY COMG, CAVALO MECÂNICO, TRS_NEPOMUCENO, UNI_EMP JUATUBA, 90 km/h;b4E6;G9KBYNRJ4FRP;OK;GO Mode;06/04/2026;05/04/2026;06/04/2026;YES;;;KM - Rod. Fernão Dias, 753 - Distrito Industrial, Três Corações - MG, 37410-000, Brasil;;16; Minutes;;Abrir no navegador
UDB8E75;SUP SUL - EMP_PONTA GROSSA, Vehicle, Diesel, CAMBIO AUTOMATICO OU SEMI AUTOMATICO, MERCEDES BENZ, COMBUSTÃO, REG_SUPPLY SUL, CAVALO MECÂNICO, TRS_LOG 20, UNI_EMP PONTA GROSSA, 90 km/h;b53E;G93RMM58EX6V;OK;GO Mode;06/04/2026;06/04/2026;06/04/2026;YES;;;BR-101 - Vila Nova, Barra Velha - SC, 88390-000 - Vila Nova, Barra Velha - SC, 88390-000, Brasil;;4; Minutes;;Abrir no navegador
UDB9C21;SUP COMG - EMP_JUATUBA, Vehicle, Diesel, CAMBIO AUTOMATICO OU SEMI AUTOMATICO, MERCEDES BENZ, COMBUSTÃO, REG_SUPPLY COMG, CAVALO MECÂNICO, TRS_NEPOMUCENO, UNI_EMP JUATUBA, 90 km/h;b674;G97VBWHJVZ35;OK;GO Mode;06/04/2026;05/04/2026;06/04/2026;YES;;;BR-262, 766 - Francelinos, Juatuba - MG, 35675-000, Brasil;;15; Minutes;;Abrir no navegador
UDC1E74;ROTA SP_CDD PRAIA GRANDE, Vehicle, Diesel, CAMBIO MANUAL, MERCEDES BENZ, COMBUSTÃO, REG_MACRO REGIÃO SP, CAMINHÃO TOCO / TRUCK, TRS_LOG 20, UNI_CDD PRAIA GRANDE, 80 km/h;b611;G9N05W52FV4F;OK;GO Mode;06/04/2026;06/04/2026;06/04/2026;YES;;;R. José Maria Ruivo, 301 - Casqueiro, Cubatão - SP, 11533-070, Brasil;;1; Minutes;;Abrir no navegador
UDC1G56;SUP SE - EMP_JAGUARIUNA, Vehicle, Diesel, CAMBIO AUTOMATICO OU SEMI AUTOMATICO, MERCEDES BENZ, COMBUSTÃO, REG_SUPPLY SE, CAVALO MECÂNICO, TRS_IMEDIATO, UNI_EMP JAGUARIUNA, 90 km/h;b3D5;G95K58WBKV92;OK;GO Mode;06/04/2026;06/04/2026;06/04/2026;YES;;;Av. Antártica, 1126, Jaguariúna - SP, 13820-000, Brasil;;5; Minutes;;Abrir no navegador
UDC1H42;SUP COMG - EMP_CUIABA, Vehicle, Diesel, CAMBIO AUTOMATICO OU SEMI AUTOMATICO, MERCEDES BENZ, COMBUSTÃO, REG_SUPPLY COMG, CAVALO MECÂNICO, TRS_CONLOG, UNI_EMP CUIABA, 90 km/h;b4A2;G90HX2BRDC3B;OK (Parado);GO Mode;06/04/2026;04/04/2026;06/04/2026;NO;;;Estrada Sem Nome - Novo Tempo, Cuiabá - MT, 78158-720, Brasil;;16; Minutes;16 Minutes;Abrir no navegador
UDC2D45;ROTA SP_CDD SUZANO, Vehicle, Diesel, CAMBIO MANUAL, MERCEDES BENZ, COMBUSTÃO, REG_MACRO REGIÃO SP, CAMINHÃO TOCO / TRUCK, TRS_NEPOMUCENO, UNI_CDD SUZANO, 80 km/h;b5A2;G9ZMYW1BWZY4;OK;GO Mode;06/04/2026;06/04/2026;06/04/2026;YES;;;R. Rafael da Anunciação Fontes, 241 - Chácaras Ceres, Suzano - SP, 08655-243, Brasil;;5; Minutes;;Abrir no navegador
UDC3F47;ROTA RJ ES_CDD SAO CRISTOVAO, Vehicle, Diesel, CAMBIO MANUAL, MERCEDES BENZ, COMBUSTÃO, REG_MACRO REGIÃO RJ ES, CAMINHÃO TOCO / TRUCK, TRS_LOG 20, UNI_CDD SÃO CRISTOVAO, 80 km/h;b5FA;G910JU55BS4J;OK;GO Mode;06/04/2026;06/04/2026;06/04/2026;YES;;;CD AMBEV: Viaduto do Gasômetro, 20 - Imperial de São Cristóvão, Rio de Janeiro - RJ, 20931, Brasil;;15; Minutes;;Abrir no navegador
UDC4F56;SUP SE - EMP_JAGUARIUNA, Vehicle, Diesel, CAMBIO AUTOMATICO OU SEMI AUTOMATICO, MERCEDES BENZ, COMBUSTÃO, REG_SUPPLY SE, CAVALO MECÂNICO, TRS_IMEDIATO, UNI_EMP JAGUARIUNA, 90 km/h;b3CC;G9V0WNM8NYR4;OK;GO Mode;06/04/2026;06/04/2026;06/04/2026;YES;;;R. Osvaldo da Silva Bassu, 1121 - Parque da Fonte, São José dos Pinhais - PR, 83050-590, Brasil;;4; Minutes;;Abrir no navegador
UDC5B42;ROTA CO_CDD CUIABA, Vehicle, CAMBIO MANUAL, VOLKSWAGEN, COMBUSTÃO, REG_MACRO REGIÃO CO, CAMINHÃO TOCO / TRUCK, TRS_CONLOG, UNI_CDD CUIABA, 80 km/h;b409;G9KR70WK238M;OK (Parado);GO Mode;05/04/2026;31/03/2026;05/04/2026;NO;;;Av. dos Botucudos, 1047 - Vila Santo Antonio, Jaciara - MT, 78820-000, Brasil;;10; Days;10 Days;Abrir no navegador
UDC9H16;ROTA SP_CDD PRAIA GRANDE, Vehicle, Diesel, CAMBIO MANUAL, MERCEDES BENZ, COMBUSTÃO, REG_MACRO REGIÃO SP, CAMINHÃO TOCO / TRUCK, TRS_LOG 20, UNI_CDD PRAIA GRANDE, 80 km/h;b34F;G9978KN5WHUE;OK;GO Mode;06/04/2026;06/04/2026;06/04/2026;YES;;;R. José Maria Ruivo, 401 - Casqueiro, Cubatão - SP, 11533-070, Brasil;;1; Minutes;;Abrir no navegador
UDD0F78;SUP SUL - EMP_PONTA GROSSA, Vehicle, Diesel, CAMBIO AUTOMATICO OU SEMI AUTOMATICO, MERCEDES BENZ, COMBUSTÃO, REG_SUPPLY SUL, CAVALO MECÂNICO, TRS_LOG 20, UNI_EMP PONTA GROSSA, 90 km/h;b45E;G9YVK4F7D4K9;OK;GO Mode;06/04/2026;06/04/2026;06/04/2026;YES;;;Rod. do Café Gov. Ney Braga, 7402 - Periquitos, Ponta Grossa - PR, Brasil;;1; Minutes;;Abrir no navegador
UDD3D95;SUP SUL - EMP_AGUDOS, Vehicle, Diesel, CAMBIO AUTOMATICO OU SEMI AUTOMATICO, MERCEDES BENZ, COMBUSTÃO, REG_SUPPLY SUL, CAVALO MECÂNICO, TRS_IMEDIATO, UNI_EMP AGUDOS, 90 km/h;b3D4;G95K3R7Z03SU;OK;GO Mode;06/04/2026;06/04/2026;06/04/2026;YES;;;R. Luís Carlos Zani, 2949 - Santa Paula, Ibiporã - PR, 86200-000, Brasil;;9; Minutes;;Abrir no navegador
UDD8J81;SUP SE - EMP_PIRAI, Vehicle, Diesel, Manually Classified Powertrain, CAMBIO AUTOMATICO OU SEMI AUTOMATICO, MERCEDES BENZ, COMBUSTÃO, REG_SUPPLY SE, CAVALO MECÂNICO, TRS_CONLOG, UNI_EMP PIRAI, 90 km/h;b39E;G9TY2FUP16JY;OK;GO Mode;06/04/2026;06/04/2026;06/04/2026;YES;;;R. 5, 01 - Q.03-Lot.33 - Boa Esperança, Seropédica - RJ, 23890-000, Brasil;;1; Minutes;;Abrir no navegador
UDE0I63;ROTA SP_CDD PRAIA GRANDE, Vehicle, Diesel, CAMBIO MANUAL, MERCEDES BENZ, COMBUSTÃO, REG_MACRO REGIÃO SP, CAMINHÃO TOCO / TRUCK, TRS_LOG 20, UNI_CDD PRAIA GRANDE, 80 km/h;b3E0;G96VJ93M8DCP;OK;GO Mode;06/04/2026;06/04/2026;06/04/2026;YES;;;R. José Maria Ruivo, 401 - Casqueiro, Cubatão - SP, 11533-070, Brasil;;1; Minutes;;Abrir no navegador
UDE0J54;SUP COMG - EMP_UBERLANDIA, Vehicle, Diesel, CAMBIO AUTOMATICO OU SEMI AUTOMATICO, MERCEDES BENZ, COMBUSTÃO, REG_SUPPLY COMG, CAVALO MECÂNICO, TRS_IMEDIATO, UNI_EMP UBERLANDIA, 90 km/h;b4D8;G9DAPEAJ9NHF;OK;GO Mode;06/04/2026;05/04/2026;06/04/2026;YES;;;10841 - Rod. Pres. Juscelino Kubitschek - Bação, Itabirito - MG, 35450-000, Brasil;;19; Minutes;;Abrir no navegador
UDE4B29;ROTA SUL_CDD LONDRINA, Vehicle, Diesel, CAMBIO MANUAL, MERCEDES BENZ, COMBUSTÃO, REG_MACRO REGIÃO SUL, CAMINHÃO TOCO / TRUCK, TRS_LOG 20, UNI_CDD LONDRINA, 80 km/h;b552;G9CR7FD8MWCW;OK (Parado);GO Mode;05/04/2026;02/04/2026;05/04/2026;NO;;;R. Santa Clara, 323 - San Rafael, Ibiporã - PR, 86200-000, Brasil;;10; Days;10 Days;Abrir no navegador
UDE5C98;ROTA SP_CDD EMBU, Vehicle, Diesel, CAMBIO MANUAL, MERCEDES BENZ, COMBUSTÃO, REG_MACRO REGIÃO SP, CAMINHÃO TOCO / TRUCK, TRS_IMEDIATO, UNI_CDD EMBU, 80 km/h;b5FF;G9SE9KEAH0YH;OK;GO Mode;06/04/2026;06/04/2026;06/04/2026;YES;;;Av. Rotary, 1720 - Vila Isis Cristina, Embu das Artes - SP, 06815-490, Brasil;;1; Minutes;;Abrir no navegador
UDE6A88;SUP SUL - EMP_PONTA GROSSA, Vehicle, Diesel, CAMBIO AUTOMATICO OU SEMI AUTOMATICO, MERCEDES BENZ, COMBUSTÃO, REG_SUPPLY SUL, CAVALO MECÂNICO, TRS_LOG 20, UNI_EMP PONTA GROSSA, 90 km/h;b500;G9HR5P5AWJC1;OK;GO Mode;06/04/2026;05/04/2026;06/04/2026;YES;;;BR-376, 1460 - Periquitos, Ponta Grossa - PR, 84043-450, Brasil;;15; Minutes;;Abrir no navegador
UDE6D09;ROTA RJ ES_CDD PETROPOLIS, Vehicle, Diesel, CAMBIO MANUAL, MERCEDES BENZ, COMBUSTÃO, REG_MACRO REGIÃO RJ ES, CAMINHÃO TOCO / TRUCK, TRS_LOG 20, UNI_CDD PETROPOLIS, 80 km/h;b60F;G9ZXVCK50H68;OK;GO Mode;06/04/2026;06/04/2026;06/04/2026;YES;;;*CD RIO (50km): R. Luiz Winter, 222 - Duarte Silveira, Petrópolis - RJ, 25665-431, Brasil;;1; Minutes;;Abrir no navegador
UDE6F94;SUP SE - EMP_JACAREI, Vehicle, Diesel, CAMBIO AUTOMATICO OU SEMI AUTOMATICO, MERCEDES BENZ, COMBUSTÃO, REG_SUPPLY SE, CAVALO MECÂNICO, TRS_IMEDIATO, UNI_EMP JACAREI, 90 km/h;b3B7;G9RYABD80XKC;OK;GO Mode;06/04/2026;06/04/2026;06/04/2026;YES;;;Rod. Dom Pedro I, 2010 - Sítio da Moenda, Itatiba - SP, 13252-800, Brasil;;3; Minutes;;Abrir no navegador
UDE7B77;ROTA SP_CDD PRAIA GRANDE, Vehicle, Diesel, CAMBIO MANUAL, MERCEDES BENZ, COMBUSTÃO, REG_MACRO REGIÃO SP, CAMINHÃO TOCO / TRUCK, TRS_LOG 20, UNI_CDD PRAIA GRANDE, 80 km/h;b663;G92X0N4ZK87R;OK;GO Mode;06/04/2026;06/04/2026;06/04/2026;YES;;;R. José Maria Ruivo, 401 - Casqueiro, Cubatão - SP, 11533-070, Brasil;;1; Minutes;;Abrir no navegador
UDF1I46;SUP SE - EMP_GUARULHOS, Vehicle, Diesel, CAMBIO AUTOMATICO OU SEMI AUTOMATICO, MERCEDES BENZ, COMBUSTÃO, REG_SUPPLY SE, CAVALO MECÂNICO, TRS_IMEDIATO, UNI_EMP GUARULHOS, 90 km/h;b52A;G9A0RRCT408W;OK;GO Mode;06/04/2026;06/04/2026;06/04/2026;YES;;;Estr. Guarulhos-Nazaré, 10049 - Água Azul, Guarulhos - SP, 07162-000, Brasil;;2; Days;;Abrir no navegador
UDF4G07;ROTA SP_CDD ARARAQUARA, Vehicle, Diesel, CAMBIO MANUAL, MERCEDES BENZ, COMBUSTÃO, REG_MACRO REGIÃO SP, CAMINHÃO TOCO / TRUCK, TRS_IMEDIATO, UNI_CDD ARARAQUARA, 80 km/h;b532;G9EBZ929HMPU;Off-line para 3+ Dias;GO Mode;02/04/2026;02/04/2026;02/04/2026;NO;;;Av. Engenheiro Camilo Dinucci, 5021 - Jardim Regina, Araraquara - SP, 14808-151, Brasil;4 Days;4; Days;4 Days;Abrir no navegador
UDF7C06;ROTA SP_CDD SUZANO, Vehicle, Diesel, CAMBIO MANUAL, MERCEDES BENZ, COMBUSTÃO, REG_MACRO REGIÃO SP, CAMINHÃO TOCO / TRUCK, TRS_NEPOMUCENO, UNI_CDD SUZANO, 80 km/h;b58B;G9WV62A2ZR5V;OK (Parado);GO Mode;05/04/2026;01/04/2026;05/04/2026;NO;;;R. Rafael da Anunciação Fontes, 241 - Chácaras Ceres, Suzano - SP, 08655-243, Brasil;;14; Days;14 Days;Abrir no navegador
UDG0E41;SUP SUL - EMP_PONTA GROSSA, Vehicle, Diesel, CAMBIO AUTOMATICO OU SEMI AUTOMATICO, MERCEDES BENZ, COMBUSTÃO, REG_SUPPLY SUL, CAVALO MECÂNICO, TRS_LOG 20, UNI_EMP PONTA GROSSA, 90 km/h;b539;G9J366UUNSDC;OK;GO Mode;06/04/2026;06/04/2026;06/04/2026;YES;;;BR-376, 1470 - Periquitos, Ponta Grossa - PR, 84043-450, Brasil;;15; Minutes;;Abrir no navegador
UDG0F46;SUP SUL - EMP_PONTA GROSSA, Vehicle, Diesel, CAMBIO AUTOMATICO OU SEMI AUTOMATICO, MERCEDES BENZ, COMBUSTÃO, REG_SUPPLY SUL, CAVALO MECÂNICO, TRS_LOG 20, UNI_EMP PONTA GROSSA, 90 km/h;b4FC;G97HK10BB0XE;OK;GO Mode;06/04/2026;05/04/2026;06/04/2026;YES;;;BR-101, 170, Tijucas - SC, 88200-000, Brasil;;17; Minutes;;Abrir no navegador
UDG1A35;SUP SE - EMP_PIRAI, Vehicle, Diesel, CAMBIO AUTOMATICO OU SEMI AUTOMATICO, MERCEDES BENZ, COMBUSTÃO, REG_SUPPLY SE, CAVALO MECÂNICO, TRS_CONLOG, UNI_EMP PIRAI, 90 km/h;b6DA;G9A27EXAPH2T;OK;GO Mode;06/04/2026;06/04/2026;06/04/2026;YES;;;Rod. Pres. Dutra, 237 - Santa Amalia, Piraí - RJ, 27175-000, Brasil;;3; Minutes;;Abrir no navegador
UDG3C38;ROTA SUL_CDD CASCAVEL, Vehicle, Diesel, CAMBIO MANUAL, MERCEDES BENZ, COMBUSTÃO, REG_MACRO REGIÃO SUL, CAMINHÃO TOCO / TRUCK, TRS_LOG 20, UNI_CDD CASCAVEL, 80 km/h;b601;G97T1EKY6326;OK;GO Mode;06/04/2026;06/04/2026;06/04/2026;YES;;;R. das Orquídeas, 244 - Guarujá, Cascavel - PR, 85804-380, Brasil;;1; Minutes;;Abrir no navegador
UDG3D91;SUP SUL - EMP_PONTA GROSSA, Vehicle, Diesel, CAMBIO AUTOMATICO OU SEMI AUTOMATICO, MERCEDES BENZ, COMBUSTÃO, REG_SUPPLY SUL, CAVALO MECÂNICO, TRS_LOG 20, UNI_EMP PONTA GROSSA, 90 km/h;b508;G9RVY7UXV9N2;OK;GO Mode;06/04/2026;06/04/2026;06/04/2026;YES;;;Marginal BR 101 - Zona Industrial Norte - Centro (Pirabeiraba), Joinville - SC, 89219-512, Brasil;;17; Minutes;;Abrir no navegador
UDG4F26;SUP SUL - EMP_PONTA GROSSA, Vehicle, Diesel, CAMBIO AUTOMATICO OU SEMI AUTOMATICO, MERCEDES BENZ, COMBUSTÃO, REG_SUPPLY SUL, CAVALO MECÂNICO, TRS_LOG 20, UNI_EMP PONTA GROSSA, 90 km/h;b457;G9E4E7Y8KS6N;OK;GO Mode;05/04/2026;05/04/2026;05/04/2026;YES;;;VXJ6+F4, Marmeleiro - PR, 85615-000, Brasil;;16; Days;;Abrir no navegador
UDG5C18;ROTA SP_CDD EMBU, Vehicle, Diesel, CAMBIO MANUAL, MERCEDES BENZ, COMBUSTÃO, REG_MACRO REGIÃO SP, CAMINHÃO TOCO / TRUCK, TRS_IMEDIATO, UNI_CDD EMBU, 80 km/h;b636;G9YAV0E22DNY;OK;GO Mode;06/04/2026;06/04/2026;06/04/2026;YES;;;Av. Rotary, 1720 - Vila Isis Cristina, Embu das Artes - SP, 06815-490, Brasil;;1; Minutes;;Abrir no navegador
UDG6G48;ROTA SUL_CDD CURITIBA, Vehicle, Diesel, CAMBIO MANUAL, MERCEDES BENZ, COMBUSTÃO, REG_MACRO REGIÃO SUL, CAMINHÃO TOCO / TRUCK, TRS_IMEDIATO, UNI_CDD CURITIBA, 80 km/h;b2BC;G96P9X16R92A;OK;GO Mode;06/04/2026;06/04/2026;06/04/2026;YES;;;R. Alfredo Pinto, 1911 - Parque da Fonte, São José dos Pinhais - PR, 83065-150, Brasil;;1; Minutes;;Abrir no navegador
UDG6I89;ROTA SP_CDD DIADEMA, Vehicle, Diesel, CAMBIO MANUAL, MERCEDES BENZ, COMBUSTÃO, REG_MACRO REGIÃO SP, CAMINHÃO TOCO / TRUCK, TRS_LOG 20, UNI_CDD DIADEMA, 80 km/h;b241;G99KAY4830AZ;OK;GO Mode;06/04/2026;06/04/2026;06/04/2026;YES;;;R. Georg Rexroth, 31 - Piraporinha, Diadema - SP, 09951-270, Brasil;;1; Minutes;;Abrir no navegador
UDG7D24;ROTA SUL_CDD LONDRINA, Vehicle, Diesel, CAMBIO MANUAL, MERCEDES BENZ, COMBUSTÃO, REG_MACRO REGIÃO SUL, CAMINHÃO TOCO / TRUCK, TRS_LOG 20, UNI_CDD LONDRINA, 80 km/h;b317;G91ZB4W0W3X3;OK;GO Mode;06/04/2026;06/04/2026;06/04/2026;YES;;;R. Santa Clara, 323 - San Rafael, Ibiporã - PR, 86200-000, Brasil;;1; Minutes;;Abrir no navegador
UDG9F78;ROTA CO_CDD RONDONOPOLIS, Vehicle, CAMBIO MANUAL, VOLKSWAGEN, COMBUSTÃO, REG_MACRO REGIÃO CO, CAMINHÃO TOCO / TRUCK, TRS_CONLOG, UNI_CDD RONDONOPOLIS, 80 km/h;b40F;G93VTY46YXYK;OK;GO Mode;06/04/2026;06/04/2026;06/04/2026;YES;LowVoltage;"This asset's battery is low, and the device may not be receiving enough power.
Please follow these steps:
Check your asset's battery, and electrical system health.
Confirm you are able to start your engine or asset, and check that your device is powered.
If this device is still offline, contact your fleet's Telematics Representative for further assistance.";Av. Antonio Teixeira Dos Santo 1559, MT, 78750-360, Brazil;;24; Minutes;;Abrir no navegador
UDH0C15;ROTA SP_CDD TAUBATE, Vehicle, Diesel, CAMBIO MANUAL, MERCEDES BENZ, COMBUSTÃO, REG_MACRO REGIÃO SP, CAMINHÃO TOCO / TRUCK, TRS_FADEL, UNI_CDD TAUBATÉ, 80 km/h;b545;G9ENV96Z3MEH;OK (Parado);GO Mode;06/04/2026;04/04/2026;06/04/2026;NO;;;R. Projetada Três, 1 - Lot. Industrial, Taubaté - SP, 12032-000, Brasil;;9; Minutes;9 Minutes;Abrir no navegador
UDH2E46;ROTA RJ ES_CDD PETROPOLIS, Vehicle, Diesel, CAMBIO MANUAL, MERCEDES BENZ, COMBUSTÃO, REG_MACRO REGIÃO RJ ES, CAMINHÃO TOCO / TRUCK, TRS_LOG 20, UNI_CDD PETROPOLIS, 80 km/h;b280;G9D79DEM33E9;OK;GO Mode;06/04/2026;06/04/2026;06/04/2026;YES;;;*CD RIO (50km): R. Bingen, 843 - Bingen, Petrópolis - RJ, 25660-003, Brasil;;17; Minutes;;Abrir no navegador
UDH4A70;ROTA SUL_CDD CURITIBA, Vehicle, Diesel, CAMBIO MANUAL, MERCEDES BENZ, COMBUSTÃO, REG_MACRO REGIÃO SUL, CAMINHÃO TOCO / TRUCK, TRS_IMEDIATO, UNI_CDD CURITIBA, 80 km/h;b515;G9RX0F71KUKW;OK;GO Mode;06/04/2026;06/04/2026;06/04/2026;YES;;;R. Abilio Costa, 496 - Parque da Fonte, São José dos Pinhais - PR, 83050-311, Brasil;;15; Minutes;;Abrir no navegador
UDH4B28;ROTA SP_CDD BARUERI, Vehicle, Diesel, CAMBIO MANUAL, MERCEDES BENZ, COMBUSTÃO, REG_MACRO REGIÃO SP, CAMINHÃO TOCO / TRUCK, TRS_FADEL, UNI_CDD BARUERI, 80 km/h;b330;G9B8CVN4V6C3;OK (Parado);GO Mode;05/04/2026;02/04/2026;05/04/2026;NO;;;R. Pedro de Oliveira, 106 - Vila Sul Americana, Carapicuíba - SP, 06397-085, Brasil;;17; Days;17 Days;Abrir no navegador
UDH4J40;ROTA SP_CDD DIADEMA, Vehicle, Diesel, CAMBIO MANUAL, MERCEDES BENZ, COMBUSTÃO, REG_MACRO REGIÃO SP, CAMINHÃO TOCO / TRUCK, TRS_LOG 20, UNI_CDD DIADEMA, 80 km/h;b25E;G9MY66F8HT5B;OK;GO Mode;06/04/2026;06/04/2026;06/04/2026;YES;;;R. Ouricana, 239 - Jabaquara, São Paulo - SP, 04317-240, Brasil;;5; Minutes;;Abrir no navegador
UDH8F35;SUP COMG - EMP_UBERLANDIA, Vehicle, Diesel, CAMBIO AUTOMATICO OU SEMI AUTOMATICO, MERCEDES BENZ, COMBUSTÃO, REG_SUPPLY COMG, CAVALO MECÂNICO, TRS_IMEDIATO, UNI_EMP UBERLANDIA, 90 km/h;b4D4;G9FRWMTFPSH6;OK;GO Mode;06/04/2026;06/04/2026;06/04/2026;YES;;;brazil - Anápolis, GO, Brasil;;16; Minutes;;Abrir no navegador
UDH8J07;SUP SE - EMP_PIRAI, Vehicle, Diesel, CAMBIO AUTOMATICO OU SEMI AUTOMATICO, MERCEDES BENZ, COMBUSTÃO, REG_SUPPLY SE, CAVALO MECÂNICO, TRS_CONLOG, UNI_EMP PIRAI, 90 km/h;b50F;G997PWW42MP7;OK;GO Mode;06/04/2026;06/04/2026;06/04/2026;YES;;;Rod. Pres. Dutra, 236 - Santa Amalia, Piraí - RJ, 27175-000, Brasil;;1; Minutes;;Abrir no navegador
UDH9A45;ROTA SP_CDD EMBU, Vehicle, Diesel, CAMBIO MANUAL, MERCEDES BENZ, COMBUSTÃO, REG_MACRO REGIÃO SP, CAMINHÃO TOCO / TRUCK, TRS_IMEDIATO, UNI_CDD EMBU, 80 km/h;b64B;G9CTC6BVYKY0;OK;GO Mode;06/04/2026;06/04/2026;06/04/2026;YES;;;Av. Rotary, 1720 - Vila Isis Cristina, Embu das Artes - SP, 06815-490, Brasil;;1; Minutes;;Abrir no navegador
UDH9H34;SUP SE - EMP_JACAREI, Vehicle, Diesel, CAMBIO AUTOMATICO OU SEMI AUTOMATICO, MERCEDES BENZ, COMBUSTÃO, REG_SUPPLY SE, CAVALO MECÂNICO, TRS_IMEDIATO, UNI_EMP JACAREI, 90 km/h;b3AD;G94EW9RN48BR;OK;GO Mode;06/04/2026;06/04/2026;06/04/2026;YES;;;Estr. Mun. Abade Biagino Chieffi, 3385-3469 - Pagador de Andrade, Jacareí - SP, Brasil - Jacareí, SP, 12334-480, Brasil;;1; Minutes;;Abrir no navegador
UDI1H30;SUP SE - EMP_MACACU, Vehicle, Diesel, CAMBIO AUTOMATICO OU SEMI AUTOMATICO, MERCEDES BENZ, COMBUSTÃO, REG_SUPPLY SE, CAVALO MECÂNICO, TRS_CONLOG, UNI_EMP MACACU, 90 km/h;b547;G9VMVR40HCPK;OK;GO Mode;06/04/2026;06/04/2026;06/04/2026;YES;;;km 82 Rodovia Presidente Dutra PIRAPITINGUY, Roseira - SP, 12580-000, Brasil;;1; Minutes;;Abrir no navegador
UDI2F29;ROTA SUL_CDD CASCAVEL, Vehicle, Diesel, CAMBIO MANUAL, MERCEDES BENZ, COMBUSTÃO, REG_MACRO REGIÃO SUL, CAMINHÃO TOCO / TRUCK, TRS_LOG 20, UNI_CDD CASCAVEL, 80 km/h;b602;G9JBD5068HS4;OK;GO Mode;06/04/2026;06/04/2026;06/04/2026;YES;;;R. das Orquídeas, 244 - Guarujá, Cascavel - PR, 85804-380, Brasil;;1; Minutes;;Abrir no navegador
UDI2G29;ROTA SP_CDD PRAIA GRANDE, Vehicle, Diesel, CAMBIO MANUAL, MERCEDES BENZ, COMBUSTÃO, REG_MACRO REGIÃO SP, CAMINHÃO TOCO / TRUCK, TRS_LOG 20, UNI_CDD PRAIA GRANDE, 80 km/h;b665;G9N8K5FDMB2E;OK;GO Mode;06/04/2026;06/04/2026;06/04/2026;YES;;;R. José Maria Ruivo, 301 - Casqueiro, Cubatão - SP, 11533-070, Brasil;;1; Minutes;;Abrir no navegador
UDI2I16;SUP SE - EMP_PIRAI, Vehicle, Diesel, CAMBIO AUTOMATICO OU SEMI AUTOMATICO, MERCEDES BENZ, COMBUSTÃO, REG_SUPPLY SE, CAVALO MECÂNICO, TRS_CONLOG, UNI_EMP PIRAI, 90 km/h;b38C;G9RBTE28AKND;OK;GO Mode;06/04/2026;06/04/2026;06/04/2026;YES;;;R. Rocha Leão, 5 - Caju, Campos dos Goytacazes - RJ, 28051-170, Brasil;;6; Minutes;;Abrir no navegador
UDI3G06;ROTA SUL_CDD LONDRINA, Vehicle, Diesel, CAMBIO MANUAL, MERCEDES BENZ, COMBUSTÃO, REG_MACRO REGIÃO SUL, CAMINHÃO TOCO / TRUCK, TRS_LOG 20, UNI_CDD LONDRINA, 80 km/h;b289;G9EAMF060TVZ;OK;GO Mode;06/04/2026;06/04/2026;06/04/2026;YES;;;R. Guará, 255 - Santa Paula, Ibiporã - PR, 86200-000, Brasil;;6; Minutes;;Abrir no navegador
UDI3J74;ROTA SUL_CDD LONDRINA, Vehicle, Diesel, CAMBIO MANUAL, MERCEDES BENZ, COMBUSTÃO, REG_MACRO REGIÃO SUL, CAMINHÃO TOCO / TRUCK, TRS_LOG 20, UNI_CDD LONDRINA, 80 km/h;b285;G93HY79HF549;OK;GO Mode;06/04/2026;06/04/2026;06/04/2026;YES;;;R. Santa Clara, 323 - San Rafael, Ibiporã - PR, 86200-000, Brasil;;4; Minutes;;Abrir no navegador
UDI4C07;ROTA SUL_CDD FOZ DO IGUAÇU, Vehicle, Diesel, CAMBIO MANUAL, MERCEDES BENZ, COMBUSTÃO, REG_MACRO REGIÃO SUL, CAMINHÃO TOCO / TRUCK, TRS_LOG 20, UNI_CDD FOZ DO IGUAÇU, 80 km/h;b520;G9ZYDKKJT932;OK;GO Mode;06/04/2026;06/04/2026;06/04/2026;YES;;;R. Urano, 1570 - Alvorada, Foz do Iguaçu - PR, Brasil;;1; Minutes;;Abrir no navegador
UDI4J85;ROTA SUL_CDD LONDRINA, Vehicle, Diesel, CAMBIO MANUAL, MERCEDES BENZ, COMBUSTÃO, REG_MACRO REGIÃO SUL, CAMINHÃO TOCO / TRUCK, TRS_LOG 20, UNI_CDD LONDRINA, 80 km/h;b553;G9225KT67U40;OK (Parado);GO Mode;05/04/2026;02/04/2026;05/04/2026;NO;;;R. Santa Clara, 323 - San Rafael, Ibiporã - PR, 86200-000, Brasil;;15; Days;15 Days;Abrir no navegador
UDI6C88;SUP SE - EMP_PIRAI, Vehicle, Diesel, CAMBIO AUTOMATICO OU SEMI AUTOMATICO, MERCEDES BENZ, COMBUSTÃO, REG_SUPPLY SE, CAVALO MECÂNICO, TRS_CONLOG, UNI_EMP PIRAI, 90 km/h;b392;G9YMHB0MNFTH;OK;GO Mode;06/04/2026;06/04/2026;06/04/2026;YES;;;Rod. Pres. Dutra, 237 - Santa Amalia, Piraí - RJ, 27175-000, Brasil;;3; Minutes;;Abrir no navegador
UDI9E55;ROTA RJ ES_CDD PETROPOLIS, Vehicle, Diesel, CAMBIO MANUAL, MERCEDES BENZ, COMBUSTÃO, REG_MACRO REGIÃO RJ ES, CAMINHÃO TOCO / TRUCK, TRS_LOG 20, UNI_CDD PETROPOLIS, 80 km/h;b62C;G9SKYTK8Z0S7;OK;GO Mode;06/04/2026;06/04/2026;06/04/2026;YES;;;*CD RIO (50km): R. Mário Gelli, 241 - Nova Macaé, Petrópolis - RJ, 25665-455, Brasil;;1; Minutes;;Abrir no navegador
UDI9E91;SUP SUL - EMP_PONTA GROSSA, Vehicle, Diesel, CAMBIO AUTOMATICO OU SEMI AUTOMATICO, MERCEDES BENZ, COMBUSTÃO, REG_SUPPLY SUL, CAVALO MECÂNICO, TRS_LOG 20, UNI_EMP PONTA GROSSA, 90 km/h;b4FE;G9DCJFM3MMTV;OK;GO Mode;06/04/2026;06/04/2026;06/04/2026;YES;;;BR376, BR376, BR376, BR376, BR376, BR376, BR376, BR376, BR376, BR376, BR376, BR376, BR376, BR376, BR376, BR376, BR376, BR376, BR376, BR376, BR376, BR376, BR376, BR376, BR376, BR376: BR-376, 4000 - Campo Largo da Roseira, São José dos Pinhais - PR, Brasil;;1; Minutes;;Abrir no navegador
UDJ0D36;ROTA SP_CDD PRAIA GRANDE, Vehicle, Diesel, CAMBIO MANUAL, MERCEDES BENZ, COMBUSTÃO, REG_MACRO REGIÃO SP, CAMINHÃO TOCO / TRUCK, TRS_LOG 20, UNI_CDD PRAIA GRANDE, 80 km/h;b661;G9CYKRPTC4FT;OK;GO Mode;06/04/2026;06/04/2026;06/04/2026;YES;;;R. José Maria Ruivo, 301 - Casqueiro, Cubatão - SP, 11533-070, Brasil;;1; Minutes;;Abrir no navegador
UDJ0G64;ROTA NE_CDD ARACAJU, Vehicle, Diesel, CAMBIO MANUAL, MERCEDES BENZ, COMBUSTÃO, REG_MACRO REGIÃO SP, CAMINHÃO TOCO / TRUCK, TRS_GHISOLFI, UNI_CDD ARACAJU, 80 km/h;b620;G963VVZ27U6E;Off-line para 1 - 2 Dias;GO Mode;04/04/2026;24/03/2026;04/04/2026;NO;;;R. S Pq Dos Farois, 261 - Lot. Itacanema II, Nossa Sra. do Socorro - SE, 49160-000, Brasil;13 Days;1; Days;1 Days;Abrir no navegador
UDJ2E14;SUP SE - EMP_PIRAI, Vehicle, Diesel, CAMBIO AUTOMATICO OU SEMI AUTOMATICO, MERCEDES BENZ, COMBUSTÃO, REG_SUPPLY SE, CAVALO MECÂNICO, TRS_CONLOG, UNI_EMP PIRAI, 90 km/h;b47B;G9Z6PAFE52X1;OK;GO Mode;06/04/2026;05/04/2026;06/04/2026;YES;;;km 82 Rodovia Presidente Dutra PIRAPITINGUY, Roseira - SP, 12580-000, Brasil;;18; Minutes;;Abrir no navegador
UDJ3E55;ROTA SUL_CDD CASCAVEL, Vehicle, Diesel, CAMBIO MANUAL, MERCEDES BENZ, COMBUSTÃO, REG_MACRO REGIÃO SUL, CAMINHÃO TOCO / TRUCK, TRS_LOG 20, UNI_CDD CASCAVEL, 80 km/h;b31E;G98PB83UAAUW;OK;GO Mode;06/04/2026;06/04/2026;06/04/2026;YES;;;R. das Orquídeas, 244 - Guarujá, Cascavel - PR, 85804-380, Brasil;;3; Minutes;;Abrir no navegador
UDJ4B04;SUP SUL - EMP_AGUDOS, Vehicle, Diesel, CAMBIO AUTOMATICO OU SEMI AUTOMATICO, MERCEDES BENZ, COMBUSTÃO, REG_SUPPLY SUL, CAVALO MECÂNICO, TRS_IMEDIATO, UNI_EMP AGUDOS, 90 km/h;b578;G9XHEN7M650H;OK;GO Mode;06/04/2026;06/04/2026;06/04/2026;YES;;;Rod. Marechal Rondon, 317 - Agudos, SP, 18685-850, Brasil;;15; Minutes;;Abrir no navegador
UDJ4C68;ROTA SP_CDD CAMPINAS, Vehicle, Diesel, CAMBIO MANUAL, MERCEDES BENZ, COMBUSTÃO, REG_MACRO REGIÃO SP, CAMINHÃO TOCO / TRUCK, TRS_IMEDIATO, UNI_CDD CAMPINAS, 80 km/h;b631;G9F407AAC92H;OK (Parado);GO Mode;06/04/2026;04/04/2026;06/04/2026;NO;;;Avenida Madrid, 190 - Cascata, Paulínia - SP, 13145-247, Brasil;;3; Minutes;3 Minutes;Abrir no navegador
UDJ4J72;ROTA SUL_CDD LONDRINA, Vehicle, Diesel, CAMBIO MANUAL, MERCEDES BENZ, COMBUSTÃO, REG_MACRO REGIÃO SUL, CAMINHÃO TOCO / TRUCK, TRS_LOG 20, UNI_CDD LONDRINA, 80 km/h;b284;G9DM50UYBP2Z;OK;GO Mode;06/04/2026;06/04/2026;06/04/2026;YES;;;R. Guará, 255 - Santa Paula, Ibiporã - PR, 86200-000, Brasil;;1; Minutes;;Abrir no navegador
UDJ5C48;SUP SE - EMP_PIRAI, Vehicle, Diesel, CAMBIO AUTOMATICO OU SEMI AUTOMATICO, MERCEDES BENZ, COMBUSTÃO, REG_SUPPLY SE, CAVALO MECÂNICO, TRS_CONLOG, UNI_EMP PIRAI, 90 km/h;b471;G9BS5U4P8DX9;OK (Parado);GO Mode;05/04/2026;30/03/2026;05/04/2026;NO;;;R. Luís Fernandes de Castro, 172 - Santa Maria III, Barra Mansa - RJ, 27351-310, Brasil;;16; Days;16 Days;Abrir no navegador
UDJ5I63;SUP SUL - EMP_PONTA GROSSA, Vehicle, Diesel, CAMBIO AUTOMATICO OU SEMI AUTOMATICO, MERCEDES BENZ, COMBUSTÃO, REG_SUPPLY SUL, CAVALO MECÂNICO, TRS_LOG 20, UNI_EMP PONTA GROSSA, 90 km/h;b519;G9WWA6587CSJ;OK;GO Mode;06/04/2026;06/04/2026;06/04/2026;YES;;;R. Luís Carlos Zani, 2783 - Santa Paula, Ibiporã - PR, 86200-000, Brasil;;1; Minutes;;Abrir no navegador
UDJ7E25;ROTA SP_CDD CAMPINAS, Vehicle, Diesel, CAMBIO MANUAL, MERCEDES BENZ, COMBUSTÃO, REG_MACRO REGIÃO SP, CAMINHÃO TOCO / TRUCK, TRS_IMEDIATO, UNI_CDD CAMPINAS, 80 km/h;b5F7;G9AV4RTU0R3K;OK;GO Mode;06/04/2026;06/04/2026;06/04/2026;YES;;;Avenida Madrid, 190 - Cascata, Paulínia - SP, 13145-247, Brasil;;2; Minutes;;Abrir no navegador
UDJ7I09;ROTA SP_CDD PRESID. PRUDENTE, Vehicle, Diesel, CAMBIO MANUAL, MERCEDES BENZ, COMBUSTÃO, REG_MACRO REGIÃO SP, CAMINHÃO TOCO / TRUCK, TRS_IMEDIATO, UNI_CDD PRESID. PRUDENTE, 80 km/h;b2C0;G9B3UX1U6X7M;OK;GO Mode;06/04/2026;06/04/2026;06/04/2026;YES;;;Rua Izabel Fernandes da Silva, 26 - Jardim Novo Bongiovani, Pres. Prudente - SP, 19026-663, Brasil;;6; Minutes;;Abrir no navegador
UDJ9D68;ROTA SUL_CDD LONDRINA, Vehicle, Diesel, CAMBIO MANUAL, MERCEDES BENZ, COMBUSTÃO, REG_MACRO REGIÃO SUL, CAMINHÃO TOCO / TRUCK, TRS_LOG 20, UNI_CDD LONDRINA, 80 km/h;b28C;G9H5BYXFFT2M;OK;GO Mode;06/04/2026;06/04/2026;06/04/2026;YES;;;Viaduto Melo Peixoto, 54 - Cambé, PR, 86191, Brasil;;1; Minutes;;Abrir no navegador
UDK1J17;SUP SE - EMP_MACACU, Vehicle, Diesel, CAMBIO AUTOMATICO OU SEMI AUTOMATICO, MERCEDES BENZ, COMBUSTÃO, REG_SUPPLY SE, CAVALO MECÂNICO, TRS_CONLOG, UNI_EMP MACACU, 90 km/h;b50C;G9FSWJK6UJE3;OK;GO Mode;06/04/2026;06/04/2026;06/04/2026;YES;;;BR-101, 30 - Serra do Anil, Cariacica - ES, 29147-030, Brasil;;16; Minutes;;Abrir no navegador
UDK2B91;ROTA SP_CDD PRESID. PRUDENTE, Vehicle, Diesel, CAMBIO MANUAL, MERCEDES BENZ, COMBUSTÃO, REG_MACRO REGIÃO SP, CAMINHÃO TOCO / TRUCK, TRS_IMEDIATO, UNI_CDD PRESID. PRUDENTE, 80 km/h;b250;G9JW82238AZK;OK (Parado);GO Mode;06/04/2026;04/04/2026;06/04/2026;NO;;;R. Carlos Ignácio Alcêncio, 10 - Uep6-S.2, Pres. Prudente - SP, 19045-373, Brasil;;15; Minutes;15 Minutes;Abrir no navegador
UDK4E68;ROTA SP_CDD AGUDOS, Vehicle, Diesel, CAMBIO MANUAL, MERCEDES BENZ, COMBUSTÃO, REG_MACRO REGIÃO SP, CAMINHÃO TOCO / TRUCK, TRS_IMEDIATO, UNI_CDD AGUDOS, 80 km/h;b2A1;G9R6Z1949P37;OK;GO Mode;06/04/2026;06/04/2026;06/04/2026;YES;;;Rod. Marechal Rondon, 22619 - Agudos, SP, 17120-000, Brasil;;7; Minutes;;Abrir no navegador
UDK6D57;ROTA SUL_CDD CURITIBA, Vehicle, Diesel, CAMBIO MANUAL, MERCEDES BENZ, COMBUSTÃO, REG_MACRO REGIÃO SUL, CAMINHÃO TOCO / TRUCK, TRS_IMEDIATO, UNI_CDD CURITIBA, 80 km/h;b4A9;G960XJM9J9HD;OK;GO Mode;06/04/2026;06/04/2026;06/04/2026;YES;;;R. Alfredo Pinto, 1405 - Parque da Fonte, São José dos Pinhais - PR, 83050-320, Brasil;;3; Minutes;;Abrir no navegador
UDK6D78;ROTA SP_CDD ARARAQUARA, Vehicle, Diesel, CAMBIO MANUAL, MERCEDES BENZ, COMBUSTÃO, REG_MACRO REGIÃO SP, CAMINHÃO TOCO / TRUCK, TRS_IMEDIATO, UNI_CDD ARARAQUARA, 80 km/h;b48E;G98FJ55SWD4K;Off-line para 3+ Dias;GO Mode;02/04/2026;02/04/2026;02/04/2026;NO;;;Av. Engenheiro Camilo Dinucci, 5021 - Jardim Regina, Araraquara - SP, 14808-151, Brasil;4 Days;4; Days;4 Days;Abrir no navegador
UDL1B89;SUP SUL - EMP_PONTA GROSSA, Vehicle, Diesel, CAMBIO AUTOMATICO OU SEMI AUTOMATICO, MERCEDES BENZ, COMBUSTÃO, REG_SUPPLY SUL, CAVALO MECÂNICO, TRS_LOG 20, UNI_EMP PONTA GROSSA, 90 km/h;b44F;G90PCB0ECKBV;OK;GO Mode;06/04/2026;06/04/2026;06/04/2026;YES;;;Av. Marginal, 4947 - Guarujá, Cascavel - PR, 85804-720, Brasil;;1; Minutes;;Abrir no navegador
UDL2I44;SUP SUL - EMP_AGUDOS, Vehicle, Diesel, CAMBIO AUTOMATICO OU SEMI AUTOMATICO, MERCEDES BENZ, COMBUSTÃO, REG_SUPPLY SUL, CAVALO MECÂNICO, TRS_IMEDIATO, UNI_EMP AGUDOS, 90 km/h;b541;G9U9AXJW89JT;OK;GO Mode;06/04/2026;06/04/2026;06/04/2026;YES;;;Rod. Anhangüera, 308 - (L-11), Ribeirão Preto - SP, 14093-500, Brasil;;4; Minutes;;Abrir no navegador
UDL4A36;ROTA SUL_CDD CASCAVEL, Vehicle, Diesel, CAMBIO MANUAL, MERCEDES BENZ, COMBUSTÃO, REG_MACRO REGIÃO SUL, CAMINHÃO TOCO / TRUCK, TRS_LOG 20, UNI_CDD CASCAVEL, 80 km/h;b41C;G93JESFV5Z6N;OK;GO Mode;06/04/2026;06/04/2026;06/04/2026;YES;;;R. das Orquídeas, 244 - Guarujá, Cascavel - PR, 85804-380, Brasil;;14; Minutes;;Abrir no navegador
UDL4I10;ROTA CO_CDD CUIABA, Vehicle, CAMBIO MANUAL, VOLKSWAGEN, COMBUSTÃO, REG_MACRO REGIÃO CO, CAMINHÃO TOCO / TRUCK, TRS_CONLOG, UNI_CDD CUIABA, 80 km/h;b40B;G95FN6358ZYU;OK;GO Mode;06/04/2026;06/04/2026;06/04/2026;YES;;;Estrada Sem Nome - Novo Tempo, Cuiabá - MT, 78158-720, Brasil;;33; Minutes;;Abrir no navegador
UDL5C82;ROTA SP_CDD PRAIA GRANDE, Vehicle, Diesel, CAMBIO MANUAL, MERCEDES BENZ, COMBUSTÃO, REG_MACRO REGIÃO SP, CAMINHÃO TOCO / TRUCK, TRS_LOG 20, UNI_CDD PRAIA GRANDE, 80 km/h;b666;G92TDEMF1VNH;OK;GO Mode;06/04/2026;06/04/2026;06/04/2026;YES;;;Av. Nossa Sra. de Fátima, 168 - Casqueiro, Cubatão - SP, 11533-030, Brasil;;6; Minutes;;Abrir no navegador
UDL7H94;SUP SUL - EMP_AGUDOS, Vehicle, Diesel, CAMBIO AUTOMATICO OU SEMI AUTOMATICO, MERCEDES BENZ, COMBUSTÃO, REG_SUPPLY SUL, CAVALO MECÂNICO, TRS_IMEDIATO, UNI_EMP AGUDOS, 90 km/h;b4D3;G9TAYD2VZ78B;OK;GO Mode;06/04/2026;06/04/2026;06/04/2026;YES;;;R. Santa Clara, 219 - San Rafael, Ibiporã - PR, 86200-000, Brasil;;15; Minutes;;Abrir no navegador
UDL9A85;ROTA SUL_CDD CASCAVEL, Vehicle, Diesel, CAMBIO MANUAL, MERCEDES BENZ, COMBUSTÃO, REG_MACRO REGIÃO SUL, CAMINHÃO TOCO / TRUCK, TRS_LOG 20, UNI_CDD CASCAVEL, 80 km/h;b2D4;G9TXJ5NCN7SB;OK (Parado);GO Mode;06/04/2026;04/04/2026;06/04/2026;NO;;;R. das Orquídeas, 310 - Guarujá, Cascavel - PR, 85804-380, Brasil;;14; Minutes;14 Minutes;Abrir no navegador
UDM5G82;ROTA SUL_CDD CASCAVEL, Vehicle, Diesel, CAMBIO MANUAL, MERCEDES BENZ, COMBUSTÃO, REG_MACRO REGIÃO SUL, CAMINHÃO TOCO / TRUCK, TRS_LOG 20, UNI_CDD CASCAVEL, 80 km/h;b320;G92N5BB49W4U;OK;GO Mode;06/04/2026;06/04/2026;06/04/2026;YES;;;Av. Tito Muffato, 435 - Esmeralda, Cascavel - PR, 85806-080, Brasil;;1; Minutes;;Abrir no navegador
UDM5I95;ROTA SP_CDD SAO JOSE CAMPOS, Vehicle, Diesel, CAMBIO MANUAL, MERCEDES BENZ, COMBUSTÃO, REG_MACRO REGIÃO SP, CAMINHÃO TOCO / TRUCK, TRS_FADEL, UNI_CDD SÃO JOSÉ DOS CAMPOS, 80 km/h;b36F;G9J22CNVM5KC;OK (Parado);GO Mode;05/04/2026;01/04/2026;05/04/2026;NO;;;R. Carlos Marcondes, 299 - Limoeiro, São José dos Campos - SP, 12230-002, Brasil;;16; Days;16 Days;Abrir no navegador
UDM7A43;SUP SE - EMP_PIRAI, Vehicle, Diesel, CAMBIO AUTOMATICO OU SEMI AUTOMATICO, MERCEDES BENZ, COMBUSTÃO, REG_SUPPLY SE, CAVALO MECÂNICO, TRS_CONLOG, UNI_EMP PIRAI, 90 km/h;b38E;G9KM54WYTX02;OK;GO Mode;06/04/2026;06/04/2026;06/04/2026;YES;;;Av. Antártica, 1867, Jaguariúna - SP, 13820-000, Brasil;;17; Minutes;;Abrir no navegador
UDM7E58;ROTA SP_CDD DIADEMA, Vehicle, Diesel, CAMBIO MANUAL, MERCEDES BENZ, COMBUSTÃO, REG_MACRO REGIÃO SP, CAMINHÃO TOCO / TRUCK, TRS_LOG 20, UNI_CDD DIADEMA, 80 km/h;b24F;G91MSTJC0VKX;OK;GO Mode;06/04/2026;06/04/2026;06/04/2026;YES;;;Av. Padre Antônio José dos Santos, 274 - Cidade Monções, São Paulo - SP, 04563-000, Brasil;;1; Minutes;;Abrir no navegador
UDM7E73;ROTA SP_CDD DIADEMA, Vehicle, Diesel, CAMBIO MANUAL, MERCEDES BENZ, COMBUSTÃO, REG_MACRO REGIÃO SP, CAMINHÃO TOCO / TRUCK, TRS_LOG 20, UNI_CDD DIADEMA, 80 km/h;b25D;G95JNX1YS967;OK;GO Mode;06/04/2026;06/04/2026;06/04/2026;YES;;;Av. Fagundes de Oliveira, 868 - Vila Padre Anchieta, Diadema - SP, 09950-300, Brasil;;18; Minutes;;Abrir no navegador
UDM9F41;ROTA RJ ES_CDD PETROPOLIS, Vehicle, Diesel, CAMBIO MANUAL, MERCEDES BENZ, COMBUSTÃO, REG_MACRO REGIÃO RJ ES, CAMINHÃO TOCO / TRUCK, TRS_LOG 20, UNI_CDD PETROPOLIS, 80 km/h;b614;G9BZP91F6UY3;OK;GO Mode;06/04/2026;06/04/2026;06/04/2026;YES;;;*CD RIO (50km): R. Luiz Winter, 222 - Duarte Silveira, Petrópolis - RJ, 25665-431, Brasil;;12; Minutes;;Abrir no navegador
UDN1H85;ROTA RJ ES_CDD PETROPOLIS, Vehicle, Diesel, CAMBIO MANUAL, MERCEDES BENZ, COMBUSTÃO, REG_MACRO REGIÃO RJ ES, CAMINHÃO TOCO / TRUCK, TRS_LOG 20, UNI_CDD PETROPOLIS, 80 km/h;b645;G9M2JJP11M5N;OK;GO Mode;06/04/2026;06/04/2026;06/04/2026;YES;;;*CD RIO (50km): R. Mário Gelli, 241 - Nova Macaé, Petrópolis - RJ, 25665-455, Brasil;;1; Minutes;;Abrir no navegador
UDN2C75;ROTA SP_CDD CAMPINAS, Vehicle, Diesel, CAMBIO MANUAL, MERCEDES BENZ, COMBUSTÃO, REG_MACRO REGIÃO SP, CAMINHÃO TOCO / TRUCK, TRS_IMEDIATO, UNI_CDD CAMPINAS, 80 km/h;b5F6;G9HF36EMEEAM;OK;GO Mode;06/04/2026;06/04/2026;06/04/2026;YES;;;R. José Bonifácio, 4 - Chácara São José, Paulínia - SP, 13145-660, Brasil;;1; Minutes;;Abrir no navegador
UDN2E88;ROTA SP_CDD RIBEIRAO PRETO, Vehicle, Diesel, CAMBIO MANUAL, MERCEDES BENZ, COMBUSTÃO, REG_MACRO REGIÃO SP, CAMINHÃO TOCO / TRUCK, TRS_IMEDIATO, UNI_CDD RIBEIRÃO PRETO, 80 km/h;b2F2;G9N21VJSDE2Z;OK;GO Mode;06/04/2026;06/04/2026;06/04/2026;YES;;;Q6XW+Q2 - Lot. Parque dos Lagos, Ribeirão Preto - SP, 14097-140, Brasil;;1; Minutes;;Abrir no navegador
UDN4H46;SUP SE - EMP_JAGUARIUNA, Vehicle, Diesel, CAMBIO AUTOMATICO OU SEMI AUTOMATICO, MERCEDES BENZ, COMBUSTÃO, REG_SUPPLY SE, CAVALO MECÂNICO, TRS_IMEDIATO, UNI_EMP JAGUARIUNA, 90 km/h;b3B2;G9DZVNV5KZMY;OK;GO Mode;06/04/2026;06/04/2026;06/04/2026;YES;;;Av. Antártica, 1214, Jaguariúna - SP, 13820-000, Brasil;;15; Minutes;;Abrir no navegador
UDN9D00;SUP SUL - EMP_PONTA GROSSA, Vehicle, Diesel, CAMBIO AUTOMATICO OU SEMI AUTOMATICO, MERCEDES BENZ, COMBUSTÃO, REG_SUPPLY SUL, CAVALO MECÂNICO, TRS_LOG 20, UNI_EMP PONTA GROSSA, 90 km/h;b529;G960ZDS313EM;OK;GO Mode;06/04/2026;06/04/2026;06/04/2026;YES;;;Rod. Prestes Maia, 376, Tijucas do Sul - PR, 83190-000, Brasil;;6; Minutes;;Abrir no navegador
UDN9D26;ROTA SUL_CDD CASCAVEL, Vehicle, Diesel, CAMBIO MANUAL, MERCEDES BENZ, COMBUSTÃO, REG_MACRO REGIÃO SUL, CAMINHÃO TOCO / TRUCK, TRS_LOG 20, UNI_CDD CASCAVEL, 80 km/h;b61B;G9WN7F157E8A;OK;GO Mode;06/04/2026;06/04/2026;06/04/2026;YES;;;PR 182, PR 182, PR 182: Av. Marginal, 4206 - Esmeralda, Cascavel - PR, 85804-720, Brasil;;2; Minutes;;Abrir no navegador
UDN9J90;ROTA RJ ES_CDD PETROPOLIS, Vehicle, Diesel, CAMBIO MANUAL, MERCEDES BENZ, COMBUSTÃO, REG_MACRO REGIÃO RJ ES, CAMINHÃO TOCO / TRUCK, TRS_LOG 20, UNI_CDD PETROPOLIS, 80 km/h;b556;G9KUVVWSUCB9;OK (Parado);GO Mode;06/04/2026;04/04/2026;06/04/2026;NO;;;*CD RIO (50km): R. Luiz Winter, 222 - Duarte Silveira, Petrópolis - RJ, 25665-431, Brasil;;15; Minutes;15 Minutes;Abrir no navegador
UDO0C87;ROTA SP_CDD SUZANO, Vehicle, Diesel, CAMBIO MANUAL, MERCEDES BENZ, COMBUSTÃO, REG_MACRO REGIÃO SP, CAMINHÃO TOCO / TRUCK, TRS_NEPOMUCENO, UNI_CDD SUZANO, 80 km/h;b5A1;G9PUNN4U3CJ0;OK;GO Mode;06/04/2026;06/04/2026;06/04/2026;YES;;;Estr. das Neves, 536 - Vila Barros, Suzano - SP, 08650-000, Brasil;;3; Minutes;;Abrir no navegador
UDO3I01;ROTA SP_CDD PRESID. PRUDENTE, Vehicle, Diesel, CAMBIO MANUAL, MERCEDES BENZ, COMBUSTÃO, REG_MACRO REGIÃO SP, CAMINHÃO TOCO / TRUCK, TRS_IMEDIATO, UNI_CDD PRESID. PRUDENTE, 80 km/h;b256;G9UZ8B85M5W8;OK;GO Mode;06/04/2026;06/04/2026;06/04/2026;YES;;;R. Visc. de Cairú, 264 - Vila Sao Jorge, Pres. Prudente - SP, 19013-070, Brasil;;7; Minutes;;Abrir no navegador
UDO8I31;SUP SE - EMP_PIRAI, Vehicle, Diesel, CAMBIO AUTOMATICO OU SEMI AUTOMATICO, MERCEDES BENZ, COMBUSTÃO, REG_SUPPLY SE, CAVALO MECÂNICO, TRS_CONLOG, UNI_EMP PIRAI, 90 km/h;b393;G9JSP44HRFNB;Off-line para 3+ Dias;GO Mode;22/03/2026;18/03/2026;22/03/2026;NO;;;Rod. Pres. Dutra, 416 - Cantagalo, Barra Mansa - RJ, 27338-000, Brasil;19 Days;14; Days;14 Days;Abrir no navegador
UDO9A36;SUP COMG - EMP_UBERLANDIA, Vehicle, Diesel, CAMBIO AUTOMATICO OU SEMI AUTOMATICO, MERCEDES BENZ, COMBUSTÃO, REG_SUPPLY COMG, CAVALO MECÂNICO, TRS_IMEDIATO, UNI_EMP UBERLANDIA, 90 km/h;b4C8;G94JM8TVTST8;OK;GO Mode;06/04/2026;06/04/2026;06/04/2026;YES;;;Rodovia 452 KM 19 - Santa Juliana, MG, 38175-000, Brasil;;13; Minutes;;Abrir no navegador
UDO9J97;SUP SUL - EMP_PONTA GROSSA, Vehicle, Diesel, CAMBIO AUTOMATICO OU SEMI AUTOMATICO, MERCEDES BENZ, COMBUSTÃO, REG_SUPPLY SUL, CAVALO MECÂNICO, TRS_LOG 20, UNI_EMP PONTA GROSSA, 90 km/h;b4FA;G9PZCCTXBKYC;OK;GO Mode;06/04/2026;06/04/2026;06/04/2026;YES;;;BR-277, Cascavel - PR, Brasil;;17; Minutes;;Abrir no navegador
UDP2A84;ROTA NE_CDD ARACAJU, Vehicle, Diesel, CAMBIO MANUAL, MERCEDES BENZ, COMBUSTÃO, REG_MACRO REGIÃO SP, CAMINHÃO TOCO / TRUCK, TRS_GHISOLFI, UNI_CDD ARACAJU, 80 km/h;b587;G9YE66CVS71E;OK (Parado);GO Mode;06/04/2026;24/03/2026;06/04/2026;NO;;;R. S Pq Dos Farois, 261 - Lot. Itacanema II, Nossa Sra. do Socorro - SE, 49160-000, Brasil;;13; Minutes;13 Minutes;Abrir no navegador
UDP4A57;SUP SE - EMP_MACACU, Vehicle, Diesel, CAMBIO AUTOMATICO OU SEMI AUTOMATICO, MERCEDES BENZ, COMBUSTÃO, REG_SUPPLY SE, CAVALO MECÂNICO, TRS_CONLOG, UNI_EMP MACACU, 90 km/h;b50D;G92V5N6UMFDN;OK;GO Mode;06/04/2026;05/04/2026;06/04/2026;YES;;;*CD RIO (50km): R. Irineu Alves dos Santos, 755 - Fazenda Raul Seixas, Guapimirim - RJ, 25940-000, Brasil;;6; Minutes;;Abrir no navegador
UDP5E48;ROTA SP_CDD RIBEIRAO PRETO, Vehicle, Diesel, CAMBIO MANUAL, MERCEDES BENZ, COMBUSTÃO, REG_MACRO REGIÃO SP, CAMINHÃO TOCO / TRUCK, TRS_IMEDIATO, UNI_CDD RIBEIRÃO PRETO, 80 km/h;b2D5;G9S64FTF1JVX;OK;GO Mode;06/04/2026;06/04/2026;06/04/2026;YES;;;Q6XW+Q2 - Lot. Parque dos Lagos, Ribeirão Preto - SP, 14097-140, Brasil;;18; Minutes;;Abrir no navegador
UDP7C81;ROTA SUL_CDD CASCAVEL, Vehicle, Diesel, CAMBIO MANUAL, MERCEDES BENZ, COMBUSTÃO, REG_MACRO REGIÃO SUL, CAMINHÃO TOCO / TRUCK, TRS_LOG 20, UNI_CDD CASCAVEL, 80 km/h;b527;G9PUW4THAESX;OK;GO Mode;06/04/2026;06/04/2026;06/04/2026;YES;;;R. das Orquídeas, 216 - Guarujá, Cascavel - PR, 85804-380, Brasil;;2; Minutes;;Abrir no navegador
UDQ0C77;SUP SUL - EMP_PONTA GROSSA, Vehicle, Diesel, CAMBIO AUTOMATICO OU SEMI AUTOMATICO, MERCEDES BENZ, COMBUSTÃO, REG_SUPPLY SUL, CAVALO MECÂNICO, TRS_LOG 20, UNI_EMP PONTA GROSSA, 90 km/h;b4F3;G942PRFZVKP3;OK;GO Mode;06/04/2026;05/04/2026;06/04/2026;YES;;;Rodovia do Café - Periquitos, Ponta Grossa - PR, 84064-250, Brasil;;17; Minutes;;Abrir no navegador
UDQ0F57;ROTA SUL_CDD LONDRINA, Vehicle, Diesel, CAMBIO MANUAL, MERCEDES BENZ, COMBUSTÃO, REG_MACRO REGIÃO SUL, CAMINHÃO TOCO / TRUCK, TRS_LOG 20, UNI_CDD LONDRINA, 80 km/h;b555;G95XV7ND93U2;OK;GO Mode;06/04/2026;06/04/2026;06/04/2026;YES;;;R. Santa Clara, 219 - San Rafael, Ibiporã - PR, 86200-000, Brasil;;4; Minutes;;Abrir no navegador
UDQ1F33;SUP SE - EMP_JAGUARIUNA, Vehicle, Diesel, CAMBIO AUTOMATICO OU SEMI AUTOMATICO, MERCEDES BENZ, COMBUSTÃO, REG_SUPPLY SE, CAVALO MECÂNICO, TRS_IMEDIATO, UNI_EMP JAGUARIUNA, 90 km/h;b3BC;G903HB5SJAD3;OK;GO Mode;06/04/2026;06/04/2026;06/04/2026;YES;;;G6FC+9V - Industrial Anhangüera, Osasco - SP, Brasil;;27; Minutes;;Abrir no navegador
UDQ2G34;SUP SE - EMP_GUARULHOS, Vehicle, Diesel, CAMBIO AUTOMATICO OU SEMI AUTOMATICO, MERCEDES BENZ, COMBUSTÃO, REG_SUPPLY SE, CAVALO MECÂNICO, TRS_IMEDIATO, UNI_EMP GUARULHOS, 90 km/h;b4C0;G9AFD5UR0S2F;OK;GO Mode;06/04/2026;06/04/2026;06/04/2026;YES;;;Estr. Albino Martello, 595 - Mato das Cobras, Guarulhos - SP, 07175-560, Brasil;;2; Minutes;;Abrir no navegador
UDQ2H53;ROTA SUL_CDD CASCAVEL, Vehicle, Diesel, CAMBIO MANUAL, MERCEDES BENZ, COMBUSTÃO, REG_MACRO REGIÃO SUL, CAMINHÃO TOCO / TRUCK, TRS_LOG 20, UNI_CDD CASCAVEL, 80 km/h;b62A;G9BHB8W3E24D;OK;GO Mode;06/04/2026;06/04/2026;06/04/2026;YES;;;R. das Orquídeas, 268 - Guarujá, Cascavel - PR, 85804-380, Brasil;;1; Minutes;;Abrir no navegador
UDQ3D57;ROTA SUL_CDD CASCAVEL, Vehicle, Diesel, CAMBIO MANUAL, MERCEDES BENZ, COMBUSTÃO, REG_MACRO REGIÃO SUL, CAMINHÃO TOCO / TRUCK, TRS_LOG 20, UNI_CDD CASCAVEL, 80 km/h;b638;G94P20D0B4YT;OK;GO Mode;06/04/2026;06/04/2026;06/04/2026;YES;;;PR 182, PR 182, PR 182: Rod. Br 277 Km 592 A 595, 1180 - Santos Dumont, Cascavel - PR, 85804-200, Brasil;;8; Minutes;;Abrir no navegador
UDQ4B32;ROTA SP_CDD PRESID. PRUDENTE, Vehicle, Manually Classified Powertrain, CAMBIO MANUAL, MERCEDES BENZ, COMBUSTÃO, REG_MACRO REGIÃO SP, CAMINHÃO TOCO / TRUCK, TRS_IMEDIATO, UNI_CDD PRESID. PRUDENTE, 80 km/h;b26E;G9YS7EVS7HCR;OK;GO Mode;06/04/2026;06/04/2026;06/04/2026;YES;;;Terminal Rodoviário de Tarabai, Tarabai - SP, 19210-000, Brasil;;2; Minutes;;Abrir no navegador
UDQ6A22;ROTA SUL_CDD FLORIANOPOLIS, Vehicle, CAMBIO MANUAL, VOLKSWAGEN, COMBUSTÃO, REG_MACRO REGIÃO SUL, CAMINHÃO TOCO / TRUCK, TRS_CONLOG, UNI_CDD FLORIANOPOLIS, 80 km/h;b61D;G9Z92VEAYBN3;OK;GO Mode;06/04/2026;06/04/2026;06/04/2026;YES;;;R. Frei Lauro, 28 - Pte. do Imaruim, Palhoça - SC, 88130-750, Brasil;;1; Minutes;;Abrir no navegador
UDQ6C45;SUP SE - EMP_JAGUARIUNA, Vehicle, Diesel, CAMBIO AUTOMATICO OU SEMI AUTOMATICO, MERCEDES BENZ, COMBUSTÃO, REG_SUPPLY SE, CAVALO MECÂNICO, TRS_IMEDIATO, UNI_EMP JAGUARIUNA, 90 km/h;b4CA;G90T9K1UVB9W;OK;GO Mode;06/04/2026;06/04/2026;06/04/2026;YES;;;Av. Antártica, 1852, Jaguariúna - SP, 13820-000, Brasil;;1; Minutes;;Abrir no navegador
UDQ6J85;SUP SE - EMP_JAGUARIUNA, Vehicle, Diesel, CAMBIO AUTOMATICO OU SEMI AUTOMATICO, MERCEDES BENZ, COMBUSTÃO, REG_SUPPLY SE, CAVALO MECÂNICO, TRS_IMEDIATO, UNI_EMP JAGUARIUNA, 90 km/h;b3BA;G9UPRWYY5DA2;OK;GO Mode;06/04/2026;06/04/2026;06/04/2026;YES;;;Av. Antártica, 1214, Jaguariúna - SP, 13820-000, Brasil;;5; Minutes;;Abrir no navegador
UDQ8D86;ROTA RJ ES_CDD PETROPOLIS, Vehicle, Diesel, CAMBIO MANUAL, MERCEDES BENZ, COMBUSTÃO, REG_MACRO REGIÃO RJ ES, CAMINHÃO TOCO / TRUCK, TRS_LOG 20, UNI_CDD PETROPOLIS, 80 km/h;b60A;G96MH0M9VFC5;OK (Parado);GO Mode;06/04/2026;04/04/2026;06/04/2026;NO;;;*CD RIO (50km): R. Mário Gelli, 241 - Nova Macaé, Petrópolis - RJ, 25665-455, Brasil;;15; Minutes;15 Minutes;Abrir no navegador
UDQ8E89;ROTA SP_CDD SUZANO, Vehicle, Diesel, CAMBIO MANUAL, MERCEDES BENZ, COMBUSTÃO, REG_MACRO REGIÃO SP, CAMINHÃO TOCO / TRUCK, TRS_NEPOMUCENO, UNI_CDD SUZANO, 80 km/h;b3FC;G9ZTA92D3Z5S;OK;GO Mode;06/04/2026;06/04/2026;06/04/2026;YES;;;R. Rafael da Anunciação Fontes, 241 - Chácaras Ceres, Suzano - SP, 08655-243, Brasil;;2; Minutes;;Abrir no navegador
UDQ8E94;SUP SE - EMP_JUNDIAI, Vehicle, Diesel, CAMBIO AUTOMATICO OU SEMI AUTOMATICO, MERCEDES BENZ, COMBUSTÃO, REG_SUPPLY SE, CAVALO MECÂNICO, TRS_NEPOMUCENO, UNI_EMP JUNDIAI, 90 km/h;b4EA;G939Y7RRZB4H;OK;GO Mode;06/04/2026;06/04/2026;06/04/2026;YES;;;SP-348, Limeira - SP, 13483, Brasil;;1; Minutes;;Abrir no navegador
UDQ8G57;SUP COMG - EMP_UBERLANDIA, Vehicle, Diesel, CAMBIO AUTOMATICO OU SEMI AUTOMATICO, MERCEDES BENZ, COMBUSTÃO, REG_SUPPLY COMG, CAVALO MECÂNICO, TRS_IMEDIATO, UNI_EMP UBERLANDIA, 90 km/h;b509;G92RSWJ4V4FW;OK;GO Mode;06/04/2026;06/04/2026;06/04/2026;YES;;;Rod. Anhangüera, 1114, Nova Odessa - SP, 13460-000, Brasil;;1; Minutes;;Abrir no navegador
UDR0J65;SUP SUL - EMP_AGUDOS, Vehicle, Diesel, CAMBIO AUTOMATICO OU SEMI AUTOMATICO, MERCEDES BENZ, COMBUSTÃO, REG_SUPPLY SUL, CAVALO MECÂNICO, TRS_IMEDIATO, UNI_EMP AGUDOS, 90 km/h;b3DE;G95M73J53335;OK;GO Mode;06/04/2026;06/04/2026;06/04/2026;YES;;;Rod. Cmte. João Ribeiro de Barros, 820-918, Dourado - SP, 13590-000, Brasil;;1; Minutes;;Abrir no navegador
UDR2C20;ROTA SP_CDD SAO JOSE CAMPOS, Vehicle, Diesel, CAMBIO MANUAL, MERCEDES BENZ, COMBUSTÃO, REG_MACRO REGIÃO SP, CAMINHÃO TOCO / TRUCK, TRS_FADEL, UNI_CDD SÃO JOSÉ DOS CAMPOS, 80 km/h;b5ED;G9Y07SJ84363;OK;GO Mode;06/04/2026;06/04/2026;06/04/2026;YES;;;R. Carlos Marcondes, 315 - Jardim Limoeiro, São José dos Campos - SP, 12230-002, Brasil;;2; Minutes;;Abrir no navegador
UDR2E79;SUP SE - EMP_PIRAI, Vehicle, Diesel, CAMBIO AUTOMATICO OU SEMI AUTOMATICO, MERCEDES BENZ, COMBUSTÃO, REG_SUPPLY SE, CAVALO MECÂNICO, TRS_CONLOG, UNI_EMP PIRAI, 90 km/h;b3A1;G9PZ2WZ1A6ZU;OK (Parado);GO Mode;06/04/2026;26/03/2026;06/04/2026;NO;;;Rod. Pres. Dutra, 282 - Cantagalo, Barra Mansa - RJ, Brasil;;5; Days;5 Days;Abrir no navegador
UDR5H56;SUP SUL - EMP_PONTA GROSSA, Vehicle, Diesel, CAMBIO AUTOMATICO OU SEMI AUTOMATICO, MERCEDES BENZ, COMBUSTÃO, REG_SUPPLY SUL, CAVALO MECÂNICO, TRS_LOG 20, UNI_EMP PONTA GROSSA, 90 km/h;b4F6;G9KBS7NFTW74;OK;GO Mode;06/04/2026;06/04/2026;06/04/2026;YES;;;R. Anaburgo, 2500 - Zona Industrial Norte, Joinville - SC, 89219-630, Brasil;;8; Minutes;;Abrir no navegador
UDR8B91;SUP SE - EMP_PIRAI, Vehicle, Diesel, CAMBIO AUTOMATICO OU SEMI AUTOMATICO, MERCEDES BENZ, COMBUSTÃO, REG_SUPPLY SE, CAVALO MECÂNICO, TRS_CONLOG, UNI_EMP PIRAI, 90 km/h;b6C5;G9TZY09VW8VW;OK;GO Mode;06/04/2026;06/04/2026;06/04/2026;YES;;;Rod. Pres. Dutra, 237 - Santa Amalia, Piraí - RJ, 27175-000, Brasil;;1; Minutes;;Abrir no navegador
UDR9G62;SUP SE - EMP_PIRAI, Vehicle, Diesel, CAMBIO AUTOMATICO OU SEMI AUTOMATICO, MERCEDES BENZ, COMBUSTÃO, REG_SUPPLY SE, CAVALO MECÂNICO, TRS_CONLOG, UNI_EMP PIRAI, 90 km/h;b418;G9ZJHBJW65SC;OK;GO Mode;06/04/2026;06/04/2026;06/04/2026;YES;;;Rod. Pres. Dutra, Sn - Km 237 - Piraí, RJ, 27175-000, Brasil;;1; Minutes;;Abrir no navegador
UDS1H04;SUP SE - EMP_JAGUARIUNA, Vehicle, Diesel, CAMBIO AUTOMATICO OU SEMI AUTOMATICO, MERCEDES BENZ, COMBUSTÃO, REG_SUPPLY SE, CAVALO MECÂNICO, TRS_IMEDIATO, UNI_EMP JAGUARIUNA, 90 km/h;b3D2;G9PK978J84YH;OK;GO Mode;06/04/2026;06/04/2026;06/04/2026;YES;;;MG-238, 4048 - Jardim Primavera II, Sete Lagoas - MG, 35703-106, Brasil;;1; Minutes;;Abrir no navegador
UDS1J29;ROTA SP_CDD SUZANO, Vehicle, Diesel, CAMBIO MANUAL, MERCEDES BENZ, COMBUSTÃO, REG_MACRO REGIÃO SP, CAMINHÃO TOCO / TRUCK, TRS_NEPOMUCENO, UNI_CDD SUZANO, 80 km/h;b5B2;G9TRMCUEDSZJ;OK;GO Mode;06/04/2026;06/04/2026;06/04/2026;YES;;;R. Rafael da Anunciação Fontes, 241 - Chácaras Ceres, Suzano - SP, 08655-243, Brasil;;12; Minutes;;Abrir no navegador
UDS3C78;ROTA SP_CDD PRESID. PRUDENTE, Vehicle, Diesel, CAMBIO MANUAL, FOTON, COMBUSTÃO, REG_MACRO REGIÃO SP, CAMINHÃO TOCO / TRUCK, TRS_IMEDIATO, UNI_CDD PRESID. PRUDENTE, 80 km/h;b57C;G9J87BS231KH;OK;GO Mode;06/04/2026;06/04/2026;06/04/2026;YES;;;R. Prof. Noé Azevedo, 867 - Uep3-S.1, Pres. Prudente - SP, 19067-360, Brasil;;1; Minutes;;Abrir no navegador
UDS8G15;SUP SE - EMP_JACAREI, Vehicle, Diesel, CAMBIO AUTOMATICO OU SEMI AUTOMATICO, MERCEDES BENZ, COMBUSTÃO, REG_SUPPLY SE, CAVALO MECÂNICO, TRS_IMEDIATO, UNI_EMP JACAREI, 90 km/h;b4D1;G9KZD3WARX4V;OK;GO Mode;06/04/2026;06/04/2026;06/04/2026;YES;;;Avenida Madrid, 500 - Cascata, Paulínia - SP, 13145-247, Brasil;;16; Minutes;;Abrir no navegador
UDS8G99;SUP SE - EMP_PIRAI, Vehicle, Diesel, CAMBIO AUTOMATICO OU SEMI AUTOMATICO, MERCEDES BENZ, COMBUSTÃO, REG_SUPPLY SE, CAVALO MECÂNICO, TRS_CONLOG, UNI_EMP PIRAI, 90 km/h;b506;G9NABEFE05V4;OK;GO Mode;06/04/2026;06/04/2026;06/04/2026;YES;;;Rod. Pres. Dutra, 237 - Santa Amalia, Piraí - RJ, 27175-000, Brasil;;4; Minutes;;Abrir no navegador
UDT0C98;SUP COMG - EMP_CUIABA, Vehicle, Diesel, CAMBIO AUTOMATICO OU SEMI AUTOMATICO, MERCEDES BENZ, COMBUSTÃO, REG_SUPPLY COMG, CAVALO MECÂNICO, TRS_CONLOG, UNI_EMP CUIABA, 90 km/h;b496;G9T7CDERVN46;OK;GO Mode;06/04/2026;06/04/2026;06/04/2026;YES;;;Terminal Antarctica - Novo Tempo, Cuiabá - MT, 78158-720, Brasil;;1; Minutes;;Abrir no navegador
UDT1A32;ROTA SP_CDD PRESID. PRUDENTE, Vehicle, Diesel, CAMBIO MANUAL, MERCEDES BENZ, COMBUSTÃO, REG_MACRO REGIÃO SP, CAMINHÃO TOCO / TRUCK, TRS_IMEDIATO, UNI_CDD PRESID. PRUDENTE, 80 km/h;b28B;G9FY54B8SHSC;OK;GO Mode;06/04/2026;06/04/2026;06/04/2026;YES;;;R. Carlos Ignácio Alcêncio, 10 - Uep6-S.2, Pres. Prudente - SP, 19045-373, Brasil;;1; Minutes;;Abrir no navegador
UDT1D30;SUP SE - EMP_PIRAI, Vehicle, Diesel, CAMBIO AUTOMATICO OU SEMI AUTOMATICO, MERCEDES BENZ, COMBUSTÃO, REG_SUPPLY SE, CAVALO MECÂNICO, TRS_CONLOG, UNI_EMP PIRAI, 90 km/h;b389;G946WDTXVDB7;OK;GO Mode;06/04/2026;05/04/2026;06/04/2026;YES;;;Rod. Pres. Dutra, 27 - Piraí, RJ, 27175-000, Brasil;;12; Minutes;;Abrir no navegador
UDT2F07;ROTA CO_CDD CUIABA, Vehicle, Diesel, Manually Classified Powertrain, CAMBIO MANUAL, VOLKSWAGEN, COMBUSTÃO, REG_MACRO REGIÃO CO, CAMINHÃO TOCO / TRUCK, TRS_CONLOG, UNI_CDD CUIABA, 80 km/h;b40E;G9D78WVRVYDY;OK;GO Mode;06/04/2026;06/04/2026;06/04/2026;YES;;;Estrada Sem Nome - Novo Tempo, Cuiabá - MT, 78158-720, Brasil;;16; Minutes;;Abrir no navegador
UDT2F80;ROTA SP_CDD DIADEMA, Vehicle, Diesel, CAMBIO MANUAL, MERCEDES BENZ, COMBUSTÃO, REG_MACRO REGIÃO SP, CAMINHÃO TOCO / TRUCK, TRS_LOG 20, UNI_CDD DIADEMA, 80 km/h;b28D;G9AM44CC3EUF;OK;GO Mode;06/04/2026;06/04/2026;06/04/2026;YES;;;Praça Min. Salgado Filho, 2 - Vila Alpina, Santo André - SP, 09071-140, Brasil;;1; Minutes;;Abrir no navegador
UDT3B83;ROTA RJ ES_CDD SAO CRISTOVAO, Vehicle, Diesel, CAMBIO MANUAL, MERCEDES BENZ, COMBUSTÃO, REG_MACRO REGIÃO RJ ES, CAMINHÃO TOCO / TRUCK, TRS_LOG 20, UNI_CDD SÃO CRISTOVAO, 80 km/h;b648;G9KPANH9VT6B;OK (Parado);GO Mode;06/04/2026;19/03/2026;06/04/2026;NO;;;CD AMBEV: Viaduto do Gasômetro, 2008 - Imperial de São Cristóvão, Rio de Janeiro - RJ, 20931-675, Brasil;;7; Minutes;7 Minutes;Abrir no navegador
UDT3G95;ROTA SP_CDD SAO JOSE CAMPOS, Vehicle, Diesel, CAMBIO MANUAL, MERCEDES BENZ, COMBUSTÃO, REG_MACRO REGIÃO SP, CAMINHÃO TOCO / TRUCK, TRS_FADEL, UNI_CDD SÃO JOSÉ DOS CAMPOS, 80 km/h;b25B;G9TY337XP407;OK;GO Mode;06/04/2026;06/04/2026;06/04/2026;YES;;;R. Carlos Marcondes, 1480 - Jardim Limoeiro, São José dos Campos - SP, 12230-002, Brasil;;1; Minutes;;Abrir no navegador
UDT4G49;ROTA SP_CDD PRESID. PRUDENTE, Vehicle, Diesel, CAMBIO MANUAL, FOTON, COMBUSTÃO, REG_MACRO REGIÃO SP, CAMINHÃO TOCO / TRUCK, TRS_IMEDIATO, UNI_CDD PRESID. PRUDENTE, 80 km/h;b5BF;G90D069B1FBV;OK;GO Mode;06/04/2026;06/04/2026;06/04/2026;YES;;;R. Carlos Ignácio Alcêncio, 10 - Uep6-S.2, Pres. Prudente - SP, 19045-373, Brasil;;11; Minutes;;Abrir no navegador
UDT5A06;ROTA CO_CDD RONDONOPOLIS, Vehicle, CAMBIO MANUAL, MERCEDES BENZ, COMBUSTÃO, REG_MACRO REGIÃO CO, CAMINHÃO TOCO / TRUCK, TRS_CONLOG, UNI_CDD RONDONOPOLIS, 80 km/h;b40C;G986U5V1A1Z4;OK;GO Mode;06/04/2026;06/04/2026;06/04/2026;YES;;;Av. Antonio Teixeira Dos Santo 1559, MT, 78750-360, Brazil;;5; Minutes;;Abrir no navegador
UDT5B56;ROTA SP_CDD DIADEMA, Vehicle, Diesel, CAMBIO MANUAL, MERCEDES BENZ, COMBUSTÃO, REG_MACRO REGIÃO SP, CAMINHÃO TOCO / TRUCK, TRS_LOG 20, UNI_CDD DIADEMA, 80 km/h;b310;G93EXJTU61ET;OK;GO Mode;06/04/2026;06/04/2026;06/04/2026;YES;;;R. Papa Paulo VI, 490 - Santa Terezinha, São Bernardo do Campo - SP, 09781-250, Brasil;;10; Minutes;;Abrir no navegador
UDT6C94;SUP SE - EMP_PIRAI, Vehicle, Diesel, CAMBIO AUTOMATICO OU SEMI AUTOMATICO, MERCEDES BENZ, COMBUSTÃO, REG_SUPPLY SE, CAVALO MECÂNICO, TRS_CONLOG, UNI_EMP PIRAI, 90 km/h;b3A2;G9MFDCA2C903;OK;GO Mode;06/04/2026;06/04/2026;06/04/2026;YES;;;Rod. Pres. Dutra, 1 - Santa Amalia, Piraí - RJ, 27175-000, Brasil;;1; Minutes;;Abrir no navegador
UDT6H98;ROTA SP_CDD TAUBATE, Vehicle, Diesel, CAMBIO MANUAL, MERCEDES BENZ, COMBUSTÃO, REG_MACRO REGIÃO SP, CAMINHÃO TOCO / TRUCK, TRS_FADEL, UNI_CDD TAUBATÉ, 80 km/h;b5C2;G93ETCRW93H5;OK;GO Mode;06/04/2026;06/04/2026;06/04/2026;YES;;;R. Cel. Marcondes de Matos, 6934 - Chácara Flórida, Taubaté - SP, Brasil;;1; Minutes;;Abrir no navegador
UDT8A71;ROTA SUL_CDD CURITIBA, Vehicle, Diesel, CAMBIO MANUAL, MERCEDES BENZ, COMBUSTÃO, REG_MACRO REGIÃO SUL, CAMINHÃO TOCO / TRUCK, TRS_IMEDIATO, UNI_CDD CURITIBA, 80 km/h;b2CD;G9MPKRM32PWY;OK;GO Mode;06/04/2026;06/04/2026;06/04/2026;YES;;;Av. Pres. Kennedy, 4121 - L3 - Portão, Curitiba - PR, 80610-000, Brasil;;12; Minutes;;Abrir no navegador
UDT8G06;SUP SE - EMP_PIRAI, Vehicle, Diesel, CAMBIO AUTOMATICO OU SEMI AUTOMATICO, MERCEDES BENZ, COMBUSTÃO, REG_SUPPLY SE, CAVALO MECÂNICO, TRS_CONLOG, UNI_EMP PIRAI, 90 km/h;b4FF;G99F1KRHNPMT;OK;GO Mode;06/04/2026;06/04/2026;06/04/2026;YES;;;R. Severo Pinheiro, 84, Nazaré Paulista - SP, 12960-000, Brasil;;1; Minutes;;Abrir no navegador
UDT8I87;ROTA SP_CDD PRAIA GRANDE, Vehicle, Diesel, CAMBIO MANUAL, MERCEDES BENZ, COMBUSTÃO, REG_MACRO REGIÃO SP, CAMINHÃO TOCO / TRUCK, TRS_LOG 20, UNI_CDD PRAIA GRANDE, 80 km/h;b664;G9F8E316WU6W;OK;GO Mode;06/04/2026;06/04/2026;06/04/2026;YES;;;R. José Maria Ruivo, 301 - Casqueiro, Cubatão - SP, 11533-070, Brasil;;1; Minutes;;Abrir no navegador
UDT9H42;ROTA SP_CDD PRAIA GRANDE, Vehicle, Diesel, CAMBIO MANUAL, MERCEDES BENZ, COMBUSTÃO, REG_MACRO REGIÃO SP, CAMINHÃO TOCO / TRUCK, TRS_LOG 20, UNI_CDD PRAIA GRANDE, 80 km/h;b662;G90M5FH5KN32;OK (Parado);GO Mode;06/04/2026;04/04/2026;06/04/2026;NO;;;R. Dona Rosa Pereira Cunha, 160 - Parque Sao Luis, Cubatão - SP, 11531-220, Brasil;;6; Minutes;6 Minutes;Abrir no navegador
UDU4I55;SUP SE - EMP_JAGUARIUNA, Vehicle, Diesel, CAMBIO AUTOMATICO OU SEMI AUTOMATICO, MERCEDES BENZ, COMBUSTÃO, REG_SUPPLY SE, CAVALO MECÂNICO, TRS_IMEDIATO, UNI_EMP JAGUARIUNA, 90 km/h;b3C9;G9M1D56ADJX5;OK;GO Mode;06/04/2026;06/04/2026;06/04/2026;YES;;;MG-050, 46 - Juatuba, MG, 35675-000, Brasil;;1; Minutes;;Abrir no navegador
UDU6C72;ROTA SP_CDD PRESID. PRUDENTE, Vehicle, Diesel, CAMBIO MANUAL, MERCEDES BENZ, COMBUSTÃO, REG_MACRO REGIÃO SP, CAMINHÃO TOCO / TRUCK, TRS_IMEDIATO, UNI_CDD PRESID. PRUDENTE, 80 km/h;b28E;G90NCD3RTHS6;OK;GO Mode;06/04/2026;06/04/2026;06/04/2026;YES;;;Zona - AMBEV GRAN DOURADOS - MATO GROSSO DO SUL (trecho 12): BR-267, 300, Santo Anastácio - SP, 19360-000, Brasil;;1; Minutes;;Abrir no navegador
UDU8A29;ROTA SUL_CDD CURITIBA, Vehicle, Diesel, CAMBIO MANUAL, MERCEDES BENZ, COMBUSTÃO, REG_MACRO REGIÃO SUL, CAMINHÃO TOCO / TRUCK, TRS_IMEDIATO, UNI_CDD CURITIBA, 80 km/h;b2B4;G9983JSEP3N1;OK;GO Mode;06/04/2026;06/04/2026;06/04/2026;YES;;;R. Abilio Costa, 496 - Parque da Fonte, São José dos Pinhais - PR, 83050-311, Brasil;;3; Minutes;;Abrir no navegador
UDU9I88;ROTA RJ ES_CDD PETROPOLIS, Vehicle, Diesel, CAMBIO MANUAL, MERCEDES BENZ, COMBUSTÃO, REG_MACRO REGIÃO RJ ES, CAMINHÃO TOCO / TRUCK, TRS_LOG 20, UNI_CDD PETROPOLIS, 80 km/h;b5F4;G98NHRWR800Y;OK;GO Mode;06/04/2026;06/04/2026;06/04/2026;YES;;;*CD RIO (50km): R. Mário Gelli, 241 - Nova Macaé, Petrópolis - RJ, 25665-455, Brasil;;16; Minutes;;Abrir no navegador
UDV1C04;ROTA SUL_CDD PELOTAS, Vehicle, CAMBIO MANUAL, VOLKSWAGEN, COMBUSTÃO, REG_MACRO REGIÃO SUL, CAMINHÃO TOCO / TRUCK, TRS_CONLOG, UNI_CDD PELOTAS, 80 km/h;b615;G98TAKCYSZ7S;OK;GO Mode;06/04/2026;06/04/2026;06/04/2026;YES;;;BR-471 - Santa Terezinha, Pelotas - RS, Brasil - Santa Terezinha, Pelotas - RS, 96015, Brasil;;1; Minutes;;Abrir no navegador
UDV1H26;SUP SUL - EMP_AGUDOS, Vehicle, Diesel, CAMBIO AUTOMATICO OU SEMI AUTOMATICO, MERCEDES BENZ, COMBUSTÃO, REG_SUPPLY SUL, CAVALO MECÂNICO, TRS_IMEDIATO, UNI_EMP AGUDOS, 90 km/h;b3C3;G9K9U12UV0MB;OK;GO Mode;06/04/2026;06/04/2026;06/04/2026;YES;;;Av. Engenheiro Camilo Dinucci, 5021 - Jardim Regina, Araraquara - SP, 14808-151, Brasil;;2; Minutes;;Abrir no navegador
UDV2F28;ROTA SUL_CDD CASCAVEL, Vehicle, Diesel, CAMBIO MANUAL, MERCEDES BENZ, COMBUSTÃO, REG_MACRO REGIÃO SUL, CAMINHÃO TOCO / TRUCK, TRS_LOG 20, UNI_CDD CASCAVEL, 80 km/h;b542;G93PT0TE2DB5;OK;GO Mode;06/04/2026;06/04/2026;06/04/2026;YES;;;R. Três Poderes, 5393 - Cascavel Velho, Cascavel - PR, 85818-070, Brasil;;1; Minutes;;Abrir no navegador
UDV7I82;ROTA RJ ES_CDD PETROPOLIS, Vehicle, Diesel, CAMBIO MANUAL, MERCEDES BENZ, COMBUSTÃO, REG_MACRO REGIÃO RJ ES, CAMINHÃO TOCO / TRUCK, TRS_LOG 20, UNI_CDD PETROPOLIS, 80 km/h;b63A;G96HNX79B2HC;OK;GO Mode;06/04/2026;05/04/2026;06/04/2026;YES;;;*CD RIO (50km): R. Luiz Winter, 222 - Duarte Silveira, Petrópolis - RJ, 25665-431, Brasil;;12; Minutes;;Abrir no navegador
UDW0A53;SUP SE - EMP_GUARULHOS, Vehicle, Diesel, CAMBIO AUTOMATICO OU SEMI AUTOMATICO, MERCEDES BENZ, COMBUSTÃO, REG_SUPPLY SE, CAVALO MECÂNICO, TRS_IMEDIATO, UNI_EMP GUARULHOS, 90 km/h;b3CB;G91YRANKE9SJ;OK;GO Mode;06/04/2026;06/04/2026;06/04/2026;YES;;;Estr. Albino Martello, 595 - Mato das Cobras, Guarulhos - SP, 07175-560, Brasil;;1; Minutes;;Abrir no navegador
UDW1F34;SUP SE - EMP_JAGUARIUNA, Vehicle, Diesel, CAMBIO AUTOMATICO OU SEMI AUTOMATICO, MERCEDES BENZ, COMBUSTÃO, REG_SUPPLY SE, CAVALO MECÂNICO, TRS_IMEDIATO, UNI_EMP JAGUARIUNA, 90 km/h;b3C5;G9B3SM19V574;OK;GO Mode;06/04/2026;06/04/2026;06/04/2026;YES;;;MG-223 - Araguari, MG, Brasil;;11; Minutes;;Abrir no navegador
UDW4E31;ROTA SP_CDD PRESID. PRUDENTE, Vehicle, Diesel, CAMBIO MANUAL, MERCEDES BENZ, COMBUSTÃO, REG_MACRO REGIÃO SP, CAMINHÃO TOCO / TRUCK, TRS_IMEDIATO, UNI_CDD PRESID. PRUDENTE, 80 km/h;b2C6;G9V42RXV3EW8;OK;GO Mode;06/04/2026;06/04/2026;06/04/2026;YES;;;SP-613 - Teodoro Sampaio, SP, 19280-000, Brasil;;13; Minutes;;Abrir no navegador
UDW5F98;ROTA SUL_CDD CURITIBA, Vehicle, Diesel, CAMBIO MANUAL, MERCEDES BENZ, COMBUSTÃO, REG_MACRO REGIÃO SUL, CAMINHÃO TOCO / TRUCK, TRS_IMEDIATO, UNI_CDD CURITIBA, 80 km/h;b2FB;G9T1BX8WWUC1;OK (Parado);GO Mode;06/04/2026;04/04/2026;06/04/2026;NO;;;R. Abilio Costa, 496 - Parque da Fonte, São José dos Pinhais - PR, 83050-311, Brasil;;16; Minutes;16 Minutes;Abrir no navegador
UDW5I70;ROTA CO_CDD RONDONOPOLIS, Vehicle, Diesel, Manually Classified Powertrain, CAMBIO MANUAL, VOLKSWAGEN, COMBUSTÃO, REG_MACRO REGIÃO CO, CAMINHÃO TOCO / TRUCK, TRS_CONLOG, UNI_CDD RONDONOPOLIS, 80 km/h;b3E2;G91WSAK2SMHX;OK;GO Mode;06/04/2026;06/04/2026;06/04/2026;YES;;;Av. Uirapuru, 3453 - Parque Res. Universitario, Rondonópolis - MT, 78745-160, Brasil;;35; Minutes;;Abrir no navegador
UDW7B26;ROTA SP_CDD CAMPINAS, Vehicle, Diesel, CAMBIO MANUAL, MERCEDES BENZ, COMBUSTÃO, REG_MACRO REGIÃO SP, CAMINHÃO TOCO / TRUCK, TRS_IMEDIATO, UNI_CDD CAMPINAS, 80 km/h;b5E7;G9SBW55S61P9;OK;GO Mode;06/04/2026;06/04/2026;06/04/2026;YES;;;Av. Iguatemi, 777 - Vila Brandina, Campinas - SP, 13092-902, Brasil;;2; Minutes;;Abrir no navegador
UDX1A13;ROTA SP_CDD DIADEMA, Vehicle, Diesel, CAMBIO MANUAL, MERCEDES BENZ, COMBUSTÃO, REG_MACRO REGIÃO SP, CAMINHÃO TOCO / TRUCK, TRS_LOG 20, UNI_CDD DIADEMA, 80 km/h;b2CA;G9439UFABS71;OK;GO Mode;06/04/2026;06/04/2026;06/04/2026;YES;;;R. José Versolato, 111 - Torre B - andar 01- sala 209 - Centro, São Bernardo do Campo - SP, 09750-730, Brasil;;10; Minutes;;Abrir no navegador
UDX1G15;ROTA CO_CDD RONDONOPOLIS, Vehicle, CAMBIO MANUAL, VOLKSWAGEN, COMBUSTÃO, REG_MACRO REGIÃO CO, CAMINHÃO TOCO / TRUCK, TRS_CONLOG, UNI_CDD RONDONOPOLIS, 80 km/h;b417;G9FU2FT8Y51W;OK;GO Mode;06/04/2026;06/04/2026;06/04/2026;YES;;;Av. Antonio Teixeira Dos Santo 1559, MT, 78750-360, Brazil;;18; Minutes;;Abrir no navegador
UDX2A09;ROTA SUL_CDD FRANCISCO BELTRAO, Vehicle, Diesel, CAMBIO MANUAL, MERCEDES BENZ, COMBUSTÃO, REG_MACRO REGIÃO SUL, CAMINHÃO TOCO / TRUCK, TRS_LOG 20, UNI_CDD FRANCISCO BELTRÃO, 80 km/h;b2C9;G9RJHDZ3H0SF;OK;GO Mode;06/04/2026;06/04/2026;06/04/2026;YES;;;PR-483, 701 - Marrecas, Francisco Beltrão - PR, 85601-195, Brasil;;1; Minutes;;Abrir no navegador
UDX3B65;SUP COMG - EMP_UBERLANDIA, Vehicle, Diesel, CAMBIO AUTOMATICO OU SEMI AUTOMATICO, MERCEDES BENZ, COMBUSTÃO, REG_SUPPLY COMG, CAVALO MECÂNICO, TRS_IMEDIATO, UNI_EMP UBERLANDIA, 90 km/h;b4E4;G9ZFR38WZVPK;OK;GO Mode;06/04/2026;06/04/2026;06/04/2026;YES;;;SP-425, Barbosa - SP, 16350-000, Brasil;;1; Minutes;;Abrir no navegador
UDX4I34;SUP SUL - EMP_PONTA GROSSA, Vehicle, Diesel, CAMBIO AUTOMATICO OU SEMI AUTOMATICO, MERCEDES BENZ, COMBUSTÃO, REG_SUPPLY SUL, CAVALO MECÂNICO, TRS_LOG 20, UNI_EMP PONTA GROSSA, 90 km/h;b50E;G919MUJ7JZ2P;OK (Parado);GO Mode;06/04/2026;04/04/2026;06/04/2026;NO;;;BR-376, 1500 - Periquitos, Ponta Grossa - PR, 84043-450, Brasil;;17; Minutes;17 Minutes;Abrir no navegador
UDX8I28;SUP SUL - EMP_PONTA GROSSA, Vehicle, Diesel, CAMBIO AUTOMATICO OU SEMI AUTOMATICO, MERCEDES BENZ, COMBUSTÃO, REG_SUPPLY SUL, CAVALO MECÂNICO, TRS_LOG 20, UNI_EMP PONTA GROSSA, 90 km/h;b464;G9Y2KB5101WC;OK;GO Mode;06/04/2026;06/04/2026;06/04/2026;YES;;;R. da Jaca, 48 - Quissisana, São José dos Pinhais - PR, 83015, Brasil;;15; Minutes;;Abrir no navegador
UDX9E80;ROTA SP_CDD PRESID. PRUDENTE, Vehicle, Diesel, CAMBIO MANUAL, MERCEDES BENZ, COMBUSTÃO, REG_MACRO REGIÃO SP, CAMINHÃO TOCO / TRUCK, TRS_IMEDIATO, UNI_CDD PRESID. PRUDENTE, 80 km/h;b2DA;G9D8MD90SKDX;OK;GO Mode;06/04/2026;06/04/2026;06/04/2026;YES;;;José Dansieri, 303 - Parque Dracena, Dracena - SP, 17900-000, Brasil;;1; Minutes;;Abrir no navegador
UDY0C30;ROTA SP_CDD PRESID. PRUDENTE, Vehicle, Diesel, CAMBIO MANUAL, FOTON, COMBUSTÃO, REG_MACRO REGIÃO SP, CAMINHÃO TOCO / TRUCK, TRS_IMEDIATO, UNI_CDD PRESID. PRUDENTE, 80 km/h;b5B5;G9HMBSU723PD;OK;GO Mode;06/04/2026;06/04/2026;06/04/2026;YES;;;José Dansieri, 303 - Parque Dracena, Dracena - SP, 17900-000, Brasil;;1; Minutes;;Abrir no navegador
UDY2A63;ROTA SUL_CDD PELOTAS, Vehicle, CAMBIO MANUAL, VOLKSWAGEN, COMBUSTÃO, REG_MACRO REGIÃO SUL, CAMINHÃO TOCO / TRUCK, TRS_CONLOG, UNI_CDD PELOTAS, 80 km/h;b635;G9ANB75H2KPT;OK (Parado);GO Mode;06/04/2026;04/04/2026;06/04/2026;NO;;;BR-471 - Santa Terezinha, Pelotas - RS, Brasil - Santa Terezinha, Pelotas - RS, 96015, Brasil;;2; Minutes;2 Minutes;Abrir no navegador
UDY2D84;SUP COMG - EMP_UBERLANDIA, Vehicle, Diesel, CAMBIO AUTOMATICO OU SEMI AUTOMATICO, MERCEDES BENZ, COMBUSTÃO, REG_SUPPLY COMG, CAVALO MECÂNICO, TRS_IMEDIATO, UNI_EMP UBERLANDIA, 90 km/h;b4D6;G90NZCMN40U2;Off-line para 3+ Dias;GO Mode;01/04/2026;01/04/2026;01/04/2026;NO;;;R. Arlíndo Melo, 1625 - Recreio dos Bandeirantes, Uberaba - MG, 38040-120, Brasil;5 Days;4; Days;4 Days;Abrir no navegador
UDY3B20;ROTA RJ ES_CDD MACACU, Vehicle, CAMBIO MANUAL, VOLKSWAGEN, COMBUSTÃO, REG_MACRO REGIÃO RJ ES, CAMINHÃO TOCO / TRUCK, TRS_CONLOG, UNI_CDD MACACU, 80 km/h;b411;G99655JVDFRB;OK;GO Mode;06/04/2026;06/04/2026;06/04/2026;YES;;;F8J2+34 - Funchal, Cachoeiras de Macacu - RJ, 28680-000, Brasil;;1; Hour;;Abrir no navegador
UDZ0E56;ROTA SP_CDD TAUBATE, Vehicle, Diesel, CAMBIO MANUAL, MERCEDES BENZ, COMBUSTÃO, REG_MACRO REGIÃO SP, CAMINHÃO TOCO / TRUCK, TRS_FADEL, UNI_CDD TAUBATÉ, 80 km/h;b5A5;G915VJMY4PBY;OK;GO Mode;06/04/2026;06/04/2026;06/04/2026;YES;;;Av. Juscelino Kubitschek de Oliveira, 637 - Jardim Eulalia, Taubaté - SP, 12010-600, Brasil;;18; Minutes;;Abrir no navegador
UDZ2H49;ROTA SP_CDD PRESID. PRUDENTE, Vehicle, Diesel, CAMBIO MANUAL, MERCEDES BENZ, COMBUSTÃO, REG_MACRO REGIÃO SP, CAMINHÃO TOCO / TRUCK, TRS_IMEDIATO, UNI_CDD PRESID. PRUDENTE, 80 km/h;b580;G9FB4BCKWDYH;Off-line para 3+ Dias;GO Mode;02/04/2026;30/03/2026;02/04/2026;NO;LowVoltage;"This asset's battery is low, and the device may not be receiving enough power.
Please follow these steps:
Check your asset's battery, and electrical system health.
Confirm you are able to start your engine or asset, and check that your device is powered.
If this device is still offline, contact your fleet's Telematics Representative for further assistance.";Av. Atílio Albertini, 1860 - Distrito Industrial, Reg. Feijó - SP, 19570-000, Brasil;7 Days;3; Days;3 Days;Abrir no navegador
UDZ6F78;ROTA SP_CDD CAMPINAS, Vehicle, Diesel, CAMBIO MANUAL, MERCEDES BENZ, COMBUSTÃO, REG_MACRO REGIÃO SP, CAMINHÃO TOCO / TRUCK, TRS_IMEDIATO, UNI_CDD CAMPINAS, 80 km/h;b49D;G9T8D589WNC1;OK;GO Mode;06/04/2026;06/04/2026;06/04/2026;YES;;;Avenida Madrid, 907 - Bonfim, Paulínia - SP, 13140-000, Brasil;;17; Minutes;;Abrir no navegador
UEA0H65;SUP SE - EMP_GUARULHOS, Vehicle, Diesel, CAMBIO AUTOMATICO OU SEMI AUTOMATICO, MERCEDES BENZ, COMBUSTÃO, REG_SUPPLY SE, CAVALO MECÂNICO, TRS_IMEDIATO, UNI_EMP GUARULHOS, 90 km/h;b4E2;G9947Y097586;OK (Parado);GO Mode;06/04/2026;14/01/2026;06/04/2026;NO;;;CD AMBEV OSASCO: R. Américo Vespúcio, 900 - Vila Menck, Osasco - SP, 06273-070, Brasil;;10; Minutes;10 Minutes;Abrir no navegador
UEA8J20;AS RJ ES_AS CAMPO GRANDE, Vehicle, CAMBIO AUTOMATICO OU SEMI AUTOMATICO, VOLKSWAGEN, COMBUSTÃO, REG_MACRO REGIÃO RJ ES, CAVALO MECÂNICO, TRS_CONLOG, UNI_AS CAMPO GRANDE, 90 km/h;b406;G92BBXP98YV3;OK;GO Mode;06/04/2026;06/04/2026;06/04/2026;YES;;;*CD RIO (50km): AmBev Rio de Janeiro - Estr. Rio São Paulo, 7611 - Campo Grande, Rio de Janeiro - RJ, 26298-420, Brasil;;12; Minutes;;Abrir no navegador
UEB0B93;SUP SE - EMP_JACAREI, Vehicle, Diesel, CAMBIO AUTOMATICO OU SEMI AUTOMATICO, MERCEDES BENZ, COMBUSTÃO, REG_SUPPLY SE, CAVALO MECÂNICO, TRS_IMEDIATO, UNI_EMP JACAREI, 90 km/h;b3D0;G9STANJW0TZV;OK;GO Mode;06/04/2026;06/04/2026;06/04/2026;YES;;;Estr. Mun. do Jaguari, 9876-10276 - Rio Abaixo, Jacareí - SP, Brasil - Rio Abaixo, Jacareí - SP, 12334-400, Brasil;;27; Minutes;;Abrir no navegador
UEB0C80;ROTA SUL_CDD PELOTAS, Vehicle, CAMBIO MANUAL, VOLKSWAGEN, COMBUSTÃO, REG_MACRO REGIÃO SUL, CAMINHÃO TOCO / TRUCK, TRS_CONLOG, UNI_CDD PELOTAS, 80 km/h;b634;G94CB95KB7FN;OK;GO Mode;06/04/2026;06/04/2026;06/04/2026;YES;;;R. Dezesseis, 386 - Vila Princesa, Pelotas - RS, 96072-058, Brasil;;3; Minutes;;Abrir no navegador
UEB2I95;SUP COMG - EMP_UBERLANDIA, Vehicle, Diesel, CAMBIO AUTOMATICO OU SEMI AUTOMATICO, MERCEDES BENZ, COMBUSTÃO, REG_SUPPLY COMG, CAVALO MECÂNICO, TRS_IMEDIATO, UNI_EMP UBERLANDIA, 90 km/h;b4D7;G9J5PE49A8B0;OK;GO Mode;06/04/2026;06/04/2026;06/04/2026;YES;;;SP-340, km 244 - Casa Branca, SP, 13700-000, Brasil;;6; Minutes;;Abrir no navegador
UEB5B63;ROTA NE_CDD ARACAJU, Vehicle, Diesel, CAMBIO MANUAL, MERCEDES BENZ, COMBUSTÃO, REG_MACRO REGIÃO SP, CAMINHÃO TOCO / TRUCK, TRS_GHISOLFI, UNI_CDD ARACAJU, 80 km/h;b5A7;G91TA9ZFANN5;OK (Parado);GO Mode;06/04/2026;24/03/2026;06/04/2026;NO;;;R. S Pq Dos Farois, 261 - Lot. Itacanema II, Nossa Sra. do Socorro - SE, 49160-000, Brasil;;34; Minutes;34 Minutes;Abrir no navegador
UEB6E37;ROTA SP_CDD SUZANO, Vehicle, Diesel, CAMBIO MANUAL, MERCEDES BENZ, COMBUSTÃO, REG_MACRO REGIÃO SP, CAMINHÃO TOCO / TRUCK, TRS_NEPOMUCENO, UNI_CDD SUZANO, 80 km/h;b400;G97B7B2YM84E;OK;GO Mode;06/04/2026;06/04/2026;06/04/2026;YES;;;R. Rafael da Anunciação Fontes, 235 - Chácaras Ceres, Suzano - SP, 08655-243, Brasil;;5; Minutes;;Abrir no navegador
UEC0F54;ROTA SP_CDD SUZANO, Vehicle, CAMBIO MANUAL, MERCEDES BENZ, COMBUSTÃO, REG_MACRO REGIÃO SP, CAMINHÃO TOCO / TRUCK, TRS_NEPOMUCENO, UNI_CDD SUZANO, 80 km/h;b41F;G9ATX3T40BTT;OK;GO Mode;06/04/2026;06/04/2026;06/04/2026;YES;;;Estrada Sem Nome - Novo Tempo, Cuiabá - MT, 78158-720, Brasil;;2; Minutes;;Abrir no navegador
UEC1E74;ROTA CO_CDD RONDONOPOLIS, Vehicle, CAMBIO MANUAL, VOLKSWAGEN, COMBUSTÃO, REG_MACRO REGIÃO CO, CAMINHÃO TOCO / TRUCK, TRS_CONLOG, UNI_CDD RONDONOPOLIS, 80 km/h;b419;G9Y91XKPNDC9;OK;GO Mode;06/04/2026;06/04/2026;06/04/2026;YES;;;Av. Antonio Teixeira Dos Santo, 1559 - Parque Res. Universitario, Rondonópolis - MT, 78750-360, Brasil;;3; Minutes;;Abrir no navegador
UEC3E48;ROTA SUL_CDD CURITIBA, Vehicle, Diesel, CAMBIO MANUAL, MERCEDES BENZ, COMBUSTÃO, REG_MACRO REGIÃO SUL, CAMINHÃO TOCO / TRUCK, TRS_IMEDIATO, UNI_CDD CURITIBA, 80 km/h;b5C5;G9CTKNXH259V;OK;GO Mode;06/04/2026;06/04/2026;06/04/2026;YES;;;Rua Velcy Bolívar Grandó, 456 - Uberaba, Curitiba - PR, 81560-615, Brasil;;1; Minutes;;Abrir no navegador
UEC4A76;SUP SE - EMP_PIRAI, Vehicle, Diesel, CAMBIO AUTOMATICO OU SEMI AUTOMATICO, MERCEDES BENZ, COMBUSTÃO, REG_SUPPLY SE, CAVALO MECÂNICO, TRS_CONLOG, UNI_EMP PIRAI, 90 km/h;b503;G9K2BX464TNJ;OK (Parado);GO Mode;06/04/2026;05/04/2026;06/04/2026;NO;;;Rod. Pres. Dutra, 237 - Santa Amalia, Piraí - RJ, 27175-000, Brasil;;9; Minutes;9 Minutes;Abrir no navegador
UEC9D19;ROTA SP_CDD SUZANO, Vehicle, Diesel, CAMBIO MANUAL, MERCEDES BENZ, COMBUSTÃO, REG_MACRO REGIÃO SP, CAMINHÃO TOCO / TRUCK, TRS_NEPOMUCENO, UNI_CDD SUZANO, 80 km/h;b589;G9A6N9WW2CMT;OK;GO Mode;06/04/2026;06/04/2026;06/04/2026;YES;;;R. Ernesto Joaquim de Souza, 257 - Chácara Primavera, Suzano - SP, 08655-805, Brasil;;1; Minutes;;Abrir no navegador
UED3C79;ROTA SP_CDD RIBEIRAO PRETO, Vehicle, Diesel, CAMBIO MANUAL, MERCEDES BENZ, COMBUSTÃO, REG_MACRO REGIÃO SP, CAMINHÃO TOCO / TRUCK, TRS_IMEDIATO, UNI_CDD RIBEIRÃO PRETO, 80 km/h;b2E3;G95YW23XCNAV;OK (Parado);GO Mode;06/04/2026;04/04/2026;06/04/2026;NO;;;SP-330, 72 - Parque Industria, Ribeirão Preto - SP, 14097-140, Brasil;;2; Minutes;2 Minutes;Abrir no navegador
UED6D75;ROTA SP_CDD SUZANO, Vehicle, Diesel, CAMBIO MANUAL, MERCEDES BENZ, COMBUSTÃO, REG_MACRO REGIÃO SP, CAMINHÃO TOCO / TRUCK, TRS_NEPOMUCENO, UNI_CDD SUZANO, 80 km/h;b403;G95T4D15ESDC;OK;GO Mode;06/04/2026;06/04/2026;06/04/2026;YES;;;R. Rafael da Anunciação Fontes, 241 - Chácaras Ceres, Suzano - SP, 08655-243, Brasil;;18; Minutes;;Abrir no navegador
UED9E48;ROTA SUL_CDD FLORIANOPOLIS, Vehicle, CAMBIO MANUAL, VOLKSWAGEN, COMBUSTÃO, REG_MACRO REGIÃO SUL, CAMINHÃO TOCO / TRUCK, TRS_CONLOG, UNI_CDD FLORIANOPOLIS, 80 km/h;b647;G9D4KPF61D57;OK (Parado);GO Mode;06/04/2026;30/03/2026;06/04/2026;NO;;;R. Ambev, 1275 - Palhoça, SC, 88130, Brasil;;6; Minutes;6 Minutes;Abrir no navegador
UEE4I48 ;ROTA SUL_CDD CURITIBA, Vehicle, Diesel, CAMBIO MANUAL, MERCEDES BENZ, COMBUSTÃO, REG_MACRO REGIÃO SUL, CAMINHÃO TOCO / TRUCK, TRS_IMEDIATO, UNI_CDD CURITIBA, 80 km/h;b2AE;G9SNH62Z2FAB;OK;GO Mode;06/04/2026;06/04/2026;06/04/2026;YES;;;BR376, BR376, BR376, BR376, BR376, BR376, BR376, BR376, BR376, BR376, BR376, BR376, BR376, BR376, BR376, BR376, BR376, BR376, BR376, BR376, BR376, BR376, BR376, BR376, BR376, BR376: Contorno Leste de Curitiba, 3790 - Ganchinho, Curitiba - PR, 81935, Brasil;;1; Minutes;;Abrir no navegador
UEE5A64;SUP SE - EMP_PIRAI, Vehicle, Diesel, CAMBIO AUTOMATICO OU SEMI AUTOMATICO, MERCEDES BENZ, COMBUSTÃO, REG_SUPPLY SE, CAVALO MECÂNICO, TRS_CONLOG, UNI_EMP PIRAI, 90 km/h;b524;G9DU3DT8Z3Y8;Off-line para 3+ Dias;GO Mode;30/03/2026;11/12/2025;30/03/2026;NO;;;Rod. Pres. Dutra, 1 - Santa Amalia, Piraí - RJ, 27175-000, Brasil;116 Days;6; Days;6 Days;Abrir no navegador
UEE6A29;ROTA SP_CDD PRESID. PRUDENTE, Vehicle, Diesel, CAMBIO MANUAL, MERCEDES BENZ, COMBUSTÃO, REG_MACRO REGIÃO SP, CAMINHÃO TOCO / TRUCK, TRS_IMEDIATO, UNI_CDD PRESID. PRUDENTE, 80 km/h;b354;G9RVSF9AZUN8;OK;GO Mode;06/04/2026;05/04/2026;06/04/2026;YES;;;R. Carlos Ignácio Alcêncio, 10 - Uep6-S.2, Pres. Prudente - SP, 19045-373, Brasil;;12; Minutes;;Abrir no navegador
UEF2F96;ROTA SP_CDD SUZANO, Vehicle, Diesel, CAMBIO MANUAL, MERCEDES BENZ, COMBUSTÃO, REG_MACRO REGIÃO SP, CAMINHÃO TOCO / TRUCK, TRS_NEPOMUCENO, UNI_CDD SUZANO, 80 km/h;b371;G99NR9ZB4KAB;OK;GO Mode;06/04/2026;06/04/2026;06/04/2026;YES;;;R. Raphael da Anunciação Fontes, 235 - Vila Sol Nascente, Suzano - SP, 08655-243, Brasil;;1; Minutes;;Abrir no navegador
UEF2J10;ROTA SP_CDD AGUDOS, Vehicle, Diesel, CAMBIO MANUAL, MERCEDES BENZ, COMBUSTÃO, REG_MACRO REGIÃO SP, CAMINHÃO TOCO / TRUCK, TRS_IMEDIATO, UNI_CDD AGUDOS, 80 km/h;b2FE;G9WA0WU2WT88;OK;GO Mode;06/04/2026;06/04/2026;06/04/2026;YES;;;Rod. Marechal Rondon, 317 - Agudos, SP, 17120-000, Brasil;;4; Minutes;;Abrir no navegador
UEF4G04;SUP SE - EMP_JAGUARIUNA, Vehicle, Diesel, CAMBIO AUTOMATICO OU SEMI AUTOMATICO, MERCEDES BENZ, COMBUSTÃO, REG_SUPPLY SE, CAVALO MECÂNICO, TRS_IMEDIATO, UNI_EMP JAGUARIUNA, 90 km/h;b3CD;G99FKXT06BPC;OK;GO Mode;06/04/2026;06/04/2026;06/04/2026;YES;;;Rod. Gov. Dr. Adhemar Pereira de Barros, Jaguariúna - SP, 13820-000, Brasil;;18; Minutes;;Abrir no navegador
UEG2A08;ROTA SP_CDD CAMPINAS, Vehicle, Diesel, CAMBIO MANUAL, MERCEDES BENZ, COMBUSTÃO, REG_MACRO REGIÃO SP, CAMINHÃO TOCO / TRUCK, TRS_IMEDIATO, UNI_CDD CAMPINAS, 80 km/h;b49E;G97ZTS3V4TA1;OK;GO Mode;06/04/2026;06/04/2026;06/04/2026;YES;;;Av. Paris, 96-700 - Cascata, Paulínia - SP, 13140-000, Brasil;;1; Minutes;;Abrir no navegador
UEG2l19;ROTA SUL_CDD CURITIBA, Vehicle, Diesel, CAMBIO MANUAL, MERCEDES BENZ, COMBUSTÃO, REG_MACRO REGIÃO SUL, CAMINHÃO TOCO / TRUCK, TRS_IMEDIATO, UNI_CDD CURITIBA, 80 km/h;b2C3;G9ASZ1DCRRKC;OK;GO Mode;06/04/2026;05/04/2026;06/04/2026;YES;;;R. Abilio Costa, 499 - Parque da Fonte, São José dos Pinhais - PR, 83050-311, Brasil;;15; Minutes;;Abrir no navegador
UEG6F16;SUP SE - EMP_JACAREI, Vehicle, Diesel, CAMBIO AUTOMATICO OU SEMI AUTOMATICO, MERCEDES BENZ, COMBUSTÃO, REG_SUPPLY SE, CAVALO MECÂNICO, TRS_IMEDIATO, UNI_EMP JACAREI, 90 km/h;b3C7;G9AWHN4R75V7;OK;GO Mode;06/04/2026;05/04/2026;06/04/2026;YES;;;Rod. Marechal Rondon, 317 - Agudos, SP, 17120-000, Brasil;;7; Minutes;;Abrir no navegador
UEH0E87;ROTA SUL_CDD BALNEARIO, Vehicle, CAMBIO MANUAL, VOLKSWAGEN, COMBUSTÃO, REG_MACRO REGIÃO SUL, CAMINHÃO TOCO / TRUCK, TRS_CONLOG, UNI_CDD BALNEARIO, 80 km/h;b612;G9DVUHF1X5NJ;OK;GO Mode;06/04/2026;06/04/2026;06/04/2026;YES;;;BR-101, 688 - Salseiros, Itajaí - SC, 88311-601, Brasil;;1; Minutes;;Abrir no navegador
UEH1B43;ROTA RJ ES_CDD PETROPOLIS, Vehicle, Diesel, CAMBIO MANUAL, MERCEDES BENZ, COMBUSTÃO, REG_MACRO REGIÃO RJ ES, CAMINHÃO TOCO / TRUCK, TRS_LOG 20, UNI_CDD PETROPOLIS, 80 km/h;b282;G9CBECHUY61D;OK (Parado);GO Mode;05/04/2026;01/04/2026;05/04/2026;NO;;;*CD RIO (50km): R. Mário Gelli, 241 - Nova Macaé, Petrópolis - RJ, 25665-455, Brasil;;17; Days;17 Days;Abrir no navegador
UEH1C27;ROTA SP_CDD CAMPINAS, Vehicle, Diesel, CAMBIO MANUAL, MERCEDES BENZ, COMBUSTÃO, REG_MACRO REGIÃO SP, CAMINHÃO TOCO / TRUCK, TRS_IMEDIATO, UNI_CDD CAMPINAS, 80 km/h;b48F;G91JFX12KNVV;OK;GO Mode;06/04/2026;06/04/2026;06/04/2026;YES;;;Avenida Madrid, 907 - Bonfim, Paulínia - SP, 13140-000, Brasil;;1; Minutes;;Abrir no navegador
UEH4D33;SUP COMG - EMP_JUATUBA, Vehicle, Diesel, CAMBIO AUTOMATICO OU SEMI AUTOMATICO, MERCEDES BENZ, COMBUSTÃO, REG_SUPPLY COMG, CAVALO MECÂNICO, TRS_NEPOMUCENO, UNI_EMP JUATUBA, 90 km/h;b58E;G9A9NU4U7XJ3;OK;GO Mode;06/04/2026;05/04/2026;06/04/2026;YES;;;Br-262, Km 362,6 Oeste - Coqueiro Verde, Juatuba - MG, 35675-000, Brasil;;4; Minutes;;Abrir no navegador
UEH4F92;SUP SE - EMP_PIRAI, Vehicle, Diesel, CAMBIO AUTOMATICO OU SEMI AUTOMATICO, MERCEDES BENZ, COMBUSTÃO, REG_SUPPLY SE, CAVALO MECÂNICO, TRS_CONLOG, UNI_EMP PIRAI, 90 km/h;b498;G9M72E3EA4F6;OK;GO Mode;06/04/2026;06/04/2026;06/04/2026;YES;;;*CD RIO (50km): R. Isabel Carmo Azevedo, 12 - Jardins, Seropédica - RJ, 23898-015, Brasil;;14; Minutes;;Abrir no navegador
UEH9G10;AMBEV, Vehicle, Diesel;b740;G91D070K5320;OK (Parado);GO Mode;05/04/2026;24/03/2026;05/04/2026;NO;;;Av. Pref. Humberto dos Santos 359, SE, 49160-282, Brazil;;20; Days;20 Days;Abrir no navegador
UEI2C56;SUP COMG - EMP_UBERLANDIA, Vehicle, Diesel, CAMBIO AUTOMATICO OU SEMI AUTOMATICO, MERCEDES BENZ, COMBUSTÃO, REG_SUPPLY COMG, CAVALO MECÂNICO, TRS_IMEDIATO, UNI_EMP UBERLANDIA, 90 km/h;b50B;G98CBAP7JBJ8;Off-line para 1 - 2 Dias;GO Mode;04/04/2026;04/04/2026;04/04/2026;NO;;;Estr. Mun. 371, Uberlândia - MG, Brasil;2 Days;1; Days;1 Days;Abrir no navegador
UEJ0C68;SUP COMG - EMP_JUATUBA, Vehicle, Diesel, CAMBIO AUTOMATICO OU SEMI AUTOMATICO, MERCEDES BENZ, COMBUSTÃO, REG_SUPPLY COMG, CAVALO MECÂNICO, TRS_NEPOMUCENO, UNI_EMP JUATUBA, 90 km/h;b63B;G9WZZ8K75SY5;OK (Parado);GO Mode;06/04/2026;04/04/2026;06/04/2026;NO;;;Br-262, Km 362,6 Oeste - Coqueiro Verde, Juatuba - MG, 35675-000, Brasil;;1; Hour;1 Hour;Abrir no navegador
UEJ1E03;ROTA SP_CDD SUZANO, Vehicle, Diesel, CAMBIO MANUAL, MERCEDES BENZ, COMBUSTÃO, REG_MACRO REGIÃO SP, CAMINHÃO TOCO / TRUCK, TRS_NEPOMUCENO, UNI_CDD SUZANO, 80 km/h;b3FF;G93F0S8WA4B4;Off-line para 1 - 2 Dias;GO Mode;04/04/2026;29/03/2026;04/04/2026;NO;;;R. Rafael da Anunciação Fontes, 241 - Chácaras Ceres, Suzano - SP, 08655-243, Brasil;8 Days;1; Days;1 Days;Abrir no navegador
UEJ2F06;ROTA SP_CDD ARARAQUARA, Vehicle, Diesel, CAMBIO MANUAL, MERCEDES BENZ, COMBUSTÃO, REG_MACRO REGIÃO SP, CAMINHÃO TOCO / TRUCK, TRS_IMEDIATO, UNI_CDD ARARAQUARA, 80 km/h;b606;G9C1HT45K1FM;Off-line para 3+ Dias;GO Mode;02/04/2026;02/04/2026;02/04/2026;NO;;;Av. Engenheiro Camilo Dinucci, 5021 - Jardim Regina, Araraquara - SP, 14808-151, Brasil;4 Days;4; Days;4 Days;Abrir no navegador
UEJ4B96;SUP SE - EMP_JAGUARIUNA, Vehicle, Diesel, Manually Classified Powertrain, CAMBIO AUTOMATICO OU SEMI AUTOMATICO, MERCEDES BENZ, COMBUSTÃO, REG_SUPPLY SE, CAVALO MECÂNICO, TRS_IMEDIATO, UNI_EMP JAGUARIUNA, 90 km/h;b3F9;G98J5872UVTU;OK;GO Mode;06/04/2026;06/04/2026;06/04/2026;YES;;;Av. Antártica, 2296, Jaguariúna - SP, 13820-000, Brasil;;1; Minutes;;Abrir no navegador
UEJ6H78;SUP SE - EMP_PIRAI, Vehicle, Diesel, CAMBIO AUTOMATICO OU SEMI AUTOMATICO, MERCEDES BENZ, COMBUSTÃO, REG_SUPPLY SE, CAVALO MECÂNICO, TRS_CONLOG, UNI_EMP PIRAI, 90 km/h;b53F;G9AWT8X3PYE3;OK;GO Mode;06/04/2026;06/04/2026;06/04/2026;YES;;;*CD RIO (50km): AmBev Rio de Janeiro - Estr. Rio São Paulo, 7611 - Campo Grande, Rio de Janeiro - RJ, 26298-420, Brasil;;1; Minutes;;Abrir no navegador
UEJ7C05;ROTA RJ ES_CDD CAMPO GRANDE, Vehicle, CAMBIO MANUAL, VOLKSWAGEN, COMBUSTÃO, REG_MACRO REGIÃO RJ ES, CAMINHÃO TOCO / TRUCK, TRS_CONLOG, UNI_CDD CAMPO GRANDE, 80 km/h;b603;G98P79V1P5P1;OK;GO Mode;06/04/2026;06/04/2026;06/04/2026;YES;;;*CD RIO (50km): Estr. Rio São Paulo, 7611 - Campo Grande, Rio de Janeiro - RJ, 26298-420, Brasil;;5; Minutes;;Abrir no navegador
UEK4G25;SUP SE - EMP_JACAREI, Vehicle, Diesel, Manually Classified Powertrain, CAMBIO AUTOMATICO OU SEMI AUTOMATICO, MERCEDES BENZ, COMBUSTÃO, REG_SUPPLY SE, CAVALO MECÂNICO, TRS_IMEDIATO, UNI_EMP JACAREI, 90 km/h;b3DF;G95FW5HV1U1R;OK;GO Mode;06/04/2026;06/04/2026;06/04/2026;YES;;;Estrada Sem Nome - Jacareí, SP, Brasil;;1; Minutes;;Abrir no navegador
UEK5E19;ROTA RJ ES_CDD PETROPOLIS, Vehicle, Diesel, CAMBIO MANUAL, MERCEDES BENZ, COMBUSTÃO, REG_MACRO REGIÃO RJ ES, CAMINHÃO TOCO / TRUCK, TRS_LOG 20, UNI_CDD PETROPOLIS, 80 km/h;b281;G94URH2UF8NT;OK;GO Mode;06/04/2026;06/04/2026;06/04/2026;YES;;;*CD RIO (50km): R. Bingen, 2170 - Bingen, Petrópolis - RJ, 25660-008, Brasil;;1; Minutes;;Abrir no navegador
UEK8G45;SUP SE - EMP_JAGUARIUNA, Vehicle, Diesel, CAMBIO AUTOMATICO OU SEMI AUTOMATICO, MERCEDES BENZ, COMBUSTÃO, REG_SUPPLY SE, CAVALO MECÂNICO, TRS_IMEDIATO, UNI_EMP JAGUARIUNA, 90 km/h;b3E4;G9JRFZ4R2F1E;OK;GO Mode;06/04/2026;06/04/2026;06/04/2026;YES;;;Fazenda Posto Eldorado, 1 - Pires Belo, Catalão - GO, 75713-899, Brasil;;1; Minutes;;Abrir no navegador
UEL1I95;SUP COMG - EMP_JUATUBA, Vehicle, Diesel, CAMBIO AUTOMATICO OU SEMI AUTOMATICO, MERCEDES BENZ, COMBUSTÃO, REG_SUPPLY COMG, CAVALO MECÂNICO, TRS_NEPOMUCENO, UNI_EMP JUATUBA, 90 km/h;b68A;G9Z0J305UTVH;OK (Parado);GO Mode;06/04/2026;04/04/2026;06/04/2026;NO;;;Br-262, Km 362,6 Oeste - Coqueiro Verde, Juatuba - MG, 35675-000, Brasil;;12; Minutes;12 Minutes;Abrir no navegador
UEL2H32;ROTA SP_CDD PRESID. PRUDENTE, Vehicle, Diesel, CAMBIO MANUAL, MERCEDES BENZ, COMBUSTÃO, REG_MACRO REGIÃO SP, CAMINHÃO TOCO / TRUCK, TRS_IMEDIATO, UNI_CDD PRESID. PRUDENTE, 80 km/h;b316;G90R6RTFXDDV;OK;GO Mode;06/04/2026;06/04/2026;06/04/2026;YES;;;Rod. Assis Chateaubriand - Martinópolis, SP, 19500-000, Brasil;;9; Minutes;;Abrir no navegador
UEL5F92;ROTA SP_CDD PRESID. PRUDENTE, Vehicle, Diesel, CAMBIO MANUAL, MERCEDES BENZ, COMBUSTÃO, REG_MACRO REGIÃO SP, CAMINHÃO TOCO / TRUCK, TRS_IMEDIATO, UNI_CDD PRESID. PRUDENTE, 80 km/h;b2C7;G9EX81UDEV37;OK;GO Mode;06/04/2026;06/04/2026;06/04/2026;YES;;;Av. José Bonifácio, 2000 - Jardim Eden, Dracena - SP, 17900-257, Brasil;;12; Minutes;;Abrir no navegador
UEL5G45;SUP SE - EMP_PIRAI, Vehicle, Diesel, CAMBIO AUTOMATICO OU SEMI AUTOMATICO, MERCEDES BENZ, COMBUSTÃO, REG_SUPPLY SE, CAVALO MECÂNICO, TRS_CONLOG, UNI_EMP PIRAI, 90 km/h;b45F;G94UC33302TJ;OK;GO Mode;06/04/2026;06/04/2026;06/04/2026;YES;;;*CD RIO (50km): Estrada Sem Nome - Campo Grande, Rio de Janeiro - RJ, Brasil;;1; Minutes;;Abrir no navegador
UEM0C05;ROTA CO_CDD RONDONOPOLIS, Vehicle, Diesel, CAMBIO MANUAL, MERCEDES BENZ, COMBUSTÃO, REG_MACRO REGIÃO CO, CAMINHÃO TOCO / TRUCK, TRS_CONLOG, UNI_CDD RONDONOPOLIS, 80 km/h;b270;G9CYA6P7SVP8;OK;GO Mode;06/04/2026;06/04/2026;06/04/2026;YES;;;Av. Uirapuru, 2144 - Parque Res. Universitario, Rondonópolis - MT, 78745-160, Brasil;;24; Minutes;;Abrir no navegador
UEM1A25;ROTA RJ ES_CDD MACACU, Vehicle, Diesel, CAMBIO MANUAL, MERCEDES BENZ, COMBUSTÃO, REG_MACRO REGIÃO RJ ES, CAMINHÃO TOCO / TRUCK, TRS_CONLOG, UNI_CDD MACACU, 80 km/h;b245;G9F8RVU1450T;OK;GO Mode;06/04/2026;06/04/2026;06/04/2026;YES;;;F8J2+34 - Funchal, Cachoeiras de Macacu - RJ, 28680-000, Brasil;;1; Hour;;Abrir no navegador
UEM1G64;SUP COMG - EMP_JUATUBA, Vehicle, Diesel, CAMBIO AUTOMATICO OU SEMI AUTOMATICO, MERCEDES BENZ, COMBUSTÃO, REG_SUPPLY COMG, CAVALO MECÂNICO, TRS_NEPOMUCENO, UNI_EMP JUATUBA, 90 km/h;b4E8;G96VJBJ111P9;OK (Parado);GO Mode;05/04/2026;02/04/2026;05/04/2026;NO;;;R. Piratininga, 798 - Bandeirantes, Contagem - MG, 32240-550, Brasil;;19; Days;19 Days;Abrir no navegador
UEM2B26;ROTA SP_CDD CAMPINAS, Vehicle, Diesel, CAMBIO MANUAL, MERCEDES BENZ, COMBUSTÃO, REG_MACRO REGIÃO SP, CAMINHÃO TOCO / TRUCK, TRS_IMEDIATO, UNI_CDD CAMPINAS, 80 km/h;b494;G9J5N3WR036R;OK;GO Mode;06/04/2026;06/04/2026;06/04/2026;YES;;;Avenida Madrid, 190 - Cascata, Paulínia - SP, 13145-247, Brasil;;1; Minutes;;Abrir no navegador
UEM2B65;ROTA RJ ES_CDD MACACU, Vehicle, Diesel, CAMBIO MANUAL, MERCEDES BENZ, COMBUSTÃO, REG_MACRO REGIÃO RJ ES, CAMINHÃO TOCO / TRUCK, TRS_CONLOG, UNI_CDD MACACU, 80 km/h;b254;G9RA7K0KM137;OK;GO Mode;06/04/2026;06/04/2026;06/04/2026;YES;;;Estr. Rio-Friburgo, 1332 - Gleba Nova Ribeira, Cachoeiras de Macacu - RJ, 28680-000, Brasil;;14; Minutes;;Abrir no navegador
UEM5I39;ROTA RJ ES_CDD MACACU, Vehicle, Diesel, CAMBIO MANUAL, MERCEDES BENZ, COMBUSTÃO, REG_MACRO REGIÃO RJ ES, CAMINHÃO TOCO / TRUCK, TRS_CONLOG, UNI_CDD MACACU, 80 km/h;b24C;G9EMP6ZV96AS;OK;GO Mode;06/04/2026;06/04/2026;06/04/2026;YES;;;Rod. João Goularte, 1728 - Funchal, Cachoeiras de Macacu - RJ, 28680-000, Brasil;;3; Minutes;;Abrir no navegador
UEM8G04;SUP SE - EMP_JAGUARIUNA, Vehicle, Diesel, CAMBIO AUTOMATICO OU SEMI AUTOMATICO, MERCEDES BENZ, COMBUSTÃO, REG_SUPPLY SE, CAVALO MECÂNICO, TRS_IMEDIATO, UNI_EMP JAGUARIUNA, 90 km/h;b4CF;G96CC18MDEHH;OK;GO Mode;06/04/2026;06/04/2026;06/04/2026;YES;;;Av. Antártica, 1891 - Santa Úrsula, Jaguariúna - SP, 13820-000, Brasil;;9; Minutes;;Abrir no navegador
UEN0H94;SUP COMG - EMP_UBERLANDIA, Vehicle, Diesel, CAMBIO AUTOMATICO OU SEMI AUTOMATICO, MERCEDES BENZ, COMBUSTÃO, REG_SUPPLY COMG, CAVALO MECÂNICO, TRS_IMEDIATO, UNI_EMP UBERLANDIA, 90 km/h;b4DF;G993C29B7CCE;OK;GO Mode;06/04/2026;06/04/2026;06/04/2026;YES;;;BR-153, Hidrolândia - GO, 75340-000, Brasil;;5; Days;;Abrir no navegador
UEN1A27;ROTA SP_CDD SUZANO, Vehicle, Diesel, CAMBIO MANUAL, MERCEDES BENZ, COMBUSTÃO, REG_MACRO REGIÃO SP, CAMINHÃO TOCO / TRUCK, TRS_NEPOMUCENO, UNI_CDD SUZANO, 80 km/h;b59C;G9UEDFWK70XF;OK;GO Mode;06/04/2026;06/04/2026;06/04/2026;YES;;;R. Raphael da Anunciação Fontes, 235 - Vila Sol Nascente, Suzano - SP, 08655-243, Brasil;;1; Minutes;;Abrir no navegador
UEN2C86;SUP SE - EMP_PIRAI, Vehicle, Diesel, CAMBIO AUTOMATICO OU SEMI AUTOMATICO, MERCEDES BENZ, COMBUSTÃO, REG_SUPPLY SE, CAVALO MECÂNICO, TRS_CONLOG, UNI_EMP PIRAI, 90 km/h;b3AA;G9M4YTBEU0M3;OK;GO Mode;06/04/2026;06/04/2026;06/04/2026;YES;;;Zona - AMBEV GRAN DOURADOS - MATO GROSSO DO SUL (trecho 4): Rodovia Luiz Henrique Rezende Novaes Seropédica - Rio de Janeiro, 23895, Brasil - Boa Esperança, Seropédica - RJ, 23890-000, Brasil;;1; Minutes;;Abrir no navegador
UEN4B25;SUP SUL - EMP_AGUDOS, Vehicle, Diesel, CAMBIO AUTOMATICO OU SEMI AUTOMATICO, MERCEDES BENZ, COMBUSTÃO, REG_SUPPLY SUL, CAVALO MECÂNICO, TRS_IMEDIATO, UNI_EMP AGUDOS, 90 km/h;b56C;G958H7K1DV3B;OK;GO Mode;06/04/2026;06/04/2026;06/04/2026;YES;;;Rod. Marechal Rondon, 317 - Agudos, SP, 17120-000, Brasil;;2; Minutes;;Abrir no navegador
UEN4E20;ROTA RJ ES_CDD MACACU, Vehicle, Diesel, CAMBIO MANUAL, MERCEDES BENZ, COMBUSTÃO, REG_MACRO REGIÃO RJ ES, CAMINHÃO TOCO / TRUCK, TRS_CONLOG, UNI_CDD MACACU, 80 km/h;b26A;G906XPA9JZ0S;OK (Parado);GO Mode;06/04/2026;03/04/2026;06/04/2026;NO;;;F8J2+34 - Funchal, Cachoeiras de Macacu - RJ, 28680-000, Brasil;;33; Minutes;33 Minutes;Abrir no navegador
UEN5G35;ROTA SUL_CDD FLORIANOPOLIS, Vehicle, CAMBIO MANUAL, VOLKSWAGEN, COMBUSTÃO, REG_MACRO REGIÃO SUL, CAMINHÃO TOCO / TRUCK, TRS_CONLOG, UNI_CDD FLORIANOPOLIS, 80 km/h;b646;G9CEZRBVDMXB;OK;GO Mode;06/04/2026;06/04/2026;06/04/2026;YES;;;R. Frei Lauro, 28 - Pte. do Imaruim, Palhoça - SC, 88130-750, Brasil;;6; Minutes;;Abrir no navegador
UEN6B50;ROTA SUL_CDD CURITIBA, Vehicle, Diesel, CAMBIO MANUAL, MERCEDES BENZ, COMBUSTÃO, REG_MACRO REGIÃO SUL, CAMINHÃO TOCO / TRUCK, TRS_IMEDIATO, UNI_CDD CURITIBA, 80 km/h;b2E0;G9UA6T9CBXHH;OK;GO Mode;06/04/2026;06/04/2026;06/04/2026;YES;;;R. Alfredo Pinto, 1405 - Parque da Fonte, São José dos Pinhais - PR, 83050-320, Brasil;;12; Minutes;;Abrir no navegador
UEO6B04;SUP COMG - EMP_JUATUBA, Vehicle, Diesel, CAMBIO AUTOMATICO OU SEMI AUTOMATICO, MERCEDES BENZ, COMBUSTÃO, REG_SUPPLY COMG, CAVALO MECÂNICO, TRS_NEPOMUCENO, UNI_EMP JUATUBA, 90 km/h;b4E7;G9TSR3SH58M5;OK;GO Mode;06/04/2026;06/04/2026;06/04/2026;YES;;;BR-262, 766 - Francelinos, Juatuba - MG, 35675-000, Brasil;;2; Minutes;;Abrir no navegador
UEO7A27;ROTA SP_CDD SUZANO, Vehicle, Diesel, CAMBIO MANUAL, MERCEDES BENZ, COMBUSTÃO, REG_MACRO REGIÃO SP, CAMINHÃO TOCO / TRUCK, TRS_NEPOMUCENO, UNI_CDD SUZANO, 80 km/h;b619;G9ZW5BZCDKJV;OK (Parado);GO Mode;05/04/2026;30/03/2026;05/04/2026;NO;;;R. Rafael da Anunciação Fontes, 241 - Chácaras Ceres, Suzano - SP, 08655-243, Brasil;;8; Days;8 Days;Abrir no navegador
UEO8G38;ROTA CO_CDD CUIABA, Vehicle, CAMBIO MANUAL, VOLKSWAGEN, COMBUSTÃO, REG_MACRO REGIÃO CO, CAMINHÃO TOCO / TRUCK, TRS_CONLOG, UNI_CDD CUIABA, 80 km/h;b5F0;G9FETYXCD0UW;OK;GO Mode;06/04/2026;06/04/2026;06/04/2026;YES;;;Estrada Sem Nome - Novo Tempo, Cuiabá - MT, 78158-720, Brasil;;30; Minutes;;Abrir no navegador
UEP0I58;ROTA SP_CDD NORTE, Vehicle, Diesel, CAMBIO MANUAL, MERCEDES BENZ, COMBUSTÃO, REG_MACRO REGIÃO SP, CAMINHÃO TOCO / TRUCK, TRS_IMEDIATO, UNI_CDD NORTE, 80 km/h;b58A;G9A7EZR3NSNW;OK (Parado);GO Mode;06/04/2026;05/03/2026;06/04/2026;NO;;;R. Carlos Ignácio Alcêncio, 10 - Uep6-S.2, Pres. Prudente - SP, 19045-373, Brasil;;4; Minutes;4 Minutes;Abrir no navegador
UEQ2D73;SUP SE - EMP_JAGUARIUNA, Vehicle, Diesel, CAMBIO AUTOMATICO OU SEMI AUTOMATICO, MERCEDES BENZ, COMBUSTÃO, REG_SUPPLY SE, CAVALO MECÂNICO, TRS_IMEDIATO, UNI_EMP JAGUARIUNA, 90 km/h;b3CE;G9XZ44ZPNE6N;OK;GO Mode;06/04/2026;05/04/2026;06/04/2026;YES;;;Rod. Pres. Dutra, 6, Queluz - SP, 12800-000, Brasil;;11; Minutes;;Abrir no navegador
UEQ7D85;SUP SUL - EMP_AGUDOS, Vehicle, Diesel, CAMBIO AUTOMATICO OU SEMI AUTOMATICO, MERCEDES BENZ, COMBUSTÃO, REG_SUPPLY SUL, CAVALO MECÂNICO, TRS_IMEDIATO, UNI_EMP AGUDOS, 90 km/h;b57E;G9A05H8DB5RJ;OK;GO Mode;06/04/2026;05/04/2026;06/04/2026;YES;;;Rod. Marechal Rondon, 317 - Agudos, SP, 17120-000, Brasil;;2; Days;;Abrir no navegador
UEQ8C12;ROTA SUL_CDD CURITIBA, Vehicle, Diesel, CAMBIO MANUAL, MERCEDES BENZ, COMBUSTÃO, REG_MACRO REGIÃO SUL, CAMINHÃO TOCO / TRUCK, TRS_IMEDIATO, UNI_CDD CURITIBA, 80 km/h;b2E4;G98T7YVPP3EU;OK (Parado);GO Mode;06/04/2026;04/04/2026;06/04/2026;NO;;;R. Alfredo Pinto, 1397 - Parque da Fonte, São José dos Pinhais - PR, 83050-320, Brasil;;2; Minutes;2 Minutes;Abrir no navegador
UEQ9I45;ROTA SP_CDD PRESID. PRUDENTE, Vehicle, Diesel, CAMBIO MANUAL, MERCEDES BENZ, COMBUSTÃO, REG_MACRO REGIÃO SP, CAMINHÃO TOCO / TRUCK, TRS_IMEDIATO, UNI_CDD PRESID. PRUDENTE, 80 km/h;b607;G95WB7FJ8WS4;OK (Parado);GO Mode;05/04/2026;02/04/2026;05/04/2026;NO;;;R. Carlos Ignácio Alcêncio, 10 - Uep6-S.2, Pres. Prudente - SP, 19045-373, Brasil;;11; Days;11 Days;Abrir no navegador
UER0H91;SUP COMG - EMP_CUIABA, Vehicle, Diesel, CAMBIO AUTOMATICO OU SEMI AUTOMATICO, MERCEDES BENZ, COMBUSTÃO, REG_SUPPLY COMG, CAVALO MECÂNICO, TRS_CONLOG, UNI_EMP CUIABA, 90 km/h;b49C;G9DVF5B9JZC8;OK;GO Mode;06/04/2026;06/04/2026;06/04/2026;YES;;;BR-060 - Anápolis, GO, Brasil;;7; Minutes;;Abrir no navegador
UER6E22;ROTA SP_CDD PRESID. PRUDENTE, Vehicle, Diesel, CAMBIO MANUAL, MERCEDES BENZ, COMBUSTÃO, REG_MACRO REGIÃO SP, CAMINHÃO TOCO / TRUCK, TRS_IMEDIATO, UNI_CDD PRESID. PRUDENTE, 80 km/h;b2BA;G92R7V6PJWD6;OK;GO Mode;06/04/2026;06/04/2026;06/04/2026;YES;;;R. Carlos Ignácio Alcêncio, 10 - Uep6-S.2, Pres. Prudente - SP, 19045-373, Brasil;;9; Minutes;;Abrir no navegador
UER7C36;ROTA SP_CDD PRESID. PRUDENTE, Vehicle, Diesel, CAMBIO MANUAL, MERCEDES BENZ, COMBUSTÃO, REG_MACRO REGIÃO SP, CAMINHÃO TOCO / TRUCK, TRS_IMEDIATO, UNI_CDD PRESID. PRUDENTE, 80 km/h;b4A0;G9EA5AH742BN;OK (Parado);GO Mode;05/04/2026;02/04/2026;05/04/2026;NO;;;R. Carlos Ignácio Alcêncio, 10 - Uep6-S.2, Pres. Prudente - SP, 19045-373, Brasil;;16; Days;16 Days;Abrir no navegador
UER7E26;ROTA SP_CDD BARUERI, Vehicle, Diesel, CAMBIO MANUAL, MERCEDES BENZ, COMBUSTÃO, REG_MACRO REGIÃO SP, CAMINHÃO TOCO / TRUCK, TRS_FADEL, UNI_CDD BARUERI, 80 km/h;b20A;G9YDVPU2W03A;OK;GO Mode;06/04/2026;06/04/2026;06/04/2026;YES;;;R. Pedro de Oliveira, 30 - Vila Sul Americana, Carapicuíba - SP, 06397-085, Brasil;;1; Minutes;;Abrir no navegador
UER8F42;SUP SE - EMP_PIRAI, Vehicle, Diesel, CAMBIO AUTOMATICO OU SEMI AUTOMATICO, MERCEDES BENZ, COMBUSTÃO, REG_SUPPLY SE, CAVALO MECÂNICO, TRS_CONLOG, UNI_EMP PIRAI, 90 km/h;b3A8;G975BC1P8E8S;OK;GO Mode;06/04/2026;06/04/2026;06/04/2026;YES;;;Zona - AMBEV GRAN DOURADOS - MATO GROSSO DO SUL (trecho 8): Rod. Pres. Dutra, 11010 - Santa Amalia, Piraí - RJ, 27175-000, Brasil;;2; Minutes;;Abrir no navegador
UER9F95;ROTA SP_CDD CAMPINAS, Vehicle, Diesel, CAMBIO MANUAL, MERCEDES BENZ, COMBUSTÃO, REG_MACRO REGIÃO SP, CAMINHÃO TOCO / TRUCK, TRS_IMEDIATO, UNI_CDD CAMPINAS, 80 km/h;b49A;G9752RZSRTBE;OK;GO Mode;06/04/2026;06/04/2026;06/04/2026;YES;;;Av. João Aranha, 10 - João Aranha, Paulínia - SP, 13145-658, Brasil;;1; Minutes;;Abrir no navegador
UES3B94;SUP SE - EMP_GUARULHOS, Vehicle, Diesel, CAMBIO AUTOMATICO OU SEMI AUTOMATICO, MERCEDES BENZ, COMBUSTÃO, REG_SUPPLY SE, CAVALO MECÂNICO, TRS_IMEDIATO, UNI_EMP GUARULHOS, 90 km/h;b3B0;G9K57EC4WXF2;OK;GO Mode;06/04/2026;05/04/2026;06/04/2026;YES;;;Estr. Albino Martello, 595 - Mato das Cobras, Guarulhos - SP, 07175-560, Brasil;;7; Minutes;;Abrir no navegador
UET3J75;ROTA SUL_CDD CURITIBA, Vehicle, Diesel, CAMBIO MANUAL, MERCEDES BENZ, COMBUSTÃO, REG_MACRO REGIÃO SUL, CAMINHÃO TOCO / TRUCK, TRS_IMEDIATO, UNI_CDD CURITIBA, 80 km/h;b232;G9RJ0XRDBX8E;OK;GO Mode;06/04/2026;06/04/2026;06/04/2026;YES;;;R. João Alceu Fialla, 291 - Parque da Fonte, São José dos Pinhais - PR, 83050-315, Brasil;;1; Minutes;;Abrir no navegador
UEU1A97;SUP SE - EMP_GUARULHOS, Vehicle, Diesel, CAMBIO AUTOMATICO OU SEMI AUTOMATICO, MERCEDES BENZ, COMBUSTÃO, REG_SUPPLY SE, CAVALO MECÂNICO, TRS_IMEDIATO, UNI_EMP GUARULHOS, 90 km/h;b4BB;G9UKTNBNMZYT;OK;GO Mode;06/04/2026;06/04/2026;06/04/2026;YES;;;Rod. Eng. Paulo Nilo Romano, 132 - 5 - Chapada dos Guimarães, Brotas - SP, 17380-000, Brasil;;2; Minutes;;Abrir no navegador
UEU4J34;SUP SE - EMP_GUARULHOS, Vehicle, Diesel, CAMBIO AUTOMATICO OU SEMI AUTOMATICO, MERCEDES BENZ, COMBUSTÃO, REG_SUPPLY SE, CAVALO MECÂNICO, TRS_IMEDIATO, UNI_EMP GUARULHOS, 90 km/h;b3E6;G9FNN5DYCA31;OK;GO Mode;06/04/2026;06/04/2026;06/04/2026;YES;;;R. Ernesto Joaquim de Souza, 232 - Chácaras Ceres, Suzano - SP, 08655-805, Brasil;;1; Minutes;;Abrir no navegador
UEU6G34;SUP SE - EMP_GUARULHOS, Vehicle, Diesel, CAMBIO AUTOMATICO OU SEMI AUTOMATICO, MERCEDES BENZ, COMBUSTÃO, REG_SUPPLY SE, CAVALO MECÂNICO, TRS_IMEDIATO, UNI_EMP GUARULHOS, 90 km/h;b4DD;G9MAFJ5NJSNS;OK;GO Mode;06/04/2026;05/04/2026;06/04/2026;YES;;;Estr. Albino Martello, 595 - Mato das Cobras, Guarulhos - SP, 07175-560, Brasil;;10; Minutes;;Abrir no navegador
UEV4J57;SUP COMG - EMP_UBERLANDIA, Vehicle, Diesel, CAMBIO AUTOMATICO OU SEMI AUTOMATICO, MERCEDES BENZ, COMBUSTÃO, REG_SUPPLY COMG, CAVALO MECÂNICO, TRS_IMEDIATO, UNI_EMP UBERLANDIA, 90 km/h;b4C7;G94990E2ZK76;OK;GO Mode;05/04/2026;05/04/2026;05/04/2026;YES;;;BR-040, 3597 - Luziânia, GO, Brasil;;9; Days;;Abrir no navegador
UEV5E44;SUP SE - EMP_JAGUARIUNA, Vehicle, Diesel, Manually Classified Powertrain, CAMBIO AUTOMATICO OU SEMI AUTOMATICO, MERCEDES BENZ, COMBUSTÃO, REG_SUPPLY SE, CAVALO MECÂNICO, TRS_IMEDIATO, UNI_EMP JAGUARIUNA, 90 km/h;b3AC;G9U1SUNHPN2F;OK;GO Mode;06/04/2026;06/04/2026;06/04/2026;YES;;;Av. Antártica, 1353-1651, Jaguariúna - SP, 13820-000, Brasil, Jaguariúna - SP, Brasil;;1; Minutes;;Abrir no navegador
UEV6D08;ROTA SUL_CDD PELOTAS, Vehicle, CAMBIO MANUAL, VOLKSWAGEN, COMBUSTÃO, REG_MACRO REGIÃO SUL, CAMINHÃO TOCO / TRUCK, TRS_CONLOG, UNI_CDD PELOTAS, 80 km/h;b420;G916XNPEZRVS;OK;GO Mode;06/04/2026;06/04/2026;06/04/2026;YES;;;BR-471 - Santa Terezinha, Pelotas - RS, Brasil - Santa Terezinha, Pelotas - RS, 96015, Brasil;;1; Minutes;;Abrir no navegador
UEW0E83;ROTA SUL_CDD PELOTAS, Vehicle, CAMBIO MANUAL, VOLKSWAGEN, COMBUSTÃO, REG_MACRO REGIÃO SUL, CAMINHÃO TOCO / TRUCK, TRS_CONLOG, UNI_CDD PELOTAS, 80 km/h;b60B;G94UYRCU1W67;OK;GO Mode;06/04/2026;06/04/2026;06/04/2026;YES;;;BR-471 - Santa Terezinha, Pelotas - RS, Brasil - Santa Terezinha, Pelotas - RS, 96015, Brasil;;7; Minutes;;Abrir no navegador
UEW1G35;SUP SE - EMP_PIRAI, Vehicle, Diesel, CAMBIO AUTOMATICO OU SEMI AUTOMATICO, MERCEDES BENZ, COMBUSTÃO, REG_SUPPLY SE, CAVALO MECÂNICO, TRS_CONLOG, UNI_EMP PIRAI, 90 km/h;b383;G92Z80S7ANMB;OK;GO Mode;06/04/2026;06/04/2026;06/04/2026;YES;;;Rod. Pres. Dutra, Sn - Km 237 - Piraí, RJ, 27175-000, Brasil;;17; Minutes;;Abrir no navegador
UEW3D79;ROTA SUL_CDD CURITIBA, Vehicle, Diesel, CAMBIO MANUAL, MERCEDES BENZ, COMBUSTÃO, REG_MACRO REGIÃO SUL, CAMINHÃO TOCO / TRUCK, TRS_IMEDIATO, UNI_CDD CURITIBA, 80 km/h;b2C5;G9DH5B67Y7AN;OK;GO Mode;06/04/2026;06/04/2026;06/04/2026;YES;;;R. Das Rosas, 257 - Parque da Fonte, São José dos Pinhais - PR, 83050-310, Brasil;;1; Minutes;;Abrir no navegador
UEW4F38;ROTA SP_CDD PRESID. PRUDENTE, Vehicle, Diesel, CAMBIO MANUAL, FOTON, COMBUSTÃO, REG_MACRO REGIÃO SP, CAMINHÃO TOCO / TRUCK, TRS_IMEDIATO, UNI_CDD PRESID. PRUDENTE, 80 km/h;b5B6;G94JP3ZHHNU7;OK (Parado);GO Mode;05/04/2026;02/04/2026;05/04/2026;NO;;;R. Carlos Ignácio Alcêncio, 10 - Uep6-S.2, Pres. Prudente - SP, 19045-373, Brasil;;10; Days;10 Days;Abrir no navegador
UEW9B17;ROTA SP_CDD SUZANO, Vehicle, Diesel, CAMBIO MANUAL, MERCEDES BENZ, COMBUSTÃO, REG_MACRO REGIÃO SP, CAMINHÃO TOCO / TRUCK, TRS_NEPOMUCENO, UNI_CDD SUZANO, 80 km/h;b738;G971C42ST06J;OK (Parado);GO Mode;05/04/2026;01/04/2026;05/04/2026;NO;;;R. Rafael da Anunciação Fontes, 241 - Chácaras Ceres, Suzano - SP, 08655-243, Brasil;;15; Days;15 Days;Abrir no navegador
UEX0E04;SUP SE - EMP_JUNDIAI, Vehicle, Diesel, CAMBIO AUTOMATICO OU SEMI AUTOMATICO, MERCEDES BENZ, COMBUSTÃO, REG_SUPPLY SE, CAVALO MECÂNICO, TRS_NEPOMUCENO, UNI_EMP JUNDIAI, 90 km/h;b4EB;G997DB13YXEM;OK;GO Mode;06/04/2026;06/04/2026;06/04/2026;YES;;;CD AMBEV JUNDIAI: R. Pietro Antonio Leo, 201 - St. Industrial, Jundiaí - SP, 13213-007, Brasil;;7; Minutes;;Abrir no navegador
UEX0F87;ROTA SP_CDD CAMPINAS, Vehicle, Diesel, CAMBIO MANUAL, MERCEDES BENZ, COMBUSTÃO, REG_MACRO REGIÃO SP, CAMINHÃO TOCO / TRUCK, TRS_IMEDIATO, UNI_CDD CAMPINAS, 80 km/h;b644;G90R3DV6ZFP4;OK;GO Mode;06/04/2026;06/04/2026;06/04/2026;YES;LowVoltage;"This asset's battery is low, and the device may not be receiving enough power.
Please follow these steps:
Check your asset's battery, and electrical system health.
Confirm you are able to start your engine or asset, and check that your device is powered.
If this device is still offline, contact your fleet's Telematics Representative for further assistance.";Avenida Madrid, 915 - Bonfim, Paulínia - SP, 13145-247, Brasil;;9; Minutes;;Abrir no navegador
UEX2J88;ROTA SP_CDD PRESID. PRUDENTE, Vehicle, Diesel, CAMBIO MANUAL, FOTON, COMBUSTÃO, REG_MACRO REGIÃO SP, CAMINHÃO TOCO / TRUCK, TRS_IMEDIATO, UNI_CDD PRESID. PRUDENTE, 80 km/h;b5A6;G932MTAW9U0H;OK;GO Mode;06/04/2026;06/04/2026;06/04/2026;YES;;;Rod. Raposo Tavares, 6492, Piquerobi - SP, 19410-000, Brasil;;1; Minutes;;Abrir no navegador
UEY0J75;SUP SUL - EMP_AGUDOS, Vehicle, Diesel, CAMBIO AUTOMATICO OU SEMI AUTOMATICO, MERCEDES BENZ, COMBUSTÃO, REG_SUPPLY SUL, CAVALO MECÂNICO, TRS_IMEDIATO, UNI_EMP AGUDOS, 90 km/h;b4FD;G93KFXC5UF05;OK;GO Mode;06/04/2026;06/04/2026;06/04/2026;YES;;;Rod. Marechal Rondon, 317 - Agudos, SP, 17120-000, Brasil;;1; Minutes;;Abrir no navegador
UEY1D94;SUP SE - EMP_JACAREI, Vehicle, Diesel, CAMBIO AUTOMATICO OU SEMI AUTOMATICO, MERCEDES BENZ, COMBUSTÃO, REG_SUPPLY SE, CAVALO MECÂNICO, TRS_IMEDIATO, UNI_EMP JACAREI, 90 km/h;b366;G90TMHRZ6K4M;OK;GO Mode;06/04/2026;06/04/2026;06/04/2026;YES;;;Estrada Sem Nome - Jacareí, SP, Brasil;;2; Minutes;;Abrir no navegador
UEY2C07;ROTA SP_CDD CAMPINAS, Vehicle, Diesel, CAMBIO MANUAL, MERCEDES BENZ, COMBUSTÃO, REG_MACRO REGIÃO SP, CAMINHÃO TOCO / TRUCK, TRS_IMEDIATO, UNI_CDD CAMPINAS, 80 km/h;b5EF;G9JBKSEKPUBY;OK;GO Mode;06/04/2026;05/04/2026;06/04/2026;YES;;;Avenida Madrid, 907 - Bonfim, Paulínia - SP, 13140-000, Brasil;;9; Minutes;;Abrir no navegador
UEY4D30;ROTA SP_CDD NORTE, Vehicle, Diesel, CAMBIO MANUAL, MERCEDES BENZ, COMBUSTÃO, REG_MACRO REGIÃO SP, CAMINHÃO TOCO / TRUCK, TRS_IMEDIATO, UNI_CDD NORTE, 80 km/h;b5D1;G9J9SDAPPB8Z;OK (Parado);GO Mode;06/04/2026;02/04/2026;06/04/2026;NO;;;R. Jussara, 1329 - Jardim Santa Cecilia, Barueri - SP, 06465-070, Brasil;;2; Days;2 Days;Abrir no navegador
UEZ2D79;ROTA SP_CDD PRESID. PRUDENTE, Vehicle, Diesel, CAMBIO MANUAL, MERCEDES BENZ, COMBUSTÃO, REG_MACRO REGIÃO SP, CAMINHÃO TOCO / TRUCK, TRS_IMEDIATO, UNI_CDD PRESID. PRUDENTE, 80 km/h;b61C;G9EDSYCF1PY9;OK;GO Mode;06/04/2026;06/04/2026;06/04/2026;YES;;;José Dansieri, 303 - Parque Dracena, Dracena - SP, 17900-000, Brasil;;1; Minutes;;Abrir no navegador
UEZ5F60;ROTA SP_CDD NORTE, Vehicle, Diesel, CAMBIO MANUAL, MERCEDES BENZ, COMBUSTÃO, REG_MACRO REGIÃO SP, CAMINHÃO TOCO / TRUCK, TRS_IMEDIATO, UNI_CDD NORTE, 80 km/h;b649;G9W6NW8559E9;OK;GO Mode;06/04/2026;06/04/2026;06/04/2026;YES;;;Av. Cabo Adão Pereira, 53 - Vila Pereira Barreto, São Paulo - SP, 02936-010, Brasil;;1; Minutes;;Abrir no navegador
UEZ8G91;ROTA SP_CDD PRESID. PRUDENTE, Vehicle, Diesel, CAMBIO MANUAL, MERCEDES BENZ, COMBUSTÃO, REG_MACRO REGIÃO SP, CAMINHÃO TOCO / TRUCK, TRS_IMEDIATO, UNI_CDD PRESID. PRUDENTE, 80 km/h;b243;G9U3KVJ7W417;OK;GO Mode;06/04/2026;06/04/2026;06/04/2026;YES;;;R. Carlos Ignácio Alcêncio, 10 - Uep6-S.2, Pres. Prudente - SP, 19045-373, Brasil;;1; Minutes;;Abrir no navegador
UFA4C49;ROTA SUL_CDD BALNEARIO, Vehicle, CAMBIO MANUAL, VOLKSWAGEN, COMBUSTÃO, REG_MACRO REGIÃO SUL, CAMINHÃO TOCO / TRUCK, TRS_CONLOG, UNI_CDD BALNEARIO, 80 km/h;b642;G9BPWT4P2PR3;OK;GO Mode;06/04/2026;06/04/2026;06/04/2026;YES;;;R. Atol das Rocas, 80 - Quatro Ilhas, Bombinhas - SC, 88215-000, Brasil;;1; Minutes;;Abrir no navegador
UFA4D08;ROTA SP_CDD PRESID. PRUDENTE, Vehicle, Diesel, CAMBIO MANUAL, FOTON, COMBUSTÃO, REG_MACRO REGIÃO SP, CAMINHÃO TOCO / TRUCK, TRS_IMEDIATO, UNI_CDD PRESID. PRUDENTE, 80 km/h;b5A4;G9SCV3MWV0R1;OK (Parado);GO Mode;05/04/2026;02/04/2026;05/04/2026;NO;;;R. Valdemar Mendes, 106 - Jardim Planalto, Pres. Prudente - SP, 19045-690, Brasil;;14; Days;14 Days;Abrir no navegador
UFA5H96;ROTA RJ ES_CDD MACACU, Vehicle, CAMBIO AUTOMATICO OU SEMI AUTOMATICO, VOLKSWAGEN, COMBUSTÃO, REG_MACRO REGIÃO RJ ES, CAVALO MECÂNICO, TRS_CONLOG, UNI_CDD MACACU, 90 km/h;b640;G97H2HKS5E27;OK;GO Mode;06/04/2026;06/04/2026;06/04/2026;YES;;;F8J2+34 - Funchal, Cachoeiras de Macacu - RJ, 28680-000, Brasil;;34; Minutes;;Abrir no navegador
UFA6I94;ROTA NE_CDD ARACAJU, Vehicle, Diesel, CAMBIO MANUAL, MERCEDES BENZ, COMBUSTÃO, REG_MACRO REGIÃO SP, CAMINHÃO TOCO / TRUCK, TRS_GHISOLFI, UNI_CDD ARACAJU, 80 km/h;b5A0;G96DH81B17RM;Off-line para 3+ Dias;GO Mode;28/02/2026;11/02/2026;28/02/2026;NO;;;Av. Chesf, 1 - Parque dos Faróis, Nossa Sra. do Socorro - SE, 49160-000, Brasil;54 Days;37; Days;37 Days;Abrir no navegador
UFB0B82;ROTA SP_CDD AGUDOS, Vehicle, Diesel, CAMBIO MANUAL, MERCEDES BENZ, COMBUSTÃO, REG_MACRO REGIÃO SP, CAMINHÃO TOCO / TRUCK, TRS_IMEDIATO, UNI_CDD AGUDOS, 80 km/h;b26D;G9N2689DKJ0A;OK;GO Mode;06/04/2026;06/04/2026;06/04/2026;YES;;;Rod. Marechal Rondon, 22619 - Agudos, SP, 17120-000, Brasil;;8; Minutes;;Abrir no navegador
UFB1C67;SUP COMG - EMP_UBERLANDIA, Vehicle, Diesel, CAMBIO AUTOMATICO OU SEMI AUTOMATICO, MERCEDES BENZ, COMBUSTÃO, REG_SUPPLY COMG, CAVALO MECÂNICO, TRS_IMEDIATO, UNI_EMP UBERLANDIA, 90 km/h;b4C3;G9XN66K0HRE4;OK;GO Mode;06/04/2026;05/04/2026;06/04/2026;YES;;;R. Antônio, 76 - Extrema, MG, 37640-000, Brasil;;17; Minutes;;Abrir no navegador
UFB2G87;ROTA CO_CDD RONDONOPOLIS, Vehicle, CAMBIO MANUAL, VOLKSWAGEN, COMBUSTÃO, REG_MACRO REGIÃO CO, CAMINHÃO TOCO / TRUCK, TRS_CONLOG, UNI_CDD RONDONOPOLIS, 80 km/h;b3BD;G9D40KT3F75H;OK;GO Mode;06/04/2026;06/04/2026;06/04/2026;YES;;;Av. Antonio Teixeira Dos Santo 1559, MT, 78750-360, Brazil;;19; Minutes;;Abrir no navegador
UFB3B30;ROTA SUL_CDD BALNEARIO, Vehicle, CAMBIO MANUAL, VOLKSWAGEN, COMBUSTÃO, REG_MACRO REGIÃO SUL, CAMINHÃO TOCO / TRUCK, TRS_CONLOG, UNI_CDD BALNEARIO, 80 km/h;b60D;G96RPYNRCCD2;OK;GO Mode;06/04/2026;06/04/2026;06/04/2026;YES;;;R. dos Professores, 70 - Centro, Barra Velha - SC, 88390-000, Brasil;;17; Minutes;;Abrir no navegador
UFB4A99;ROTA SUL_CDD CURITIBA, Vehicle, Diesel, CAMBIO MANUAL, MERCEDES BENZ, COMBUSTÃO, REG_MACRO REGIÃO SUL, CAMINHÃO TOCO / TRUCK, TRS_IMEDIATO, UNI_CDD CURITIBA, 80 km/h;b69A;G98FDB5V994K;OK;GO Mode;06/04/2026;06/04/2026;06/04/2026;YES;;;R. Alfredo Pinto, 1911 - Parque da Fonte, São José dos Pinhais - PR, 83065-150, Brasil;;1; Minutes;;Abrir no navegador
UFB7A22;ROTA SP_CDD BARUERI, Vehicle, Diesel, CAMBIO MANUAL, MERCEDES BENZ, COMBUSTÃO, REG_MACRO REGIÃO SP, CAMINHÃO TOCO / TRUCK, TRS_FADEL, UNI_CDD BARUERI, 80 km/h;b208;G9VY53VNDC8N;OK;GO Mode;06/04/2026;06/04/2026;06/04/2026;YES;;;R. João Guidi, 76 - Vila Sul Americana, Carapicuíba - SP, 06397-080, Brasil;;1; Minutes;;Abrir no navegador
UFC4A97;ROTA SP_CDD BARUERI, Vehicle, Diesel, CAMBIO MANUAL, FOTON, COMBUSTÃO, REG_MACRO REGIÃO SP, CAMINHÃO TOCO / TRUCK, TRS_FADEL, UNI_CDD BARUERI, 80 km/h;b5BA;G95RX4Z467T5;OK;GO Mode;06/04/2026;06/04/2026;06/04/2026;YES;;;R. João Guidi, 13 - Vila Sul Americana, Carapicuíba - SP, 06397-080, Brasil;;1; Minutes;;Abrir no navegador
UFD4F80;ROTA SP_CDD RIBEIRAO PRETO, Vehicle, Diesel, CAMBIO MANUAL, MERCEDES BENZ, COMBUSTÃO, REG_MACRO REGIÃO SP, CAMINHÃO TOCO / TRUCK, TRS_IMEDIATO, UNI_CDD RIBEIRÃO PRETO, 80 km/h;b2E7;G9R9TV2B6USV;OK;GO Mode;06/04/2026;06/04/2026;06/04/2026;YES;;;Q6XW+Q2 - Lot. Parque dos Lagos, Ribeirão Preto - SP, 14097-140, Brasil;;2; Minutes;;Abrir no navegador
UFD7J50;ROTA SUL_CDD CURITIBA, Vehicle, Diesel, CAMBIO MANUAL, MERCEDES BENZ, COMBUSTÃO, REG_MACRO REGIÃO SUL, CAMINHÃO TOCO / TRUCK, TRS_IMEDIATO, UNI_CDD CURITIBA, 80 km/h;b5E0;G9MPCN9SPCA7;OK (Parado);GO Mode;06/04/2026;04/04/2026;06/04/2026;NO;;;R. Alfredo Pinto, 1405 - Parque da Fonte, São José dos Pinhais - PR, 83050-320, Brasil;;12; Minutes;12 Minutes;Abrir no navegador
UFF0G74;SUP COMG - EMP_UBERLANDIA, Vehicle, Diesel, CAMBIO AUTOMATICO OU SEMI AUTOMATICO, MERCEDES BENZ, COMBUSTÃO, REG_SUPPLY COMG, CAVALO MECÂNICO, TRS_IMEDIATO, UNI_EMP UBERLANDIA, 90 km/h;b4D2;G901DB0VY85J;OK;GO Mode;06/04/2026;06/04/2026;06/04/2026;YES;;;Rod. Edílson Lamartine Mendes, Uberaba - MG, Brasil;;4; Days;;Abrir no navegador
UFF2D59;ROTA SP_CDD AGUDOS, Vehicle, Diesel, CAMBIO MANUAL, MERCEDES BENZ, COMBUSTÃO, REG_MACRO REGIÃO SP, CAMINHÃO TOCO / TRUCK, TRS_IMEDIATO, UNI_CDD AGUDOS, 80 km/h;b29C;G91E41JJ0X3A;OK;GO Mode;06/04/2026;06/04/2026;06/04/2026;YES;;;Rod. Marechal Rondon, 22619 - Agudos, SP, 17120-000, Brasil;;11; Minutes;;Abrir no navegador
UFF3J26;ROTA SP_CDD TAUBATE, Vehicle, Diesel, CAMBIO MANUAL, MERCEDES BENZ, COMBUSTÃO, REG_MACRO REGIÃO SP, CAMINHÃO TOCO / TRUCK, TRS_FADEL, UNI_CDD TAUBATÉ, 80 km/h;b358;G9UNK9JDECD0;OK (Parado);GO Mode;06/04/2026;04/04/2026;06/04/2026;NO;;;R. Projetada Três, 1 - Lot. Industrial, Taubaté - SP, 12032-000, Brasil;;15; Minutes;15 Minutes;Abrir no navegador
UFF4G10;ROTA SP_CDD TAUBATE, Vehicle, Diesel, CAMBIO MANUAL, MERCEDES BENZ, COMBUSTÃO, REG_MACRO REGIÃO SP, CAMINHÃO TOCO / TRUCK, TRS_FADEL, UNI_CDD TAUBATÉ, 80 km/h;b63D;G9PJYXDJZK4K;OK;GO Mode;06/04/2026;06/04/2026;06/04/2026;YES;;;Estr. Municipal Amadeu Tenedini, 18 - Vila Henrique, Caçapava - SP, 12283-390, Brasil;;2; Minutes;;Abrir no navegador
UFF6B15;ROTA NE_CDD ARACAJU, Vehicle, Diesel, CAMBIO MANUAL, MERCEDES BENZ, COMBUSTÃO, REG_MACRO REGIÃO SP, CAMINHÃO TOCO / TRUCK, TRS_GHISOLFI, UNI_CDD ARACAJU, 80 km/h;b58C;G9NPJMKBV9FH;Off-line para 3+ Dias;GO Mode;22/03/2026;02/02/2026;22/03/2026;NO;;;R. S Pq Dos Farois, 261 - Lot. Itacanema II, Nossa Sra. do Socorro - SE, 49160-000, Brasil;63 Days;14; Days;14 Days;Abrir no navegador
UFF9C08;SUP COMG - EMP_JUATUBA, Vehicle, Diesel, CAMBIO AUTOMATICO OU SEMI AUTOMATICO, MERCEDES BENZ, COMBUSTÃO, REG_SUPPLY COMG, CAVALO MECÂNICO, TRS_NEPOMUCENO, UNI_EMP JUATUBA, 90 km/h;b57D;G970WHHBRV25;OK;GO Mode;06/04/2026;05/04/2026;06/04/2026;YES;;;BR-262, 766 - Francelinos, Juatuba - MG, 35675-000, Brasil;;34; Minutes;;Abrir no navegador
UFG0C87;SUP COMG - EMP_UBERLANDIA, Vehicle, Diesel, CAMBIO AUTOMATICO OU SEMI AUTOMATICO, MERCEDES BENZ, COMBUSTÃO, REG_SUPPLY COMG, CAVALO MECÂNICO, TRS_IMEDIATO, UNI_EMP UBERLANDIA, 90 km/h;b53A;G9SD5KKV3Z0U;Off-line para 2 - 3 Dias;GO Mode;03/04/2026;03/04/2026;03/04/2026;NO;;;2WPH+M5 - Tapuirama, Uberlândia - MG, Brasil;3 Days;2; Days;2 Days;Abrir no navegador
UFG0G56;ROTA SUL_CDD FLORIANOPOLIS, Vehicle, CAMBIO MANUAL, VOLKSWAGEN, COMBUSTÃO, REG_MACRO REGIÃO SUL, CAMINHÃO TOCO / TRUCK, TRS_CONLOG, UNI_CDD FLORIANOPOLIS, 80 km/h;b5F5;G9MAFBCY0D02;OK;GO Mode;06/04/2026;06/04/2026;06/04/2026;YES;;;R. Frei Lauro, 110 - Pte. do Imaruim, Palhoça - SC, 88130-750, Brasil;;1; Minutes;;Abrir no navegador
UFG6B80;ROTA SP_CDD BARUERI, Vehicle, Diesel, CAMBIO MANUAL, MERCEDES BENZ, COMBUSTÃO, REG_MACRO REGIÃO SP, CAMINHÃO TOCO / TRUCK, TRS_FADEL, UNI_CDD BARUERI, 80 km/h;b215;G9F94R49C870;OK;GO Mode;06/04/2026;06/04/2026;06/04/2026;YES;;;R. João Guidi, 13 - Vila Sul Americana, Carapicuíba - SP, 06397-080, Brasil;;3; Minutes;;Abrir no navegador
UFG9G94;SUP SUL - EMP_AGUDOS, Vehicle, Diesel, CAMBIO AUTOMATICO OU SEMI AUTOMATICO, MERCEDES BENZ, COMBUSTÃO, REG_SUPPLY SUL, CAVALO MECÂNICO, TRS_IMEDIATO, UNI_EMP AGUDOS, 90 km/h;b502;G9FTAVEU3DR3;OK;GO Mode;06/04/2026;06/04/2026;06/04/2026;YES;;;Zona - AMBEV GRAN DOURADOS - MATO GROSSO DO SUL (trecho 11): Rod. João Batista Cabral Rennó, 307 - Santa Cruz do Rio Pardo, SP, 18928-899, Brasil;;1; Minutes;;Abrir no navegador
UFH3I57;ROTA SP_CDD SAO JOSE CAMPOS, Vehicle, Diesel, CAMBIO MANUAL, MERCEDES BENZ, COMBUSTÃO, REG_MACRO REGIÃO SP, CAMINHÃO TOCO / TRUCK, TRS_FADEL, UNI_CDD SÃO JOSÉ DOS CAMPOS, 80 km/h;b5CA;G9CWH14M6RXV;OK;GO Mode;06/04/2026;06/04/2026;06/04/2026;YES;;;R. Carlos Marcondes, 1480 - Jardim Limoeiro, São José dos Campos - SP, 12230-002, Brasil;;1; Minutes;;Abrir no navegador
UFH5C28;ROTA RJ ES_CDD CAMPO GRANDE, Vehicle, CAMBIO MANUAL, VOLKSWAGEN, COMBUSTÃO, REG_MACRO REGIÃO RJ ES, CAMINHÃO TOCO / TRUCK, TRS_CONLOG, UNI_CDD CAMPO GRANDE, 80 km/h;b641;G9MY4RMKCH3Y;OK;GO Mode;06/04/2026;06/04/2026;06/04/2026;YES;;;*CD RIO (40km): R. Bromélia, 22 - Campo Grande, Rio de Janeiro - RJ, 22776-040, Brasil;;1; Minutes;;Abrir no navegador
UFH6A86;SUP COMG - EMP_UBERLANDIA, Vehicle, Diesel, CAMBIO AUTOMATICO OU SEMI AUTOMATICO, MERCEDES BENZ, COMBUSTÃO, REG_SUPPLY COMG, CAVALO MECÂNICO, TRS_IMEDIATO, UNI_EMP UBERLANDIA, 90 km/h;b507;G9JBHN9K6EA8;OK;GO Mode;06/04/2026;06/04/2026;06/04/2026;YES;;;Av. Beira-Rio, 4701 - A Definir Em Campo, Santa Luzia - MG, 33040-260, Brasil;;1; Minutes;;Abrir no navegador
UFH8A58;ROTA SP_CDD SAO JOSE CAMPOS, Vehicle, Diesel, CAMBIO MANUAL, MERCEDES BENZ, COMBUSTÃO, REG_MACRO REGIÃO SP, CAMINHÃO TOCO / TRUCK, TRS_FADEL, UNI_CDD SÃO JOSÉ DOS CAMPOS, 80 km/h;b563;G9CNYAHE4660;OK (Parado);GO Mode;06/04/2026;04/04/2026;06/04/2026;NO;;;R. Décio da Silva, 537 - Jardim Fatima, Guarulhos - SP, 07177-150, Brasil;;13; Minutes;13 Minutes;Abrir no navegador
UFH8G95;ROTA SP_CDD EMBU, Vehicle, Diesel, CAMBIO MANUAL, MERCEDES BENZ, COMBUSTÃO, REG_MACRO REGIÃO SP, CAMINHÃO TOCO / TRUCK, TRS_IMEDIATO, UNI_CDD EMBU, 80 km/h;b497;G9FPRYX29EER;OK;GO Mode;06/04/2026;06/04/2026;06/04/2026;YES;;;Av. Rotary, 1720 - Vila Isis Cristina, Embu das Artes - SP, 06815-490, Brasil;;1; Minutes;;Abrir no navegador
UFI0G19;ROTA SP_CDD SUZANO, Vehicle, Diesel, CAMBIO MANUAL, MERCEDES BENZ, COMBUSTÃO, REG_MACRO REGIÃO SP, CAMINHÃO TOCO / TRUCK, TRS_NEPOMUCENO, UNI_CDD SUZANO, 80 km/h;b3FD;G9BFZ979KPMT;OK;GO Mode;06/04/2026;06/04/2026;06/04/2026;YES;;;R. Ernesto Joaquim de Souza, 232 - Chácaras Ceres, Suzano - SP, 08655-805, Brasil;;8; Minutes;;Abrir no navegador
UFI6A14;SUP SE - EMP_JAGUARIUNA, Vehicle, Diesel, CAMBIO AUTOMATICO OU SEMI AUTOMATICO, MERCEDES BENZ, COMBUSTÃO, REG_SUPPLY SE, CAVALO MECÂNICO, TRS_IMEDIATO, UNI_EMP JAGUARIUNA, 90 km/h;b4CB;G9F10XT01DHY;OK;GO Mode;06/04/2026;06/04/2026;06/04/2026;YES;;;Rod. Campinas-Mogi Mirim, km 129, Jaguariúna - SP, Brasil;;1; Minutes;;Abrir no navegador
UFI8A55;SUP SUL - EMP_AGUDOS, Vehicle, Diesel, CAMBIO AUTOMATICO OU SEMI AUTOMATICO, MERCEDES BENZ, COMBUSTÃO, REG_SUPPLY SUL, CAVALO MECÂNICO, TRS_IMEDIATO, UNI_EMP AGUDOS, 90 km/h;b565;G96BN2T53SF7;OK;GO Mode;06/04/2026;06/04/2026;06/04/2026;YES;;;Rod. Marechal Rondon, 1 - Zona Rural, Cafelândia - SP, 18685-850, Brasil;;1; Minutes;;Abrir no navegador
UFI8H39;ROTA SP_CDD PRESID. PRUDENTE, Vehicle, Diesel, CAMBIO MANUAL, FOTON, COMBUSTÃO, REG_MACRO REGIÃO SP, CAMINHÃO TOCO / TRUCK, TRS_IMEDIATO, UNI_CDD PRESID. PRUDENTE, 80 km/h;b5CD;G976TMHD0YNR;OK;GO Mode;06/04/2026;05/04/2026;06/04/2026;YES;;;R. Carlos Ignácio Alcêncio, 10 - Uep6-S.2, Pres. Prudente - SP, 19045-373, Brasil;;14; Minutes;;Abrir no navegador
UFJ0C48;ROTA SP_CDD BARUERI, Vehicle, Diesel, CAMBIO MANUAL, MERCEDES BENZ, COMBUSTÃO, REG_MACRO REGIÃO SP, CAMINHÃO TOCO / TRUCK, TRS_FADEL, UNI_CDD BARUERI, 80 km/h;b5CC;G9MWXKZKUP65;OK;GO Mode;06/04/2026;06/04/2026;06/04/2026;YES;;;R. Pedro de Oliveira, 106 - Vila Sul Americana, Carapicuíba - SP, 06397-085, Brasil;;8; Minutes;;Abrir no navegador
UFJ3H73;ROTA SP_CDD SUZANO, Vehicle, Diesel, CAMBIO MANUAL, MERCEDES BENZ, COMBUSTÃO, REG_MACRO REGIÃO SP, CAMINHÃO TOCO / TRUCK, TRS_NEPOMUCENO, UNI_CDD SUZANO, 80 km/h;b56B;G9JB2ZMB4WYW;OK (Parado);GO Mode;05/04/2026;29/03/2026;05/04/2026;NO;;;R. Rafael da Anunciação Fontes, 241 - Chácaras Ceres, Suzano - SP, 08655-243, Brasil;;14; Days;14 Days;Abrir no navegador
UFJ4J07;ROTA SP_CDD BARUERI, Vehicle, Diesel, CAMBIO MANUAL, MERCEDES BENZ, COMBUSTÃO, REG_MACRO REGIÃO SP, CAMINHÃO TOCO / TRUCK, TRS_FADEL, UNI_CDD BARUERI, 80 km/h;b269;G96JFB6933VF;OK;GO Mode;06/04/2026;06/04/2026;06/04/2026;YES;;;R. João Guidi, 106 - Vila Sul Americana, Carapicuíba - SP, 06397-080, Brasil;;1; Minutes;;Abrir no navegador
UFK6I65;ROTA CO_CDD RONDONOPOLIS, Vehicle, CAMBIO MANUAL, VOLKSWAGEN, COMBUSTÃO, REG_MACRO REGIÃO CO, CAMINHÃO TOCO / TRUCK, TRS_CONLOG, UNI_CDD RONDONOPOLIS, 80 km/h;b3C0;G9Y381W6YR00;OK;GO Mode;06/04/2026;06/04/2026;06/04/2026;YES;;;Av. Antonio Teixeira Dos Santo 1559, MT, 78750-360, Brazil;;14; Minutes;;Abrir no navegador
UFL0A94;SUP SE - EMP_PIRAI, Vehicle, Diesel, CAMBIO AUTOMATICO OU SEMI AUTOMATICO, MERCEDES BENZ, COMBUSTÃO, REG_SUPPLY SE, CAVALO MECÂNICO, TRS_CONLOG, UNI_EMP PIRAI, 90 km/h;b381;G9E0WUCH7NC0;OK;GO Mode;06/04/2026;06/04/2026;06/04/2026;YES;;;R. Cristovão, 5900 - Santa Sofia, Seropédica - RJ, 23895-800, Brasil;;1; Minutes;;Abrir no navegador
UFL7J50;ROTA SUL_CDD PARANAGUA, Vehicle, Diesel, CAMBIO MANUAL, MERCEDES BENZ, COMBUSTÃO, REG_MACRO REGIÃO SUL, CAMINHÃO TOCO / TRUCK, TRS_IMEDIATO, UNI_CDD PARANAGUÁ, 80 km/h;b588;G9J8DPS556PM;OK (Parado);GO Mode;05/04/2026;01/04/2026;05/04/2026;NO;;;Av. Etuzi Takayama, 1092-1252 - Parque São João, Paranaguá - PR, 83212-220, Brasil;;12; Days;12 Days;Abrir no navegador
UFL8F03;ROTA SP_CDD SAO JOSE CAMPOS, Vehicle, Diesel, CAMBIO MANUAL, MERCEDES BENZ, COMBUSTÃO, REG_MACRO REGIÃO SP, CAMINHÃO TOCO / TRUCK, TRS_FADEL, UNI_CDD SÃO JOSÉ DOS CAMPOS, 80 km/h;b21F;G99Y2818SVPM;OK;GO Mode;06/04/2026;06/04/2026;06/04/2026;YES;;;R. Carlos Marcondes, 299 - Limoeiro, São José dos Campos - SP, 12230-002, Brasil;;1; Minutes;;Abrir no navegador
UFM0C87;ROTA SP_CDD EMBU, Vehicle, Diesel, CAMBIO MANUAL, MERCEDES BENZ, COMBUSTÃO, REG_MACRO REGIÃO SP, CAMINHÃO TOCO / TRUCK, TRS_IMEDIATO, UNI_CDD EMBU, 80 km/h;b493;G9K4WJF5ZNZD;OK;GO Mode;06/04/2026;06/04/2026;06/04/2026;YES;;;Av. Rotary, 1720 - Vila Isis Cristina, Embu das Artes - SP, 06815-490, Brasil;;1; Minutes;;Abrir no navegador
UFM4J97;SUP SE - EMP_GUARULHOS, Vehicle, Diesel, CAMBIO AUTOMATICO OU SEMI AUTOMATICO, MERCEDES BENZ, COMBUSTÃO, REG_SUPPLY SE, CAVALO MECÂNICO, TRS_IMEDIATO, UNI_EMP GUARULHOS, 90 km/h;b4F4;G9R5V1MPU9YS;OK;GO Mode;06/04/2026;06/04/2026;06/04/2026;YES;;;BR-050, 162 - Jardim Nova Limeira, Limeira - SP, 13486-199, Brasil;;1; Minutes;;Abrir no navegador
UFM7A27;ROTA SP_CDD SUZANO, Vehicle, Diesel, CAMBIO MANUAL, MERCEDES BENZ, COMBUSTÃO, REG_MACRO REGIÃO SP, CAMINHÃO TOCO / TRUCK, TRS_NEPOMUCENO, UNI_CDD SUZANO, 80 km/h;b581;G9BWE31V0X2C;OK;GO Mode;06/04/2026;06/04/2026;06/04/2026;YES;;;R. Rafael da Anunciação Fontes, 241 - Chácaras Ceres, Suzano - SP, 08655-243, Brasil;;1; Minutes;;Abrir no navegador
UFN4B58;ROTA SUL_CDD CURITIBA, Vehicle, Diesel, CAMBIO MANUAL, MERCEDES BENZ, COMBUSTÃO, REG_MACRO REGIÃO SUL, CAMINHÃO TOCO / TRUCK, TRS_IMEDIATO, UNI_CDD CURITIBA, 80 km/h;b2F4;G9WTBN25W3P5;OK;GO Mode;06/04/2026;06/04/2026;06/04/2026;YES;;;R. Abilio Costa, 499 - Parque da Fonte, São José dos Pinhais - PR, 83050-311, Brasil;;18; Minutes;;Abrir no navegador
UFN4F25;ROTA SP_CDD BARUERI, Vehicle, Diesel, CAMBIO MANUAL, MERCEDES BENZ, COMBUSTÃO, REG_MACRO REGIÃO SP, CAMINHÃO TOCO / TRUCK, TRS_FADEL, UNI_CDD BARUERI, 80 km/h;b5DE;G92J4DVR4W41;OK;GO Mode;06/04/2026;05/04/2026;06/04/2026;YES;;;R. Pedro de Oliveira, 106 - Vila Sul Americana, Carapicuíba - SP, 06397-085, Brasil;;2; Minutes;;Abrir no navegador
UFN4F65;SUP SE - EMP_JAGUARIUNA, Vehicle, Diesel, CAMBIO AUTOMATICO OU SEMI AUTOMATICO, MERCEDES BENZ, COMBUSTÃO, REG_SUPPLY SE, CAVALO MECÂNICO, TRS_IMEDIATO, UNI_EMP JAGUARIUNA, 90 km/h;b3D1;G9JR9J6BD307;OK;GO Mode;06/04/2026;06/04/2026;06/04/2026;YES;;;JQ3R+XJ - Sete Lagoas, MG, Brasil;;4; Minutes;;Abrir no navegador
UFN5C76;ROTA SP_CDD BARUERI, Vehicle, Diesel, CAMBIO MANUAL, FOTON, COMBUSTÃO, REG_MACRO REGIÃO SP, CAMINHÃO TOCO / TRUCK, TRS_FADEL, UNI_CDD BARUERI, 80 km/h;b624;G971HCSCS175;OK;GO Mode;06/04/2026;06/04/2026;06/04/2026;YES;;;Av. Marginal do CSU, 57 - Vila Menk, Carapicuíba - SP, 06395-010, Brasil;;1; Minutes;;Abrir no navegador
UFO1G90;ROTA SP_CDD PRESID. PRUDENTE, Vehicle, Diesel, CAMBIO MANUAL, FOTON, COMBUSTÃO, REG_MACRO REGIÃO SP, CAMINHÃO TOCO / TRUCK, TRS_IMEDIATO, UNI_CDD PRESID. PRUDENTE, 80 km/h;b5BB;G972SS01F7P7;OK;GO Mode;06/04/2026;06/04/2026;06/04/2026;YES;;;R. Alberto Amador, 1039 - Teodoro Sampaio, SP, 19280-000, Brasil;;12; Minutes;;Abrir no navegador
UFO5G09;SUP SE - EMP_PIRAI, Vehicle, Diesel, CAMBIO AUTOMATICO OU SEMI AUTOMATICO, MERCEDES BENZ, COMBUSTÃO, REG_SUPPLY SE, CAVALO MECÂNICO, TRS_CONLOG, UNI_EMP PIRAI, 90 km/h;b6BF;G9JE5D9SJ5T8;OK;GO Mode;06/04/2026;05/04/2026;06/04/2026;YES;;;Rod. do Café, 720, Ponta Grossa - PR, Brasil;;10; Minutes;;Abrir no navegador
UFO9H38;ROTA SUL_CDD CURITIBA, Vehicle, Diesel, CAMBIO MANUAL, MERCEDES BENZ, COMBUSTÃO, REG_MACRO REGIÃO SUL, CAMINHÃO TOCO / TRUCK, TRS_IMEDIATO, UNI_CDD CURITIBA, 80 km/h;b5B0;G90Z6NEXACZK;OK;GO Mode;06/04/2026;06/04/2026;06/04/2026;YES;;;R. Alfredo Pinto, 1405 - Parque da Fonte, São José dos Pinhais - PR, 83050-320, Brasil;;13; Minutes;;Abrir no navegador
UFP3A89;ROTA CO_CDD RONDONOPOLIS, Vehicle, CAMBIO MANUAL, MERCEDES BENZ, COMBUSTÃO, REG_MACRO REGIÃO CO, CAMINHÃO TOCO / TRUCK, TRS_CONLOG, UNI_CDD RONDONOPOLIS, 80 km/h;b408;G9JBU9JN6FU6;OK;GO Mode;06/04/2026;06/04/2026;06/04/2026;YES;;;Av. Antonio Teixeira Dos Santo 1559, MT, 78750-360, Brazil;;13; Minutes;;Abrir no navegador
UFP3J96;ROTA SP_CDD SAO JOSE CAMPOS, Vehicle, Diesel, CAMBIO MANUAL, MERCEDES BENZ, COMBUSTÃO, REG_MACRO REGIÃO SP, CAMINHÃO TOCO / TRUCK, TRS_FADEL, UNI_CDD SÃO JOSÉ DOS CAMPOS, 80 km/h;b6A9;G9K8SUBXEKTK;OK;GO Mode;06/04/2026;06/04/2026;06/04/2026;YES;;;R. Carlos Marcondes, 299 - Limoeiro, São José dos Campos - SP, 12230-002, Brasil;;1; Minutes;;Abrir no navegador
UFP6B25;ROTA SUL_CDD CURITIBA, Vehicle, Diesel, CAMBIO MANUAL, MERCEDES BENZ, COMBUSTÃO, REG_MACRO REGIÃO SUL, CAMINHÃO TOCO / TRUCK, TRS_IMEDIATO, UNI_CDD CURITIBA, 80 km/h;b2CB;G9NKBTWE8YH3;OK;GO Mode;06/04/2026;06/04/2026;06/04/2026;YES;;;Rua Alfredo Pinto, 946 - Parque da Fonte, São José dos Pinhais - PR, 83050-540, Brasil;;1; Minutes;;Abrir no navegador
UFP8F26;ROTA SUL_CDD BALNEARIO, Vehicle, CAMBIO MANUAL, VOLKSWAGEN, COMBUSTÃO, REG_MACRO REGIÃO SUL, CAMINHÃO TOCO / TRUCK, TRS_CONLOG, UNI_CDD BALNEARIO, 80 km/h;b5F2;G9FJ03NURWP6;OK;GO Mode;06/04/2026;06/04/2026;06/04/2026;YES;;;Rod. Governador Mário Covas, 425 - Espinheiros, Itajaí - SC, 88311-601, Brasil;;1; Minutes;;Abrir no navegador
UFP9F32;ROTA CO_CDD RONDONOPOLIS, Vehicle, CAMBIO MANUAL, VOLKSWAGEN, COMBUSTÃO, REG_MACRO REGIÃO CO, CAMINHÃO TOCO / TRUCK, TRS_CONLOG, UNI_CDD RONDONOPOLIS, 80 km/h;b416;G98B24V09F73;OK;GO Mode;06/04/2026;06/04/2026;06/04/2026;YES;;;Av. Uirapuru, 2144 - Parque Res. Universitario, Rondonópolis - MT, 78745-160, Brasil;;5; Minutes;;Abrir no navegador
UFQ4D97;SUP COMG - EMP_UBERLANDIA, Vehicle, Diesel, CAMBIO AUTOMATICO OU SEMI AUTOMATICO, MERCEDES BENZ, COMBUSTÃO, REG_SUPPLY COMG, CAVALO MECÂNICO, TRS_IMEDIATO, UNI_EMP UBERLANDIA, 90 km/h;b4C6;G9JHAA5RRRY5;OK;GO Mode;06/04/2026;06/04/2026;06/04/2026;YES;;;Avenida Antártica, 2090-2134 - Parque Res. Tropical Ville, Cuiabá - MT, 78158-720, Brasil;;1; Minutes;;Abrir no navegador
UFQ6I87;ROTA SUL_CDD PELOTAS, Vehicle, CAMBIO MANUAL, VOLKSWAGEN, COMBUSTÃO, REG_MACRO REGIÃO SUL, CAMINHÃO TOCO / TRUCK, TRS_CONLOG, UNI_CDD PELOTAS, 80 km/h;b630;G93XWNFAH233;OK;GO Mode;06/04/2026;06/04/2026;06/04/2026;YES;;;R. Júlio de Castilhos, 1119 - Centro, Canguçu - RS, 96600-000, Brasil;;8; Minutes;;Abrir no navegador
UFR2G34;SUP COMG - EMP_UBERLANDIA, Vehicle, Diesel, CAMBIO AUTOMATICO OU SEMI AUTOMATICO, MERCEDES BENZ, COMBUSTÃO, REG_SUPPLY COMG, CAVALO MECÂNICO, TRS_IMEDIATO, UNI_EMP UBERLANDIA, 90 km/h;b4E9;G916YU8ZCH6U;Off-line para 1 - 2 Dias;GO Mode;04/04/2026;04/04/2026;04/04/2026;NO;;;MGC-452 - Uberlândia, MG, Brasil;2 Days;1; Days;1 Days;Abrir no navegador
UFR4F70;ROTA SP_CDD PRESID. PRUDENTE, Vehicle, Diesel, CAMBIO MANUAL, MERCEDES BENZ, COMBUSTÃO, REG_MACRO REGIÃO SP, CAMINHÃO TOCO / TRUCK, TRS_IMEDIATO, UNI_CDD PRESID. PRUDENTE, 80 km/h;b5B3;G9ZN3H46KBJE;OK;GO Mode;06/04/2026;06/04/2026;06/04/2026;YES;;;Rua Rui Barbosa, 588 - Junqueiropolis, Junqueirópolis - SP, 17890-000, Brasil;;5; Minutes;;Abrir no navegador
UFR4G79;ROTA SP_CDD BARUERI, Vehicle, Diesel, CAMBIO MANUAL, FOTON, COMBUSTÃO, REG_MACRO REGIÃO SP, CAMINHÃO TOCO / TRUCK, TRS_FADEL, UNI_CDD BARUERI, 80 km/h;b54A;G9MRYS4VR7N2;OK;GO Mode;06/04/2026;06/04/2026;06/04/2026;YES;;;Estr. Aldeinha, 421 - Jardim Santa Cecilia, Barueri - SP, 06465-100, Brasil;;1; Minutes;;Abrir no navegador
UFR4H65;ROTA SP_CDD NORTE, Vehicle, Diesel, CAMBIO MANUAL, MERCEDES BENZ, COMBUSTÃO, REG_MACRO REGIÃO SP, CAMINHÃO TOCO / TRUCK, TRS_IMEDIATO, UNI_CDD NORTE, 80 km/h;b5FB;G9BKC03E6KV9;OK;GO Mode;06/04/2026;06/04/2026;06/04/2026;YES;;;R. Luís Remédio, 69 - Vila Rosina, Caieiras - SP, 07749-145, Brasil;;7; Minutes;;Abrir no navegador
UFR4J49;ROTA SP_CDD TAUBATE, Vehicle, Diesel, CAMBIO MANUAL, MERCEDES BENZ, COMBUSTÃO, REG_MACRO REGIÃO SP, CAMINHÃO TOCO / TRUCK, TRS_FADEL, UNI_CDD TAUBATÉ, 80 km/h;b367;G9F4758KXFR2;OK (Parado);GO Mode;06/04/2026;04/04/2026;06/04/2026;NO;;;R. Projetada Três, 1 - Lot. Industrial, Taubaté - SP, 12032-000, Brasil;;16; Minutes;16 Minutes;Abrir no navegador
UFR7A55;SUP SE - EMP_JACAREI, Vehicle, Diesel, CAMBIO AUTOMATICO OU SEMI AUTOMATICO, MERCEDES BENZ, COMBUSTÃO, REG_SUPPLY SE, CAVALO MECÂNICO, TRS_IMEDIATO, UNI_EMP JACAREI, 90 km/h;b4E3;G959HN3MYS5V;OK;GO Mode;06/04/2026;06/04/2026;06/04/2026;YES;;;Rod. Santos Dumont, 1228 - Jardim D'icarai, Salto - SP, 13326-197, Brasil;;13; Minutes;;Abrir no navegador
UFS3E60;ROTA SP_CDD RIBEIRAO PRETO, Vehicle, Diesel, CAMBIO MANUAL, MERCEDES BENZ, COMBUSTÃO, REG_MACRO REGIÃO SP, CAMINHÃO TOCO / TRUCK, TRS_IMEDIATO, UNI_CDD RIBEIRÃO PRETO, 80 km/h;b2F8;G9AN164HXNMW;OK;GO Mode;06/04/2026;06/04/2026;06/04/2026;YES;;;Q6XW+Q2 - Lot. Parque dos Lagos, Ribeirão Preto - SP, 14097-140, Brasil;;20; Minutes;;Abrir no navegador
UFS9F27;ROTA SP_CDD NORTE, Vehicle, Diesel, CAMBIO MANUAL, MERCEDES BENZ, COMBUSTÃO, REG_MACRO REGIÃO SP, CAMINHÃO TOCO / TRUCK, TRS_IMEDIATO, UNI_CDD NORTE, 80 km/h;b490;G946ZPF3U0ST;OK;GO Mode;06/04/2026;06/04/2026;06/04/2026;YES;;;R. Diogo Alves Correia, 201 - Serpa, Caieiras - SP, 07715-050, Brasil;;4; Minutes;;Abrir no navegador
UFS9G29;ROTA SUL_CDD CURITIBA, Vehicle, Diesel, CAMBIO MANUAL, MERCEDES BENZ, COMBUSTÃO, REG_MACRO REGIÃO SUL, CAMINHÃO TOCO / TRUCK, TRS_IMEDIATO, UNI_CDD CURITIBA, 80 km/h;b2B7;G984ADF8U505;OK;GO Mode;06/04/2026;06/04/2026;06/04/2026;YES;;;R. Alfredo Pinto, 1405 - Parque da Fonte, São José dos Pinhais - PR, 83050-320, Brasil;;10; Minutes;;Abrir no navegador
UFT0B03;SUP SE - EMP_PIRAI, Vehicle, Diesel, CAMBIO AUTOMATICO OU SEMI AUTOMATICO, MERCEDES BENZ, COMBUSTÃO, REG_SUPPLY SE, CAVALO MECÂNICO, TRS_CONLOG, UNI_EMP PIRAI, 90 km/h;b473;G9TR2DJXRSBX;OK;GO Mode;06/04/2026;06/04/2026;06/04/2026;YES;;;Rod. Pres. Dutra, 237 - Santa Amalia, Piraí - RJ, 27175-000, Brasil;;1; Minutes;;Abrir no navegador
UFT2F49;ROTA SP_CDD RIBEIRAO PRETO, Vehicle, Diesel, CAMBIO MANUAL, MERCEDES BENZ, COMBUSTÃO, REG_MACRO REGIÃO SP, CAMINHÃO TOCO / TRUCK, TRS_IMEDIATO, UNI_CDD RIBEIRÃO PRETO, 80 km/h;b2E2;G9PRD9BV3T4P;OK;GO Mode;06/04/2026;06/04/2026;06/04/2026;YES;;;Q6XW+Q2 - Lot. Parque dos Lagos, Ribeirão Preto - SP, 14097-140, Brasil;;10; Minutes;;Abrir no navegador
UFT6H10;ROTA SP_CDD BARUERI, Vehicle, Diesel, CAMBIO MANUAL, FOTON, COMBUSTÃO, REG_MACRO REGIÃO SP, CAMINHÃO TOCO / TRUCK, TRS_FADEL, UNI_CDD BARUERI, 80 km/h;b5BE;G9CVNVCFK4AN;OK;GO Mode;06/04/2026;06/04/2026;06/04/2026;YES;;;R. João Guidi, 13 - Vila Sul Americana, Carapicuíba - SP, 06397-080, Brasil;;1; Minutes;;Abrir no navegador
UFT9G43;ROTA CO_CDD CUIABA, Vehicle, Diesel, Manually Classified Powertrain, CAMBIO MANUAL, VOLKSWAGEN, COMBUSTÃO, REG_MACRO REGIÃO CO, CAMINHÃO TOCO / TRUCK, TRS_CONLOG, UNI_CDD CUIABA, 80 km/h;b3BB;G96FZWMV00VT;OK;GO Mode;06/04/2026;06/04/2026;06/04/2026;YES;;;Estrada Sem Nome - Novo Tempo, Cuiabá - MT, 78158-720, Brasil;;15; Minutes;;Abrir no navegador
UFT9H57;ROTA SP_CDD SAO JOSE CAMPOS, Vehicle, Diesel, CAMBIO MANUAL, MERCEDES BENZ, COMBUSTÃO, REG_MACRO REGIÃO SP, CAMINHÃO TOCO / TRUCK, TRS_FADEL, UNI_CDD SÃO JOSÉ DOS CAMPOS, 80 km/h;b5BC;G9480031H7JV;OK;GO Mode;06/04/2026;06/04/2026;06/04/2026;YES;;;R. Carlos Marcondes, 1480 - Jardim Limoeiro, São José dos Campos - SP, 12230-002, Brasil;;1; Minutes;;Abrir no navegador
UFT9H65;ROTA SUL_CDD CURITIBA, Vehicle, Diesel, CAMBIO MANUAL, MERCEDES BENZ, COMBUSTÃO, REG_MACRO REGIÃO SUL, CAMINHÃO TOCO / TRUCK, TRS_IMEDIATO, UNI_CDD CURITIBA, 80 km/h;b4AF;G99V4ZW8UTE2;OK (Parado);GO Mode;06/04/2026;04/04/2026;06/04/2026;NO;;;R. Abilio Costa, 499 - Parque da Fonte, São José dos Pinhais - PR, 83050-311, Brasil;;14; Minutes;14 Minutes;Abrir no navegador
UFT9J96;SUP COMG - EMP_UBERLANDIA, Vehicle, Diesel, CAMBIO AUTOMATICO OU SEMI AUTOMATICO, MERCEDES BENZ, COMBUSTÃO, REG_SUPPLY COMG, CAVALO MECÂNICO, TRS_IMEDIATO, UNI_EMP UBERLANDIA, 90 km/h;b4B9;G99HV5E16FKH;Off-line para 3+ Dias;GO Mode;12/12/2025;09/12/2025;12/12/2025;NO;;;R. Arlíndo Melo, 1625 - Recreio dos Bandeirantes, Uberaba - MG, 38040-120, Brasil;118 Days;115; Days;115 Days;Abrir no navegador
UFU9H73;SUP SE - EMP_JAGUARIUNA, Vehicle, Diesel, CAMBIO AUTOMATICO OU SEMI AUTOMATICO, MERCEDES BENZ, COMBUSTÃO, REG_SUPPLY SE, CAVALO MECÂNICO, TRS_IMEDIATO, UNI_EMP JAGUARIUNA, 90 km/h;b32C;G9HEXETANNWA;OK;GO Mode;06/04/2026;06/04/2026;06/04/2026;YES;;;Rod. Fernão Dias, 88907 - Oliveira, MG, 37418-760, Brasil;;1; Minutes;;Abrir no navegador
UFV9C08;ROTA SP_CDD RIBEIRAO PRETO, Vehicle, Diesel, CAMBIO MANUAL, MERCEDES BENZ, COMBUSTÃO, REG_MACRO REGIÃO SP, CAMINHÃO TOCO / TRUCK, TRS_IMEDIATO, UNI_CDD RIBEIRÃO PRETO, 80 km/h;b2B8;G9F447MRC031;OK (Parado);GO Mode;06/04/2026;04/04/2026;06/04/2026;NO;;;Q6XW+Q2 - Lot. Parque dos Lagos, Ribeirão Preto - SP, 14097-140, Brasil;;9; Minutes;9 Minutes;Abrir no navegador
UFW5J14;SUP SE - EMP_JUNDIAI, Vehicle, Diesel, CAMBIO AUTOMATICO OU SEMI AUTOMATICO, MERCEDES BENZ, COMBUSTÃO, REG_SUPPLY SE, CAVALO MECÂNICO, TRS_NEPOMUCENO, UNI_EMP JUNDIAI, 90 km/h;b4E1;G973MF0RHKKS;OK;GO Mode;06/04/2026;06/04/2026;06/04/2026;YES;;;Av. Paris, 232 - João Aranha, Paulínia - SP, 13146-027, Brasil;;11; Minutes;;Abrir no navegador
UFX0E74;SUP SE - EMP_PIRAI, Vehicle, Diesel, CAMBIO AUTOMATICO OU SEMI AUTOMATICO, MERCEDES BENZ, COMBUSTÃO, REG_SUPPLY SE, CAVALO MECÂNICO, TRS_CONLOG, UNI_EMP PIRAI, 90 km/h;b6DF;G9WKZ4SEZ8XK;OK;GO Mode;06/04/2026;06/04/2026;06/04/2026;YES;;;Rod. Pres. Dutra, 1 - Santa Amalia, Piraí - RJ, 27175-000, Brasil;;5; Minutes;;Abrir no navegador
UFX3F39;ROTA SP_CDD PRESID. PRUDENTE, Vehicle, Diesel, CAMBIO MANUAL, FOTON, COMBUSTÃO, REG_MACRO REGIÃO SP, CAMINHÃO TOCO / TRUCK, TRS_IMEDIATO, UNI_CDD PRESID. PRUDENTE, 80 km/h;b576;G9F1EUP599B5;OK;GO Mode;06/04/2026;06/04/2026;06/04/2026;YES;;;R. Espírito Santo, 370 - Metrópole, Dracena - SP, 17910-052, Brasil;;4; Minutes;;Abrir no navegador
UFY1H77;SUP COMG - EMP_UBERLANDIA, Vehicle, Diesel, CAMBIO AUTOMATICO OU SEMI AUTOMATICO, MERCEDES BENZ, COMBUSTÃO, REG_SUPPLY COMG, CAVALO MECÂNICO, TRS_IMEDIATO, UNI_EMP UBERLANDIA, 90 km/h;b4B8;G9PUAFN3XW50;OK;GO Mode;06/04/2026;06/04/2026;06/04/2026;YES;;;R. José Ribeiro Bueno 1071, MG, 37066-405, Brazil;;1; Minutes;;Abrir no navegador
UFY2E99;ROTA SP_CDD AGUDOS, Vehicle, Diesel, CAMBIO MANUAL, MERCEDES BENZ, COMBUSTÃO, REG_MACRO REGIÃO SP, CAMINHÃO TOCO / TRUCK, TRS_IMEDIATO, UNI_CDD AGUDOS, 80 km/h;b2E5;G9KY88089YDB;OK;GO Mode;06/04/2026;06/04/2026;06/04/2026;YES;;;Rod. Marechal Rondon, 22619 - Agudos, SP, 17120-000, Brasil;;12; Minutes;;Abrir no navegador
UFY8F90;SUP SE - EMP_PIRAI, Vehicle, Diesel, CAMBIO AUTOMATICO OU SEMI AUTOMATICO, MERCEDES BENZ, COMBUSTÃO, REG_SUPPLY SE, CAVALO MECÂNICO, TRS_CONLOG, UNI_EMP PIRAI, 90 km/h;b385;G9ZAE0A00072;OK;GO Mode;06/04/2026;06/04/2026;06/04/2026;YES;;;Rod. Pres. Dutra, 1 - Santa Amalia, Piraí - RJ, 27175-000, Brasil;;7; Minutes;;Abrir no navegador
UFZ5E50;ROTA RJ ES_CDD MACACU, Vehicle, Diesel, CAMBIO MANUAL, MERCEDES BENZ, COMBUSTÃO, REG_MACRO REGIÃO RJ ES, CAMINHÃO TOCO / TRUCK, TRS_CONLOG, UNI_CDD MACACU, 80 km/h;b246;G9YC84NBW5WF;OK (Parado);GO Mode;06/04/2026;04/04/2026;06/04/2026;NO;;;F8J2+34 - Funchal, Cachoeiras de Macacu - RJ, 28680-000, Brasil;;2; Days;2 Days;Abrir no navegador
UFZ6E62;ROTA SP_CDD PRESID. PRUDENTE, Vehicle, Diesel, CAMBIO MANUAL, MERCEDES BENZ, COMBUSTÃO, REG_MACRO REGIÃO SP, CAMINHÃO TOCO / TRUCK, TRS_IMEDIATO, UNI_CDD PRESID. PRUDENTE, 80 km/h;b23D;G9MEMXR533V6;OK;GO Mode;06/04/2026;06/04/2026;06/04/2026;YES;;;R. Osvaldo Cruz, 747 - Centro, Tupi Paulista - SP, 17930-000, Brasil;;8; Minutes;;Abrir no navegador
UFZ9I77;ROTA SP_CDD SAO JOSE CAMPOS, Vehicle, Manually Classified Powertrain, CAMBIO MANUAL, MERCEDES BENZ, COMBUSTÃO, REG_MACRO REGIÃO SP, CAMINHÃO TOCO / TRUCK, TRS_FADEL, UNI_CDD SÃO JOSÉ DOS CAMPOS, 80 km/h;b23A;G9T2C24Z3W3Z;OK;GO Mode;06/04/2026;06/04/2026;06/04/2026;YES;;;R. Carlos Marcondes, 1480 - Jardim Limoeiro, São José dos Campos - SP, 12230-002, Brasil;;1; Minutes;;Abrir no navegador
UGA4B67;SUP SE - EMP_GUARULHOS, Vehicle, Diesel, CAMBIO AUTOMATICO OU SEMI AUTOMATICO, MERCEDES BENZ, COMBUSTÃO, REG_SUPPLY SE, CAVALO MECÂNICO, TRS_IMEDIATO, UNI_EMP GUARULHOS, 90 km/h;b4FB;G9BWF5KZ569K;OK;GO Mode;06/04/2026;06/04/2026;06/04/2026;YES;;;Rodovia Senador José Ermírio de Moraes, 11680 - City Castello, Itu - SP, 13314-012, Brasil;;1; Minutes;;Abrir no navegador
UGA8G21;SUP SE - EMP_PIRAI, Vehicle, Diesel, CAMBIO AUTOMATICO OU SEMI AUTOMATICO, MERCEDES BENZ, COMBUSTÃO, REG_SUPPLY SE, CAVALO MECÂNICO, TRS_CONLOG, UNI_EMP PIRAI, 90 km/h;b488;G93BEB71BUWS;OK;GO Mode;06/04/2026;06/04/2026;06/04/2026;YES;;;Rod. Pres. Dutra, 754 - Santa Amalia, Piraí - RJ, 27175-000, Brasil;;3; Minutes;;Abrir no navegador
UGA8J72;ROTA CO_CDD RONDONOPOLIS, Vehicle, CAMBIO MANUAL, VOLKSWAGEN, COMBUSTÃO, REG_MACRO REGIÃO CO, CAMINHÃO TOCO / TRUCK, TRS_CONLOG, UNI_CDD RONDONOPOLIS, 80 km/h;b40A;G9VC8HCFV33J;OK;GO Mode;06/04/2026;06/04/2026;06/04/2026;YES;;;Av. Antonio Teixeira Dos Santo 1559, MT, 78750-360, Brazil;;5; Minutes;;Abrir no navegador
UGA9J20;ROTA NE_CDD ARACAJU, Vehicle, Diesel, CAMBIO MANUAL, MERCEDES BENZ, COMBUSTÃO, REG_MACRO REGIÃO SP, CAMINHÃO TOCO / TRUCK, TRS_GHISOLFI, UNI_CDD ARACAJU, 80 km/h;b3FE;G915JPYVV73P;Off-line para 3+ Dias;GO Mode;31/03/2026;31/03/2026;31/03/2026;NO;LowVoltage;"This asset's battery is low, and the device may not be receiving enough power.
Please follow these steps:
Check your asset's battery, and electrical system health.
Confirm you are able to start your engine or asset, and check that your device is powered.
If this device is still offline, contact your fleet's Telematics Representative for further assistance.";Av. Chesf, 1 - Parque dos Faróis, Nossa Sra. do Socorro - SE, 49160-000, Brasil;6 Days;5; Days;5 Days;Abrir no navegador
UGB0I67;ROTA SP_CDD SUZANO, Vehicle, Diesel, CAMBIO MANUAL, MERCEDES BENZ, COMBUSTÃO, REG_MACRO REGIÃO SP, CAMINHÃO TOCO / TRUCK, TRS_NEPOMUCENO, UNI_CDD SUZANO, 80 km/h;b599;G99DX9J1FJ32;OK;GO Mode;06/04/2026;06/04/2026;06/04/2026;YES;;;R. Raphael da Anunciação Fontes, 235 - Vila Sol Nascente, Suzano - SP, 08655-243, Brasil;;1; Minutes;;Abrir no navegador
UGB0J43;ROTA CO_CDD RONDONOPOLIS, Vehicle, CAMBIO MANUAL, VOLKSWAGEN, COMBUSTÃO, REG_MACRO REGIÃO CO, CAMINHÃO TOCO / TRUCK, TRS_CONLOG, UNI_CDD RONDONOPOLIS, 80 km/h;b3E7;G91DW3Y1KYPN;OK;GO Mode;06/04/2026;05/04/2026;06/04/2026;YES;;;Av. Antonio Teixeira Dos Santo 1559, MT, 78750-360, Brazil;;1; Minutes;;Abrir no navegador
UGB7G28;ROTA SP_CDD BARUERI, Vehicle, Diesel, CAMBIO MANUAL, FOTON, COMBUSTÃO, REG_MACRO REGIÃO SP, CAMINHÃO TOCO / TRUCK, TRS_FADEL, UNI_CDD BARUERI, 80 km/h;b5C0;G9C978DSW4MW;OK;GO Mode;06/04/2026;06/04/2026;06/04/2026;YES;;;R. Novo Hamburgo, 300 - Vila Sul Americana, Carapicuíba - SP, 06397-110, Brasil;;10; Minutes;;Abrir no navegador
UGB8F49;ROTA SUL_CDD CURITIBA, Vehicle, Diesel, CAMBIO MANUAL, MERCEDES BENZ, COMBUSTÃO, REG_MACRO REGIÃO SUL, CAMINHÃO TOCO / TRUCK, TRS_IMEDIATO, UNI_CDD CURITIBA, 80 km/h;b4AE;G9JBU330PE7Z;OK;GO Mode;06/04/2026;06/04/2026;06/04/2026;YES;;;R. Alfredo Pinto, 1397 - Parque da Fonte, São José dos Pinhais - PR, 83050-320, Brasil;;1; Minutes;;Abrir no navegador
UGC7G09;ROTA CO_CDD RONDONOPOLIS, Vehicle, CAMBIO MANUAL, VOLKSWAGEN, COMBUSTÃO, REG_MACRO REGIÃO CO, CAMINHÃO TOCO / TRUCK, TRS_CONLOG, UNI_CDD RONDONOPOLIS, 80 km/h;b3EA;G9WUC5HSNWXU;OK (Parado);GO Mode;05/04/2026;04/04/2026;05/04/2026;NO;;;Av. Antonio Teixeira Dos Santo 1559, MT, 78750-360, Brazil;;15; Days;15 Days;Abrir no navegador
UGD2J90 ;ROTA MG_CDD POÇOS DE CALDAS, Vehicle, Diesel, CAMBIO MANUAL, MERCEDES BENZ, COMBUSTÃO, REG_MACRO REGIÃO MG, CAMINHÃO TOCO / TRUCK, TRS_IMEDIATO, UNI_CDD POÇOS DE CALDAS, 80 km/h;b59F;G95BC71J3VRV;OK;GO Mode;06/04/2026;06/04/2026;06/04/2026;YES;;;R. Ercília Figueiredo Bastos, 49 - Bem Bastos, Poços de Caldas - MG, 37704-051, Brasil;;2; Minutes;;Abrir no navegador
UGD9H47;ROTA SP_CDD SAO JOSE CAMPOS, Vehicle, Diesel, Manually Classified Powertrain, CAMBIO MANUAL, MERCEDES BENZ, COMBUSTÃO, REG_MACRO REGIÃO SP, CAMINHÃO TOCO / TRUCK, TRS_FADEL, UNI_CDD SÃO JOSÉ DOS CAMPOS, 80 km/h;b20D;G9WBNBZ7DP8V;OK;GO Mode;06/04/2026;06/04/2026;06/04/2026;YES;;;Rod. Dom Pedro I, 24, Igaratá - SP, 12350-000, Brasil;;9; Minutes;;Abrir no navegador
UGE0B63;SUP SE - EMP_JACAREI, Vehicle, Diesel, CAMBIO AUTOMATICO OU SEMI AUTOMATICO, MERCEDES BENZ, COMBUSTÃO, REG_SUPPLY SE, CAVALO MECÂNICO, TRS_IMEDIATO, UNI_EMP JACAREI, 90 km/h;b3D8;G9SJH2V806V2;OK (Parado);GO Mode;06/04/2026;05/04/2026;06/04/2026;NO;;;Estr. Mun. do Jaguari, 9876-10276 - Rio Abaixo, Jacareí - SP, Brasil - Rio Abaixo, Jacareí - SP, 12334-400, Brasil;;6; Minutes;6 Minutes;Abrir no navegador
UGE6A30;ROTA CO_CDD RONDONOPOLIS, Vehicle, CAMBIO MANUAL, VOLKSWAGEN, COMBUSTÃO, REG_MACRO REGIÃO CO, CAMINHÃO TOCO / TRUCK, TRS_CONLOG, UNI_CDD RONDONOPOLIS, 80 km/h;b41A;G98025VJE0KZ;OK;GO Mode;06/04/2026;06/04/2026;06/04/2026;YES;;;R. Ademir de Jesus Ribeiro, 3453 - Parque Res. Universitario, Rondonópolis - MT, 78750-340, Brasil;;33; Minutes;;Abrir no navegador
UGE6B39;ROTA SP_CDD SAO JOSE CAMPOS, Vehicle, Diesel, CAMBIO MANUAL, MERCEDES BENZ, COMBUSTÃO, REG_MACRO REGIÃO SP, CAMINHÃO TOCO / TRUCK, TRS_FADEL, UNI_CDD SÃO JOSÉ DOS CAMPOS, 80 km/h;b22F;G9F1U3NXDXU7;OK;GO Mode;06/04/2026;06/04/2026;06/04/2026;YES;;;R. Carlos Marcondes, 315 - Jardim Limoeiro, São José dos Campos - SP, 12241-421, Brasil;;1; Minutes;;Abrir no navegador
UGE8H98;ROTA SUL_CDD CURITIBA, Vehicle, Diesel, CAMBIO MANUAL, MERCEDES BENZ, COMBUSTÃO, REG_MACRO REGIÃO SUL, CAMINHÃO TOCO / TRUCK, TRS_IMEDIATO, UNI_CDD CURITIBA, 80 km/h;b32A;G9AUZS3MSECN;OK;GO Mode;06/04/2026;06/04/2026;06/04/2026;YES;;;Rua Velcy Bolívar Grandó, 645 - Uberaba, Curitiba - PR, 81560-615, Brasil;;1; Minutes;;Abrir no navegador
UGE8J89;ROTA SP_CDD RIBEIRAO PRETO, Vehicle, Diesel, CAMBIO MANUAL, MERCEDES BENZ, COMBUSTÃO, REG_MACRO REGIÃO SP, CAMINHÃO TOCO / TRUCK, TRS_IMEDIATO, UNI_CDD RIBEIRÃO PRETO, 80 km/h;b2AB;G93SVTR0RPRM;OK;GO Mode;06/04/2026;06/04/2026;06/04/2026;YES;;;Q6XW+Q2 - Lot. Parque dos Lagos, Ribeirão Preto - SP, 14097-140, Brasil;;1; Minutes;;Abrir no navegador
UGE9A28;ROTA SP_CDD CAMPINAS, Vehicle, Diesel, CAMBIO MANUAL, MERCEDES BENZ, COMBUSTÃO, REG_MACRO REGIÃO SP, CAMINHÃO TOCO / TRUCK, TRS_IMEDIATO, UNI_CDD CAMPINAS, 80 km/h;b5E9;G9Z5YFN9CZKM;OK;GO Mode;06/04/2026;06/04/2026;06/04/2026;YES;;;R. José Bonifácio, 4 - Chácara São José, Paulínia - SP, 13145-660, Brasil;;1; Minutes;;Abrir no navegador
UGF2C94;ROTA SP_CDD BARUERI, Vehicle, Diesel, CAMBIO MANUAL, MERCEDES BENZ, COMBUSTÃO, REG_MACRO REGIÃO SP, CAMINHÃO TOCO / TRUCK, TRS_FADEL, UNI_CDD BARUERI, 80 km/h;b212;G9Y7RJ26KUFJ;OK;GO Mode;06/04/2026;06/04/2026;06/04/2026;YES;;;R. Pedro de Oliveira, 106 - Vila Sul Americana, Carapicuíba - SP, 06397-085, Brasil;;1; Minutes;;Abrir no navegador
UGF3D67;ROTA NE_CDD ARACAJU, Vehicle, Diesel, CAMBIO MANUAL, MERCEDES BENZ, COMBUSTÃO, REG_MACRO REGIÃO SP, CAMINHÃO TOCO / TRUCK, TRS_GHISOLFI, UNI_CDD ARACAJU, 80 km/h;b5A9;G9ZU0HFTBVD7;Off-line para 3+ Dias;GO Mode;23/03/2026;11/02/2026;23/03/2026;NO;;;Av. Chesf, 1 - Parque dos Faróis, Nossa Sra. do Socorro - SE, 49160-000, Brasil;54 Days;14; Days;14 Days;Abrir no navegador
UGF4A90;ROTA SP_CDD BARUERI, Vehicle, Diesel, Manually Classified Powertrain, CAMBIO MANUAL, MERCEDES BENZ, COMBUSTÃO, REG_MACRO REGIÃO SP, CAMINHÃO TOCO / TRUCK, TRS_FADEL, UNI_CDD BARUERI, 80 km/h;b273;G94MYXFNXCYU;OK;GO Mode;06/04/2026;06/04/2026;06/04/2026;YES;;;R. Pedro de Oliveira, 106 - Vila Sul Americana, Carapicuíba - SP, 06397-085, Brasil;;18; Minutes;;Abrir no navegador
UGF6B54;SUP SE - EMP_JACAREI, Vehicle, Diesel, CAMBIO AUTOMATICO OU SEMI AUTOMATICO, MERCEDES BENZ, COMBUSTÃO, REG_SUPPLY SE, CAVALO MECÂNICO, TRS_IMEDIATO, UNI_EMP JACAREI, 90 km/h;b4CD;G90B5ES46HR5;OK;GO Mode;06/04/2026;06/04/2026;06/04/2026;YES;;;Avenida Madrid, 500 - Cascata, Paulínia - SP, 13145-247, Brasil;;13; Minutes;;Abrir no navegador
UGF7E36;ROTA SUL_CDD CURITIBA, Vehicle, Diesel, CAMBIO MANUAL, MERCEDES BENZ, COMBUSTÃO, REG_MACRO REGIÃO SUL, CAMINHÃO TOCO / TRUCK, TRS_IMEDIATO, UNI_CDD CURITIBA, 80 km/h;b286;G9S258YXU7C7;OK (Parado);GO Mode;06/04/2026;04/04/2026;06/04/2026;NO;;;R. Alfredo Pinto, 1405 - Parque da Fonte, São José dos Pinhais - PR, 83050-320, Brasil;;18; Minutes;18 Minutes;Abrir no navegador
UGF7I04;SUP SE - EMP_PIRAI, Vehicle, Diesel, CAMBIO AUTOMATICO OU SEMI AUTOMATICO, MERCEDES BENZ, COMBUSTÃO, REG_SUPPLY SE, CAVALO MECÂNICO, TRS_CONLOG, UNI_EMP PIRAI, 90 km/h;b45C;G99JK816BRST;OK;GO Mode;06/04/2026;06/04/2026;06/04/2026;YES;;;Av. Dep. Federal Dr Mário Tamborindeguy km 82, SP, 12580-000, Brazil;;12; Minutes;;Abrir no navegador
UGF8B59;ROTA SP_CDD MOGI MIRIM, Vehicle, Manually Classified Powertrain, CAMBIO MANUAL, MERCEDES BENZ, COMBUSTÃO, REG_MACRO REGIÃO SP, CAMINHÃO TOCO / TRUCK, TRS_IMEDIATO, UNI_CDD MOGI MIRIM, 80 km/h;b2EE;G9HRDYUNMX5C;OK (Parado);GO Mode;06/04/2026;04/04/2026;06/04/2026;NO;;;Av. Dr. Jorge Tibiriçá, 44 - Centro, Mogi Mirim - SP, 13800-140, Brasil;;4; Minutes;4 Minutes;Abrir no navegador
UGG8A35;ROTA SP_CDD TAUBATE, Vehicle, Diesel, CAMBIO MANUAL, MERCEDES BENZ, COMBUSTÃO, REG_MACRO REGIÃO SP, CAMINHÃO TOCO / TRUCK, TRS_FADEL, UNI_CDD TAUBATÉ, 80 km/h;b5C4;G921F6S4YRST;OK;GO Mode;06/04/2026;06/04/2026;06/04/2026;YES;;;R. Padre Florêncio Luís Rodrigues, 131 - Jardim Santa Teresa, Taubaté - SP, 12043-540, Brasil;;1; Minutes;;Abrir no navegador
UGG8G25;ROTA SP_CDD SAO JOSE CAMPOS, Vehicle, Diesel, CAMBIO MANUAL, MERCEDES BENZ, COMBUSTÃO, REG_MACRO REGIÃO SP, CAMINHÃO TOCO / TRUCK, TRS_FADEL, UNI_CDD SÃO JOSÉ DOS CAMPOS, 80 km/h;b26B;G9UKEDNNVKC4;OK;GO Mode;06/04/2026;06/04/2026;06/04/2026;YES;;;R. Carlos Marcondes, 1480 - Jardim Limoeiro, São José dos Campos - SP, 12230-002, Brasil;;5; Minutes;;Abrir no navegador
UGG8H71;ROTA CO_CDD CUIABA, Vehicle, CAMBIO MANUAL, VOLKSWAGEN, COMBUSTÃO, REG_MACRO REGIÃO CO, CAMINHÃO TOCO / TRUCK, TRS_CONLOG, UNI_CDD CUIABA, 80 km/h;b414;G9MU7JYC11PX;OK (Parado);GO Mode;06/04/2026;04/04/2026;06/04/2026;NO;;;Estrada Sem Nome - Novo Tempo, Cuiabá - MT, 78158-720, Brasil;;1; Minutes;1 Minutes;Abrir no navegador
UGH0C34;SUP COMG - EMP_JUATUBA, Vehicle, Manually Classified Powertrain, CAMBIO AUTOMATICO OU SEMI AUTOMATICO, MERCEDES BENZ, COMBUSTÃO, REG_SUPPLY COMG, CAVALO MECÂNICO, TRS_NEPOMUCENO, UNI_EMP JUATUBA, 90 km/h;b4D0;G9400NRYY0AW;OK;GO Mode;06/04/2026;06/04/2026;06/04/2026;YES;;;BR-381, SN, Bom Jesus do Amparo - MG, 35908-000, Brasil;;3; Minutes;;Abrir no navegador
UGH7D47;ROTA SP_CDD EMBU, Vehicle, Diesel, CAMBIO MANUAL, MERCEDES BENZ, COMBUSTÃO, REG_MACRO REGIÃO SP, CAMINHÃO TOCO / TRUCK, TRS_IMEDIATO, UNI_CDD EMBU, 80 km/h;b5EA;G9SXC5BZXEP2;OK (Parado);GO Mode;06/04/2026;04/04/2026;06/04/2026;NO;;;Av. Rotary, 1720 - Vila Isis Cristina, Embu das Artes - SP, 06815-490, Brasil;;13; Minutes;13 Minutes;Abrir no navegador
UGH9E49;ROTA SP_CDD RIBEIRAO PRETO, Vehicle, Diesel, CAMBIO MANUAL, MERCEDES BENZ, COMBUSTÃO, REG_MACRO REGIÃO SP, CAMINHÃO TOCO / TRUCK, TRS_IMEDIATO, UNI_CDD RIBEIRÃO PRETO, 80 km/h;b2D0;G9J2EPHSA1MH;OK;GO Mode;06/04/2026;06/04/2026;06/04/2026;YES;;;Q6XW+Q2 - Lot. Parque dos Lagos, Ribeirão Preto - SP, 14097-140, Brasil;;17; Minutes;;Abrir no navegador
UGI9B13 ;SUP SE - EMP_GUARULHOS, Vehicle, Diesel, CAMBIO AUTOMATICO OU SEMI AUTOMATICO, MERCEDES BENZ, COMBUSTÃO, REG_SUPPLY SE, CAVALO MECÂNICO, TRS_IMEDIATO, UNI_EMP GUARULHOS, 90 km/h;b3CA;G99ZBDWRZ2SM;OK;GO Mode;06/04/2026;06/04/2026;06/04/2026;YES;;;GPP6+6F - Floriano, Barra Mansa - RJ, Brasil;;1; Minutes;;Abrir no navegador
UGJ0C80;ROTA SUL_CDD PELOTAS, Vehicle, Diesel, Manually Classified Powertrain, CAMBIO MANUAL, VOLKSWAGEN, COMBUSTÃO, REG_MACRO REGIÃO SUL, CAMINHÃO TOCO / TRUCK, TRS_CONLOG, UNI_CDD PELOTAS, 80 km/h;b404;G9BS1BU5HEUX;OK (Parado);GO Mode;06/04/2026;04/04/2026;06/04/2026;NO;;;BR-471 - Santa Terezinha, Pelotas - RS, Brasil - Santa Terezinha, Pelotas - RS, 96015, Brasil;;1; Hour;1 Hour;Abrir no navegador
UGJ0H10;SUP SE - EMP_PIRAI, Vehicle, Diesel, CAMBIO AUTOMATICO OU SEMI AUTOMATICO, MERCEDES BENZ, COMBUSTÃO, REG_SUPPLY SE, CAVALO MECÂNICO, TRS_CONLOG, UNI_EMP PIRAI, 90 km/h;b398;G93E3WPUUVVV;OK;GO Mode;06/04/2026;06/04/2026;06/04/2026;YES;;;Rodovia Presidente Dutra 237, Piraí - Rio de Janeiro,, Brasil - Santa Amalia, Piraí - RJ, 27175-000, Brasil;;9; Minutes;;Abrir no navegador
UGJ1C56;ROTA SUL_CDD CURITIBA, Vehicle, Diesel, CAMBIO MANUAL, MERCEDES BENZ, COMBUSTÃO, REG_MACRO REGIÃO SUL, CAMINHÃO TOCO / TRUCK, TRS_IMEDIATO, UNI_CDD CURITIBA, 80 km/h;b314;G9B5S9PUP9JC;OK;GO Mode;06/04/2026;06/04/2026;06/04/2026;YES;;;R. Nilto Jacob, 96 - Parque da Fonte, São José dos Pinhais - PR, 83050-670, Brasil;;1; Minutes;;Abrir no navegador
UGJ2B49;ROTA SP_CDD PRESID. PRUDENTE, Vehicle, Diesel, CAMBIO MANUAL, MERCEDES BENZ, COMBUSTÃO, REG_MACRO REGIÃO SP, CAMINHÃO TOCO / TRUCK, TRS_IMEDIATO, UNI_CDD PRESID. PRUDENTE, 80 km/h;b5A8;G9KWPYYKPHVC;OK;GO Mode;06/04/2026;06/04/2026;06/04/2026;YES;;;SP-613 - Teodoro Sampaio, SP, 19280-000, Brasil;;18; Minutes;;Abrir no navegador
UGJ7J29;ROTA MG_CDD POÇOS DE CALDAS, Vehicle, Diesel, CAMBIO MANUAL, MERCEDES BENZ, COMBUSTÃO, REG_MACRO REGIÃO MG, CAMINHÃO TOCO / TRUCK, TRS_IMEDIATO, UNI_CDD POÇOS DE CALDAS, 80 km/h;b361;G9Z5MYT0U67E;OK (Parado);GO Mode;06/04/2026;04/04/2026;06/04/2026;NO;;;Av. João Pinheiro, 1950 - Centro, Poços de Caldas - MG, 37701-387, Brasil;;9; Minutes;9 Minutes;Abrir no navegador
UGJ8C65;ROTA SP_CDD NORTE, Vehicle, Diesel, CAMBIO MANUAL, MERCEDES BENZ, COMBUSTÃO, REG_MACRO REGIÃO SP, CAMINHÃO TOCO / TRUCK, TRS_IMEDIATO, UNI_CDD NORTE, 80 km/h;b48C;G9XKJDZW62Z3;OK;GO Mode;06/04/2026;06/04/2026;06/04/2026;YES;;;R. Maria Aparecida Szsentes, 349 - Vila Rosina, Caieiras - SP, 07700-000, Brasil;;3; Minutes;;Abrir no navegador
UGK1A26;SUP SUL - EMP_AGUDOS, Vehicle, Diesel, CAMBIO AUTOMATICO OU SEMI AUTOMATICO, MERCEDES BENZ, COMBUSTÃO, REG_SUPPLY SUL, CAVALO MECÂNICO, TRS_IMEDIATO, UNI_EMP AGUDOS, 90 km/h;b3E3;G9BTPWS2U57N;Off-line para 3+ Dias;GO Mode;25/02/2026;25/02/2026;25/02/2026;NO;;;Av. do Contorno, 622 - Nucleo Hab. Fortunato Rocha Lima, Bauru - SP, 17066-731, Brasil;40 Days;39; Days;39 Days;Abrir no navegador
UGK1D27;SUP COMG - EMP_JUATUBA, Vehicle, Diesel, CAMBIO AUTOMATICO OU SEMI AUTOMATICO, MERCEDES BENZ, COMBUSTÃO, REG_SUPPLY COMG, CAVALO MECÂNICO, TRS_NEPOMUCENO, UNI_EMP JUATUBA, 90 km/h;b34D;G99C3USPDBXT;OK;GO Mode;06/04/2026;05/04/2026;06/04/2026;YES;;;Br-262, Km 362,6 Oeste - Coqueiro Verde, Juatuba - MG, 35675-000, Brasil;;13; Minutes;;Abrir no navegador
UGK4H44;ROTA SUL_CDD FLORIANOPOLIS, Vehicle, CAMBIO MANUAL, VOLKSWAGEN, COMBUSTÃO, REG_MACRO REGIÃO SUL, CAMINHÃO TOCO / TRUCK, TRS_CONLOG, UNI_CDD FLORIANOPOLIS, 80 km/h;b608;G92767HCRP4T;OK;GO Mode;06/04/2026;06/04/2026;06/04/2026;YES;;;R. Frei Lauro, 28 - Pte. do Imaruim, Palhoça - SC, 88130-750, Brasil;;4; Minutes;;Abrir no navegador
UGL3D65;SUP COMG - EMP_UBERLANDIA, Vehicle, Diesel, CAMBIO AUTOMATICO OU SEMI AUTOMATICO, MERCEDES BENZ, COMBUSTÃO, REG_SUPPLY COMG, CAVALO MECÂNICO, TRS_IMEDIATO, UNI_EMP UBERLANDIA, 90 km/h;b4D9;G945E7P8VUMN;OK;GO Mode;06/04/2026;06/04/2026;06/04/2026;YES;;;BR-452, s/n • Zona Rural, Bom Jesus de Goiás - GO, 75570-000, Brasil;;1; Minutes;;Abrir no navegador
UGL8F45;SUP COMG - EMP_UBERLANDIA, Vehicle, Diesel, CAMBIO AUTOMATICO OU SEMI AUTOMATICO, MERCEDES BENZ, COMBUSTÃO, REG_SUPPLY COMG, CAVALO MECÂNICO, TRS_IMEDIATO, UNI_EMP UBERLANDIA, 90 km/h;b4E5;G90PW0M42K05;OK;GO Mode;06/04/2026;06/04/2026;06/04/2026;YES;;;Rodovia BR 262 km 413 Zona Rural - Antunes - Antunes, Igaratinga - MG, 35695-000, Brasil;;3; Minutes;;Abrir no navegador
UGL8J25;ROTA SP_CDD TAUBATE, Vehicle, Diesel, CAMBIO MANUAL, MERCEDES BENZ, COMBUSTÃO, REG_MACRO REGIÃO SP, CAMINHÃO TOCO / TRUCK, TRS_FADEL, UNI_CDD TAUBATÉ, 80 km/h;b68C;G936ANFN80XU;OK;GO Mode;06/04/2026;06/04/2026;06/04/2026;YES;;;R. Ana Rosa Guimarães, 701 - Res. Esperanca, Caçapava - SP, 12291-160, Brasil;;8; Minutes;;Abrir no navegador
UGM1F75;SUP SE - EMP_JAGUARIUNA, Vehicle, Diesel, CAMBIO AUTOMATICO OU SEMI AUTOMATICO, MERCEDES BENZ, COMBUSTÃO, REG_SUPPLY SE, CAVALO MECÂNICO, TRS_IMEDIATO, UNI_EMP JAGUARIUNA, 90 km/h;b4DA;G915WXW72VJD;OK;GO Mode;06/04/2026;06/04/2026;06/04/2026;YES;;;Rod. Santos Dumont, 24 - Jardim Celani, Salto - SP, 13326, Brasil;;1; Minutes;;Abrir no navegador
UGM3E56;ROTA SUL_CDD CURITIBA, Vehicle, Diesel, CAMBIO MANUAL, MERCEDES BENZ, COMBUSTÃO, REG_MACRO REGIÃO SUL, CAMINHÃO TOCO / TRUCK, TRS_IMEDIATO, UNI_CDD CURITIBA, 80 km/h;b2DD;G9WPJ5SY40MX;OK;GO Mode;06/04/2026;06/04/2026;06/04/2026;YES;;;R. Alfredo Pinto, 1397 - Parque da Fonte, São José dos Pinhais - PR, 83050-320, Brasil;;1; Minutes;;Abrir no navegador
UGM5A66;AMBEV, Vehicle, Diesel;b4F9;G9WKK2VZ6YVT;OK;GO Mode;06/04/2026;06/04/2026;06/04/2026;YES;;;Estrada Sem Nome - Jacareí, SP, Brasil;;14; Minutes;;Abrir no navegador
UGM7D19;ROTA SP_CDD PRESID. PRUDENTE, Vehicle, Diesel, CAMBIO MANUAL, FOTON, COMBUSTÃO, REG_MACRO REGIÃO SP, CAMINHÃO TOCO / TRUCK, TRS_IMEDIATO, UNI_CDD PRESID. PRUDENTE, 80 km/h;b572;G9EPAHVAKTZH;OK (Parado);GO Mode;05/04/2026;02/04/2026;05/04/2026;NO;;;R. Carlos Ignácio Alcêncio, 10 - Uep6-S.2, Pres. Prudente - SP, 19045-373, Brasil;;10; Days;10 Days;Abrir no navegador
UGM9H34;SUP SE - EMP_JACAREI, Vehicle, Diesel, CAMBIO AUTOMATICO OU SEMI AUTOMATICO, MERCEDES BENZ, COMBUSTÃO, REG_SUPPLY SE, CAVALO MECÂNICO, TRS_IMEDIATO, UNI_EMP JACAREI, 90 km/h;b4BE;G9EK262HRECP;OK;GO Mode;06/04/2026;06/04/2026;06/04/2026;YES;;;Estrada Sem Nome - Jacareí, SP, Brasil;;9; Minutes;;Abrir no navegador
UGM9I75;SUP SUL - EMP_AGUDOS, Vehicle, Diesel, CAMBIO AUTOMATICO OU SEMI AUTOMATICO, MERCEDES BENZ, COMBUSTÃO, REG_SUPPLY SUL, CAVALO MECÂNICO, TRS_IMEDIATO, UNI_EMP AGUDOS, 90 km/h;b559;G964YK7K5Z1T;OK;GO Mode;06/04/2026;06/04/2026;06/04/2026;YES;;;Rod. Marechal Rondon, 317 - Agudos, SP, 17120-000, Brasil;;16; Minutes;;Abrir no navegador
UGN1B89;ROTA SP_CDD SAO JOSE CAMPOS, Vehicle, Diesel, CAMBIO MANUAL, MERCEDES BENZ, COMBUSTÃO, REG_MACRO REGIÃO SP, CAMINHÃO TOCO / TRUCK, TRS_FADEL, UNI_CDD SÃO JOSÉ DOS CAMPOS, 80 km/h;b5D6;G9MCFA78KVNE;OK;GO Mode;06/04/2026;06/04/2026;06/04/2026;YES;;;R. Carlos Marcondes, 1480 - Jardim Limoeiro, São José dos Campos - SP, 12230-002, Brasil;;3; Minutes;;Abrir no navegador
UGN1C88;ROTA SP_CDD SAO JOSE CAMPOS, Vehicle, Diesel, CAMBIO MANUAL, MERCEDES BENZ, COMBUSTÃO, REG_MACRO REGIÃO SP, CAMINHÃO TOCO / TRUCK, TRS_FADEL, UNI_CDD SÃO JOSÉ DOS CAMPOS, 80 km/h;b5B8;G91H10VB4N0F;OK (Parado);GO Mode;06/04/2026;02/04/2026;06/04/2026;NO;LowVoltage;"This asset's battery is low, and the device may not be receiving enough power.
Please follow these steps:
Check your asset's battery, and electrical system health.
Confirm you are able to start your engine or asset, and check that your device is powered.
If this device is still offline, contact your fleet's Telematics Representative for further assistance.";R. Carlos Marcondes, 315 - Jardim Limoeiro, São José dos Campos - SP, 12241-421, Brasil;;8; Minutes;8 Minutes;Abrir no navegador
UGN2B31;ROTA CO_CDD RONDONOPOLIS, Vehicle, CAMBIO MANUAL, VOLKSWAGEN, COMBUSTÃO, REG_MACRO REGIÃO CO, CAMINHÃO TOCO / TRUCK, TRS_CONLOG, UNI_CDD RONDONOPOLIS, 80 km/h;b3E1;G9UTNA2C5WNE;OK;GO Mode;06/04/2026;06/04/2026;06/04/2026;YES;;;R. Dez, 363, Alto Garças - MT, 78770-000, Brasil;;5; Days;;Abrir no navegador
UGN5D14 ;SUP SE - EMP_GUARULHOS, Vehicle, Diesel, CAMBIO AUTOMATICO OU SEMI AUTOMATICO, MERCEDES BENZ, COMBUSTÃO, REG_SUPPLY SE, CAVALO MECÂNICO, TRS_IMEDIATO, UNI_EMP GUARULHOS, 90 km/h;b3E5;G96ANU0PFD4Y;OK;GO Mode;06/04/2026;06/04/2026;06/04/2026;YES;;;Estr. Albino Martello, 807, Guarulhos - SP, 07175-560, Brasil;;10; Minutes;;Abrir no navegador
UGN9B08;ROTA CO_CDD RONDONOPOLIS, Vehicle, CAMBIO MANUAL, VOLKSWAGEN, COMBUSTÃO, REG_MACRO REGIÃO CO, CAMINHÃO TOCO / TRUCK, TRS_CONLOG, UNI_CDD RONDONOPOLIS, 80 km/h;b405;G97T8XRM82TW;OK;GO Mode;06/04/2026;06/04/2026;06/04/2026;YES;;;Av. Antonio Teixeira Dos Santo 1559, MT, 78750-360, Brazil;;7; Minutes;;Abrir no navegador
UGO5C40;ROTA SP_CDD AGUDOS, Vehicle, Diesel, CAMBIO MANUAL, MERCEDES BENZ, COMBUSTÃO, REG_MACRO REGIÃO SP, CAMINHÃO TOCO / TRUCK, TRS_IMEDIATO, UNI_CDD AGUDOS, 80 km/h;b2E8;G9K9T3R7VMH6;OK;GO Mode;06/04/2026;06/04/2026;06/04/2026;YES;;;Rod. Marechal Rondon, 317 - Agudos, SP, 17120-000, Brasil;;3; Minutes;;Abrir no navegador
UGP1D90;SUP COMG - EMP_JUATUBA, Vehicle, Diesel, CAMBIO AUTOMATICO OU SEMI AUTOMATICO, MERCEDES BENZ, COMBUSTÃO, REG_SUPPLY COMG, CAVALO MECÂNICO, TRS_NEPOMUCENO, UNI_EMP JUATUBA, 90 km/h;b6A0;G9DYM4N4VTVC;OK;GO Mode;06/04/2026;05/04/2026;06/04/2026;YES;;;Br-262, Km 362,6 Oeste - Coqueiro Verde, Juatuba - MG, 35675-000, Brasil;;5; Minutes;;Abrir no navegador
UGP3F03;SUP SE - EMP_JACAREI, Vehicle, Diesel, CAMBIO AUTOMATICO OU SEMI AUTOMATICO, MERCEDES BENZ, COMBUSTÃO, REG_SUPPLY SE, CAVALO MECÂNICO, TRS_IMEDIATO, UNI_EMP JACAREI, 90 km/h;b3C8;G9W74BAK1HXA;OK;GO Mode;06/04/2026;06/04/2026;06/04/2026;YES;;;Estr. Mun. do Jaguari, 10081 - Pagador de Andrade, Jacareí - SP, 12334-400, Brasil;;1; Minutes;;Abrir no navegador
UGP9I58;ROTA SP_CDD SUZANO, Vehicle, Diesel, CAMBIO MANUAL, MERCEDES BENZ, COMBUSTÃO, REG_MACRO REGIÃO SP, CAMINHÃO TOCO / TRUCK, TRS_NEPOMUCENO, UNI_CDD SUZANO, 80 km/h;b5AE;G9NFYER3Z7BK;OK;GO Mode;06/04/2026;06/04/2026;06/04/2026;YES;;;R. Rafael da Anunciação Fontes, 241 - Chácaras Ceres, Suzano - SP, 08655-243, Brasil;;2; Minutes;;Abrir no navegador
UGQ3H96;SUP COMG - EMP_UBERLANDIA, Vehicle, Diesel, CAMBIO AUTOMATICO OU SEMI AUTOMATICO, MERCEDES BENZ, COMBUSTÃO, REG_SUPPLY COMG, CAVALO MECÂNICO, TRS_IMEDIATO, UNI_EMP UBERLANDIA, 90 km/h;b4BF;G93NHWMF2ATV;OK;GO Mode;06/04/2026;05/04/2026;06/04/2026;YES;;;Posto Décio - BR-050, S/N - Uberlândia, MG, Brasil;;10; Minutes;;Abrir no navegador
UGQ4B56;ROTA SP_CDD CAMPINAS, Vehicle, Diesel, CAMBIO MANUAL, MERCEDES BENZ, COMBUSTÃO, REG_MACRO REGIÃO SP, CAMINHÃO TOCO / TRUCK, TRS_IMEDIATO, UNI_CDD CAMPINAS, 80 km/h;b62D;G9J5KW1M594D;OK;GO Mode;06/04/2026;05/04/2026;06/04/2026;YES;;;Avenida Madrid, 907 - Bonfim, Paulínia - SP, 13140-000, Brasil;;4; Minutes;;Abrir no navegador
UGQ6C12;ROTA SP_CDD PRESID. PRUDENTE, Vehicle, Manually Classified Powertrain, CAMBIO MANUAL, MERCEDES BENZ, COMBUSTÃO, REG_MACRO REGIÃO SP, CAMINHÃO TOCO / TRUCK, TRS_IMEDIATO, UNI_CDD PRESID. PRUDENTE, 80 km/h;b248;G9U7DM4CC566;OK;GO Mode;06/04/2026;06/04/2026;06/04/2026;YES;;;R. Carlos Ignácio Alcêncio, 10 - Uep6-S.2, Pres. Prudente - SP, 19045-373, Brasil;;1; Minutes;;Abrir no navegador
UGQ6D20;ROTA SP_CDD SAO JOSE CAMPOS, Vehicle, Diesel, CAMBIO MANUAL, MERCEDES BENZ, COMBUSTÃO, REG_MACRO REGIÃO SP, CAMINHÃO TOCO / TRUCK, TRS_FADEL, UNI_CDD SÃO JOSÉ DOS CAMPOS, 80 km/h;b262;G9EZ6VKH0013;OK;GO Mode;06/04/2026;06/04/2026;06/04/2026;YES;;;Av. Manoel Ferraz de Campos Salles 571, SP, 07500-000, Brazil;;5; Minutes;;Abrir no navegador
UGQ8D65;ROTA SP_CDD SUZANO, Vehicle, Diesel, CAMBIO MANUAL, MERCEDES BENZ, COMBUSTÃO, REG_MACRO REGIÃO SP, CAMINHÃO TOCO / TRUCK, TRS_NEPOMUCENO, UNI_CDD SUZANO, 80 km/h;b5C3;G9AHYA4CJ6Z4;OK;GO Mode;06/04/2026;06/04/2026;06/04/2026;YES;;;R. Rafael da Anunciação Fontes, 241 - Chácaras Ceres, Suzano - SP, 08655-243, Brasil;;1; Minutes;;Abrir no navegador
UGR2H39;ROTA SP_CDD TAUBATE, Vehicle, Diesel, CAMBIO MANUAL, MERCEDES BENZ, COMBUSTÃO, REG_MACRO REGIÃO SP, CAMINHÃO TOCO / TRUCK, TRS_FADEL, UNI_CDD TAUBATÉ, 80 km/h;b5C7;G939MWV5RCAU;OK;GO Mode;06/04/2026;06/04/2026;06/04/2026;YES;;;R. Guglielmo Marcone, 240 - Lot. Industrial, Taubaté - SP, 12032-160, Brasil;;6; Minutes;;Abrir no navegador
UGR3D26;SUP SE - EMP_JACAREI, Vehicle, Manually Classified Powertrain, CAMBIO AUTOMATICO OU SEMI AUTOMATICO, MERCEDES BENZ, COMBUSTÃO, REG_SUPPLY SE, CAVALO MECÂNICO, TRS_IMEDIATO, UNI_EMP JACAREI, 90 km/h;b3BE;G93E59Z2M89Y;Off-line para 3+ Dias;GO Mode;26/12/2025;26/12/2025;26/12/2025;NO;;;Estr. Mun. do Jaguari, 9876-10276 - Rio Abaixo, Jacareí - SP, Brasil - Rio Abaixo, Jacareí - SP, 12334-400, Brasil;101 Days;100; Days;100 Days;Abrir no navegador
UGR3G18;ROTA SUL_CDD BALNEARIO, Vehicle, CAMBIO MANUAL, VOLKSWAGEN, COMBUSTÃO, REG_MACRO REGIÃO SUL, CAMINHÃO TOCO / TRUCK, TRS_CONLOG, UNI_CDD BALNEARIO, 80 km/h;b5F9;G9NERN6P1UH5;OK;GO Mode;06/04/2026;06/04/2026;06/04/2026;YES;;;Rod. Jorge Lacerda, 65 - Espinheiros, Itajaí - SC, 88317-100, Brasil;;1; Minutes;;Abrir no navegador
UGR6H47;ROTA SUL_CDD CURITIBA, Vehicle, Diesel, CAMBIO MANUAL, MERCEDES BENZ, COMBUSTÃO, REG_MACRO REGIÃO SUL, CAMINHÃO TOCO / TRUCK, TRS_IMEDIATO, UNI_CDD CURITIBA, 80 km/h;b268;G96FMWKB3ZSY;OK;GO Mode;06/04/2026;06/04/2026;06/04/2026;YES;;;R. Alfredo Pinto, 1405 - Parque da Fonte, São José dos Pinhais - PR, 83050-320, Brasil;;3; Minutes;;Abrir no navegador
UGR8F37;SUP SE - EMP_GUARULHOS, Vehicle, Diesel, CAMBIO AUTOMATICO OU SEMI AUTOMATICO, MERCEDES BENZ, COMBUSTÃO, REG_SUPPLY SE, CAVALO MECÂNICO, TRS_IMEDIATO, UNI_EMP GUARULHOS, 90 km/h;b525;G9W90U4HYDX3;Off-line para 3+ Dias;GO Mode;28/03/2026;28/03/2026;28/03/2026;NO;;;Rua Dona Esmeralda Oliveira Mathias 433, SP, 13060-721, Brazil;9 Days;8; Days;8 Days;Abrir no navegador
UGS4C16;SUP SE - EMP_JAGUARIUNA, Vehicle, Diesel, CAMBIO AUTOMATICO OU SEMI AUTOMATICO, MERCEDES BENZ, COMBUSTÃO, REG_SUPPLY SE, CAVALO MECÂNICO, TRS_IMEDIATO, UNI_EMP JAGUARIUNA, 90 km/h;b3D6;G917KD4T8B00;OK;GO Mode;06/04/2026;06/04/2026;06/04/2026;YES;;;Av. Antártica, 1353, Jaguariúna - SP, 13918-000, Brasil;;1; Minutes;;Abrir no navegador
UGS7F29;ROTA SUL_CDD CURITIBA, Vehicle, Diesel, CAMBIO MANUAL, MERCEDES BENZ, COMBUSTÃO, REG_MACRO REGIÃO SUL, CAMINHÃO TOCO / TRUCK, TRS_IMEDIATO, UNI_CDD CURITIBA, 80 km/h;b2EA;G9FWRVWXRMK0;OK;GO Mode;06/04/2026;06/04/2026;06/04/2026;YES;;;R. Alfredo Pinto, 1405 - Parque da Fonte, São José dos Pinhais - PR, 83050-320, Brasil;;1; Minutes;;Abrir no navegador
UGT0G06;SUP SE - EMP_JACAREI, Vehicle, Diesel, CAMBIO AUTOMATICO OU SEMI AUTOMATICO, MERCEDES BENZ, COMBUSTÃO, REG_SUPPLY SE, CAVALO MECÂNICO, TRS_IMEDIATO, UNI_EMP JACAREI, 90 km/h;b3DA;G930U88CTBPC;OK;GO Mode;06/04/2026;06/04/2026;06/04/2026;YES;;;Estr. Mun. do Jaguari, 9876-10276 - Rio Abaixo, Jacareí - SP, Brasil - Rio Abaixo, Jacareí - SP, 12334-400, Brasil;;9; Minutes;;Abrir no navegador
UGT1B41;SUP SE - EMP_PIRAI, Vehicle, Diesel, CAMBIO AUTOMATICO OU SEMI AUTOMATICO, MERCEDES BENZ, COMBUSTÃO, REG_SUPPLY SE, CAVALO MECÂNICO, TRS_CONLOG, UNI_EMP PIRAI, 90 km/h;b421;G97HZ5UKM79J;Off-line para 1 - 2 Dias;GO Mode;04/04/2026;05/03/2026;04/04/2026;NO;;;Av. Souza Mota, 209 - Parque Fundao, Campos dos Goytacazes - RJ, 28060-010, Brasil;32 Days;1; Days;1 Days;Abrir no navegador
UGT1C42;ROTA SP_CDD AGUDOS, Vehicle, Diesel, CAMBIO MANUAL, MERCEDES BENZ, COMBUSTÃO, REG_MACRO REGIÃO SP, CAMINHÃO TOCO / TRUCK, TRS_IMEDIATO, UNI_CDD AGUDOS, 80 km/h;b242;G9F82WR60ZXZ;OK;GO Mode;06/04/2026;06/04/2026;06/04/2026;YES;;;Rod. Marechal Rondon, 22619 - Agudos, SP, 17120-000, Brasil;;6; Days;;Abrir no navegador
UGT1H99;ROTA SP_CDD SUZANO, Vehicle, Diesel, CAMBIO MANUAL, MERCEDES BENZ, COMBUSTÃO, REG_MACRO REGIÃO SP, CAMINHÃO TOCO / TRUCK, TRS_NEPOMUCENO, UNI_CDD SUZANO, 80 km/h;b61F;G924DVD3VV7Z;OK;GO Mode;06/04/2026;06/04/2026;06/04/2026;YES;;;R. Rafael da Anunciação Fontes, 241 - Chácaras Ceres, Suzano - SP, 08655-243, Brasil;;6; Minutes;;Abrir no navegador
UGT6I20;ROTA SP_CDD TAUBATE, Vehicle, Diesel, CAMBIO MANUAL, MERCEDES BENZ, COMBUSTÃO, REG_MACRO REGIÃO SP, CAMINHÃO TOCO / TRUCK, TRS_FADEL, UNI_CDD TAUBATÉ, 80 km/h;b52E;G9KK149W75C1;OK (Parado);GO Mode;06/04/2026;04/04/2026;06/04/2026;NO;;;R. Projetada Três, 1 - Lot. Industrial, Taubaté - SP, 12032-000, Brasil;;18; Minutes;18 Minutes;Abrir no navegador
UGT8B96;ROTA NE_CDD ARACAJU, Vehicle, Diesel, CAMBIO MANUAL, MERCEDES BENZ, COMBUSTÃO, REG_MACRO REGIÃO SP, CAMINHÃO TOCO / TRUCK, TRS_GHISOLFI, UNI_CDD ARACAJU, 80 km/h;b637;G9HMTNC106BC;Off-line para 3+ Dias;GO Mode;04/03/2026;02/02/2026;04/03/2026;NO;;;R. S Pq Dos Farois, 261 - Lot. Itacanema II, Nossa Sra. do Socorro - SE, 49160-000, Brasil;63 Days;32; Days;32 Days;Abrir no navegador
UGT8G11;ROTA SP_CDD PRESID. PRUDENTE, Vehicle, Diesel, CAMBIO MANUAL, MERCEDES BENZ, COMBUSTÃO, REG_MACRO REGIÃO SP, CAMINHÃO TOCO / TRUCK, TRS_IMEDIATO, UNI_CDD PRESID. PRUDENTE, 80 km/h;b2AD;G94CRBUCS4X0;OK;GO Mode;06/04/2026;06/04/2026;06/04/2026;YES;;;R. Amador Rodrigues, 537 - Vila Peres, Pacaembu - SP, 17860-000, Brasil;;9; Minutes;;Abrir no navegador
UGT9F58;ROTA SP_CDD BARUERI, Vehicle, Diesel, CAMBIO MANUAL, FOTON, COMBUSTÃO, REG_MACRO REGIÃO SP, CAMINHÃO TOCO / TRUCK, TRS_FADEL, UNI_CDD BARUERI, 80 km/h;b621;G9C1NZ2P2BF1;OK;GO Mode;06/04/2026;06/04/2026;06/04/2026;YES;;;R. João Guidi, 76 - Vila Sul Americana, Carapicuíba - SP, 06397-080, Brasil;;1; Minutes;;Abrir no navegador
UGT9G71;ROTA SP_CDD AGUDOS, Vehicle, Diesel, CAMBIO MANUAL, MERCEDES BENZ, COMBUSTÃO, REG_MACRO REGIÃO SP, CAMINHÃO TOCO / TRUCK, TRS_IMEDIATO, UNI_CDD AGUDOS, 80 km/h;b24B;G9M541R38DKZ;OK;GO Mode;06/04/2026;06/04/2026;06/04/2026;YES;;;Rod. Marechal Rondon, 317 - Agudos, SP, 17120-000, Brasil;;6; Minutes;;Abrir no navegador
UGU0C80;ROTA SP_CDD AGUDOS, Vehicle, Diesel, CAMBIO MANUAL, MERCEDES BENZ, COMBUSTÃO, REG_MACRO REGIÃO SP, CAMINHÃO TOCO / TRUCK, TRS_IMEDIATO, UNI_CDD AGUDOS, 80 km/h;b2AF;G9ME96HR0SHF;OK;GO Mode;06/04/2026;06/04/2026;06/04/2026;YES;;;Rod. Marechal Rondon, 22619 - Agudos, SP, 17120-000, Brasil;;3; Minutes;;Abrir no navegador
UGU5D17;SUP SE - EMP_PIRAI, Vehicle, Diesel, CAMBIO AUTOMATICO OU SEMI AUTOMATICO, MERCEDES BENZ, COMBUSTÃO, REG_SUPPLY SE, CAVALO MECÂNICO, TRS_CONLOG, UNI_EMP PIRAI, 90 km/h;b388;G974WY61YR3S;OK;GO Mode;06/04/2026;06/04/2026;06/04/2026;YES;;;Rod. Pres. Dutra, Sn - Km 237 - Piraí, RJ, 27175-000, Brasil;;1; Minutes;;Abrir no navegador
UGU6D05;SUP SE - EMP_JACAREI, Vehicle, Diesel, CAMBIO AUTOMATICO OU SEMI AUTOMATICO, MERCEDES BENZ, COMBUSTÃO, REG_SUPPLY SE, CAVALO MECÂNICO, TRS_IMEDIATO, UNI_EMP JACAREI, 90 km/h;b3D9;G90DPS8SACVM;OK;GO Mode;06/04/2026;05/04/2026;06/04/2026;YES;;;Rod. Marechal Rondon, 317 - Agudos, SP, 17120-000, Brasil;;5; Days;;Abrir no navegador
UGU6F96;SUP COMG - EMP_UBERLANDIA, Vehicle, Diesel, CAMBIO AUTOMATICO OU SEMI AUTOMATICO, MERCEDES BENZ, COMBUSTÃO, REG_SUPPLY COMG, CAVALO MECÂNICO, TRS_IMEDIATO, UNI_EMP UBERLANDIA, 90 km/h;b4BD;G96ECAXFD025;OK;GO Mode;06/04/2026;06/04/2026;06/04/2026;YES;;;Setor leste estrutural df quadra 06 conjunto - SCIA, Brasília - DF, Brasil;;23; Minutes;;Abrir no navegador
UGV8G74;SUP SE - EMP_JUNDIAI, Vehicle, Diesel, CAMBIO AUTOMATICO OU SEMI AUTOMATICO, MERCEDES BENZ, COMBUSTÃO, REG_SUPPLY SE, CAVALO MECÂNICO, TRS_NEPOMUCENO, UNI_EMP JUNDIAI, 90 km/h;b4DE;G9K7S9HK854V;OK;GO Mode;06/04/2026;06/04/2026;06/04/2026;YES;;;CD AMBEV JUNDIAI: R. Pietro Antonio Leo, 201 - St. Industrial, Jundiaí - SP, 13213-007, Brasil;;15; Minutes;;Abrir no navegador
UHJ6A49;ROTA NE_CDL CABO, Vehicle, Diesel, CAMBIO MANUAL, MERCEDES BENZ, COMBUSTÃO, REG_MACRO REGIÃO NE, CAMINHÃO TOCO / TRUCK, TRS_HORIZONTE, UNI_CDL CABO, 80 km/h;b29E;G9RNB3Y311MX;OK;GO Mode;06/04/2026;06/04/2026;06/04/2026;YES;;;PE-060, Distrito Industrial Diper - Destilaria, Cabo de Santo Agostinho - PE, 54590, Brasil;;7; Minutes;;Abrir no navegador
UHJ6D59;ROTA NE_CDL CABO, Vehicle, Diesel, CAMBIO MANUAL, MERCEDES BENZ, COMBUSTÃO, REG_MACRO REGIÃO NE, CAMINHÃO TOCO / TRUCK, TRS_HORIZONTE, UNI_CDL CABO, 80 km/h;b2CC;G9WNFZRW6J4A;OK;GO Mode;06/04/2026;06/04/2026;06/04/2026;YES;;;PE-060, Distrito Industrial Diper - Destilaria, Cabo de Santo Agostinho - PE, 54590, Brasil;;7; Minutes;;Abrir no navegador
UHJ6F39;ROTA NE_CDD MACEIO, Vehicle, Diesel, CAMBIO MANUAL, MERCEDES BENZ, COMBUSTÃO, REG_MACRO REGIÃO NE, CAMINHÃO TOCO / TRUCK, TRS_HORIZONTE, UNI_CDD MACEIO, 80 km/h;b401;G9FZDC5N91AD;OK;GO Mode;06/04/2026;06/04/2026;06/04/2026;YES;;;Av. 1 Cj Joao Sampaio III, 548 - Benedito Bentes, Maceió - AL, 57084-420, Brasil;;1; Minutes;;Abrir no navegador
UHK1I17;ROTA NO_CDD OLINDA, Vehicle, Diesel, CAMBIO MANUAL, MERCEDES BENZ, COMBUSTÃO, REG_MACRO REGIÃO NO, CAMINHÃO TOCO / TRUCK, TRS_HORIZONTE, UNI_CDD OLINDA, 80 km/h;b5DA;G989EFNP0EP7;OK;GO Mode;06/04/2026;06/04/2026;06/04/2026;YES;;;R. Jerônimo Viléla, 773 - Campo Grande, Recife - PE, 52040-180, Brasil;;1; Minutes;;Abrir no navegador
UHK1I37;ROTA NE_CDL CABO, Vehicle, Diesel, CAMBIO MANUAL, MERCEDES BENZ, COMBUSTÃO, REG_MACRO REGIÃO NE, CAMINHÃO TOCO / TRUCK, TRS_HORIZONTE, UNI_CDL CABO, 80 km/h;b5E8;G90K3CZTF6MR;OK;GO Mode;06/04/2026;06/04/2026;06/04/2026;YES;;;PE-060, 3200 - Cabo de Santo Agostinho, PE, 54520-600, Brasil;;1; Minutes;;Abrir no navegador
UHK1I77;ROTA NO_CDD BELEM, Vehicle, Diesel, CAMBIO MANUAL, MERCEDES BENZ, COMBUSTÃO, REG_MACRO REGIÃO NO, CAMINHÃO TOCO / TRUCK, TRS_HORIZONTE, UNI_CDD BELEM, 80 km/h;b313;G92AR0EJF21U;OK;GO Mode;06/04/2026;06/04/2026;06/04/2026;YES;;;900 - Passagem Ana Lúcia, 900 - Bairro do Uriboca, Marituba - PA, 67202-535, Brasil;;2; Minutes;;Abrir no navegador
UHK3A64;ROTA NO_CDD BELEM, Vehicle, Diesel, CAMBIO MANUAL, MERCEDES BENZ, COMBUSTÃO, REG_MACRO REGIÃO NO, CAMINHÃO TOCO / TRUCK, TRS_HORIZONTE, UNI_CDD BELEM, 80 km/h;b593;G9W2MFN0ETRP;OK;GO Mode;06/04/2026;06/04/2026;06/04/2026;YES;;;Passagem Ana Lúcia, 528 - Bairro do Uriboca, Marituba - PA, 67105-110, Brasil;;11; Minutes;;Abrir no navegador
UHK3G19;ROTA NE_CDL CABO, Vehicle, Diesel, CAMBIO MANUAL, MERCEDES BENZ, COMBUSTÃO, REG_MACRO REGIÃO NE, CAMINHÃO TOCO / TRUCK, TRS_HORIZONTE, UNI_CDL CABO, 80 km/h;b523;G9PEKMFCP1T0;OK;GO Mode;06/04/2026;06/04/2026;06/04/2026;YES;;;Av. Dois, 278 - Lot. Enseada dos Corais, Cabo de Santo Agostinho - PE, 54500-001, Brasil;;16; Minutes;;Abrir no navegador
UHK3G69;ROTA NO_CDD OLINDA, Vehicle, Diesel, CAMBIO MANUAL, MERCEDES BENZ, COMBUSTÃO, REG_MACRO REGIÃO NO, CAMINHÃO TOCO / TRUCK, TRS_HORIZONTE, UNI_CDD OLINDA, 80 km/h;b5DB;G9N8D3334B05;OK;GO Mode;06/04/2026;06/04/2026;06/04/2026;YES;;;Av. Pres. Kennedy, 4400 - Peixinhos, Olinda - PE, 53230-630, Brasil;;1; Minutes;;Abrir no navegador
UHK3G89;ROTA NO_CDD OLINDA, Vehicle, Diesel, CAMBIO MANUAL, MERCEDES BENZ, COMBUSTÃO, REG_MACRO REGIÃO NO, CAMINHÃO TOCO / TRUCK, TRS_HORIZONTE, UNI_CDD OLINDA, 80 km/h;b548;G9MZD4UJS2A9;OK;GO Mode;06/04/2026;06/04/2026;06/04/2026;YES;;;R. Manacá, 90 - Sapucaia, Olinda - PE, 53270-335, Brasil;;14; Minutes;;Abrir no navegador
UHK3H19;ROTA NO_CDD BELEM, Vehicle, Diesel, CAMBIO MANUAL, MERCEDES BENZ, COMBUSTÃO, REG_MACRO REGIÃO NO, CAMINHÃO TOCO / TRUCK, TRS_HORIZONTE, UNI_CDD BELEM, 80 km/h;b628;G9JPY68TP2KS;OK;GO Mode;06/04/2026;06/04/2026;06/04/2026;YES;;;R. Novo Uriboca, 900 - Bairro do Uriboca, Marituba - PA, 67202-535, Brasil;;1; Minutes;;Abrir no navegador
UHK3H89;ROTA NO_CDD OLINDA, Vehicle, Diesel, CAMBIO MANUAL, MERCEDES BENZ, COMBUSTÃO, REG_MACRO REGIÃO NO, CAMINHÃO TOCO / TRUCK, TRS_HORIZONTE, UNI_CDD OLINDA, 80 km/h;b5D3;G92PMUX46WKM;OK;GO Mode;06/04/2026;06/04/2026;06/04/2026;YES;;;Av. Pres. Kennedy, 1763 - Peixinhos, Olinda - PE, 53230-630, Brasil;;1; Minutes;;Abrir no navegador
UHK4E59;ROTA NO_CDD OLINDA, Vehicle, Diesel, CAMBIO MANUAL, MERCEDES BENZ, COMBUSTÃO, REG_MACRO REGIÃO NO, CAMINHÃO TOCO / TRUCK, TRS_HORIZONTE, UNI_CDD OLINDA, 80 km/h;b50A;G9DDC97W51RK;OK;GO Mode;06/04/2026;06/04/2026;06/04/2026;YES;;;Av. Pres. Kennedy, 1763 - Peixinhos, Olinda - PE, 53230-630, Brasil;;2; Minutes;;Abrir no navegador
UHK4I48;ROTA NE_CDD MACEIO, Vehicle, Diesel, CAMBIO MANUAL, MERCEDES BENZ, COMBUSTÃO, REG_MACRO REGIÃO NE, CAMINHÃO TOCO / TRUCK, TRS_HORIZONTE, UNI_CDD MACEIO, 80 km/h;b535;G93CSXKEK3E4;OK;GO Mode;06/04/2026;06/04/2026;06/04/2026;YES;;;R. 4e Cj Joao Sampaio II, 73 - Benedito Bentes, Maceió - AL, 57084-631, Brasil;;3; Minutes;;Abrir no navegador
UHK5D19;ROTA NO_CDD IMPERATRIZ, Vehicle, Diesel, CAMBIO MANUAL, MERCEDES BENZ, COMBUSTÃO, REG_MACRO REGIÃO NO, CAMINHÃO TOCO / TRUCK, TRS_HORIZONTE, UNI_CDD IMPERATRIZ, 80 km/h;b52C;G9MKMX3S1K2W;OK;GO Mode;06/04/2026;06/04/2026;06/04/2026;YES;;;Av. Marginal Direita, 500 - Jardim Tropical, Imperatriz - MA, 65900-000, Brasil;;2; Minutes;;Abrir no navegador
VOLVO FH 460 | BXU5C23;Combustão, Ambev Jundiaí Segurança, Vehicle, Diesel, VOLVO, Relatório_Combustão, Relatórios_Todos, FALSO, PESADOS;bC;G912FXZ6K9S2;Off-line para 3+ Dias;Pro Mode;07/11/2025;06/11/2025;07/11/2025;NO;;;CD AMBEV JUNDIAI: R. Pietro Antonio Leo, 201 - St. Industrial, Jundiaí - SP, 13213-007, Brasil;151 Days;150; Days;150 Days;Abrir no navegador
VOLVO FH 460 | CUF5B65;Combustão, Ambev Jundiaí Segurança, Vehicle, Diesel, VOLVO, Relatório_Combustão, Relatórios_Todos, FALSO, PESADOS;bB;G9T460X086MU;OK;Pro Mode;06/04/2026;06/04/2026;06/04/2026;YES;;;Rod. Pres. Dutra, 63347 - Arrozal, Piraí - RJ, 27175-000, Brasil;;6; Minutes;;Abrir no navegador
VOLVO FH 460 | EOF7D43;Combustão, Ambev Jundiaí Segurança, Vehicle, Diesel, VOLVO, Relatório_Combustão, Relatórios_Todos, FALSO, PESADOS;bD;G9RXT55KV19K;Off-line para 3+ Dias;Pro Mode;45803,712;45803,70105;45803,712;NO;;;CD AMBEV JUNDIAI: R. Pietro Antonio Leo, 201 - St. Industrial, Jundiaí - SP, 13213-007, Brasil;315 Days;314; Days;314 Days;Abrir no navegador
VW E-DELIVERY | RHT4G96 | 2022;Volkswagen, AMBEV - SP, Vehicle, Relatório_Elétrico, Relatórios_Todos, FALSO, PESADOS;b7;;Untracked Asset;Untracked Asset;Untracked Asset;0;0;NO;;;Untracked Asset;Untracked Asset;;;Untracked Asset;Untracked Asset
VW E-DELIVERY | RHU6E92 | 2022;Volkswagen, Vehicle, Battery Electric Vehicle, Relatório_Elétrico, Relatórios_Todos, FALSO, PESADOS;b2;;Untracked Asset;Untracked Asset;Untracked Asset;0;0;NO;;;Untracked Asset;Untracked Asset;;;Untracked Asset;Untracked Asset
g9-2dv-5fc-2pt1;AMBEV, Vehicle;b788;;Untracked Asset;Untracked Asset;Untracked Asset;0;0;NO;;;Untracked Asset;Untracked Asset;;;Untracked Asset;Untracked Asset
g9-2ej-e6w-wv0s;AMBEV, Vehicle;b78D;;Untracked Asset;Untracked Asset;Untracked Asset;0;0;NO;;;Untracked Asset;Untracked Asset;;;Untracked Asset;Untracked Asset
g9-603-wkw-67b8;AMBEV, Vehicle;b789;;Untracked Asset;Untracked Asset;Untracked Asset;0;0;NO;;;Untracked Asset;Untracked Asset;;;Untracked Asset;Untracked Asset
g9-61p-waj-uyh0;AMBEV, Vehicle;b786;;Untracked Asset;Untracked Asset;Untracked Asset;0;0;NO;;;Untracked Asset;Untracked Asset;;;Untracked Asset;Untracked Asset
g9-7uy-smb-rznn;AMBEV, Vehicle;b78F;;Untracked Asset;Untracked Asset;Untracked Asset;0;0;NO;;;Untracked Asset;Untracked Asset;;;Untracked Asset;Untracked Asset
g9-860-3n5-m913;AMBEV, Vehicle;b792;;Untracked Asset;Untracked Asset;Untracked Asset;0;0;NO;;;Untracked Asset;Untracked Asset;;;Untracked Asset;Untracked Asset
g9-907-tx4-7318;AMBEV, Vehicle;b78B;;Untracked Asset;Untracked Asset;Untracked Asset;0;0;NO;;;Untracked Asset;Untracked Asset;;;Untracked Asset;Untracked Asset
g9-fw7-zvf-ddmw;AMBEV, Vehicle;b787;;Untracked Asset;Untracked Asset;Untracked Asset;0;0;NO;;;Untracked Asset;Untracked Asset;;;Untracked Asset;Untracked Asset
g9-kk9-0y7-wc60;AMBEV, Vehicle;b784;;Untracked Asset;Untracked Asset;Untracked Asset;0;0;NO;;;Untracked Asset;Untracked Asset;;;Untracked Asset;Untracked Asset
g9-n2w-kns-1d5k;AMBEV, Vehicle;b790;;Untracked Asset;Untracked Asset;Untracked Asset;0;0;NO;;;Untracked Asset;Untracked Asset;;;Untracked Asset;Untracked Asset
g9-n64-8a8-nnj0;AMBEV, Vehicle;b791;;Untracked Asset;Untracked Asset;Untracked Asset;0;0;NO;;;Untracked Asset;Untracked Asset;;;Untracked Asset;Untracked Asset
g9-rvy-7ux-v9n2;AMBEV, Vehicle;b78A;;Untracked Asset;Untracked Asset;Untracked Asset;0;0;NO;;;Untracked Asset;Untracked Asset;;;Untracked Asset;Untracked Asset
g9-vax-dep-xhhs;AMBEV, Vehicle;b78E;;Untracked Asset;Untracked Asset;Untracked Asset;0;0;NO;;;Untracked Asset;Untracked Asset;;;Untracked Asset;Untracked Asset
g9-x47-7yr-7x1t;AMBEV, Vehicle;b78C;;Untracked Asset;Untracked Asset;Untracked Asset;0;0;NO;;;Untracked Asset;Untracked Asset;;;Untracked Asset;Untracked Asset
g9-xnw-95b-jrxs;AMBEV, Vehicle;b793;;Untracked Asset;Untracked Asset;Untracked Asset;0;0;NO;;;Untracked Asset;Untracked Asset;;;Untracked Asset;Untracked Asset
g9-zt0-6vn-m6b1;AMBEV, Vehicle;b785;;Untracked Asset;Untracked Asset;Untracked Asset;0;0;NO;;;Untracked Asset;Untracked Asset;;;Untracked Asset;Untracked Asset
 UEO5E09;ROTA RJ ES_CDD CAMPO GRANDE, Vehicle, CAMBIO MANUAL, VOLKSWAGEN, COMBUSTÃO, REG_MACRO REGIÃO RJ ES, CAMINHÃO TOCO / TRUCK, TRS_CONLOG, UNI_CDD CAMPO GRANDE, 80 km/h;b5FE;G9WUH7Z1KDP5;OK;GO Mode;46118,33168;46118,22335;46118,33168;YES;;;*CD RIO (50km): Estrada Sem Nome - Campo Grande, Rio de Janeiro - RJ, 23075, Brasil;;11; Minutes;;Abrir no navegador
 UFI6G52;ROTA RJ ES_CDD CAMPO GRANDE, Vehicle, CAMBIO MANUAL, VOLKSWAGEN, COMBUSTÃO, REG_MACRO REGIÃO RJ ES, CAMINHÃO TOCO / TRUCK, TRS_CONLOG, UNI_CDD CAMPO GRANDE, 80 km/h;b60E;G9TD2HT0Z9CM;OK;GO Mode;46118,33888;46118,22991;46118,33888;YES;;;*CD RIO (50km): Estr. Rio São Paulo, 7611 - Campo Grande, Rio de Janeiro - RJ, 26298-420, Brasil;;5; Minutes;;Abrir no navegador
